serial_no,power_mw
20240117090001,106.45
20240117091001,104.84
20240117092001,107.85
20240117093001,140.8
20240117094001,139.57
20240117095001,49.83
20240117100001,62.9
20240117101001,102.78
20240117102001,114.46
20240117103001,127.69
20240117104001,177.26
20240117105001,229.75
20240117110001,207.34
20240117111001,217.77
20240117112001,361.03
20240117113001,431.06
20240117114001,460.32
20240117115001,439.95
20240117120001,403.27
20240117121001,420.21
20240117122001,394.48
20240117123001,398.37
20240117124001,388.49
20240117125001,454.24
20240117130001,340.67
20240117131001,362.14
20240117132001,377.8
20240117133001,286.66
20240117134001,215.33
20240117135001,156.56
20240117140001,174.84
20240117141001,73.25
20240117142001,141.94
20240117143001,103.23
20240117144001,98.14
20240117145001,82.67
20240117150001,44.44
20240117151001,54.15
20240117152001,23.86
20240117153001,48.44
20240117154001,65.33
20240117155001,53.95
20240117160001,98.22
20240117161001,51.23
20240117162001,27.48
20240117163001,21.22
20240117164001,21.06
20240117165001,0
20240119090001,24.72
20240119091001,0
20240119092001,18.18
20240119093001,0
20240119094001,3.39
20240119095001,14.91
20240119100001,68
20240119101001,56.41
20240119102001,40.42
20240119103001,52.89
20240119104001,74.89
20240119105001,88.22
20240119110001,120.94
20240119111001,94.29
20240119112001,73.3
20240119113001,101.78
20240119114001,128.63
20240119115001,84.92
20240119120001,97.65
20240119121001,76.07
20240119122001,64.22
20240119123001,109.75
20240119124001,68.7
20240119125001,90.68
20240119130001,74.33
20240119131001,31.46
20240119132001,27.89
20240119133001,20.76
20240119134001,21.11
20240119135001,45.52
20240119140001,35.8
20240119141001,0
20240119142001,0
20240119143001,0
20240119144001,0
20240119145001,0
20240119150001,0
20240119151001,0
20240119152001,0
20240119153001,0
20240119154001,0
20240119155001,0
20240119160001,0
20240119161001,0
20240119162001,0
20240119163001,6.19
20240119164001,2.94
20240119165001,23.27
20240224090001,0
20240224091001,0
20240224092001,0
20240224093001,0
20240224094001,0
20240224095001,0
20240224100001,0
20240224101001,0
20240224102001,6.71
20240224103001,0.97
20240224104001,28.33
20240224105001,15.35
20240224110001,1.35
20240224111001,16.75
20240224112001,35.83
20240224113001,17.7
20240224114001,14.34
20240224115001,0
20240224120001,0
20240224121001,16.44
20240224122001,0
20240224123001,16.13
20240224124001,85.23
20240224125001,63.19
20240224130001,54.57
20240224131001,68.82
20240224132001,21.66
20240224133001,123.88
20240224134001,74.96
20240224135001,46.11
20240224140001,61.44
20240224141001,45.54
20240224142001,8.38
20240224143001,49.07
20240224144001,65.86
20240224145001,65.65
20240224150001,61
20240224151001,28.45
20240224152001,50.66
20240224153001,45.96
20240224154001,60.98
20240224155001,51.75
20240224160001,25.21
20240224161001,19.53
20240224162001,24.68
20240224163001,28.67
20240224164001,0
20240224165001,0
20240226090001,6.87
20240226091001,21.38
20240226092001,41.66
20240226093001,57.98
20240226094001,0
20240226095001,15.53
20240226100001,46.28
20240226101001,75.58
20240226102001,50.33
20240226103001,19.88
20240226104001,39.99
20240226105001,109.12
20240226110001,0
20240226111001,37.57
20240226112001,130.44
20240226113001,87.86
20240226114001,238.81
20240226115001,419.98
20240226120001,124.38
20240226121001,63.9
20240226122001,100.66
20240226123001,150.32
20240226124001,32
20240226125001,292.53
20240226130001,27.1
20240226131001,58.07
20240226132001,93.42
20240226133001,73.23
20240226134001,53.91
20240226135001,46.25
20240226140001,347.83
20240226141001,344.77
20240226142001,263.98
20240226143001,0.75
20240226144001,0
20240226145001,4.19
20240226150001,115.43
20240226151001,63.28
20240226152001,77.89
20240226153001,32.76
20240226154001,37.97
20240226155001,35.62
20240226160001,9.23
20240226161001,7.82
20240226162001,0
20240226163001,0
20240226164001,0
20240226165001,6.67
20240327090001,105.85
20240327091001,80.7
20240327092001,90.56
20240327093001,126.77
20240327094001,138.48
20240327095001,172.51
20240327100001,234.37
20240327101001,217.27
20240327102001,206.61
20240327103001,233.3
20240327104001,552.55
20240327105001,485.09
20240327110001,558.65
20240327111001,730.52
20240327112001,912.34
20240327113001,1020.6
20240327114001,1181.58
20240327115001,1238.54
20240327120001,1268.27
20240327121001,1253.86
20240327122001,849.17
20240327123001,812.87
20240327124001,885.84
20240327125001,1065.53
20240327130001,634.6
20240327131001,587.67
20240327132001,298.15
20240327133001,186.57
20240327134001,248.21
20240327135001,159.45
20240327140001,204.91
20240327141001,190.69
20240327142001,154.62
20240327143001,160.7
20240327144001,71.23
20240327145001,92.23
20240327150001,57.18
20240327151001,79.33
20240327152001,52.88
20240327153001,71.96
20240327154001,31.73
20240327155001,53.69
20240327160001,90.5
20240327161001,12.88
20240327162001,33.76
20240327163001,6.26
20240327164001,40.2
20240327165001,48.33
20240329090001,0
20240329091001,0
20240329092001,0
20240329093001,0
20240329094001,0
20240329095001,0
20240329100001,7.45
20240329101001,8.45
20240329102001,12.61
20240329103001,31.6
20240329104001,41.55
20240329105001,49.96
20240329110001,85.71
20240329111001,73.15
20240329112001,29.31
20240329113001,0
20240329114001,0
20240329115001,0
20240329120001,0
20240329121001,0
20240329122001,0
20240329123001,0
20240329124001,0
20240329125001,0
20240329130001,1.41
20240329131001,0
20240329132001,0
20240329133001,0
20240329134001,0
20240329135001,0
20240329140001,7.52
20240329141001,0
20240329142001,0
20240329143001,0
20240329144001,0
20240329145001,0
20240329150001,0
20240329151001,0
20240329152001,0
20240329153001,0
20240329154001,0
20240329155001,0
20240329160001,33
20240329161001,40.9
20240329162001,14.74
20240329163001,41.02
20240329164001,0
20240329165001,0
20240428090001,42.97
20240428091001,26.3
20240428092001,19.03
20240428093001,28.46
20240428094001,0
20240428095001,0
20240428100001,0
20240428101001,0
20240428102001,2.01
20240428103001,38.86
20240428104001,32.58
20240428105001,70.71
20240428110001,29.98
20240428111001,54.04
20240428112001,38.96
20240428113001,57.01
20240428114001,76.38
20240428115001,71.07
20240428120001,83.48
20240428121001,76.09
20240428122001,8.39
20240428123001,18.89
20240428124001,33.83
20240428125001,10.37
20240428130001,17
20240428131001,11.88
20240428132001,16.72
20240428133001,22.3
20240428134001,0
20240428135001,20.48
20240428140001,3.27
20240428141001,40.46
20240428142001,25
20240428143001,35.61
20240428144001,14.33
20240428145001,14.95
20240428150001,23.35
20240428151001,0
20240428152001,0
20240428153001,0
20240428154001,0
20240428155001,0
20240428160001,0
20240428161001,0
20240428162001,17.8
20240428163001,15.27
20240428164001,10.48
20240428165001,67.37
20240430090001,58
20240430091001,46.18
20240430092001,46.98
20240430093001,63.49
20240430094001,90.85
20240430095001,96.98
20240430100001,121.07
20240430101001,58.73
20240430102001,61.76
20240430103001,403.63
20240430104001,411.28
20240430105001,514.84
20240430110001,510.42
20240430111001,141.87
20240430112001,236.34
20240430113001,146.84
20240430114001,228.28
20240430115001,242.8
20240430120001,267.57
20240430121001,255.4
20240430122001,267.21
20240430123001,270.23
20240430124001,236.28
20240430125001,230.83
20240430130001,196.24
20240430131001,106.33
20240430132001,70.51
20240430133001,24.28
20240430134001,0
20240430135001,0
20240430140001,0
20240430141001,0
20240430142001,0
20240430143001,0
20240430144001,0
20240430145001,0
20240430150001,0
20240430151001,0
20240430152001,0
20240430153001,0
20240430154001,0
20240430155001,0
20240430160001,0.59
20240430161001,7.88
20240430162001,0.99
20240430163001,13.55
20240430164001,11.62
20240430165001,0
20240515090001,20.67
20240515091001,50.6
20240515092001,1.96
20240515093001,4.69
20240515094001,36.77
20240515095001,58.5
20240515100001,41.44
20240515101001,41.27
20240515102001,23.28
20240515103001,75.25
20240515104001,0
20240515105001,41.21
20240515110001,119.07
20240515111001,0
20240515112001,3.89
20240515113001,23.19
20240515114001,0
20240515115001,0
20240515120001,0
20240515121001,32.43
20240515122001,29.1
20240515123001,10.22
20240515124001,0
20240515125001,9.95
20240515130001,0
20240515131001,0
20240515132001,0
20240515133001,0
20240515134001,0
20240515135001,30.51
20240515140001,42.18
20240515141001,65.22
20240515142001,17.84
20240515143001,2.99
20240515144001,0
20240515145001,61.6
20240515150001,48.97
20240515151001,0
20240515152001,4.47
20240515153001,0
20240515154001,4.07
20240515155001,0
20240515160001,0
20240515161001,0
20240515162001,0
20240515163001,0
20240515164001,0
20240515165001,0
20240520090001,82.31
20240520091001,87.91
20240520092001,98.3
20240520093001,62.75
20240520094001,56.92
20240520095001,59.99
20240520100001,41.62
20240520101001,51.14
20240520102001,72.82
20240520103001,94.72
20240520104001,127.84
20240520105001,166.54
20240520110001,268.72
20240520111001,587.91
20240520112001,539.62
20240520113001,146.47
20240520114001,66.08
20240520115001,129.74
20240520120001,144.4
20240520121001,113.16
20240520122001,83.2
20240520123001,74.52
20240520124001,104.75
20240520125001,65.14
20240520130001,86.26
20240520131001,82.49
20240520132001,58.43
20240520133001,52.67
20240520134001,77.31
20240520135001,84.23
20240520140001,71.67
20240520141001,42.12
20240520142001,39.45
20240520143001,56.9
20240520144001,44.61
20240520145001,56.77
20240520150001,55.09
20240520151001,75.46
20240520152001,62.78
20240520153001,63.58
20240520154001,70.76
20240520155001,69.26
20240520160001,50.31
20240520161001,44.52
20240520162001,50.73
20240520163001,58.59
20240520164001,40.87
20240520165001,42.83
20240613090001,164.79
20240613091001,197
20240613092001,196.35
20240613093001,258.57
20240613094001,299.48
20240613095001,581.25
20240613100001,601.79
20240613101001,627.55
20240613102001,521.89
20240613103001,578.69
20240613104001,598.69
20240613105001,696.25
20240613110001,913.98
20240613111001,1064.62
20240613112001,904.96
20240613113001,928.9
20240613114001,1277.45
20240613115001,914.26
20240613120001,1188.94
20240613121001,1173.77
20240613122001,1300.16
20240613123001,1296.61
20240613124001,1265.46
20240613125001,1285.16
20240613130001,1044.79
20240613131001,1091.34
20240613132001,1374.21
20240613133001,1374.75
20240613134001,1254.51
20240613135001,1199.25
20240613140001,939.31
20240613141001,722.16
20240613142001,530.02
20240613143001,532.37
20240613144001,385.49
20240613145001,215.16
20240613150001,162.84
20240613151001,148.15
20240613152001,143.73
20240613153001,134.01
20240613154001,105.21
20240613155001,89.66
20240613160001,36.22
20240613161001,29.31
20240613162001,52.37
20240613163001,38.93
20240613164001,15.24
20240613165001,8.37
20240615090001,91.56
20240615091001,91.38
20240615092001,99.14
20240615093001,59.31
20240615094001,58.12
20240615095001,59.96
20240615100001,41.59
20240615101001,99.5
20240615102001,51.58
20240615103001,61.82
20240615104001,79.85
20240615105001,93.57
20240615110001,131.48
20240615111001,94.11
20240615112001,98.15
20240615113001,70.4
20240615114001,50.03
20240615115001,85.88
20240615120001,48.19
20240615121001,61.07
20240615122001,63.27
20240615123001,69.07
20240615124001,72.48
20240615125001,63.94
20240615130001,87.79
20240615131001,73.26
20240615132001,62.91
20240615133001,53.83
20240615134001,53.47
20240615135001,79.82
20240615140001,74.37
20240615141001,47.6
20240615142001,32.25
20240615143001,10.69
20240615144001,18.14
20240615145001,5.55
20240615150001,64.41
20240615151001,69.57
20240615152001,43.09
20240615153001,41.44
20240615154001,35.85
20240615155001,51.77
20240615160001,39.96
20240615161001,47.24
20240615162001,21.08
20240615163001,23.25
20240615164001,23.1
20240615165001,25.85
20240703090001,239.81
20240703091001,127.14
20240703092001,147.11
20240703093001,140.96
20240703094001,238.83
20240703095001,225.6
20240703100001,376.61
20240703101001,340.09
20240703102001,428.2
20240703103001,458.75
20240703104001,541.97
20240703105001,541.85
20240703110001,516.63
20240703111001,829.07
20240703112001,771.47
20240703113001,803.34
20240703114001,800.54
20240703115001,836.79
20240703120001,844.78
20240703121001,856.31
20240703122001,829.98
20240703123001,823.15
20240703124001,999.53
20240703125001,801.16
20240703130001,614.06
20240703131001,564.05
20240703132001,672.72
20240703133001,466.31
20240703134001,447.8
20240703135001,361.69
20240703140001,140.46
20240703141001,106.85
20240703142001,67.72
20240703143001,41
20240703144001,54
20240703145001,61.35
20240703150001,62.4
20240703151001,121.63
20240703152001,71.28
20240703153001,78.99
20240703154001,54.78
20240703155001,30.43
20240703160001,31.23
20240703161001,49.68
20240703162001,32.19
20240703163001,12.41
20240703164001,16.17
20240703165001,0
20240707090001,99.38
20240707091001,124.93
20240707092001,183.15
20240707093001,196.57
20240707094001,321.3
20240707095001,585.65
20240707100001,454.74
20240707101001,528.92
20240707102001,599.08
20240707103001,552.14
20240707104001,651.89
20240707105001,745.75
20240707110001,1002.04
20240707111001,932.07
20240707112001,1152.24
20240707113001,1080.98
20240707114001,996.32
20240707115001,969.02
20240707120001,1181.7
20240707121001,1143.98
20240707122001,1110.66
20240707123001,1100.08
20240707124001,957.97
20240707125001,929.36
20240707130001,871.42
20240707131001,818.77
20240707132001,658.86
20240707133001,786.71
20240707134001,545.61
20240707135001,388.68
20240707140001,334.9
20240707141001,241.77
20240707142001,87.55
20240707143001,66.95
20240707144001,61.92
20240707145001,41.6
20240707150001,47.88
20240707151001,16.18
20240707152001,87.21
20240707153001,75.03
20240707154001,39.67
20240707155001,13.98
20240707160001,14.07
20240707161001,19.28
20240707162001,22.69
20240707163001,25.61
20240707164001,16.15
20240707165001,43.94
20240125090002,129.75
20240125091002,132.74
20240125092002,132.91
20240125093002,118.23
20240125094002,86.56
20240125095002,135.5
20240125100002,118.91
20240125101002,133
20240125102002,121.98
20240125103002,120.14
20240125104002,119.53
20240125105002,123.07
20240125110002,107.43
20240125111002,89.38
20240125112002,82.27
20240125113002,96.32
20240125114002,84.8
20240125115002,82.75
20240125120002,83.57
20240125121002,86.83
20240125122002,85.54
20240125123002,81.3
20240125124002,75.91
20240125125002,78.75
20240125130002,87.92
20240125131002,79.04
20240125132002,69.53
20240125133002,67.23
20240125134002,52.04
20240125135002,87.74
20240125140002,81.17
20240125141002,71.18
20240125142002,85.03
20240125143002,50.81
20240125144002,57.93
20240125145002,56.24
20240125150002,79.35
20240125151002,17.76
20240125152002,30.63
20240125153002,20.67
20240125154002,27.1
20240125155002,22.45
20240125160002,32.5
20240125161002,20.91
20240125162002,18.12
20240125163002,24.17
20240125164002,29.01
20240125165002,19.53
20240128090002,41.63
20240128091002,37.24
20240128092002,48.08
20240128093002,59.97
20240128094002,54.29
20240128095002,152.79
20240128100002,90.14
20240128101002,53.38
20240128102002,72.16
20240128103002,90.57
20240128104002,144.51
20240128105002,113.65
20240128110002,86.35
20240128111002,85.94
20240128112002,142.1
20240128113002,194.01
20240128114002,142.78
20240128115002,129.29
20240128120002,93.96
20240128121002,94.02
20240128122002,111
20240128123002,89.41
20240128124002,77.69
20240128125002,140.92
20240128130002,139.21
20240128131002,118.62
20240128132002,60.93
20240128133002,49.32
20240128134002,41.09
20240128135002,7.3
20240128140002,10.44
20240128141002,20.95
20240128142002,13.64
20240128143002,19.08
20240128144002,11.24
20240128145002,0.66
20240128150002,0
20240128151002,1.51
20240128152002,7.37
20240128153002,0.22
20240128154002,6.54
20240128155002,16.86
20240128160002,44.94
20240128161002,1.27
20240128162002,20.45
20240128163002,17.56
20240128164002,28.26
20240128165002,36.47
20240213090002,71.83
20240213091002,67.04
20240213092002,79.29
20240213093002,71.63
20240213094002,110.91
20240213095002,113.03
20240213100002,172.06
20240213101002,126.77
20240213102002,315.29
20240213103002,175.7
20240213104002,184.56
20240213105002,269.5
20240213110002,358.17
20240213111002,410.45
20240213112002,578.07
20240213113002,623.29
20240213114002,710.8
20240213115002,787.63
20240213120002,704.73
20240213121002,697.53
20240213122002,862.36
20240213123002,917.93
20240213124002,869.19
20240213125002,1230.81
20240213130002,1250.72
20240213131002,1162.91
20240213132002,1093.94
20240213133002,1207.05
20240213134002,1256.41
20240213135002,1066.08
20240213140002,1192.78
20240213141002,778.28
20240213142002,635.72
20240213143002,221.4
20240213144002,153.19
20240213145002,123.34
20240213150002,135.01
20240213151002,126.83
20240213152002,119.1
20240213153002,107.99
20240213154002,100.41
20240213155002,173.31
20240213160002,111.57
20240213161002,114.73
20240213162002,83.87
20240213163002,94.65
20240213164002,91.01
20240213165002,73.16
20240226090002,226.87
20240226091002,257.14
20240226092002,351.89
20240226093002,440.61
20240226094002,384.22
20240226095002,533.48
20240226100002,640.4
20240226101002,614.72
20240226102002,714.09
20240226103002,724.59
20240226104002,429.57
20240226105002,726.85
20240226110002,640.19
20240226111002,825.84
20240226112002,861.16
20240226113002,1104.54
20240226114002,1226.01
20240226115002,1304.39
20240226120002,1250.07
20240226121002,1252.66
20240226122002,1269.81
20240226123002,1277.38
20240226124002,1268.49
20240226125002,1210.35
20240226130002,1302
20240226131002,1301.33
20240226132002,1103.89
20240226133002,1193.01
20240226134002,1299.63
20240226135002,1226.16
20240226140002,1343.82
20240226141002,1264.6
20240226142002,1265.28
20240226143002,1134.33
20240226144002,1003.28
20240226145002,967.01
20240226150002,641.65
20240226151002,512.26
20240226152002,343.07
20240226153002,281.25
20240226154002,263.56
20240226155002,157.81
20240226160002,213.41
20240226161002,160.14
20240226162002,157.77
20240226163002,141
20240226164002,155.43
20240226165002,170.41
20240319090002,266.72
20240319091002,255.48
20240319092002,307.52
20240319093002,283.41
20240319094002,288.97
20240319095002,378.03
20240319100002,324.55
20240319101002,620.83
20240319102002,634.7
20240319103002,819.4
20240319104002,937.2
20240319105002,1027.77
20240319110002,1174.02
20240319111002,1142.47
20240319112002,1082.82
20240319113002,1125.14
20240319114002,1135.87
20240319115002,1093.81
20240319120002,1116.42
20240319121002,1181.15
20240319122002,1142.56
20240319123002,1142.56
20240319124002,826.29
20240319125002,957.89
20240319130002,1153.85
20240319131002,1094.41
20240319132002,1092.1
20240319133002,988.72
20240319134002,898.84
20240319135002,588.48
20240319140002,552.44
20240319141002,502.48
20240319142002,697.89
20240319143002,793.47
20240319144002,631.48
20240319145002,350.89
20240319150002,392.77
20240319151002,321.32
20240319152002,281.05
20240319153002,48.58
20240319154002,49.8
20240319155002,46.53
20240319160002,33.86
20240319161002,57.81
20240319162002,71.91
20240319163002,36.44
20240319164002,42.07
20240319165002,76.91
20240427090002,282.81
20240427091002,319.6
20240427092002,289.64
20240427093002,515.46
20240427094002,550.06
20240427095002,726.29
20240427100002,770.09
20240427101002,793.77
20240427102002,986.08
20240427103002,1021.61
20240427104002,1018.99
20240427105002,1137.03
20240427110002,1238.77
20240427111002,1154.67
20240427112002,1177.07
20240427113002,1243.17
20240427114002,1265.79
20240427115002,1308.47
20240427120002,1263.02
20240427121002,1275.81
20240427122002,1324.31
20240427123002,1328.02
20240427124002,1322.29
20240427125002,1279.27
20240427130002,1307.4
20240427131002,1355.67
20240427132002,1363.19
20240427133002,1398.51
20240427134002,1234.09
20240427135002,861.97
20240427140002,767.86
20240427141002,670.84
20240427142002,631
20240427143002,466.85
20240427144002,281.79
20240427145002,206.37
20240427150002,183.3
20240427151002,199.64
20240427152002,213.64
20240427153002,229.54
20240427154002,165.5
20240427155002,62.24
20240427160002,147.49
20240427161002,168.61
20240427162002,150.65
20240427163002,136.44
20240427164002,117.56
20240427165002,134.74
20240508090002,240.66
20240508091002,243.69
20240508092002,261.06
20240508093002,335.32
20240508094002,426.04
20240508095002,643.59
20240508100002,567.8
20240508101002,581.57
20240508102002,554.49
20240508103002,565.92
20240508104002,871.43
20240508105002,797.74
20240508110002,912.92
20240508111002,1126.12
20240508112002,1225.79
20240508113002,1246.35
20240508114002,1281.23
20240508115002,1240.71
20240508120002,1312.44
20240508121002,1184.86
20240508122002,1365.64
20240508123002,1394.83
20240508124002,1352.82
20240508125002,1253.92
20240508130002,1240.45
20240508131002,1318.39
20240508132002,1412.61
20240508133002,1361.23
20240508134002,1374.15
20240508135002,1080.9
20240508140002,1231.86
20240508141002,1236.32
20240508142002,827.17
20240508143002,701.91
20240508144002,1078.83
20240508145002,1018
20240508150002,918.23
20240508151002,781.59
20240508152002,578.71
20240508153002,422.72
20240508154002,322.81
20240508155002,81.57
20240508160002,165.18
20240508161002,132.14
20240508162002,109.2
20240508163002,160.89
20240508164002,143.63
20240508165002,139.72
20240705090002,202.44
20240705091002,206.54
20240705092002,222.15
20240705093002,292.41
20240705094002,300.8
20240705095002,505.51
20240705100002,693.83
20240705101002,639.86
20240705102002,790.37
20240705103002,841.64
20240705104002,931.6
20240705105002,984.74
20240705110002,1222.29
20240705111002,1315.25
20240705112002,1316.99
20240705113002,1279.84
20240705114002,1205.75
20240705115002,1141.11
20240705120002,1238.67
20240705121002,1308.72
20240705122002,1378.3
20240705123002,1310.76
20240705124002,1260.26
20240705125002,1295.04
20240705130002,1278.11
20240705131002,1194.17
20240705132002,1250.07
20240705133002,1254.02
20240705134002,1248.39
20240705135002,1265.79
20240705140002,1338.18
20240705141002,1351.91
20240705142002,1315.03
20240705143002,1161.19
20240705144002,1227.59
20240705145002,1097.58
20240705150002,872.65
20240705151002,460.61
20240705152002,331.08
20240705153002,280.84
20240705154002,208.35
20240705155002,92.58
20240705160002,104.14
20240705161002,91.4
20240705162002,104.96
20240705163002,101.22
20240705164002,120.38
20240705165002,114.21
20240707090002,254.75
20240707091002,218.74
20240707092002,195.85
20240707093002,229.06
20240707094002,200.73
20240707095002,354.36
20240707100002,401.87
20240707101002,537.89
20240707102002,836.94
20240707103002,771.41
20240707104002,900.01
20240707105002,934.56
20240707110002,1165.13
20240707111002,1279.13
20240707112002,962.65
20240707113002,1409.47
20240707114002,1336.76
20240707115002,1328.49
20240707120002,1363.19
20240707121002,1336.68
20240707122002,1353.13
20240707123002,1337.21
20240707124002,1281.23
20240707125002,1265.33
20240707130002,1367.14
20240707131002,1342.44
20240707132002,1295.01
20240707133002,1259.67
20240707134002,930.05
20240707135002,963.85
20240707140002,1053.72
20240707141002,900.35
20240707142002,681.89
20240707143002,337.48
20240707144002,344.25
20240707145002,118.29
20240707150002,137.3
20240707151002,200.97
20240707152002,142.48
20240707153002,149.14
20240707154002,182.01
20240707155002,127.86
20240707160002,113.95
20240707161002,118.96
20240707162002,77.35
20240707163002,76.67
20240707164002,91.42
20240707165002,83.11
20240317090003,110.41
20240317091003,66.95
20240317092003,82.5
20240317093003,147.14
20240317094003,216.47
20240317095003,367.77
20240317100003,413.77
20240317101003,447.66
20240317102003,662.17
20240317103003,717.46
20240317104003,793.52
20240317105003,761.01
20240317110003,975.52
20240317111003,1154.53
20240317112003,1255.51
20240317113003,1160.62
20240317114003,1268.63
20240317115003,1233.29
20240317120003,1358.31
20240317121003,1305
20240317122003,1359.82
20240317123003,1401.63
20240317124003,1402.61
20240317125003,1232.54
20240317130003,1318.82
20240317131003,1424.95
20240317132003,1162.06
20240317133003,1240.58
20240317134003,1095.52
20240317135003,1036.29
20240317140003,735.63
20240317141003,903.82
20240317142003,663.97
20240317143003,613.76
20240317144003,575.75
20240317145003,389.84
20240317150003,377.44
20240317151003,438.49
20240317152003,243.59
20240317153003,110.57
20240317154003,58.73
20240317155003,98.29
20240317160003,80.77
20240317161003,53.33
20240317162003,48.92
20240317163003,55.68
20240317164003,47.28
20240317165003,66.63
20240414090003,0
20240414091003,0
20240414092003,0
20240414093003,0
20240414094003,0
20240414095003,0
20240414100003,0
20240414101003,0
20240414102003,0
20240414103003,0
20240414104003,0
20240414105003,0
20240414110003,0
20240414111003,0
20240414112003,0
20240414113003,0
20240414114003,0
20240414115003,0
20240414120003,0
20240414121003,0
20240414122003,8.58
20240414123003,0
20240414124003,0
20240414125003,0
20240414130003,0
20240414131003,0
20240414132003,0
20240414133003,0
20240414134003,0
20240414135003,0
20240414140003,0
20240414141003,4.52
20240414142003,2.89
20240414143003,0
20240414144003,0
20240414145003,0
20240414150003,0
20240414151003,0.73
20240414152003,0
20240414153003,0
20240414154003,0
20240414155003,0
20240414160003,0
20240414161003,19.1
20240414162003,7.09
20240414163003,0
20240414164003,0
20240414165003,0
20240524090003,0
20240524091003,21.81
20240524092003,6.91
20240524093003,16.53
20240524094003,10.32
20240524095003,0
20240524100003,0
20240524101003,0
20240524102003,0
20240524103003,0
20240524104003,0
20240524105003,0
20240524110003,0
20240524111003,0
20240524112003,0
20240524113003,0
20240524114003,0
20240524115003,0
20240524120003,0
20240524121003,0
20240524122003,0
20240524123003,0
20240524124003,0
20240524125003,0
20240524130003,0
20240524131003,0
20240524132003,16.61
20240524133003,11.59
20240524134003,11.08
20240524135003,4.95
20240524140003,6.21
20240524141003,0
20240524142003,0
20240524143003,0
20240524144003,0
20240524145003,0
20240524150003,0
20240524151003,0
20240524152003,0
20240524153003,0
20240524154003,0
20240524155003,0
20240524160003,0
20240524161003,0
20240524162003,0
20240524163003,0
20240524164003,0
20240524165003,0
20240526090003,105.85
20240526091003,80.7
20240526092003,90
20240526093003,124.38
20240526094003,138.48
20240526095003,170.42
20240526100003,234.37
20240526101003,219.66
20240526102003,206.61
20240526103003,235.69
20240526104003,550.63
20240526105003,496.52
20240526110003,558.65
20240526111003,730.52
20240526112003,840.26
20240526113003,1020.6
20240526114003,1166.67
20240526115003,1238.54
20240526120003,1266.78
20240526121003,1253.86
20240526122003,849.17
20240526123003,812.87
20240526124003,885.38
20240526125003,1065.53
20240526130003,634.6
20240526131003,587.67
20240526132003,298.15
20240526133003,191.52
20240526134003,248.21
20240526135003,159.45
20240526140003,205.52
20240526141003,194.55
20240526142003,154.62
20240526143003,160.7
20240526144003,71.23
20240526145003,92.4
20240526150003,57.18
20240526151003,79.33
20240526152003,53.04
20240526153003,72.13
20240526154003,31.89
20240526155003,53.69
20240526160003,90.5
20240526161003,12.88
20240526162003,33.76
20240526163003,6.26
20240526164003,40.2
20240526165003,48.33
20240603090003,42.97
20240603091003,26.3
20240603092003,18.96
20240603093003,28.42
20240603094003,0
20240603095003,0
20240603100003,0
20240603101003,0
20240603102003,2.01
20240603103003,38.86
20240603104003,32.58
20240603105003,70.71
20240603110003,29.98
20240603111003,54.04
20240603112003,38.96
20240603113003,58.12
20240603114003,71.68
20240603115003,71.07
20240603120003,83.48
20240603121003,76.09
20240603122003,0.41
20240603123003,18.89
20240603124003,33.83
20240603125003,13.55
20240603130003,17
20240603131003,11.88
20240603132003,16.72
20240603133003,22.3
20240603134003,0
20240603135003,20.48
20240603140003,3.27
20240603141003,40.46
20240603142003,25
20240603143003,35.61
20240603144003,14.33
20240603145003,14.95
20240603150003,23.35
20240603151003,0
20240603152003,0
20240603153003,0
20240603154003,0
20240603155003,0
20240603160003,0
20240603161003,0
20240603162003,17.8
20240603163003,15.27
20240603164003,10.48
20240603165003,67.37
20240620090003,31.04
20240620091003,39.61
20240620092003,40.66
20240620093003,52.86
20240620094003,37.05
20240620095003,55.04
20240620100003,55.01
20240620101003,42.71
20240620102003,30.35
20240620103003,32.01
20240620104003,26.59
20240620105003,30.63
20240620110003,16.73
20240620111003,37.87
20240620112003,43.04
20240620113003,44.58
20240620114003,57.39
20240620115003,11.38
20240620120003,5.53
20240620121003,9.6
20240620122003,29.94
20240620123003,22.25
20240620124003,24.89
20240620125003,4.29
20240620130003,12.99
20240620131003,16.07
20240620132003,1.61
20240620133003,3.68
20240620134003,8.22
20240620135003,29.74
20240620140003,0
20240620141003,0
20240620142003,0
20240620143003,0
20240620144003,0
20240620145003,13.31
20240620150003,30.13
20240620151003,0
20240620152003,0
20240620153003,0
20240620154003,0
20240620155003,14.77
20240620160003,0
20240620161003,20.91
20240620162003,10.83
20240620163003,2.96
20240620164003,3.26
20240620165003,0
20240420090004,58.68
20240420091004,52.96
20240420092004,61.06
20240420093004,56.14
20240420094004,57.07
20240420095004,108
20240420100004,117.97
20240420101004,86.08
20240420102004,78.43
20240420103004,69.02
20240420104004,82.51
20240420105004,71.43
20240420110004,44.41
20240420111004,44.82
20240420112004,53.2
20240420113004,37.8
20240420114004,47.37
20240420115004,40.83
20240420120004,43.74
20240420121004,40.64
20240420122004,48.9
20240420123004,57.28
20240420124004,39.23
20240420125004,36.77
20240420130004,45.25
20240420131004,69.21
20240420132004,87.18
20240420133004,152.32
20240420134004,119.15
20240420135004,78.07
20240420140004,71.19
20240420141004,64.76
20240420142004,82.73
20240420143004,80.17
20240420144004,67.68
20240420145004,42.46
20240420150004,50.05
20240420151004,41.76
20240420152004,64.37
20240420153004,39.63
20240420154004,36.48
20240420155004,15.61
20240420160004,13.44
20240420161004,9.43
20240420162004,26.72
20240420163004,28.11
20240420164004,15.49
20240420165004,37.26
20240422090004,91.4
20240422091004,91.34
20240422092004,99.14
20240422093004,59.31
20240422094004,58.12
20240422095004,70.04
20240422100004,0
20240422101004,99.23
20240422102004,51.31
20240422103004,61.82
20240422104004,79.85
20240422105004,93.46
20240422110004,131.48
20240422111004,94.11
20240422112004,98.15
20240422113004,67.84
20240422114004,51.09
20240422115004,85.88
20240422120004,48.19
20240422121004,59.94
20240422122004,63.87
20240422123004,68.86
20240422124004,72.48
20240422125004,63.94
20240422130004,87.79
20240422131004,73.26
20240422132004,62.91
20240422133004,53.83
20240422134004,53.47
20240422135004,79.82
20240422140004,74.37
20240422141004,47.6
20240422142004,32.25
20240422143004,10.69
20240422144004,18.14
20240422145004,5.55
20240422150004,64.41
20240422151004,69.57
20240422152004,42.82
20240422153004,41.44
20240422154004,35.85
20240422155004,51.84
20240422160004,39.96
20240422161004,47.24
20240422162004,21.08
20240422163004,23.25
20240422164004,23.1
20240422165004,25.85
20240513090004,300.54
20240513091004,304.41
20240513092004,382.86
20240513093004,475.75
20240513094004,518.12
20240513095004,592.56
20240513100004,783.54
20240513101004,869.11
20240513102004,921.33
20240513103004,1225.09
20240513104004,1214.01
20240513105004,1085.21
20240513110004,1220.07
20240513111004,1226.09
20240513112004,1254.95
20240513113004,1221.6
20240513114004,1218.84
20240513115004,984.79
20240513120004,1145.53
20240513121004,1216.22
20240513122004,1322.94
20240513123004,1430.7
20240513124004,1379.38
20240513125004,1311.93
20240513130004,1271.35
20240513131004,1438.84
20240513132004,1516.69
20240513133004,1587.22
20240513134004,1465.86
20240513135004,1431.08
20240513140004,1356.93
20240513141004,1483.67
20240513142004,1070.81
20240513143004,929.92
20240513144004,1235.63
20240513145004,633.37
20240513150004,792.89
20240513151004,509.87
20240513152004,405.21
20240513153004,411.88
20240513154004,186
20240513155004,122.82
20240513160004,134.88
20240513161004,70.26
20240513162004,99.28
20240513163004,98.54
20240513164004,130.26
20240513165004,115.46
20240515090004,202.44
20240515091004,206.54
20240515092004,225.28
20240515093004,292.41
20240515094004,300.8
20240515095004,505.51
20240515100004,693.83
20240515101004,639.86
20240515102004,788.74
20240515103004,844.26
20240515104004,931.6
20240515105004,984.74
20240515110004,1222.29
20240515111004,1315.25
20240515112004,1316.99
20240515113004,1279.84
20240515114004,1205.75
20240515115004,1141.11
20240515120004,1238.67
20240515121004,1308.72
20240515122004,1378.3
20240515123004,1310.76
20240515124004,1260.43
20240515125004,1299.56
20240515130004,1283.78
20240515131004,1201.45
20240515132004,1254.78
20240515133004,1259
20240515134004,1251.52
20240515135004,1265.79
20240515140004,1338.18
20240515141004,1351.91
20240515142004,1315.03
20240515143004,1174.65
20240515144004,1226.49
20240515145004,1097.72
20240515150004,871.83
20240515151004,460.61
20240515152004,331.08
20240515153004,284.17
20240515154004,208.21
20240515155004,92.58
20240515160004,104.17
20240515161004,87.25
20240515162004,104.93
20240515163004,101.22
20240515164004,120.38
20240515165004,114.21
20240629090004,12.28
20240629091004,0
20240629092004,0
20240629093004,14.85
20240629094004,0
20240629095004,44.92
20240629100004,48.67
20240629101004,410.89
20240629102004,525.72
20240629103004,632.63
20240629104004,761.85
20240629105004,858.58
20240629110004,1279.58
20240629111004,1241.02
20240629112004,1077.88
20240629113004,980.76
20240629114004,940.82
20240629115004,882.65
20240629120004,897.67
20240629121004,861.22
20240629122004,734.8
20240629123004,621.86
20240629124004,568.27
20240629125004,536.77
20240629130004,461.07
20240629131004,443.91
20240629132004,227.47
20240629133004,196.64
20240629134004,129.28
20240629135004,124.95
20240629140004,125.48
20240629141004,123.3
20240629142004,69.63
20240629143004,49.36
20240629144004,52.1
20240629145004,38.93
20240629150004,21.73
20240629151004,9.58
20240629152004,0.72
20240629153004,4.73
20240629154004,10.98
20240629155004,13.11
20240629160004,7.08
20240629161004,3.4
20240629162004,6.53
20240629163004,35.37
20240629164004,46.8
20240629165004,41.74
20240704090004,75.01
20240704091004,124.17
20240704092004,135.3
20240704093004,140.6
20240704094004,156.07
20240704095004,205.67
20240704100004,225.93
20240704101004,421.9
20240704102004,540.34
20240704103004,679.89
20240704104004,728.24
20240704105004,849.64
20240704110004,999.84
20240704111004,1207.55
20240704112004,1087.66
20240704113004,995.3
20240704114004,1038.35
20240704115004,953.32
20240704120004,890.83
20240704121004,882.94
20240704122004,802.92
20240704123004,836.4
20240704124004,735.32
20240704125004,845.6
20240704130004,783
20240704131004,559.02
20240704132004,558.1
20240704133004,495.9
20240704134004,320.65
20240704135004,371.63
20240704140004,342.7
20240704141004,189.05
20240704142004,129.47
20240704143004,83.44
20240704144004,66.12
20240704145004,52
20240704150004,67.05
20240704151004,76.63
20240704152004,99.92
20240704153004,66.52
20240704154004,80.65
20240704155004,49.44
20240704160004,57.03
20240704161004,36.53
20240704162004,51.99
20240704163004,52.94
20240704164004,40.69
20240704165004,40.28
20240509090005,28.11
20240509091005,22.8
20240509092005,39.16
20240509093005,46.56
20240509094005,43.71
20240509095005,78.39
20240509100005,40.5
20240509101005,28.38
20240509102005,43.82
20240509103005,64
20240509104005,105.68
20240509105005,74.86
20240509110005,76.48
20240509111005,55
20240509112005,92.07
20240509113005,155.19
20240509114005,132.85
20240509115005,118.44
20240509120005,82.91
20240509121005,83.71
20240509122005,101.73
20240509123005,79.31
20240509124005,67.55
20240509125005,130.24
20240509130005,129.62
20240509131005,118.93
20240509132005,61.2
20240509133005,49.52
20240509134005,42.13
20240509135005,6.56
20240509140005,10.4
20240509141005,20.16
20240509142005,13.32
20240509143005,19.21
20240509144005,11.52
20240509145005,0.76
20240509150005,0
20240509151005,1.62
20240509152005,6.86
20240509153005,0
20240509154005,5.76
20240509155005,16.75
20240509160005,44.3
20240509161005,0.62
20240509162005,20.43
20240509163005,17.01
20240509164005,27.43
20240509165005,34.54
20240514090005,63.35
20240514091005,80.54
20240514092005,117.91
20240514093005,198.24
20240514094005,172.51
20240514095005,192.78
20240514100005,212.8
20240514101005,177.23
20240514102005,94.87
20240514103005,84.81
20240514104005,89.79
20240514105005,53.45
20240514110005,0
20240514111005,77.9
20240514112005,78
20240514113005,96.75
20240514114005,95.84
20240514115005,107.18
20240514120005,113.27
20240514121005,96.83
20240514122005,90
20240514123005,97.03
20240514124005,93.58
20240514125005,89.39
20240514130005,53.73
20240514131005,51.29
20240514132005,40.17
20240514133005,33.05
20240514134005,46.08
20240514135005,77.22
20240514140005,94.23
20240514141005,75.64
20240514142005,63.23
20240514143005,57.83
20240514144005,50.75
20240514145005,40.85
20240514150005,34.92
20240514151005,24.27
20240514152005,22.22
20240514153005,23.7
20240514154005,23.79
20240514155005,22.03
20240514160005,18.93
20240514161005,15.53
20240514162005,16.45
20240514163005,19.96
20240514164005,19.86
20240514165005,27.11
20240615090005,85.01
20240615091005,87.79
20240615092005,96.47
20240615093005,69.27
20240615094005,69.29
20240615095005,57.69
20240615100005,139.84
20240615101005,110.52
20240615102005,86.24
20240615103005,82.21
20240615104005,84.02
20240615105005,114.49
20240615110005,105.45
20240615111005,52.39
20240615112005,30.26
20240615113005,24.62
20240615114005,33.29
20240615115005,34.67
20240615120005,31.1
20240615121005,34.85
20240615122005,40.1
20240615123005,42.71
20240615124005,43.17
20240615125005,69.97
20240615130005,71.28
20240615131005,45
20240615132005,30.71
20240615133005,52.65
20240615134005,62.3
20240615135005,65.37
20240615140005,67.84
20240615141005,65.66
20240615142005,65.14
20240615143005,54.9
20240615144005,72.39
20240615145005,68.17
20240615150005,42.04
20240615151005,40.19
20240615152005,46.03
20240615153005,38.3
20240615154005,36.92
20240615155005,41.79
20240615160005,51.62
20240615161005,52.48
20240615162005,46.87
20240615163005,49.11
20240615164005,54.36
20240615165005,46.12
20240620090005,190.49
20240620091005,207.59
20240620092005,120.19
20240620093005,222.46
20240620094005,202.02
20240620095005,377.19
20240620100005,187.79
20240620101005,249.44
20240620102005,601.59
20240620103005,867.59
20240620104005,964.43
20240620105005,1113.34
20240620110005,1287.67
20240620111005,1294.96
20240620112005,1163.68
20240620113005,1253.86
20240620114005,1285.02
20240620115005,1294.6
20240620120005,1214.26
20240620121005,1297.52
20240620122005,1298.2
20240620123005,1287.32
20240620124005,1241.72
20240620125005,1179.02
20240620130005,1164.55
20240620131005,1237.97
20240620132005,1115.19
20240620133005,1073.8
20240620134005,867.24
20240620135005,961.93
20240620140005,840.05
20240620141005,959.83
20240620142005,995.35
20240620143005,484.34
20240620144005,236.7
20240620145005,180.54
20240620150005,156.6
20240620151005,109.35
20240620152005,75.46
20240620153005,92.73
20240620154005,84.08
20240620155005,84.32
20240620160005,102.44
20240620161005,96.97
20240620162005,51.53
20240620163005,27.74
20240620164005,24.99
20240620165005,30.31
20240706090005,135.36
20240706091005,158.61
20240706092005,148.98
20240706093005,151.11
20240706094005,240.56
20240706095005,401.21
20240706100005,511.18
20240706101005,586.8
20240706102005,785.63
20240706103005,786.92
20240706104005,963.47
20240706105005,1024.87
20240706110005,1131.52
20240706111005,1152.32
20240706112005,1212.79
20240706113005,1207.76
20240706114005,877.11
20240706115005,1125.38
20240706120005,1094.72
20240706121005,1171.71
20240706122005,1190.21
20240706123005,1213.49
20240706124005,1226.61
20240706125005,836.45
20240706130005,868.17
20240706131005,847.06
20240706132005,881.34
20240706133005,740.84
20240706134005,688.48
20240706135005,692.64
20240706140005,379.64
20240706141005,197.54
20240706142005,182.4
20240706143005,153.09
20240706144005,107.31
20240706145005,96.56
20240706150005,66.18
20240706151005,46.29
20240706152005,36.37
20240706153005,53.99
20240706154005,38.74
20240706155005,39.51
20240706160005,55.74
20240706161005,30.72
20240706162005,48.09
20240706163005,45.71
20240706164005,41.81
20240706165005,32.71
20240708090005,119.56
20240708091005,139.2
20240708092005,103.76
20240708093005,143.99
20240708094005,144.93
20240708095005,231.33
20240708100005,325.69
20240708101005,378.13
20240708102005,530.48
20240708103005,617.72
20240708104005,425.22
20240708105005,367.82
20240708110005,432.63
20240708111005,551.89
20240708112005,510.44
20240708113005,739.93
20240708114005,782
20240708115005,857.63
20240708120005,839.61
20240708121005,552.13
20240708122005,570.85
20240708123005,654.83
20240708124005,640.23
20240708125005,528.94
20240708130005,437.88
20240708131005,390.74
20240708132005,201.66
20240708133005,143.21
20240708134005,105.24
20240708135005,200.34
20240708140005,111.33
20240708141005,107.33
20240708142005,83.26
20240708143005,82.32
20240708144005,76.6
20240708145005,66.92
20240708150005,40.43
20240708151005,33
20240708152005,24.18
20240708153005,30.03
20240708154005,27.78
20240708155005,23.71
20240708160005,28.38
20240708161005,36.53
20240708162005,28.64
20240708163005,19.63
20240708164005,29.27
20240708165005,43.88
20240520090006,80.27
20240520091006,77.82
20240520092006,86.53
20240520093006,58.66
20240520094006,47.11
20240520095006,93.75
20240520100006,45.54
20240520101006,65.58
20240520102006,96.28
20240520103006,112.52
20240520104006,130.56
20240520105006,170.89
20240520110006,193.56
20240520111006,200.03
20240520112006,158.13
20240520113006,136.3
20240520114006,141.44
20240520115006,102.3
20240520120006,133.39
20240520121006,121.16
20240520122006,127.61
20240520123006,101.54
20240520124006,131.41
20240520125006,97.15
20240520130006,152.52
20240520131006,62.42
20240520132006,84.5
20240520133006,92.36
20240520134006,86.24
20240520135006,124.35
20240520140006,135.03
20240520141006,93.85
20240520142006,104.9
20240520143006,89.2
20240520144006,62.73
20240520145006,83.11
20240520150006,30.81
20240520151006,57.38
20240520152006,67.05
20240520153006,59.94
20240520154006,58.89
20240520155006,52.85
20240520160006,65.64
20240520161006,38.38
20240520162006,41.33
20240520163006,45.92
20240520164006,46.18
20240520165006,37.31
20240527090006,52
20240527091006,72.46
20240527092006,154.03
20240527093006,176.07
20240527094006,298.51
20240527095006,548.03
20240527100006,448.15
20240527101006,518.77
20240527102006,593.32
20240527103006,549.33
20240527104006,629.04
20240527105006,737.83
20240527110006,1004.29
20240527111006,920.26
20240527112006,1152.49
20240527113006,1083.63
20240527114006,984.57
20240527115006,943.15
20240527120006,1149.69
20240527121006,1113.32
20240527122006,1092.73
20240527123006,1096.84
20240527124006,947.34
20240527125006,925.26
20240527130006,865.46
20240527131006,832.24
20240527132006,649.44
20240527133006,781.18
20240527134006,533.49
20240527135006,381.9
20240527140006,309.17
20240527141006,217.72
20240527142006,67.71
20240527143006,41.55
20240527144006,43.61
20240527145006,24.99
20240527150006,28.83
20240527151006,0.92
20240527152006,69.26
20240527153006,55.71
20240527154006,31.66
20240527155006,6.32
20240527160006,1.99
20240527161006,4.72
20240527162006,10.61
20240527163006,10.68
20240527164006,0.64
20240527165006,12.06
20240625090006,161.02
20240625091006,152.39
20240625092006,253.74
20240625093006,273.61
20240625094006,276.38
20240625095006,364.58
20240625100006,488.12
20240625101006,611.01
20240625102006,666.22
20240625103006,769.54
20240625104006,845.57
20240625105006,1018.66
20240625110006,1319.17
20240625111006,1323.83
20240625112006,1353.04
20240625113006,1243.66
20240625114006,1227.48
20240625115006,1247.05
20240625120006,1254.39
20240625121006,1280.4
20240625122006,1320.71
20240625123006,1088.46
20240625124006,1065.54
20240625125006,1099.65
20240625130006,1055.21
20240625131006,824.02
20240625132006,708.31
20240625133006,597.53
20240625134006,485.33
20240625135006,275.5
20240625140006,280.88
20240625141006,255.47
20240625142006,133.87
20240625143006,180.24
20240625144006,57.92
20240625145006,70.75
20240625150006,58.28
20240625151006,45.21
20240625152006,40.93
20240625153006,75.85
20240625154006,71.06
20240625155006,97.74
20240625160006,79.25
20240625161006,63.89
20240625162006,59.34
20240625163006,50.18
20240625164006,45.08
20240625165006,28.67
20240629090006,174.54
20240629091006,198.47
20240629092006,298.8
20240629093006,326.47
20240629094006,413.85
20240629095006,542.87
20240629100006,553.63
20240629101006,647.5
20240629102006,660.56
20240629103006,982.59
20240629104006,819.44
20240629105006,865.01
20240629110006,1000.89
20240629111006,1076.21
20240629112006,1082.15
20240629113006,1148.8
20240629114006,1253.16
20240629115006,1178.21
20240629120006,1254.96
20240629121006,1356.26
20240629122006,1339.13
20240629123006,1326.84
20240629124006,1321.11
20240629125006,1204.3
20240629130006,1269.92
20240629131006,1333.44
20240629132006,1271.69
20240629133006,1285.4
20240629134006,1180.2
20240629135006,1223.24
20240629140006,873.89
20240629141006,879.42
20240629142006,1188.23
20240629143006,1184.78
20240629144006,1120.47
20240629145006,1035.19
20240629150006,1023.51
20240629151006,657.51
20240629152006,573.99
20240629153006,388.83
20240629154006,435.9
20240629155006,174.18
20240629160006,246.78
20240629161006,223.12
20240629162006,163.35
20240629163006,154.96
20240629164006,119.73
20240629165006,161.75
20240706090006,120.84
20240706091006,82.13
20240706092006,67.95
20240706093006,108.48
20240706094006,43.24
20240706095006,93.46
20240706100006,106.82
20240706101006,175.91
20240706102006,450.61
20240706103006,437.05
20240706104006,1391.87
20240706105006,1354.77
20240706110006,1508.21
20240706111006,1527.49
20240706112006,1513.63
20240706113006,1539.78
20240706114006,1571.28
20240706115006,1402.85
20240706120006,1402.18
20240706121006,1392.11
20240706122006,863.97
20240706123006,791.62
20240706124006,184.08
20240706125006,101.79
20240706130006,66.71
20240706131006,70.86
20240706132006,14.99
20240706133006,57.34
20240706134006,32.03
20240706135006,35.56
20240706140006,14.41
20240706141006,17.9
20240706142006,6.46
20240706143006,7.71
20240706144006,13.55
20240706145006,6.89
20240706150006,7.53
20240706151006,8.04
20240706152006,0
20240706153006,0
20240706154006,3.59
20240706155006,0
20240706160006,1.38
20240706161006,6.1
20240706162006,4.38
20240706163006,1.79
20240706164006,2.04
20240706165006,0
20240722090006,90.75
20240722091006,131.96
20240722092006,157.18
20240722093006,209.57
20240722094006,220.31
20240722095006,328.67
20240722100006,379.78
20240722101006,823.24
20240722102006,1208.67
20240722103006,1232.61
20240722104006,1212.35
20240722105006,1168.49
20240722110006,1261.34
20240722111006,934.71
20240722112006,877.77
20240722113006,1324.67
20240722114006,1318.08
20240722115006,1423.57
20240722120006,1436.1
20240722121006,1423.91
20240722122006,1113.14
20240722123006,1002.26
20240722124006,1043.42
20240722125006,1443.99
20240722130006,1473.37
20240722131006,1405.38
20240722132006,1281.77
20240722133006,1277.42
20240722134006,1162.29
20240722135006,1080.05
20240722140006,953.68
20240722141006,538.54
20240722142006,250.64
20240722143006,98.55
20240722144006,67.78
20240722145006,100.56
20240722150006,65.34
20240722151006,25.99
20240722152006,23.93
20240722153006,12.08
20240722154006,13.98
20240722155006,55
20240722160006,39.01
20240722161006,40.45
20240722162006,42.65
20240722163006,42.34
20240722164006,49.8
20240722165006,44.03
20240526090007,49.75
20240526091007,64.56
20240526092007,76.67
20240526093007,82.98
20240526094007,81.71
20240526095007,131.33
20240526100007,270.74
20240526101007,292.07
20240526102007,286.51
20240526103007,236.16
20240526104007,201.98
20240526105007,242.15
20240526110007,296.02
20240526111007,514.9
20240526112007,200.73
20240526113007,207.62
20240526114007,159.62
20240526115007,198.89
20240526120007,234.31
20240526121007,207.51
20240526122007,230.04
20240526123007,158.47
20240526124007,214.39
20240526125007,271.88
20240526130007,227.77
20240526131007,308.97
20240526132007,355.55
20240526133007,285.75
20240526134007,160.66
20240526135007,179.78
20240526140007,150.03
20240526141007,156.85
20240526142007,99.37
20240526143007,54.3
20240526144007,53.8
20240526145007,33.91
20240526150007,4.42
20240526151007,21.15
20240526152007,47.16
20240526153007,46.15
20240526154007,45.07
20240526155007,32.68
20240526160007,71.03
20240526161007,46.12
20240526162007,74.84
20240526163007,64.14
20240526164007,49.93
20240526165007,66.12
20240612090007,0
20240612091007,0
20240612092007,0
20240612093007,0
20240612094007,0
20240612095007,8.94
20240612100007,22.5
20240612101007,33.93
20240612102007,34.41
20240612103007,54.22
20240612104007,72.48
20240612105007,78.45
20240612110007,54.85
20240612111007,67.67
20240612112007,111.22
20240612113007,106.25
20240612114007,127.29
20240612115007,133.24
20240612120007,190.32
20240612121007,119.02
20240612122007,96.72
20240612123007,111.97
20240612124007,121.09
20240612125007,120.83
20240612130007,35.18
20240612131007,5.68
20240612132007,58.66
20240612133007,135.42
20240612134007,15.28
20240612135007,14.82
20240612140007,8.84
20240612141007,28.95
20240612142007,13.35
20240612143007,0.1
20240612144007,0
20240612145007,0
20240612150007,0
20240612151007,0
20240612152007,12.57
20240612153007,5.42
20240612154007,1.43
20240612155007,0
20240612160007,0
20240612161007,0
20240612162007,0
20240612163007,0
20240612164007,0
20240612165007,0
20240615090007,196.25
20240615091007,248.24
20240615092007,336.23
20240615093007,426.72
20240615094007,380.37
20240615095007,530.76
20240615100007,644.64
20240615101007,606.92
20240615102007,719.28
20240615103007,727.48
20240615104007,426.56
20240615105007,753.17
20240615110007,651.94
20240615111007,842.22
20240615112007,864.16
20240615113007,1105.59
20240615114007,1284.23
20240615115007,1342.53
20240615120007,1277.02
20240615121007,1283.22
20240615122007,1300.64
20240615123007,1310.64
20240615124007,1306.1
20240615125007,1238.67
20240615130007,1338.49
20240615131007,1341.13
20240615132007,1164.24
20240615133007,1225.05
20240615134007,1333.42
20240615135007,1250.28
20240615140007,1394.97
20240615141007,1329.29
20240615142007,1323.49
20240615143007,1178.12
20240615144007,1038.71
20240615145007,977.58
20240615150007,647.01
20240615151007,499.89
20240615152007,322.51
20240615153007,257.31
20240615154007,238.06
20240615155007,143.47
20240615160007,232.2
20240615161007,153.81
20240615162007,149.52
20240615163007,143.34
20240615164007,161.07
20240615165007,162.7
20240717090007,238.42
20240717091007,301.29
20240717092007,197.46
20240717093007,339.99
20240717094007,336.61
20240717095007,497.5
20240717100007,289.19
20240717101007,438.62
20240717102007,688.64
20240717103007,1014.98
20240717104007,1129.15
20240717105007,1186.9
20240717110007,1354.18
20240717111007,1335.55
20240717112007,1263.34
20240717113007,1289.48
20240717114007,1279.2
20240717115007,1375.24
20240717120007,1201.03
20240717121007,1331.95
20240717122007,1291.01
20240717123007,1261.91
20240717124007,1314.64
20240717125007,1190.41
20240717130007,1145.17
20240717131007,1292.25
20240717132007,1181.49
20240717133007,1150.21
20240717134007,931.48
20240717135007,1018.34
20240717140007,889.74
20240717141007,1013.29
20240717142007,1065.88
20240717143007,518.97
20240717144007,237.98
20240717145007,185.45
20240717150007,142.47
20240717151007,102.63
20240717152007,67.57
20240717153007,82.84
20240717154007,73.72
20240717155007,75.23
20240717160007,94.1
20240717161007,89.46
20240717162007,42.55
20240717163007,19.41
20240717164007,14.73
20240717165007,20.76
20240124090008,163.84
20240124091008,207.31
20240124092008,259.86
20240124093008,323.54
20240124094008,372.2
20240124095008,549.68
20240124100008,677.51
20240124101008,826
20240124102008,937.15
20240124103008,953.43
20240124104008,1121.89
20240124105008,1193.78
20240124110008,1277.61
20240124111008,1322.57
20240124112008,1350.46
20240124113008,1180.31
20240124114008,1221.23
20240124115008,1101.6
20240124120008,1256.86
20240124121008,1312.06
20240124122008,1319.36
20240124123008,1290.01
20240124124008,1297.62
20240124125008,1271.06
20240124130008,1301.18
20240124131008,1270.29
20240124132008,1411.54
20240124133008,1383.3
20240124134008,1387.34
20240124135008,1318.82
20240124140008,1399.17
20240124141008,1372.32
20240124142008,1368.25
20240124143008,1217.5
20240124144008,1162.36
20240124145008,967.12
20240124150008,961.63
20240124151008,741.58
20240124152008,677.46
20240124153008,383.14
20240124154008,141.21
20240124155008,68.99
20240124160008,139.34
20240124161008,132.98
20240124162008,89.69
20240124163008,124.44
20240124164008,56.15
20240124165008,80.73
20240128090008,70.78
20240128091008,144.74
20240128092008,147.65
20240128093008,281.49
20240128094008,275.19
20240128095008,339.19
20240128100008,463.04
20240128101008,586.81
20240128102008,882.49
20240128103008,1061.76
20240128104008,1216.74
20240128105008,1270.88
20240128110008,1232.82
20240128111008,1405.07
20240128112008,1486.73
20240128113008,1509.22
20240128114008,1424.06
20240128115008,1380.12
20240128120008,1411.61
20240128121008,1487
20240128122008,1406.52
20240128123008,1470.16
20240128124008,1434.66
20240128125008,1403.56
20240128130008,1381.14
20240128131008,1451.48
20240128132008,1383.37
20240128133008,1310.45
20240128134008,1371.7
20240128135008,1442.51
20240128140008,1459.11
20240128141008,1468.18
20240128142008,1194.99
20240128143008,999.95
20240128144008,680.43
20240128145008,694.63
20240128150008,496.99
20240128151008,377.88
20240128152008,528.32
20240128153008,258.52
20240128154008,130.85
20240128155008,97.6
20240128160008,103.66
20240128161008,148.45
20240128162008,105.04
20240128163008,105.09
20240128164008,45.1
20240128165008,9.42
20240204090008,46.35
20240204091008,50.72
20240204092008,47.93
20240204093008,43.01
20240204094008,18.55
20240204095008,46.87
20240204100008,43.5
20240204101008,45.48
20240204102008,46.53
20240204103008,48.29
20240204104008,53.05
20240204105008,52.46
20240204110008,39.97
20240204111008,34.09
20240204112008,39.06
20240204113008,47.09
20240204114008,42.32
20240204115008,36.22
20240204120008,47.53
20240204121008,45.47
20240204122008,46.23
20240204123008,43.88
20240204124008,38.92
20240204125008,46.36
20240204130008,47.33
20240204131008,37.72
20240204132008,37.55
20240204133008,41
20240204134008,18.14
20240204135008,40.47
20240204140008,34.19
20240204141008,26.17
20240204142008,39.38
20240204143008,15.17
20240204144008,17.47
20240204145008,4.46
20240204150008,21.06
20240204151008,0
20240204152008,0
20240204153008,0
20240204154008,0
20240204155008,0
20240204160008,0
20240204161008,0
20240204162008,0
20240204163008,1.11
20240204164008,7.82
20240204165008,1.87
20240218090008,65.15
20240218091008,43.28
20240218092008,57.02
20240218093008,91.39
20240218094008,274.14
20240218095008,461.49
20240218100008,295.61
20240218101008,312.38
20240218102008,469.38
20240218103008,453.76
20240218104008,521
20240218105008,395.21
20240218110008,377.02
20240218111008,371.83
20240218112008,319.79
20240218113008,191.51
20240218114008,135.3
20240218115008,175.87
20240218120008,135.64
20240218121008,527.17
20240218122008,772.33
20240218123008,691.95
20240218124008,310.87
20240218125008,349.37
20240218130008,520.71
20240218131008,415.86
20240218132008,342.29
20240218133008,243.1
20240218134008,190.65
20240218135008,168.78
20240218140008,100.25
20240218141008,62.99
20240218142008,33.07
20240218143008,26.7
20240218144008,402.86
20240218145008,496.33
20240218150008,50.02
20240218151008,503.63
20240218152008,441.26
20240218153008,44.26
20240218154008,28.47
20240218155008,41.75
20240218160008,58.36
20240218161008,26.17
20240218162008,39.88
20240218163008,36.18
20240218164008,27.48
20240218165008,16.36
20240305090008,186.32
20240305091008,181.72
20240305092008,300.85
20240305093008,330.58
20240305094008,498.26
20240305095008,489.21
20240305100008,511.22
20240305101008,658.69
20240305102008,925.97
20240305103008,1062.45
20240305104008,915.88
20240305105008,854.28
20240305110008,1300.27
20240305111008,1324.69
20240305112008,1370.2
20240305113008,1381.35
20240305114008,1450.34
20240305115008,1418.77
20240305120008,1281.02
20240305121008,1349.33
20240305122008,1381.21
20240305123008,1433.62
20240305124008,1529.67
20240305125008,1315.9
20240305130008,1309.32
20240305131008,1259.98
20240305132008,1253.06
20240305133008,1179.12
20240305134008,874.38
20240305135008,1025.3
20240305140008,1001.55
20240305141008,1102.1
20240305142008,1114.51
20240305143008,771.03
20240305144008,573.19
20240305145008,512.4
20240305150008,750.29
20240305151008,469.2
20240305152008,342.15
20240305153008,268.46
20240305154008,80.46
20240305155008,62.78
20240305160008,121.85
20240305161008,94.82
20240305162008,10.97
20240305163008,120.39
20240305164008,155.35
20240305165008,143.26
20240325090008,133.64
20240325091008,126.03
20240325092008,227.4
20240325093008,253.71
20240325094008,252.88
20240325095008,335.09
20240325100008,466.52
20240325101008,593.87
20240325102008,651.77
20240325103008,756.49
20240325104008,857.12
20240325105008,1031.73
20240325110008,1326.33
20240325111008,1332.02
20240325112008,1364.16
20240325113008,1256.79
20240325114008,1239.62
20240325115008,1263.39
20240325120008,1277.77
20240325121008,1296.93
20240325122008,1351.2
20240325123008,1108.3
20240325124008,1084.04
20240325125008,1117.4
20240325130008,1069.55
20240325131008,801.3
20240325132008,702.19
20240325133008,595.31
20240325134008,491.67
20240325135008,277.35
20240325140008,279.3
20240325141008,257.47
20240325142008,143.74
20240325143008,186.88
20240325144008,59.73
20240325145008,78.75
20240325150008,61.47
20240325151008,43.51
20240325152008,44.92
20240325153008,79.6
20240325154008,76.05
20240325155008,95.59
20240325160008,77.74
20240325161008,61.19
20240325162008,56.31
20240325163008,46.8
20240325164008,42.12
20240325165008,26.53
20240518090008,66.81
20240518091008,90.76
20240518092008,187.51
20240518093008,222.88
20240518094008,261.95
20240518095008,427.81
20240518100008,617.88
20240518101008,760.84
20240518102008,849.16
20240518103008,882.54
20240518104008,1026.38
20240518105008,1172.89
20240518110008,1235.47
20240518111008,1349.52
20240518112008,1360.19
20240518113008,1192.51
20240518114008,1262.11
20240518115008,1150.99
20240518120008,1270.68
20240518121008,1288.05
20240518122008,1397.54
20240518123008,1304.82
20240518124008,1318.72
20240518125008,1293.35
20240518130008,1360.28
20240518131008,1325.15
20240518132008,1407.89
20240518133008,1340.66
20240518134008,1340.67
20240518135008,1276.12
20240518140008,1372.46
20240518141008,1349.67
20240518142008,1351.4
20240518143008,1155.26
20240518144008,1122.01
20240518145008,924.41
20240518150008,911.97
20240518151008,685.6
20240518152008,632.84
20240518153008,339
20240518154008,128.12
20240518155008,47.5
20240518160008,109.77
20240518161008,92.09
20240518162008,55.62
20240518163008,72.16
20240518164008,42.44
20240518165008,77.72
20240526090008,0
20240526091008,28.31
20240526092008,66.73
20240526093008,49.93
20240526094008,99.99
20240526095008,36.23
20240526100008,239.3
20240526101008,237.49
20240526102008,534.88
20240526103008,708.56
20240526104008,918.52
20240526105008,970.64
20240526110008,1153.77
20240526111008,1315.94
20240526112008,1269.33
20240526113008,1216.98
20240526114008,1292.27
20240526115008,1344.51
20240526120008,1338.73
20240526121008,1390.36
20240526122008,1430.06
20240526123008,1453.65
20240526124008,1413.96
20240526125008,1408.03
20240526130008,1562.84
20240526131008,1600.57
20240526132008,1550.05
20240526133008,1468.54
20240526134008,1546.05
20240526135008,1430.06
20240526140008,1560.28
20240526141008,1611.08
20240526142008,1674.38
20240526143008,1504.45
20240526144008,1346.36
20240526145008,1238.79
20240526150008,1149.69
20240526151008,893.35
20240526152008,462.85
20240526153008,413.11
20240526154008,159.73
20240526155008,76.95
20240526160008,218.21
20240526161008,160.87
20240526162008,195.26
20240526163008,163.72
20240526164008,228.87
20240526165008,219.76
20240529090008,56.37
20240529091008,72.35
20240529092008,115.93
20240529093008,188.54
20240529094008,169.19
20240529095008,182.92
20240529100008,208.04
20240529101008,169.55
20240529102008,85.79
20240529103008,81.06
20240529104008,86.33
20240529105008,51.31
20240529110008,0
20240529111008,61.37
20240529112008,63.36
20240529113008,86.39
20240529114008,87.87
20240529115008,96.52
20240529120008,106.65
20240529121008,85.98
20240529122008,79.63
20240529123008,85.46
20240529124008,79.92
20240529125008,77.22
20240529130008,44.42
20240529131008,42.12
20240529132008,30.81
20240529133008,24.55
20240529134008,40.04
20240529135008,68.67
20240529140008,83.68
20240529141008,65.23
20240529142008,52.9
20240529143008,47.07
20240529144008,44.34
20240529145008,34.44
20240529150008,29.42
20240529151008,18.52
20240529152008,16.49
20240529153008,18.13
20240529154008,17.92
20240529155008,17.37
20240529160008,12.84
20240529161008,9.08
20240529162008,8.54
20240529163008,11.69
20240529164008,11.95
20240529165008,16.31
20240607090008,350.65
20240607091008,349.64
20240607092008,314.81
20240607093008,245.27
20240607094008,199.02
20240607095008,227.48
20240607100008,50.59
20240607101008,33.65
20240607102008,124.26
20240607103008,129.05
20240607104008,177.14
20240607105008,231.25
20240607110008,704.07
20240607111008,569.13
20240607112008,564.4
20240607113008,437.71
20240607114008,552.72
20240607115008,530.9
20240607120008,544.03
20240607121008,469.05
20240607122008,514.62
20240607123008,478.08
20240607124008,539.02
20240607125008,528.78
20240607130008,490.73
20240607131008,490.45
20240607132008,251.07
20240607133008,210.97
20240607134008,223.15
20240607135008,202.76
20240607140008,164
20240607141008,171.58
20240607142008,551.04
20240607143008,180.73
20240607144008,93.15
20240607145008,63.7
20240607150008,48.9
20240607151008,54.55
20240607152008,68.5
20240607153008,36.91
20240607154008,32.14
20240607155008,48.78
20240607160008,36.57
20240607161008,42.65
20240607162008,49.82
20240607163008,46.39
20240607164008,60.84
20240607165008,52.82
20240613090008,177.26
20240613091008,208.69
20240613092008,305.9
20240613093008,360.04
20240613094008,334.77
20240613095008,476
20240613100008,563.23
20240613101008,544.92
20240613102008,643.9
20240613103008,652.26
20240613104008,358.64
20240613105008,643.85
20240613110008,574.24
20240613111008,773.85
20240613112008,830.95
20240613113008,1075.95
20240613114008,1224.46
20240613115008,1296.09
20240613120008,1236.76
20240613121008,1244.59
20240613122008,1262.48
20240613123008,1306.08
20240613124008,1262.33
20240613125008,1196.94
20240613130008,1279.05
20240613131008,1276.87
20240613132008,1090.96
20240613133008,1171.5
20240613134008,1287.93
20240613135008,1219.32
20240613140008,1345.53
20240613141008,1249.92
20240613142008,1256.12
20240613143008,1118.16
20240613144008,981.96
20240613145008,936.49
20240613150008,611.5
20240613151008,451.33
20240613152008,285.66
20240613153008,232.55
20240613154008,214.75
20240613155008,103.12
20240613160008,167.5
20240613161008,114.49
20240613162008,113.32
20240613163008,108.18
20240613164008,117.68
20240613165008,138.73
20240628090008,134.56
20240628091008,91.51
20240628092008,153.64
20240628093008,192.52
20240628094008,182.34
20240628095008,249.07
20240628100008,493.6
20240628101008,551.29
20240628102008,614.36
20240628103008,658.66
20240628104008,915.8
20240628105008,900.49
20240628110008,1271.51
20240628111008,1295.76
20240628112008,1284.46
20240628113008,1131.29
20240628114008,1320.15
20240628115008,1251.6
20240628120008,1254.45
20240628121008,1222.43
20240628122008,1177.93
20240628123008,1226.16
20240628124008,1267.1
20240628125008,1365.83
20240628130008,1393.01
20240628131008,1441.62
20240628132008,1357.45
20240628133008,1287.41
20240628134008,1263.8
20240628135008,689.46
20240628140008,938.83
20240628141008,990.98
20240628142008,1075.1
20240628143008,1362.04
20240628144008,1180.27
20240628145008,978.54
20240628150008,1337.9
20240628151008,1012.62
20240628152008,604.49
20240628153008,292.45
20240628154008,116.97
20240628155008,41.77
20240628160008,111.92
20240628161008,110.81
20240628162008,97.62
20240628163008,109.9
20240628164008,86.47
20240628165008,95
20240705090008,22.61
20240705091008,18.18
20240705092008,16.63
20240705093008,0
20240705094008,2.12
20240705095008,11.09
20240705100008,47.14
20240705101008,56.24
20240705102008,41.21
20240705103008,40.32
20240705104008,31.82
20240705105008,32.32
20240705110008,28.04
20240705111008,18.87
20240705112008,8.07
20240705113008,4.44
20240705114008,0
20240705115008,15.2
20240705120008,0
20240705121008,0
20240705122008,0
20240705123008,0
20240705124008,5.63
20240705125008,0
20240705130008,0
20240705131008,16.17
20240705132008,31.06
20240705133008,44.01
20240705134008,76.23
20240705135008,54.87
20240705140008,130.7
20240705141008,98.51
20240705142008,93.77
20240705143008,83.33
20240705144008,54.22
20240705145008,19.68
20240705150008,32.12
20240705151008,28.34
20240705152008,25.63
20240705153008,34.64
20240705154008,17.34
20240705155008,33.29
20240705160008,22.51
20240705161008,24.67
20240705162008,5.24
20240705163008,18.61
20240705164008,0
20240705165008,6.09
20240709090008,95.64
20240709091008,93.48
20240709092008,86.87
20240709093008,104.87
20240709094008,143.97
20240709095008,220.69
20240709100008,342.15
20240709101008,496.66
20240709102008,755.69
20240709103008,781.61
20240709104008,833.2
20240709105008,872.61
20240709110008,850.65
20240709111008,870.38
20240709112008,850.17
20240709113008,1199.01
20240709114008,1303.86
20240709115008,1244
20240709120008,1339.76
20240709121008,1352
20240709122008,1297.08
20240709123008,1303.2
20240709124008,1303.43
20240709125008,1222.85
20240709130008,820.51
20240709131008,902.53
20240709132008,1213.74
20240709133008,1225.38
20240709134008,1274.63
20240709135008,1245.59
20240709140008,906.35
20240709141008,582.04
20240709142008,540.28
20240709143008,283.32
20240709144008,249.98
20240709145008,96.23
20240709150008,60.32
20240709151008,39.83
20240709152008,22.12
20240709153008,12.31
20240709154008,3.39
20240709155008,5.68
20240709160008,16.21
20240709161008,17.48
20240709162008,27.33
20240709163008,31.85
20240709164008,35.2
20240709165008,30.24
20240715090008,86.85
20240715091008,128.76
20240715092008,95.4
20240715093008,193.81
20240715094008,221.08
20240715095008,188.15
20240715100008,460.35
20240715101008,808.3
20240715102008,1135.92
20240715103008,1297.15
20240715104008,1327.69
20240715105008,1123.92
20240715110008,1432.98
20240715111008,1552.95
20240715112008,1540.31
20240715113008,1299.75
20240715114008,1534.08
20240715115008,1410.75
20240715120008,1192.12
20240715121008,1180.33
20240715122008,1087.96
20240715123008,1109.85
20240715124008,1286.83
20240715125008,761.1
20240715130008,572.66
20240715131008,752.69
20240715132008,320.98
20240715133008,211.44
20240715134008,404.16
20240715135008,384.86
20240715140008,111.41
20240715141008,75.86
20240715142008,72.53
20240715143008,31.02
20240715144008,32.68
20240715145008,24.65
20240715150008,15.37
20240715151008,22.24
20240715152008,16.19
20240715153008,12.05
20240715154008,1.08
20240715155008,0
20240715160008,7.63
20240715161008,0
20240715162008,0
20240715163008,0
20240715164008,0
20240715165008,3.84
20240719090008,0
20240719091008,0
20240719092008,0
20240719093008,0
20240719094008,0
20240719095008,0
20240719100008,0
20240719101008,0
20240719102008,0
20240719103008,0
20240719104008,0.94
20240719105008,5.56
20240719110008,11.74
20240719111008,0
20240719112008,0
20240719113008,0
20240719114008,0
20240719115008,0
20240719120008,4.28
20240719121008,0
20240719122008,0
20240719123008,0
20240719124008,0
20240719125008,0.65
20240719130008,0
20240719131008,0
20240719132008,0
20240719133008,0
20240719134008,0
20240719135008,0
20240719140008,0
20240719141008,0
20240719142008,0
20240719143008,0
20240719144008,0
20240719145008,0
20240719150008,0
20240719151008,0
20240719152008,0
20240719153008,0
20240719154008,0
20240719155008,0
20240719160008,0
20240719161008,0
20240719162008,0
20240719163008,0
20240719164008,0
20240719165008,0
20240309090009,0
20240309091009,0
20240309092009,0
20240309093009,0
20240309094009,0
20240309095009,0
20240309100009,0
20240309101009,0
20240309102009,0
20240309103009,0
20240309104009,0
20240309105009,0
20240309110009,0
20240309111009,0
20240309112009,0
20240309113009,0
20240309114009,0
20240309115009,0
20240309120009,0
20240309121009,0
20240309122009,0
20240309123009,0
20240309124009,0
20240309125009,0
20240309130009,0
20240309131009,0
20240309132009,0
20240309133009,0
20240309134009,0
20240309135009,0
20240309140009,0
20240309141009,0
20240309142009,0
20240309143009,0
20240309144009,0
20240309145009,0
20240309150009,0
20240309151009,0
20240309152009,0
20240309153009,0
20240309154009,0
20240309155009,0
20240309160009,0
20240309161009,0
20240309162009,0
20240309163009,0
20240309164009,0
20240309165009,0
20240314090009,0
20240314091009,0
20240314092009,0
20240314093009,0
20240314094009,0
20240314095009,0
20240314100009,0
20240314101009,0
20240314102009,0
20240314103009,49.62
20240314104009,102.48
20240314105009,59.49
20240314110009,94
20240314111009,68.09
20240314112009,319.42
20240314113009,367.52
20240314114009,159.38
20240314115009,281.29
20240314120009,213.53
20240314121009,297.35
20240314122009,560.54
20240314123009,520.29
20240314124009,318.02
20240314125009,158.44
20240314130009,122.98
20240314131009,144.77
20240314132009,81.27
20240314133009,30.4
20240314134009,56.22
20240314135009,37.01
20240314140009,48.71
20240314141009,40.5
20240314142009,7.24
20240314143009,1.68
20240314144009,20.05
20240314145009,6.13
20240314150009,20.67
20240314151009,16.96
20240314152009,1.04
20240314153009,0
20240314154009,4.16
20240314155009,0
20240314160009,0.57
20240314161009,7.29
20240314162009,18.16
20240314163009,21.75
20240314164009,21.1
20240314165009,3.29
20240414090009,0
20240414091009,14.96
20240414092009,0
20240414093009,0
20240414094009,0
20240414095009,22.71
20240414100009,0
20240414101009,38.89
20240414102009,39.38
20240414103009,74.48
20240414104009,75.29
20240414105009,490.25
20240414110009,730.02
20240414111009,729.03
20240414112009,840.68
20240414113009,1031.19
20240414114009,948.05
20240414115009,938.03
20240414120009,955.65
20240414121009,629.13
20240414122009,941.13
20240414123009,839.41
20240414124009,715.72
20240414125009,594.4
20240414130009,567.24
20240414131009,473.09
20240414132009,260.9
20240414133009,95.54
20240414134009,57.52
20240414135009,89.62
20240414140009,61.29
20240414141009,71.75
20240414142009,0
20240414143009,7.94
20240414144009,3.03
20240414145009,0
20240414150009,0
20240414151009,0
20240414152009,0
20240414153009,0
20240414154009,24.64
20240414155009,16.39
20240414160009,10.4
20240414161009,12.82
20240414162009,0
20240414163009,29.74
20240414164009,8.13
20240414165009,24.46
20240506090009,17.47
20240506091009,41.55
20240506092009,47.36
20240506093009,25.45
20240506094009,48.33
20240506095009,61.52
20240506100009,184.98
20240506101009,196.54
20240506102009,215.6
20240506103009,285.19
20240506104009,453.06
20240506105009,719.12
20240506110009,756.01
20240506111009,813.8
20240506112009,653.2
20240506113009,568.92
20240506114009,570.1
20240506115009,547.56
20240506120009,569
20240506121009,556.28
20240506122009,492.51
20240506123009,484.42
20240506124009,241.72
20240506125009,228.33
20240506130009,465.06
20240506131009,479.77
20240506132009,463.54
20240506133009,359.91
20240506134009,507.2
20240506135009,454.23
20240506140009,414.03
20240506141009,269.09
20240506142009,243.28
20240506143009,230.41
20240506144009,150.58
20240506145009,215.54
20240506150009,159.9
20240506151009,136.54
20240506152009,82.52
20240506153009,102.68
20240506154009,76.1
20240506155009,98.95
20240506160009,65.73
20240506161009,0
20240506162009,0
20240506163009,0
20240506164009,16.96
20240506165009,41.85
20240526090009,44.14
20240526091009,133.45
20240526092009,115.7
20240526093009,176.28
20240526094009,179.77
20240526095009,222.03
20240526100009,543.95
20240526101009,573.11
20240526102009,571.13
20240526103009,673.38
20240526104009,914.71
20240526105009,840.53
20240526110009,753.4
20240526111009,869.57
20240526112009,926.19
20240526113009,1197.97
20240526114009,1231.19
20240526115009,1291.04
20240526120009,1231.95
20240526121009,1292.29
20240526122009,1143.32
20240526123009,1288.94
20240526124009,1293.58
20240526125009,1352.52
20240526130009,1285.15
20240526131009,1334.92
20240526132009,1153.58
20240526133009,1140.11
20240526134009,1247.9
20240526135009,1151.68
20240526140009,1179.38
20240526141009,1056.57
20240526142009,701.41
20240526143009,707.89
20240526144009,334.2
20240526145009,276.16
20240526150009,104.54
20240526151009,95.66
20240526152009,98.14
20240526153009,104.58
20240526154009,86.81
20240526155009,84.4
20240526160009,52.23
20240526161009,45.38
20240526162009,45.86
20240526163009,43.92
20240526164009,52.61
20240526165009,51.52
20240614090009,16.15
20240614091009,62.88
20240614092009,39.21
20240614093009,197.91
20240614094009,125.7
20240614095009,415.23
20240614100009,450.46
20240614101009,542.77
20240614102009,661.23
20240614103009,658.83
20240614104009,949.5
20240614105009,907.38
20240614110009,1068.67
20240614111009,1034.17
20240614112009,1008.24
20240614113009,909.61
20240614114009,1227.68
20240614115009,973.79
20240614120009,1110.36
20240614121009,1132.29
20240614122009,841.07
20240614123009,711.45
20240614124009,778.56
20240614125009,708.64
20240614130009,463.28
20240614131009,173.51
20240614132009,159.8
20240614133009,146.06
20240614134009,120.72
20240614135009,42.38
20240614140009,19.12
20240614141009,28.2
20240614142009,6.98
20240614143009,17.43
20240614144009,0
20240614145009,13.25
20240614150009,22.45
20240614151009,34.91
20240614152009,255.76
20240614153009,0
20240614154009,0
20240614155009,6.47
20240614160009,17.98
20240614161009,2.47
20240614162009,0
20240614163009,0
20240614164009,0
20240614165009,0
20240621090009,59.92
20240621091009,67.81
20240621092009,65.54
20240621093009,27.79
20240621094009,29.07
20240621095009,23.07
20240621100009,58.81
20240621101009,52.42
20240621102009,9.82
20240621103009,19.62
20240621104009,39.95
20240621105009,56.33
20240621110009,97.65
20240621111009,63.49
20240621112009,68.53
20240621113009,34.1
20240621114009,15.87
20240621115009,81.62
20240621120009,24.83
20240621121009,32.66
20240621122009,39.36
20240621123009,41.65
20240621124009,39.58
20240621125009,22.5
20240621130009,42.56
20240621131009,23.04
20240621132009,16.15
20240621133009,21.02
20240621134009,16.19
20240621135009,45.64
20240621140009,50.83
20240621141009,24.17
20240621142009,15.8
20240621143009,0
20240621144009,0
20240621145009,0
20240621150009,51.43
20240621151009,54.6
20240621152009,13.37
20240621153009,13.68
20240621154009,7.72
20240621155009,24.32
20240621160009,11.63
20240621161009,18.3
20240621162009,7.37
20240621163009,5.81
20240621164009,3.28
20240621165009,5.61
20240628090009,14.41
20240628091009,21.41
20240628092009,38.73
20240628093009,171.58
20240628094009,0
20240628095009,87.11
20240628100009,438.68
20240628101009,344.4
20240628102009,482.29
20240628103009,679.79
20240628104009,788.99
20240628105009,864.56
20240628110009,1087.91
20240628111009,892.14
20240628112009,1001.79
20240628113009,998.53
20240628114009,1126.75
20240628115009,1089.05
20240628120009,1131.04
20240628121009,1121.9
20240628122009,1190.13
20240628123009,884.85
20240628124009,774.93
20240628125009,808.63
20240628130009,755.31
20240628131009,628.21
20240628132009,405.69
20240628133009,173.66
20240628134009,71.22
20240628135009,51.69
20240628140009,23.54
20240628141009,25.12
20240628142009,7.92
20240628143009,3.58
20240628144009,0
20240628145009,0
20240628150009,0
20240628151009,0
20240628152009,0
20240628153009,8.09
20240628154009,7.64
20240628155009,59.16
20240628160009,18.36
20240628161009,41.69
20240628162009,41.43
20240628163009,34.13
20240628164009,36
20240628165009,55.51
20240717090009,0
20240717091009,0
20240717092009,6.5
20240717093009,0.85
20240717094009,4.52
20240717095009,11.1
20240717100009,11.93
20240717101009,61
20240717102009,54.36
20240717103009,50.7
20240717104009,57.6
20240717105009,119.66
20240717110009,182.48
20240717111009,241.39
20240717112009,533.34
20240717113009,267.87
20240717114009,311.74
20240717115009,323.12
20240717120009,441.09
20240717121009,378.58
20240717122009,306.42
20240717123009,329.14
20240717124009,374.7
20240717125009,206.26
20240717130009,155.59
20240717131009,101.76
20240717132009,111.19
20240717133009,63.45
20240717134009,39.74
20240717135009,23.62
20240717140009,11.48
20240717141009,23.73
20240717142009,17.51
20240717143009,0
20240717144009,5.61
20240717145009,7.18
20240717150009,0
20240717151009,0
20240717152009,0
20240717153009,0
20240717154009,0
20240717155009,0
20240717160009,0
20240717161009,2.47
20240717162009,0
20240717163009,0
20240717164009,9.47
20240717165009,13.47
20240316090010,39.67
20240316091010,56.22
20240316092010,102.42
20240316093010,176.16
20240316094010,172.84
20240316095010,192.86
20240316100010,217.67
20240316101010,169.87
20240316102010,89.69
20240316103010,82.85
20240316104010,79.59
20240316105010,37.88
20240316110010,0
20240316111010,64.45
20240316112010,57.04
20240316113010,57.42
20240316114010,60.63
20240316115010,72.76
20240316120010,79.57
20240316121010,58.16
20240316122010,49.28
20240316123010,55.54
20240316124010,51.2
20240316125010,54.29
20240316130010,20.14
20240316131010,20.72
20240316132010,23.93
20240316133010,20.3
20240316134010,29.94
20240316135010,71.33
20240316140010,86
20240316141010,55.56
20240316142010,41.55
20240316143010,35.77
20240316144010,34.37
20240316145010,23.17
20240316150010,19.58
20240316151010,11
20240316152010,10.59
20240316153010,12.14
20240316154010,12.35
20240316155010,10.85
20240316160010,6.74
20240316161010,1.84
20240316162010,2.27
20240316163010,5.42
20240316164010,5.98
20240316165010,7.18
20240324090010,174.65
20240324091010,179.03
20240324092010,226.6
20240324093010,239.74
20240324094010,236.95
20240324095010,568
20240324100010,536.65
20240324101010,450.39
20240324102010,486.41
20240324103010,467.22
20240324104010,436.94
20240324105010,446.58
20240324110010,360.93
20240324111010,390.85
20240324112010,499.42
20240324113010,567.38
20240324114010,453.06
20240324115010,446.26
20240324120010,546.28
20240324121010,504.97
20240324122010,468.57
20240324123010,541.04
20240324124010,526
20240324125010,435.93
20240324130010,479.51
20240324131010,398.12
20240324132010,363.48
20240324133010,290.95
20240324134010,326.69
20240324135010,266.82
20240324140010,310.52
20240324141010,280.07
20240324142010,267.1
20240324143010,252.54
20240324144010,117.58
20240324145010,115.62
20240324150010,71.61
20240324151010,61
20240324152010,49.66
20240324153010,50.98
20240324154010,40.1
20240324155010,25.06
20240324160010,30.69
20240324161010,34.75
20240324162010,23.55
20240324163010,50.23
20240324164010,34.55
20240324165010,24.44
20240412090010,63.84
20240412091010,63.43
20240412092010,60.94
20240412093010,77.57
20240412094010,93.38
20240412095010,126.96
20240412100010,474.29
20240412101010,403.19
20240412102010,437.33
20240412103010,468.72
20240412104010,222.18
20240412105010,508.37
20240412110010,662.51
20240412111010,617.12
20240412112010,644.43
20240412113010,813.86
20240412114010,845.89
20240412115010,798.43
20240412120010,791.42
20240412121010,741.05
20240412122010,720.56
20240412123010,471.58
20240412124010,405.71
20240412125010,385.34
20240412130010,364.79
20240412131010,356.51
20240412132010,223.1
20240412133010,292.43
20240412134010,237.34
20240412135010,126.16
20240412140010,134.26
20240412141010,90.19
20240412142010,40.02
20240412143010,32.69
20240412144010,33.29
20240412145010,43.55
20240412150010,31.69
20240412151010,25.93
20240412152010,23.65
20240412153010,31.7
20240412154010,31.21
20240412155010,23
20240412160010,51.14
20240412161010,24.16
20240412162010,16.77
20240412163010,25.85
20240412164010,9.78
20240412165010,2.83
20240419090010,36.99
20240419091010,40.31
20240419092010,49.98
20240419093010,55.44
20240419094010,59.38
20240419095010,61.59
20240419100010,87.11
20240419101010,82.49
20240419102010,256.5
20240419103010,113.19
20240419104010,112.13
20240419105010,193.35
20240419110010,269.55
20240419111010,325.93
20240419112010,528.12
20240419113010,575.56
20240419114010,622.85
20240419115010,735.69
20240419120010,728.93
20240419121010,729.11
20240419122010,879.93
20240419123010,958.77
20240419124010,915.23
20240419125010,1256.15
20240419130010,1299.88
20240419131010,1213.05
20240419132010,1145.85
20240419133010,1248.21
20240419134010,1303.4
20240419135010,1110.94
20240419140010,1187.89
20240419141010,774.69
20240419142010,656.1
20240419143010,182.87
20240419144010,112.68
20240419145010,83.01
20240419150010,87.12
20240419151010,82.61
20240419152010,71.21
20240419153010,61.13
20240419154010,60.81
20240419155010,116.3
20240419160010,72
20240419161010,73.79
20240419162010,44.82
20240419163010,55.04
20240419164010,42.4
20240419165010,25.69
20240515090010,68.38
20240515091010,69.01
20240515092010,39.95
20240515093010,78.46
20240515094010,91.83
20240515095010,102.97
20240515100010,86.64
20240515101010,102.18
20240515102010,101.73
20240515103010,125.48
20240515104010,99.22
20240515105010,164.61
20240515110010,257.48
20240515111010,270.34
20240515112010,562.38
20240515113010,503.98
20240515114010,929.37
20240515115010,673.65
20240515120010,530.89
20240515121010,453.58
20240515122010,522.07
20240515123010,563.58
20240515124010,331.07
20240515125010,166.57
20240515130010,244.11
20240515131010,240.35
20240515132010,264.62
20240515133010,272.49
20240515134010,319.19
20240515135010,274.47
20240515140010,274.04
20240515141010,347.22
20240515142010,630.3
20240515143010,496.69
20240515144010,474.66
20240515145010,421.16
20240515150010,0
20240515151010,0
20240515152010,0
20240515153010,0
20240515154010,0
20240515155010,47.87
20240515160010,16.51
20240515161010,35.02
20240515162010,72.59
20240515163010,72.1
20240515164010,25.02
20240515165010,0
20240526090010,123.62
20240526091010,160.32
20240526092010,204.03
20240526093010,152.69
20240526094010,117.66
20240526095010,207.53
20240526100010,269.59
20240526101010,310.05
20240526102010,278.47
20240526103010,392.98
20240526104010,567.38
20240526105010,717.66
20240526110010,716.39
20240526111010,1054.98
20240526112010,1064.26
20240526113010,1107.84
20240526114010,1197.18
20240526115010,1254.7
20240526120010,1328.86
20240526121010,1331.16
20240526122010,1283.95
20240526123010,1283.45
20240526124010,1329.17
20240526125010,1277.02
20240526130010,1342.99
20240526131010,1339.12
20240526132010,1253.23
20240526133010,1172.83
20240526134010,1129.15
20240526135010,1095.92
20240526140010,859.83
20240526141010,937.15
20240526142010,569.05
20240526143010,490.56
20240526144010,457.75
20240526145010,341.24
20240526150010,123.72
20240526151010,35.84
20240526152010,84.84
20240526153010,76.23
20240526154010,19.53
20240526155010,2.53
20240526160010,44.82
20240526161010,14.4
20240526162010,14.09
20240526163010,5.45
20240526164010,0
20240526165010,0
20240617090010,5.99
20240617091010,33.24
20240617092010,122.48
20240617093010,144.97
20240617094010,166.38
20240617095010,250.06
20240617100010,394.06
20240617101010,671.64
20240617102010,831.57
20240617103010,883.96
20240617104010,1006.38
20240617105010,1062.58
20240617110010,1146.34
20240617111010,1139.35
20240617112010,1160.91
20240617113010,1160.07
20240617114010,1126.97
20240617115010,1305.16
20240617120010,1275.11
20240617121010,1264.57
20240617122010,1287.93
20240617123010,1299.16
20240617124010,1289.71
20240617125010,1351.9
20240617130010,1409.91
20240617131010,1242.2
20240617132010,1169.76
20240617133010,1082.95
20240617134010,1193.73
20240617135010,1113.81
20240617140010,1202.57
20240617141010,1192.42
20240617142010,1073.63
20240617143010,940.91
20240617144010,719.73
20240617145010,1010.3
20240617150010,878.59
20240617151010,374.59
20240617152010,134.78
20240617153010,101.64
20240617154010,69.13
20240617155010,71.68
20240617160010,4.17
20240617161010,55.08
20240617162010,71.14
20240617163010,55.17
20240617164010,61.85
20240617165010,52.9
20240630090010,91.73
20240630091010,83.03
20240630092010,200.33
20240630093010,268.8
20240630094010,323.67
20240630095010,538.91
20240630100010,499.2
20240630101010,715.35
20240630102010,838.09
20240630103010,1087.21
20240630104010,778.6
20240630105010,1088.07
20240630110010,1255.86
20240630111010,1198.93
20240630112010,1156.32
20240630113010,1168.11
20240630114010,1193.22
20240630115010,1379.32
20240630120010,1221.23
20240630121010,1200.38
20240630122010,1174.29
20240630123010,1221.92
20240630124010,1221.62
20240630125010,1147.06
20240630130010,1103.49
20240630131010,1206.53
20240630132010,1150.47
20240630133010,1223.58
20240630134010,841.28
20240630135010,1068.25
20240630140010,857.19
20240630141010,629.02
20240630142010,446.31
20240630143010,488.81
20240630144010,398.36
20240630145010,326.8
20240630150010,305.35
20240630151010,148.98
20240630152010,56.86
20240630153010,97.27
20240630154010,41.03
20240630155010,19.36
20240630160010,25.26
20240630161010,28.39
20240630162010,17.78
20240630163010,9.25
20240630164010,6.46
20240630165010,0
20240714090010,131.75
20240714091010,105.7
20240714092010,174.08
20240714093010,245.63
20240714094010,338.7
20240714095010,407.79
20240714100010,664.47
20240714101010,768.03
20240714102010,797.94
20240714103010,1058.26
20240714104010,1132.47
20240714105010,1056.45
20240714110010,1157.24
20240714111010,1117.13
20240714112010,1125.92
20240714113010,1160.99
20240714114010,1146.88
20240714115010,936.59
20240714120010,1075.01
20240714121010,1192.86
20240714122010,1336.88
20240714123010,1446.7
20240714124010,1417.55
20240714125010,1338.96
20240714130010,1290.67
20240714131010,1459.45
20240714132010,1534.01
20240714133010,1613.79
20240714134010,1485.88
20240714135010,1436.87
20240714140010,1375.41
20240714141010,1492.19
20240714142010,1115.13
20240714143010,970.93
20240714144010,1280.81
20240714145010,646.49
20240714150010,769.79
20240714151010,484.05
20240714152010,375.61
20240714153010,350.62
20240714154010,76.01
20240714155010,41.51
20240714160010,75.58
20240714161010,31.85
20240714162010,59.29
20240714163010,69.05
20240714164010,90.4
20240714165010,90.43
20240718090010,61.86
20240718091010,86.18
20240718092010,88.07
20240718093010,132.25
20240718094010,61.22
20240718095010,197.72
20240718100010,375.72
20240718101010,560.95
20240718102010,792.41
20240718103010,1095.12
20240718104010,1234.8
20240718105010,1360.35
20240718110010,1366.89
20240718111010,1548.36
20240718112010,1568
20240718113010,1607.45
20240718114010,1191.93
20240718115010,1036.69
20240718120010,1110.47
20240718121010,1199
20240718122010,1172.68
20240718123010,1252.2
20240718124010,1510.94
20240718125010,1557.01
20240718130010,1582.36
20240718131010,1286.13
20240718132010,1322.17
20240718133010,1351.92
20240718134010,1321.7
20240718135010,1191.18
20240718140010,1099.63
20240718141010,1114.78
20240718142010,1041.59
20240718143010,1083.48
20240718144010,1229.8
20240718145010,810.06
20240718150010,664.03
20240718151010,476.5
20240718152010,173.99
20240718153010,106.43
20240718154010,128.08
20240718155010,65.88
20240718160010,165.57
20240718161010,39.71
20240718162010,74.67
20240718163010,97.72
20240718164010,42.62
20240718165010,21.32
20240720090010,0
20240720091010,0
20240720092010,0
20240720093010,53.14
20240720094010,122.94
20240720095010,281.46
20240720100010,287.02
20240720101010,350.77
20240720102010,518.72
20240720103010,614.94
20240720104010,726.77
20240720105010,696.71
20240720110010,922.43
20240720111010,1115.53
20240720112010,1262.99
20240720113010,1184.56
20240720114010,1278.01
20240720115010,1229.12
20240720120010,1365.09
20240720121010,1313.12
20240720122010,1379.63
20240720123010,1418.11
20240720124010,1425.57
20240720125010,1268.4
20240720130010,1343.64
20240720131010,1455.35
20240720132010,1195.13
20240720133010,1253.79
20240720134010,1088.9
20240720135010,1032.68
20240720140010,732.26
20240720141010,936.78
20240720142010,645.54
20240720143010,606.72
20240720144010,585.65
20240720145010,386.09
20240720150010,365.43
20240720151010,405.04
20240720152010,230.64
20240720153010,87.89
20240720154010,9.63
20240720155010,35.29
20240720160010,58.55
20240720161010,43.22
20240720162010,22.18
20240720163010,50.75
20240720164010,22.48
20240720165010,46.13
20240322090011,53.26
20240322091011,15.23
20240322092011,72.1
20240322093011,94.94
20240322094011,140.87
20240322095011,221.62
20240322100011,410.14
20240322101011,257.29
20240322102011,327.46
20240322103011,520.43
20240322104011,922.13
20240322105011,960.31
20240322110011,1033.35
20240322111011,1232.81
20240322112011,1154.38
20240322113011,1274.35
20240322114011,1217.47
20240322115011,1256.8
20240322120011,1511.43
20240322121011,1556.39
20240322122011,1532.82
20240322123011,1554.4
20240322124011,1544.37
20240322125011,1479.47
20240322130011,1453.99
20240322131011,1566.73
20240322132011,1565.24
20240322133011,1511.37
20240322134011,1480.23
20240322135011,1398.63
20240322140011,1444.48
20240322141011,1465.7
20240322142011,1478.8
20240322143011,1433.69
20240322144011,1360.18
20240322145011,1212.16
20240322150011,937.66
20240322151011,778.27
20240322152011,454.31
20240322153011,130.82
20240322154011,522.93
20240322155011,112.58
20240322160011,109.99
20240322161011,87.9
20240322162011,151.75
20240322163011,171.9
20240322164011,161.97
20240322165011,116.32
20240327090011,24.95
20240327091011,33.88
20240327092011,61.82
20240327093011,15.76
20240327094011,36.15
20240327095011,99.42
20240327100011,9.76
20240327101011,248.87
20240327102011,545.78
20240327103011,655.46
20240327104011,914.21
20240327105011,972.93
20240327110011,1317.74
20240327111011,1449.66
20240327112011,1443.77
20240327113011,1474.2
20240327114011,1494.57
20240327115011,1049.31
20240327120011,1222.79
20240327121011,1103.22
20240327122011,1360.16
20240327123011,1229.43
20240327124011,686.61
20240327125011,715.55
20240327130011,889.29
20240327131011,757.46
20240327132011,660.72
20240327133011,703.77
20240327134011,665.47
20240327135011,748.65
20240327140011,627.48
20240327141011,523.89
20240327142011,540.57
20240327143011,300.53
20240327144011,383.05
20240327145011,349.88
20240327150011,369.3
20240327151011,287.84
20240327152011,30.96
20240327153011,28.54
20240327154011,12.69
20240327155011,0
20240327160011,0
20240327161011,0
20240327162011,0
20240327163011,0
20240327164011,1.59
20240327165011,1.09
20240413090011,31.45
20240413091011,54.3
20240413092011,41.05
20240413093011,19.88
20240413094011,45.33
20240413095011,99.91
20240413100011,23.4
20240413101011,154.45
20240413102011,208.43
20240413103011,358.52
20240413104011,638.01
20240413105011,990.36
20240413110011,1198.44
20240413111011,1376.34
20240413112011,1513.28
20240413113011,1512.52
20240413114011,1565.1
20240413115011,1533.47
20240413120011,1562.29
20240413121011,1583.1
20240413122011,1598.84
20240413123011,1595.19
20240413124011,1565.15
20240413125011,1507.69
20240413130011,1526.3
20240413131011,1384.6
20240413132011,1379.81
20240413133011,1431.08
20240413134011,1451.07
20240413135011,1275.79
20240413140011,1314.14
20240413141011,1319.3
20240413142011,1222.68
20240413143011,904.4
20240413144011,800.72
20240413145011,626.88
20240413150011,380.45
20240413151011,266.99
20240413152011,72.03
20240413153011,59.69
20240413154011,0
20240413155011,23.54
20240413160011,0
20240413161011,0
20240413162011,0
20240413163011,0
20240413164011,0
20240413165011,0
20240426090011,86.67
20240426091011,63.21
20240426092011,50.14
20240426093011,48.22
20240426094011,62.95
20240426095011,63.47
20240426100011,35.94
20240426101011,52.95
20240426102011,53.19
20240426103011,120.66
20240426104011,114.86
20240426105011,127.45
20240426110011,219.8
20240426111011,296.67
20240426112011,358.49
20240426113011,350.71
20240426114011,330.09
20240426115011,416.92
20240426120011,606.16
20240426121011,384.67
20240426122011,423.19
20240426123011,245.35
20240426124011,170.99
20240426125011,265.82
20240426130011,240.09
20240426131011,224.71
20240426132011,129.28
20240426133011,210.96
20240426134011,216.34
20240426135011,190.93
20240426140011,151.25
20240426141011,149.97
20240426142011,98.3
20240426143011,72.25
20240426144011,0
20240426145011,47.64
20240426150011,50.27
20240426151011,45.95
20240426152011,1.93
20240426153011,35.17
20240426154011,27.81
20240426155011,20.62
20240426160011,21.36
20240426161011,30.69
20240426162011,29.6
20240426163011,22.16
20240426164011,19.95
20240426165011,0.15
20240606090011,14.25
20240606091011,0
20240606092011,21.37
20240606093011,81.82
20240606094011,178.46
20240606095011,277.45
20240606100011,373.87
20240606101011,493.84
20240606102011,579.72
20240606103011,707.79
20240606104011,725.61
20240606105011,803.1
20240606110011,1065.86
20240606111011,1136.58
20240606112011,1108.37
20240606113011,1104.71
20240606114011,947.16
20240606115011,954.58
20240606120011,999.28
20240606121011,730.13
20240606122011,637.73
20240606123011,1016.54
20240606124011,939.02
20240606125011,842.57
20240606130011,629.69
20240606131011,372.67
20240606132011,381.39
20240606133011,522.32
20240606134011,371.31
20240606135011,294.02
20240606140011,148.7
20240606141011,60.63
20240606142011,69.92
20240606143011,19.66
20240606144011,51.74
20240606145011,26.07
20240606150011,23.57
20240606151011,0.73
20240606152011,0
20240606153011,0
20240606154011,11.77
20240606155011,43.1
20240606160011,2.47
20240606161011,20.84
20240606162011,48.48
20240606163011,29.87
20240606164011,0
20240606165011,11.73
20240712090011,0
20240712091011,0
20240712092011,0
20240712093011,0
20240712094011,21.07
20240712095011,10.72
20240712100011,65.43
20240712101011,44.98
20240712102011,42.31
20240712103011,26.7
20240712104011,23.3
20240712105011,12.66
20240712110011,10.83
20240712111011,23.33
20240712112011,0
20240712113011,1.64
20240712114011,10.17
20240712115011,7.16
20240712120011,3.05
20240712121011,0
20240712122011,0
20240712123011,0
20240712124011,0
20240712125011,32.85
20240712130011,44.09
20240712131011,23.96
20240712132011,0
20240712133011,0
20240712134011,0
20240712135011,0
20240712140011,0
20240712141011,0
20240712142011,0
20240712143011,0
20240712144011,0
20240712145011,0
20240712150011,4.52
20240712151011,0
20240712152011,0
20240712153011,0
20240712154011,0
20240712155011,0
20240712160011,0
20240712161011,0
20240712162011,0
20240712163011,0
20240712164011,0
20240712165011,0
20240315090012,48.99
20240315091012,90.94
20240315092012,51.81
20240315093012,131.6
20240315094012,166.82
20240315095012,149.16
20240315100012,442.4
20240315101012,842.55
20240315102012,1165.52
20240315103012,1294.52
20240315104012,1303
20240315105012,1127.04
20240315110012,1421.76
20240315111012,1572.46
20240315112012,1525.22
20240315113012,1289.24
20240315114012,1547.47
20240315115012,1348.33
20240315120012,1209.89
20240315121012,1197.48
20240315122012,1096.36
20240315123012,1105.68
20240315124012,1287.46
20240315125012,770.91
20240315130012,564.01
20240315131012,743.84
20240315132012,314.51
20240315133012,192.28
20240315134012,401.59
20240315135012,380.82
20240315140012,106.21
20240315141012,73.28
20240315142012,69.9
20240315143012,18.32
20240315144012,24.43
20240315145012,16.59
20240315150012,7.25
20240315151012,13.57
20240315152012,7.46
20240315153012,4.5
20240315154012,0
20240315155012,0
20240315160012,0.9
20240315161012,0
20240315162012,0
20240315163012,0
20240315164012,0
20240315165012,0
20240317090012,30.89
20240317091012,74.93
20240317092012,80.21
20240317093012,116.69
20240317094012,122.57
20240317095012,215.36
20240317100012,275.67
20240317101012,820.41
20240317102012,1203.53
20240317103012,1225.75
20240317104012,1198.74
20240317105012,1161.91
20240317110012,1239.32
20240317111012,954.73
20240317112012,907.25
20240317113012,1371.29
20240317114012,1366.09
20240317115012,1449.72
20240317120012,1449.54
20240317121012,1346.71
20240317122012,1041.55
20240317123012,886.93
20240317124012,1089.62
20240317125012,1418.9
20240317130012,1522.34
20240317131012,1431.16
20240317132012,1288.35
20240317133012,1229.2
20240317134012,1130.17
20240317135012,1056.39
20240317140012,924.98
20240317141012,509.1
20240317142012,257.78
20240317143012,94.14
20240317144012,65.98
20240317145012,91.96
20240317150012,56.56
20240317151012,12.42
20240317152012,12.73
20240317153012,5.14
20240317154012,8.5
20240317155012,23.2
20240317160012,0.62
20240317161012,2.63
20240317162012,4.92
20240317163012,3.56
20240317164012,9.75
20240317165012,8.17
20240412090012,47.63
20240412091012,65.65
20240412092012,96.84
20240412093012,321.14
20240412094012,55.07
20240412095012,389.79
20240412100012,348.32
20240412101012,329.26
20240412102012,367.76
20240412103012,390.56
20240412104012,582.46
20240412105012,640.74
20240412110012,682.78
20240412111012,588.82
20240412112012,287.68
20240412113012,324.15
20240412114012,347.82
20240412115012,849.53
20240412120012,544.5
20240412121012,447.16
20240412122012,388.8
20240412123012,73.78
20240412124012,40.61
20240412125012,154.19
20240412130012,77.99
20240412131012,102.18
20240412132012,123.66
20240412133012,133.03
20240412134012,97.95
20240412135012,98.78
20240412140012,77.99
20240412141012,65.45
20240412142012,43.28
20240412143012,43.4
20240412144012,42.42
20240412145012,33.04
20240412150012,26
20240412151012,0
20240412152012,18.21
20240412153012,12.55
20240412154012,0
20240412155012,0
20240412160012,0
20240412161012,0
20240412162012,0
20240412163012,0
20240412164012,0
20240412165012,0.65
20240426090012,0
20240426091012,0
20240426092012,0
20240426093012,0
20240426094012,0
20240426095012,0
20240426100012,0
20240426101012,43.26
20240426102012,67.5
20240426103012,44.45
20240426104012,133.8
20240426105012,169.22
20240426110012,179.62
20240426111012,165.23
20240426112012,194.36
20240426113012,176.44
20240426114012,114.95
20240426115012,119.97
20240426120012,137.1
20240426121012,126.26
20240426122012,90.76
20240426123012,82.64
20240426124012,60.39
20240426125012,71.27
20240426130012,76.32
20240426131012,38.75
20240426132012,34.92
20240426133012,62.61
20240426134012,29.12
20240426135012,59.43
20240426140012,47.1
20240426141012,44.35
20240426142012,0
20240426143012,0
20240426144012,0
20240426145012,0
20240426150012,0
20240426151012,0
20240426152012,0
20240426153012,0
20240426154012,0
20240426155012,0
20240426160012,0
20240426161012,0
20240426162012,0
20240426163012,0
20240426164012,0
20240426165012,0
20240521090012,0
20240521091012,0
20240521092012,0
20240521093012,0
20240521094012,0
20240521095012,0
20240521100012,0
20240521101012,0
20240521102012,0
20240521103012,0
20240521104012,0
20240521105012,0
20240521110012,0
20240521111012,0
20240521112012,0
20240521113012,0
20240521114012,0
20240521115012,0
20240521120012,0
20240521121012,0
20240521122012,0
20240521123012,0
20240521124012,0
20240521125012,0
20240521130012,0
20240521131012,0
20240521132012,0
20240521133012,0
20240521134012,0
20240521135012,0
20240521140012,13.43
20240521141012,21.59
20240521142012,22.76
20240521143012,33.69
20240521144012,262.92
20240521145012,135.04
20240521150012,8.45
20240521151012,11.78
20240521152012,5.3
20240521153012,0
20240521154012,0
20240521155012,0
20240521160012,0
20240521161012,3.51
20240521162012,0
20240521163012,0
20240521164012,0
20240521165012,0
20240619090012,63.37
20240619091012,117
20240619092012,127.67
20240619093012,137.82
20240619094012,138.6
20240619095012,192.91
20240619100012,219.25
20240619101012,423.44
20240619102012,542.61
20240619103012,682.33
20240619104012,731.38
20240619105012,850.09
20240619110012,998.5
20240619111012,1198.82
20240619112012,1089.82
20240619113012,997.3
20240619114012,1022.61
20240619115012,927.3
20240619120012,868.24
20240619121012,844.52
20240619122012,767.05
20240619123012,818.47
20240619124012,718.62
20240619125012,824.57
20240619130012,774.96
20240619131012,547.65
20240619132012,561.67
20240619133012,488.4
20240619134012,309.12
20240619135012,364.59
20240619140012,334.69
20240619141012,187.27
20240619142012,122.44
20240619143012,77.01
20240619144012,57.58
20240619145012,39.7
20240619150012,58.54
20240619151012,68.97
20240619152012,88.53
20240619153012,54.52
20240619154012,68.38
20240619155012,37.98
20240619160012,44.88
20240619161012,30.7
20240619162012,48.49
20240619163012,50.33
20240619164012,36.68
20240619165012,34.77
20240621090012,224.58
20240621091012,223.46
20240621092012,245.47
20240621093012,388.99
20240621094012,619.75
20240621095012,729.9
20240621100012,732.67
20240621101012,898.47
20240621102012,934.68
20240621103012,989.81
20240621104012,1239.79
20240621105012,1271.35
20240621110012,1360.93
20240621111012,1359.29
20240621112012,1328.38
20240621113012,1063.11
20240621114012,1306.58
20240621115012,1260.19
20240621120012,932.57
20240621121012,884.21
20240621122012,912.69
20240621123012,1202.99
20240621124012,974.83
20240621125012,1101.92
20240621130012,1013.78
20240621131012,1018.35
20240621132012,936.09
20240621133012,969.08
20240621134012,810.11
20240621135012,1049.62
20240621140012,653.21
20240621141012,805.97
20240621142012,897.98
20240621143012,850.23
20240621144012,384.47
20240621145012,241.33
20240621150012,127.24
20240621151012,38.65
20240621152012,0.03
20240621153012,20.65
20240621154012,23.05
20240621155012,19.77
20240621160012,0
20240621161012,2.59
20240621162012,0
20240621163012,3.19
20240621164012,14.95
20240621165012,23.85
20240705090012,52.5
20240705091012,68.13
20240705092012,112.89
20240705093012,185.09
20240705094012,166.51
20240705095012,179.78
20240705100012,203.36
20240705101012,165.86
20240705102012,82.49
20240705103012,78.75
20240705104012,81.86
20240705105012,46.01
20240705110012,0
20240705111012,54.36
20240705112012,56.36
20240705113012,79.42
20240705114012,82.29
20240705115012,90.9
20240705120012,101.29
20240705121012,80.62
20240705122012,73.09
20240705123012,79.13
20240705124012,73.17
20240705125012,71.65
20240705130012,38.85
20240705131012,36.28
20240705132012,24.97
20240705133012,18.72
20240705134012,34.21
20240705135012,62.84
20240705140012,77.64
20240705141012,58.23
20240705142012,45.89
20240705143012,40.06
20240705144012,38.51
20240705145012,28.6
20240705150012,23.63
20240705151012,14.65
20240705152012,13.45
20240705153012,15.09
20240705154012,14.88
20240705155012,14.33
20240705160012,9.59
20240705161012,6.04
20240705162012,5.24
20240705163012,8.39
20240705164012,8.65
20240705165012,11.01
20240713090012,39.36
20240713091012,55.2
20240713092012,18.46
20240713093012,37.19
20240713094012,0
20240713095012,0
20240713100012,0
20240713101012,0
20240713102012,25.29
20240713103012,51.71
20240713104012,45.84
20240713105012,77.04
20240713110012,110.84
20240713111012,152.1
20240713112012,154.25
20240713113012,57.06
20240713114012,46.63
20240713115012,81.59
20240713120012,189.35
20240713121012,220.21
20240713122012,252.05
20240713123012,333.48
20240713124012,356.43
20240713125012,448.12
20240713130012,479.11
20240713131012,473.85
20240713132012,570.88
20240713133012,224.45
20240713134012,57.66
20240713135012,179.34
20240713140012,250.04
20240713141012,301.4
20240713142012,211.18
20240713143012,127.13
20240713144012,143.75
20240713145012,103.63
20240713150012,87.43
20240713151012,76.06
20240713152012,96.18
20240713153012,83.92
20240713154012,68.74
20240713155012,58.63
20240713160012,92.54
20240713161012,81.54
20240713162012,64.7
20240713163012,73.9
20240713164012,71.76
20240713165012,76.63
20240214090013,68.57
20240214091013,105.44
20240214092013,88.66
20240214093013,173.16
20240214094013,390.03
20240214095013,669.69
20240214100013,671.99
20240214101013,734.37
20240214102013,1013.48
20240214103013,1055.58
20240214104013,1102.17
20240214105013,1042.71
20240214110013,1309.42
20240214111013,1288.49
20240214112013,1303.66
20240214113013,1146.9
20240214114013,1065.58
20240214115013,1054.62
20240214120013,1066.62
20240214121013,923.96
20240214122013,838.44
20240214123013,861.13
20240214124013,854
20240214125013,967.82
20240214130013,1111.36
20240214131013,1001.94
20240214132013,865.37
20240214133013,913.14
20240214134013,825.33
20240214135013,821.56
20240214140013,750.61
20240214141013,599.42
20240214142013,594.37
20240214143013,688.6
20240214144013,651.15
20240214145013,518.83
20240214150013,487.1
20240214151013,185.31
20240214152013,146.98
20240214153013,109.36
20240214154013,104.5
20240214155013,93.23
20240214160013,82.87
20240214161013,39.18
20240214162013,34.99
20240214163013,48.67
20240214164013,37.98
20240214165013,40.13
20240221090013,148.92
20240221091013,196.59
20240221092013,235.83
20240221093013,187
20240221094013,149.28
20240221095013,242.53
20240221100013,306.46
20240221101013,345.05
20240221102013,316.67
20240221103013,423.66
20240221104013,568.91
20240221105013,712.13
20240221110013,714.37
20240221111013,1053.9
20240221112013,1062.31
20240221113013,1117.65
20240221114013,1207
20240221115013,1227.12
20240221120013,1292.97
20240221121013,1294.81
20240221122013,1246.8
20240221123013,1270.64
20240221124013,1310.24
20240221125013,1242.13
20240221130013,1314.41
20240221131013,1319.46
20240221132013,1224.28
20240221133013,1151.7
20240221134013,1100.61
20240221135013,1078.47
20240221140013,841.61
20240221141013,898.16
20240221142013,570.33
20240221143013,484.8
20240221144013,461.74
20240221145013,330.59
20240221150013,136.17
20240221151013,52.28
20240221152013,105.15
20240221153013,92.16
20240221154013,17.98
20240221155013,0
20240221160013,44.98
20240221161013,8.78
20240221162013,9.14
20240221163013,0.45
20240221164013,0
20240221165013,0
20240314090013,133.86
20240314091013,90.8
20240314092013,160.48
20240314093013,199.54
20240314094013,191.3
20240314095013,257.59
20240314100013,501.38
20240314101013,559.07
20240314102013,619.53
20240314103013,663.83
20240314104013,920.98
20240314105013,904.92
20240314110013,1268.44
20240314111013,1292.34
20240314112013,1279.12
20240314113013,1124.71
20240314114013,1314.66
20240314115013,1246.12
20240314120013,1249.01
20240314121013,1221.63
20240314122013,1178.35
20240314123013,1225.36
20240314124013,1265.96
20240314125013,1365.03
20240314130013,1392.33
20240314131013,1440.19
20240314132013,1357.86
20240314133013,1286.78
20240314134013,1261.84
20240314135013,690.61
20240314140013,939.12
20240314141013,988.69
20240314142013,1078.67
20240314143013,1368.39
20240314144013,1187.02
20240314145013,990.89
20240314150013,1348.6
20240314151013,1022.86
20240314152013,609.54
20240314153013,296.13
20240314154013,117.16
20240314155013,41.95
20240314160013,112.88
20240314161013,114.69
20240314162013,100.33
20240314163013,114.96
20240314164013,90.79
20240314165013,99.31
20240316090013,134.15
20240316091013,101.33
20240316092013,84.59
20240316093013,86.77
20240316094013,83.99
20240316095013,72.44
20240316100013,63.28
20240316101013,79.52
20240316102013,62.33
20240316103013,105.61
20240316104013,103.45
20240316105013,135.96
20240316110013,228.12
20240316111013,252.46
20240316112013,327.03
20240316113013,315.21
20240316114013,299.6
20240316115013,378.3
20240316120013,591.43
20240316121013,339.94
20240316122013,389.33
20240316123013,221.6
20240316124013,151.77
20240316125013,251.17
20240316130013,220.12
20240316131013,242.32
20240316132013,129.65
20240316133013,199.01
20240316134013,212.04
20240316135013,174.22
20240316140013,130.36
20240316141013,149.89
20240316142013,88.41
20240316143013,75.41
20240316144013,0
20240316145013,62.87
20240316150013,69.22
20240316151013,49.57
20240316152013,3.4
20240316153013,37.32
20240316154013,29.86
20240316155013,21.29
20240316160013,23.37
20240316161013,32.7
20240316162013,31.64
20240316163013,18.38
20240316164013,15.88
20240316165013,1.72
20240328090013,34.42
20240328091013,16.03
20240328092013,36.78
20240328093013,89.11
20240328094013,199.18
20240328095013,300.9
20240328100013,404.18
20240328101013,523.46
20240328102013,589.2
20240328103013,723.16
20240328104013,726.79
20240328105013,840.09
20240328110013,1082.45
20240328111013,1131.23
20240328112013,1144.45
20240328113013,1080.26
20240328114013,937.83
20240328115013,952.32
20240328120013,993.96
20240328121013,736.89
20240328122013,643.94
20240328123013,1015.76
20240328124013,957.07
20240328125013,847.02
20240328130013,629.78
20240328131013,369.38
20240328132013,371.71
20240328133013,545.44
20240328134013,370.35
20240328135013,296.31
20240328140013,149.69
20240328141013,65.46
20240328142013,71.65
20240328143013,20.17
20240328144013,50.36
20240328145013,27.5
20240328150013,27.02
20240328151013,9.11
20240328152013,0
20240328153013,0
20240328154013,19.47
20240328155013,45.87
20240328160013,6.51
20240328161013,23.66
20240328162013,51.3
20240328163013,33.91
20240328164013,0
20240328165013,17.4
20240412090013,0
20240412091013,0
20240412092013,0
20240412093013,0
20240412094013,0
20240412095013,0
20240412100013,0
20240412101013,0
20240412102013,0
20240412103013,0
20240412104013,0
20240412105013,0
20240412110013,0
20240412111013,0
20240412112013,0
20240412113013,0
20240412114013,0
20240412115013,0
20240412120013,0
20240412121013,0
20240412122013,0
20240412123013,0
20240412124013,0
20240412125013,0
20240412130013,0
20240412131013,0
20240412132013,0
20240412133013,0
20240412134013,0
20240412135013,0
20240412140013,0
20240412141013,0
20240412142013,0
20240412143013,0
20240412144013,0
20240412145013,0
20240412150013,0
20240412151013,0
20240412152013,0
20240412153013,0
20240412154013,0
20240412155013,0
20240412160013,0
20240412161013,0
20240412162013,0
20240412163013,0
20240412164013,0
20240412165013,0
20240619090013,0
20240619091013,0
20240619092013,0
20240619093013,0
20240619094013,0
20240619095013,0
20240619100013,0
20240619101013,0
20240619102013,0
20240619103013,0
20240619104013,0
20240619105013,0
20240619110013,0
20240619111013,0
20240619112013,0
20240619113013,0
20240619114013,0
20240619115013,0
20240619120013,0
20240619121013,0
20240619122013,0
20240619123013,0
20240619124013,0
20240619125013,0
20240619130013,0
20240619131013,0
20240619132013,0
20240619133013,0
20240619134013,37.93
20240619135013,62.28
20240619140013,0
20240619141013,17.54
20240619142013,0
20240619143013,0
20240619144013,0
20240619145013,41.67
20240619150013,0
20240619151013,0
20240619152013,0
20240619153013,0
20240619154013,0
20240619155013,4.49
20240619160013,24.19
20240619161013,17.9
20240619162013,0
20240619163013,0
20240619164013,1.93
20240619165013,0
20240225090014,0
20240225091014,1.78
20240225092014,39.35
20240225093014,4.02
20240225094014,0
20240225095014,0
20240225100014,5.39
20240225101014,0
20240225102014,86.71
20240225103014,72.68
20240225104014,280.7
20240225105014,645.68
20240225110014,905.05
20240225111014,953.62
20240225112014,950.92
20240225113014,1024.14
20240225114014,996.04
20240225115014,897.02
20240225120014,923.5
20240225121014,1013.55
20240225122014,744.33
20240225123014,1077.72
20240225124014,741.76
20240225125014,685.1
20240225130014,711.32
20240225131014,809.5
20240225132014,1166.54
20240225133014,1109.85
20240225134014,802.67
20240225135014,632.9
20240225140014,580.69
20240225141014,438.88
20240225142014,288.36
20240225143014,220.54
20240225144014,10.69
20240225145014,0
20240225150014,0
20240225151014,14.58
20240225152014,0
20240225153014,0
20240225154014,0
20240225155014,0
20240225160014,0
20240225161014,0
20240225162014,0
20240225163014,0
20240225164014,0
20240225165014,0
20240227090014,40.78
20240227091014,44.73
20240227092014,69.98
20240227093014,48.83
20240227094014,79.56
20240227095014,61.78
20240227100014,116.13
20240227101014,225.67
20240227102014,415.69
20240227103014,599.86
20240227104014,908.16
20240227105014,1003.63
20240227110014,1159.86
20240227111014,1113.47
20240227112014,1275.79
20240227113014,1292.72
20240227114014,948.27
20240227115014,938.87
20240227120014,1291.26
20240227121014,1325.45
20240227122014,1301.64
20240227123014,1286.8
20240227124014,1258.77
20240227125014,1273.34
20240227130014,992.92
20240227131014,889.95
20240227132014,853.96
20240227133014,879.63
20240227134014,888.29
20240227135014,1020.46
20240227140014,937.53
20240227141014,632.33
20240227142014,526.28
20240227143014,393.23
20240227144014,372.47
20240227145014,284.3
20240227150014,220.91
20240227151014,73.84
20240227152014,58.34
20240227153014,52.58
20240227154014,68.74
20240227155014,49.42
20240227160014,51.46
20240227161014,59.77
20240227162014,53.71
20240227163014,34.43
20240227164014,19.41
20240227165014,22.05
20240327090014,28.47
20240327091014,43.75
20240327092014,31.17
20240327093014,53.11
20240327094014,32.59
20240327095014,68.69
20240327100014,233.1
20240327101014,409.24
20240327102014,465.33
20240327103014,640.22
20240327104014,778.96
20240327105014,893.88
20240327110014,1003.95
20240327111014,1032.54
20240327112014,1125.65
20240327113014,1235.11
20240327114014,1330.2
20240327115014,1340.95
20240327120014,1273.22
20240327121014,1334.4
20240327122014,1339.02
20240327123014,1165.64
20240327124014,1037.87
20240327125014,859.91
20240327130014,831.39
20240327131014,735.05
20240327132014,607.17
20240327133014,267.67
20240327134014,144.19
20240327135014,111.32
20240327140014,103.44
20240327141014,71.33
20240327142014,68.43
20240327143014,37.98
20240327144014,35.17
20240327145014,61.33
20240327150014,50.38
20240327151014,49.44
20240327152014,48.23
20240327153014,38.77
20240327154014,38.92
20240327155014,36.32
20240327160014,32.49
20240327161014,22.7
20240327162014,33.5
20240327163014,33.28
20240327164014,29.96
20240327165014,19.97
20240417090014,32.89
20240417091014,43.5
20240417092014,59.7
20240417093014,78.54
20240417094014,95.92
20240417095014,101.16
20240417100014,96.59
20240417101014,36.12
20240417102014,69.04
20240417103014,61.9
20240417104014,99.71
20240417105014,104.8
20240417110014,100.79
20240417111014,96.3
20240417112014,66.47
20240417113014,62.5
20240417114014,28.87
20240417115014,51.89
20240417120014,32.89
20240417121014,126.79
20240417122014,68.79
20240417123014,50.43
20240417124014,75.22
20240417125014,108.39
20240417130014,75.47
20240417131014,26.54
20240417132014,25.62
20240417133014,22.39
20240417134014,17.63
20240417135014,34.08
20240417140014,37.38
20240417141014,39.81
20240417142014,17.68
20240417143014,8.73
20240417144014,7.1
20240417145014,0
20240417150014,5.22
20240417151014,0
20240417152014,0
20240417153014,0
20240417154014,8.47
20240417155014,1.85
20240417160014,10.64
20240417161014,10.9
20240417162014,0.41
20240417163014,0
20240417164014,0
20240417165014,0
20240517090014,10.1
20240517091014,0
20240517092014,26.2
20240517093014,19.76
20240517094014,2.13
20240517095014,27.82
20240517100014,40.99
20240517101014,69.01
20240517102014,52.62
20240517103014,60.42
20240517104014,63.08
20240517105014,63.76
20240517110014,68.68
20240517111014,68.26
20240517112014,86.27
20240517113014,71.76
20240517114014,64.74
20240517115014,68.85
20240517120014,110.87
20240517121014,69.75
20240517122014,74.68
20240517123014,40.54
20240517124014,58.63
20240517125014,57.19
20240517130014,56.15
20240517131014,40.4
20240517132014,45.94
20240517133014,34.57
20240517134014,54.56
20240517135014,65.79
20240517140014,60.39
20240517141014,63.79
20240517142014,65.45
20240517143014,52.46
20240517144014,56.41
20240517145014,50.64
20240517150014,38.89
20240517151014,44.52
20240517152014,37.92
20240517153014,40
20240517154014,38.19
20240517155014,25.22
20240517160014,20.06
20240517161014,10.39
20240517162014,9.63
20240517163014,25.95
20240517164014,31.76
20240517165014,35.12
20240704090014,17.64
20240704091014,36.94
20240704092014,120.31
20240704093014,155.19
20240704094014,275.76
20240704095014,528.04
20240704100014,426.25
20240704101014,489.37
20240704102014,566.25
20240704103014,519.7
20240704104014,612.54
20240704105014,718.4
20240704110014,999.68
20240704111014,902.49
20240704112014,1142.28
20240704113014,1059.12
20240704114014,963.38
20240704115014,931.07
20240704120014,1124.58
20240704121014,1069.58
20240704122014,1048.19
20240704123014,1061.06
20240704124014,901.96
20240704125014,893.9
20240704130014,843.47
20240704131014,817.52
20240704132014,638.46
20240704133014,760.92
20240704134014,518
20240704135014,374.87
20240704140014,298.94
20240704141014,188.61
20240704142014,32.99
20240704143014,7.05
20240704144014,5.53
20240704145014,0
20240704150014,0
20240704151014,0
20240704152014,30.19
20240704153014,19.69
20240704154014,0
20240704155014,0
20240704160014,0
20240704161014,0
20240704162014,0
20240704163014,0
20240704164014,0
20240704165014,0
20240715090014,29.92
20240715091014,14.98
20240715092014,10.46
20240715093014,49.75
20240715094014,5.24
20240715095014,47.99
20240715100014,0
20240715101014,7.7
20240715102014,12.6
20240715103014,45.3
20240715104014,53.65
20240715105014,54.13
20240715110014,27.39
20240715111014,52.32
20240715112014,24.35
20240715113014,22.26
20240715114014,47.83
20240715115014,46.12
20240715120014,26.55
20240715121014,28.06
20240715122014,0
20240715123014,23.64
20240715124014,25.58
20240715125014,20.12
20240715130014,10.01
20240715131014,17.12
20240715132014,43.25
20240715133014,33.45
20240715134014,36.6
20240715135014,38.73
20240715140014,29.44
20240715141014,50.66
20240715142014,61.2
20240715143014,77.37
20240715144014,48.95
20240715145014,55.46
20240715150014,88.46
20240715151014,50.85
20240715152014,31.12
20240715153014,37.98
20240715154014,61.69
20240715155014,33.29
20240715160014,25.58
20240715161014,16.45
20240715162014,20.6
20240715163014,28.08
20240715164014,21.76
20240715165014,27.15
20240215090015,49.88
20240215091015,65.11
20240215092015,109.87
20240215093015,182.07
20240215094015,163.69
20240215095015,176.96
20240215100015,194.34
20240215101015,157.03
20240215102015,73.46
20240215103015,75.73
20240215104015,79.87
20240215105015,43.92
20240215110015,0
20240215111015,51.87
20240215112015,53.87
20240215113015,59.42
20240215114015,62.49
20240215115015,70.9
20240215120015,81.4
20240215121015,60.74
20240215122015,53.01
20240215123015,59.05
20240215124015,53.28
20240215125015,51.76
20240215130015,19.27
20240215131015,16.7
20240215132015,22.9
20240215133015,16.65
20240215134015,32.14
20240215135015,60.67
20240215140015,75.57
20240215141015,56.15
20240215142015,43.82
20240215143015,37.99
20240215144015,36.44
20240215145015,26.53
20240215150015,21.56
20240215151015,12.58
20240215152015,10.85
20240215153015,12.49
20240215154015,12.19
20240215155015,11.73
20240215160015,6.89
20240215161015,3.34
20240215162015,2.64
20240215163015,5.79
20240215164015,6.05
20240215165015,8.93
20240218090015,66.45
20240218091015,72.63
20240218092015,62.01
20240218093015,66.65
20240218094015,77.26
20240218095015,117.09
20240218100015,125.07
20240218101015,82.93
20240218102015,120.1
20240218103015,217.95
20240218104015,200.11
20240218105015,40.81
20240218110015,201.66
20240218111015,128.94
20240218112015,105.7
20240218113015,90.47
20240218114015,117.64
20240218115015,171.73
20240218120015,254.88
20240218121015,185.37
20240218122015,193.53
20240218123015,209.75
20240218124015,248.18
20240218125015,201.96
20240218130015,280.22
20240218131015,284.03
20240218132015,271.35
20240218133015,228
20240218134015,294.34
20240218135015,360.28
20240218140015,317.61
20240218141015,246.81
20240218142015,214.91
20240218143015,163.96
20240218144015,146.6
20240218145015,158.79
20240218150015,138.23
20240218151015,122.15
20240218152015,101.48
20240218153015,66.96
20240218154015,90.05
20240218155015,83.76
20240218160015,98.14
20240218161015,69.91
20240218162015,57.56
20240218163015,89.09
20240218164015,59.68
20240218165015,90.19
20240314090015,90
20240314091015,131.29
20240314092015,242.42
20240314093015,283.22
20240314094015,300.99
20240314095015,338.02
20240314100015,458.18
20240314101015,633.32
20240314102015,672.56
20240314103015,1012.78
20240314104015,1025.73
20240314105015,1142.36
20240314110015,1142.49
20240314111015,1187.14
20240314112015,1378.47
20240314113015,1132.51
20240314114015,1193.93
20240314115015,1193.66
20240314120015,1277.97
20240314121015,1185.9
20240314122015,978.32
20240314123015,933.52
20240314124015,980.29
20240314125015,903.93
20240314130015,911.21
20240314131015,840.55
20240314132015,869.46
20240314133015,908.61
20240314134015,637.26
20240314135015,663.71
20240314140015,717.61
20240314141015,505.64
20240314142015,421.11
20240314143015,389.93
20240314144015,176.83
20240314145015,78.98
20240314150015,56.5
20240314151015,47.42
20240314152015,26.7
20240314153015,15.38
20240314154015,20.94
20240314155015,18.34
20240314160015,24
20240314161015,4.29
20240314162015,6.51
20240314163015,0
20240314164015,9.29
20240314165015,11.12
20240317090015,10.58
20240317091015,35.71
20240317092015,128.58
20240317093015,152.02
20240317094015,173.14
20240317095015,256.1
20240317100015,413.01
20240317101015,688.37
20240317102015,848.79
20240317103015,901.25
20240317104015,994.44
20240317105015,1049.28
20240317110015,1136.59
20240317111015,1127.6
20240317112015,1153.44
20240317113015,1151.48
20240317114015,1121.41
20240317115015,1295.24
20240317120015,1264.65
20240317121015,1256.78
20240317122015,1290.81
20240317123015,1308.49
20240317124015,1315.7
20240317125015,1345.63
20240317130015,1406.42
20240317131015,1227.26
20240317132015,1147.34
20240317133015,1062.66
20240317134015,1180.7
20240317135015,1101.9
20240317140015,1191.63
20240317141015,1182.41
20240317142015,1066.59
20240317143015,936.78
20240317144015,713.71
20240317145015,1005.54
20240317150015,874.34
20240317151015,382.4
20240317152015,142.59
20240317153015,107.81
20240317154015,77.23
20240317155015,78.62
20240317160015,10.57
20240317161015,66.35
20240317162015,80.8
20240317163015,62.67
20240317164015,65.1
20240317165015,56.15
20240412090015,60.26
20240412091015,101.92
20240412092015,148.65
20240412093015,257.06
20240412094015,302.71
20240412095015,523.68
20240412100015,664.81
20240412101015,727.48
20240412102015,702.69
20240412103015,924.07
20240412104015,1034.51
20240412105015,1068.94
20240412110015,1399.98
20240412111015,1409.06
20240412112015,1450.11
20240412113015,1430.76
20240412114015,1419.04
20240412115015,1445.44
20240412120015,1347.38
20240412121015,1500.75
20240412122015,1505.3
20240412123015,1471.86
20240412124015,1425.69
20240412125015,1437.08
20240412130015,1374.51
20240412131015,1422.02
20240412132015,1362.27
20240412133015,1349.96
20240412134015,1226.95
20240412135015,736.38
20240412140015,1131.34
20240412141015,796.66
20240412142015,567.96
20240412143015,409.72
20240412144015,433.92
20240412145015,180.74
20240412150015,104.1
20240412151015,191.62
20240412152015,81.08
20240412153015,57.25
20240412154015,138.19
20240412155015,68.97
20240412160015,26.33
20240412161015,57.55
20240412162015,92.51
20240412163015,88.53
20240412164015,33.61
20240412165015,0
20240518090015,64.27
20240518091015,82.48
20240518092015,100.15
20240518093015,115.77
20240518094015,126.39
20240518095015,280.83
20240518100015,354.37
20240518101015,366.8
20240518102015,396.01
20240518103015,695.25
20240518104015,825.18
20240518105015,951.18
20240518110015,1119.14
20240518111015,1239.71
20240518112015,1247.69
20240518113015,1226.27
20240518114015,1274.82
20240518115015,1187.28
20240518120015,1191.91
20240518121015,1223.67
20240518122015,1332.04
20240518123015,1379.47
20240518124015,1393.78
20240518125015,1330.04
20240518130015,1328.44
20240518131015,1276.38
20240518132015,1327.12
20240518133015,1311.52
20240518134015,1285.99
20240518135015,1239.56
20240518140015,1303
20240518141015,1374.17
20240518142015,1457.28
20240518143015,1264.64
20240518144015,805.23
20240518145015,612.58
20240518150015,499.19
20240518151015,327.73
20240518152015,258.22
20240518153015,175.96
20240518154015,93.76
20240518155015,21.44
20240518160015,34.67
20240518161015,12.81
20240518162015,0
20240518163015,16.03
20240518164015,0
20240518165015,0
20240530090015,42.73
20240530091015,64.19
20240530092015,162.22
20240530093015,200.12
20240530094015,219.62
20240530095015,348.49
20240530100015,689.34
20240530101015,734.73
20240530102015,707.06
20240530103015,787.06
20240530104015,1018.25
20240530105015,1013.93
20240530110015,1098.43
20240530111015,1167.64
20240530112015,1167.22
20240530113015,1051.06
20240530114015,1109.88
20240530115015,1075.15
20240530120015,1111.99
20240530121015,1128.15
20240530122015,1208.5
20240530123015,1309.82
20240530124015,1345.31
20240530125015,1226.15
20240530130015,1210.33
20240530131015,1284.26
20240530132015,1204.33
20240530133015,1233.6
20240530134015,1251.13
20240530135015,1201.24
20240530140015,1186.81
20240530141015,1225.25
20240530142015,1255.39
20240530143015,1220.55
20240530144015,1153.73
20240530145015,1129.33
20240530150015,1033.37
20240530151015,766.31
20240530152015,627.96
20240530153015,292.25
20240530154015,426.38
20240530155015,185.87
20240530160015,154.53
20240530161015,75.79
20240530162015,89.19
20240530163015,53.04
20240530164015,152.53
20240530165015,137.01
20240605090015,23.96
20240605091015,51.23
20240605092015,4.2
20240605093015,22.64
20240605094015,0
20240605095015,43.73
20240605100015,78.19
20240605101015,436.65
20240605102015,621.85
20240605103015,897
20240605104015,1036.66
20240605105015,1079.72
20240605110015,1270.57
20240605111015,1302.11
20240605112015,1293.35
20240605113015,1208.03
20240605114015,1226.76
20240605115015,1145.07
20240605120015,1231.5
20240605121015,1212.26
20240605122015,1244.35
20240605123015,1202.74
20240605124015,1205.12
20240605125015,1202.45
20240605130015,1210.92
20240605131015,1172.88
20240605132015,1109.75
20240605133015,941.16
20240605134015,1046.68
20240605135015,1140.01
20240605140015,1042.54
20240605141015,696.41
20240605142015,924.59
20240605143015,840.3
20240605144015,1122.33
20240605145015,667.97
20240605150015,502.44
20240605151015,464.42
20240605152015,340.87
20240605153015,371.21
20240605154015,166.64
20240605155015,133.85
20240605160015,145.24
20240605161015,110.54
20240605162015,105.93
20240605163015,96.22
20240605164015,153.54
20240605165015,86.3
20240704090015,71.18
20240704091015,74.77
20240704092015,72.5
20240704093015,92.39
20240704094015,130.1
20240704095015,226.16
20240704100015,351.82
20240704101015,488.68
20240704102015,743.77
20240704103015,760.87
20240704104015,813.87
20240704105015,834.61
20240704110015,811.97
20240704111015,837.16
20240704112015,837.92
20240704113015,1193.68
20240704114015,1298.37
20240704115015,1279.9
20240704120015,1371.69
20240704121015,1385.95
20240704122015,1331.19
20240704123015,1331.23
20240704124015,1332.63
20240704125015,1252.05
20240704130015,849.31
20240704131015,935.27
20240704132015,1248.06
20240704133015,1262.74
20240704134015,1313.51
20240704135015,1270.71
20240704140015,930.84
20240704141015,584.49
20240704142015,537.32
20240704143015,285.36
20240704144015,242.67
20240704145015,98.26
20240704150015,55.65
20240704151015,35.04
20240704152015,16.16
20240704153015,7.52
20240704154015,0
20240704155015,0.59
20240704160015,0
20240704161015,0
20240704162015,9.08
20240704163015,13.5
20240704164015,16.21
20240704165015,11.25
20240316090016,28.85
20240316091016,10.87
20240316092016,31.62
20240316093016,84.27
20240316094016,185.15
20240316095016,285.48
20240316100016,388.76
20240316101016,515.36
20240316102016,579.7
20240316103016,715.06
20240316104016,713.11
20240316105016,825.02
20240316110016,1067.38
20240316111016,1125.76
20240316112016,1140.11
20240316113016,1075.93
20240316114016,933.5
20240316115016,947.98
20240316120016,991.46
20240316121016,734.39
20240316122016,641.43
20240316123016,1018.82
20240316124016,960.13
20240316125016,850.08
20240316130016,632.85
20240316131016,372.44
20240316132016,379.92
20240316133016,530.23
20240316134016,370.79
20240316135016,294.65
20240316140016,149.89
20240316141016,63.01
20240316142016,71.85
20240316143016,20.37
20240316144016,50.57
20240316145016,25.06
20240316150016,24.57
20240316151016,1.74
20240316152016,0
20240316153016,0
20240316154016,12.09
20240316155016,43.42
20240316160016,4.06
20240316161016,21.22
20240316162016,48.85
20240316163016,30.24
20240316164016,0
20240316165016,13.73
20240322090016,22.58
20240322091016,59.43
20240322092016,75.04
20240322093016,28.86
20240322094016,0
20240322095016,0
20240322100016,31.57
20240322101016,56.79
20240322102016,45.81
20240322103016,56.5
20240322104016,119.01
20240322105016,168.26
20240322110016,444.8
20240322111016,407
20240322112016,251.59
20240322113016,227.82
20240322114016,320.03
20240322115016,451.43
20240322120016,451.3
20240322121016,201.89
20240322122016,234.13
20240322123016,161.85
20240322124016,83.4
20240322125016,123.98
20240322130016,191.39
20240322131016,58.89
20240322132016,83.37
20240322133016,51.44
20240322134016,59.56
20240322135016,22.61
20240322140016,83.28
20240322141016,57.54
20240322142016,36.66
20240322143016,23.66
20240322144016,28.57
20240322145016,1.9
20240322150016,0
20240322151016,3.94
20240322152016,0
20240322153016,0
20240322154016,0
20240322155016,0
20240322160016,0.73
20240322161016,26.61
20240322162016,0
20240322163016,0
20240322164016,0
20240322165016,0
20240414090016,0
20240414091016,0
20240414092016,0
20240414093016,0
20240414094016,18.38
20240414095016,1.71
20240414100016,34.36
20240414101016,79.59
20240414102016,83.82
20240414103016,326.02
20240414104016,332.08
20240414105016,410.23
20240414110016,541.28
20240414111016,210.29
20240414112016,175.34
20240414113016,131.65
20240414114016,210.98
20240414115016,233.88
20240414120016,262.18
20240414121016,240.13
20240414122016,243.48
20240414123016,246.68
20240414124016,214.53
20240414125016,210.36
20240414130016,175.96
20240414131016,75
20240414132016,41.87
20240414133016,0
20240414134016,0
20240414135016,0
20240414140016,0
20240414141016,0
20240414142016,0
20240414143016,0
20240414144016,0
20240414145016,0
20240414150016,0
20240414151016,0
20240414152016,0
20240414153016,0
20240414154016,0
20240414155016,0
20240414160016,0
20240414161016,0
20240414162016,0
20240414163016,0
20240414164016,0
20240414165016,0
20240422090016,91.98
20240422091016,87.22
20240422092016,95.74
20240422093016,80.13
20240422094016,135
20240422095016,137.64
20240422100016,190.36
20240422101016,294.13
20240422102016,224.47
20240422103016,221.4
20240422104016,275.87
20240422105016,320.04
20240422110016,465.95
20240422111016,542.99
20240422112016,716.5
20240422113016,687.55
20240422114016,654.28
20240422115016,647.8
20240422120016,724.88
20240422121016,670
20240422122016,574.91
20240422123016,614.42
20240422124016,523.73
20240422125016,477.91
20240422130016,401.79
20240422131016,374.09
20240422132016,463.99
20240422133016,302.45
20240422134016,313.43
20240422135016,255.18
20240422140016,196.12
20240422141016,89.97
20240422142016,64.22
20240422143016,44.68
20240422144016,30.93
20240422145016,25.7
20240422150016,15.77
20240422151016,39.11
20240422152016,17.25
20240422153016,23.41
20240422154016,35.57
20240422155016,11.31
20240422160016,16.1
20240422161016,28.49
20240422162016,33.55
20240422163016,16.31
20240422164016,14.66
20240422165016,1.54
20240513090016,53.15
20240513091016,41.97
20240513092016,51.1
20240513093016,29.46
20240513094016,60.6
20240513095016,97.61
20240513100016,111.74
20240513101016,87.59
20240513102016,101.66
20240513103016,80.89
20240513104016,95.87
20240513105016,69.13
20240513110016,65.38
20240513111016,69.7
20240513112016,67.07
20240513113016,74.57
20240513114016,65.92
20240513115016,50.14
20240513120016,27.65
20240513121016,25.8
20240513122016,32.82
20240513123016,31.55
20240513124016,24.72
20240513125016,10.52
20240513130016,41.42
20240513131016,46.23
20240513132016,49.01
20240513133016,46.57
20240513134016,30.56
20240513135016,39.29
20240513140016,36.08
20240513141016,69.2
20240513142016,50.19
20240513143016,75.94
20240513144016,40.78
20240513145016,39.02
20240513150016,20.47
20240513151016,4.28
20240513152016,20.42
20240513153016,7.08
20240513154016,24.54
20240513155016,30.45
20240513160016,19.84
20240513161016,20.66
20240513162016,31.57
20240513163016,20.04
20240513164016,27.96
20240513165016,11.61
20240517090016,43.54
20240517091016,58.98
20240517092016,57.35
20240517093016,83.96
20240517094016,121.89
20240517095016,245.37
20240517100016,531.52
20240517101016,634.64
20240517102016,638.24
20240517103016,524.31
20240517104016,698.2
20240517105016,647.36
20240517110016,446.36
20240517111016,409.82
20240517112016,308.46
20240517113016,234.58
20240517114016,316.67
20240517115016,261.53
20240517120016,385.96
20240517121016,336.38
20240517122016,340.11
20240517123016,244.22
20240517124016,200.8
20240517125016,154.77
20240517130016,147.59
20240517131016,142.78
20240517132016,80.11
20240517133016,68.3
20240517134016,49.26
20240517135016,15.53
20240517140016,13.16
20240517141016,6.3
20240517142016,0
20240517143016,3.57
20240517144016,5.49
20240517145016,0
20240517150016,0
20240517151016,0
20240517152016,0
20240517153016,0
20240517154016,0.34
20240517155016,0
20240517160016,3.77
20240517161016,0
20240517162016,2.27
20240517163016,0
20240517164016,0
20240517165016,0
20240519090016,149.91
20240519091016,151.65
20240519092016,192.6
20240519093016,145.8
20240519094016,161.5
20240519095016,193.31
20240519100016,390.9
20240519101016,357.49
20240519102016,587.95
20240519103016,796.95
20240519104016,801.5
20240519105016,1147.52
20240519110016,1088.59
20240519111016,1323.39
20240519112016,1323.6
20240519113016,1390.06
20240519114016,1344.45
20240519115016,1312.67
20240519120016,1267.89
20240519121016,1283.71
20240519122016,1349.09
20240519123016,1395.71
20240519124016,1361.83
20240519125016,1305.05
20240519130016,1364.26
20240519131016,1224.99
20240519132016,1330.37
20240519133016,1234.21
20240519134016,1027.67
20240519135016,977.2
20240519140016,914.25
20240519141016,825.02
20240519142016,913.5
20240519143016,653.82
20240519144016,117.65
20240519145016,116.2
20240519150016,118.59
20240519151016,127.51
20240519152016,162.66
20240519153016,154.6
20240519154016,125.56
20240519155016,80.79
20240519160016,96.21
20240519161016,123.93
20240519162016,65.78
20240519163016,99.17
20240519164016,82.95
20240519165016,92.64
20240608090016,0
20240608091016,0
20240608092016,0
20240608093016,0
20240608094016,19.42
20240608095016,39.23
20240608100016,44.13
20240608101016,185.04
20240608102016,207.28
20240608103016,270.81
20240608104016,134.3
20240608105016,216.23
20240608110016,798.55
20240608111016,425.31
20240608112016,344.69
20240608113016,380.04
20240608114016,421.93
20240608115016,323.92
20240608120016,335.32
20240608121016,159.06
20240608122016,36.55
20240608123016,0
20240608124016,0
20240608125016,0
20240608130016,0
20240608131016,0
20240608132016,0
20240608133016,0
20240608134016,0
20240608135016,0
20240608140016,0
20240608141016,0
20240608142016,0
20240608143016,0
20240608144016,0
20240608145016,0
20240608150016,0
20240608151016,0
20240608152016,0
20240608153016,0
20240608154016,0
20240608155016,0
20240608160016,0
20240608161016,0
20240608162016,0
20240608163016,0
20240608164016,0
20240608165016,0
20240629090016,0
20240629091016,0
20240629092016,0
20240629093016,0
20240629094016,0
20240629095016,13.73
20240629100016,20.42
20240629101016,395.42
20240629102016,522.93
20240629103016,635.11
20240629104016,762.84
20240629105016,870.13
20240629110016,1286.08
20240629111016,1237.02
20240629112016,1043.16
20240629113016,943.2
20240629114016,894.23
20240629115016,862.82
20240629120016,881.79
20240629121016,851.84
20240629122016,713.97
20240629123016,604.34
20240629124016,550.61
20240629125016,518.15
20240629130016,444.94
20240629131016,429.72
20240629132016,201.14
20240629133016,170.29
20240629134016,94.31
20240629135016,94
20240629140016,104.61
20240629141016,111.46
20240629142016,50.9
20240629143016,32.2
20240629144016,32.12
20240629145016,19.15
20240629150016,0
20240629151016,0
20240629152016,0
20240629153016,0
20240629154016,0
20240629155016,0
20240629160016,0
20240629161016,0
20240629162016,0
20240629163016,13.45
20240629164016,22.37
20240629165016,18.45
20240123090017,28.47
20240123091017,43.75
20240123092017,31.17
20240123093017,53.11
20240123094017,32.59
20240123095017,68.69
20240123100017,233.1
20240123101017,409.24
20240123102017,465.33
20240123103017,640.22
20240123104017,778.96
20240123105017,893.88
20240123110017,1003.95
20240123111017,1032.54
20240123112017,1125.65
20240123113017,1235.11
20240123114017,1330.2
20240123115017,1340.95
20240123120017,1273.22
20240123121017,1334.4
20240123122017,1339.02
20240123123017,1165.64
20240123124017,1037.87
20240123125017,859.91
20240123130017,831.39
20240123131017,735.05
20240123132017,607.17
20240123133017,267.67
20240123134017,144.19
20240123135017,111.32
20240123140017,103.44
20240123141017,71.33
20240123142017,68.43
20240123143017,37.98
20240123144017,35.17
20240123145017,61.33
20240123150017,50.38
20240123151017,49.44
20240123152017,48.23
20240123153017,38.77
20240123154017,38.92
20240123155017,36.32
20240123160017,32.49
20240123161017,22.7
20240123162017,33.5
20240123163017,33.28
20240123164017,29.96
20240123165017,19.97
20240129090017,40.67
20240129091017,29.49
20240129092017,38.63
20240129093017,16.88
20240129094017,47.62
20240129095017,84.83
20240129100017,98.95
20240129101017,78.98
20240129102017,91.19
20240129103017,72.28
20240129104017,79.68
20240129105017,52.94
20240129110017,49.19
20240129111017,58.44
20240129112017,50.88
20240129113017,58.38
20240129114017,49.73
20240129115017,33.95
20240129120017,22.12
20240129121017,25.21
20240129122017,27.29
20240129123017,30.96
20240129124017,19.2
20240129125017,4.99
20240129130017,35.89
20240129131017,40.71
20240129132017,43.48
20240129133017,41.04
20240129134017,29.97
20240129135017,37.48
20240129140017,34.17
20240129141017,67.39
20240129142017,48.37
20240129143017,74.66
20240129144017,39.5
20240129145017,37.73
20240129150017,20.4
20240129151017,2.89
20240129152017,19.13
20240129153017,5.7
20240129154017,23.16
20240129155017,29.17
20240129160017,18.55
20240129161017,19.37
20240129162017,30.28
20240129163017,18.76
20240129164017,26.67
20240129165017,10.33
20240215090017,0
20240215091017,4.95
20240215092017,14.76
20240215093017,14.02
20240215094017,16.9
20240215095017,26.08
20240215100017,27.41
20240215101017,57.43
20240215102017,57.06
20240215103017,54.17
20240215104017,59.58
20240215105017,116.68
20240215110017,169.47
20240215111017,229.55
20240215112017,528.86
20240215113017,264.57
20240215114017,291.08
20240215115017,311.43
20240215120017,438.8
20240215121017,372.24
20240215122017,309.82
20240215123017,327.95
20240215124017,369.86
20240215125017,207.78
20240215130017,159.61
20240215131017,105.68
20240215132017,112.81
20240215133017,65.76
20240215134017,39.82
20240215135017,24.31
20240215140017,11.76
20240215141017,25.16
20240215142017,27.26
20240215143017,2.39
20240215144017,13.7
20240215145017,14.65
20240215150017,6.21
20240215151017,0
20240215152017,0
20240215153017,0
20240215154017,0
20240215155017,0
20240215160017,0
20240215161017,8.82
20240215162017,2.99
20240215163017,6.86
20240215164017,17.97
20240215165017,20.82
20240218090017,90
20240218091017,131.29
20240218092017,242.42
20240218093017,283.22
20240218094017,300.99
20240218095017,338.02
20240218100017,458.18
20240218101017,633.32
20240218102017,672.56
20240218103017,1012.78
20240218104017,1025.73
20240218105017,1142.36
20240218110017,1142.49
20240218111017,1187.14
20240218112017,1378.47
20240218113017,1132.51
20240218114017,1193.93
20240218115017,1193.66
20240218120017,1277.97
20240218121017,1185.9
20240218122017,978.32
20240218123017,933.52
20240218124017,980.29
20240218125017,903.93
20240218130017,911.21
20240218131017,840.55
20240218132017,869.46
20240218133017,908.61
20240218134017,637.26
20240218135017,663.71
20240218140017,717.61
20240218141017,505.64
20240218142017,421.11
20240218143017,389.93
20240218144017,176.83
20240218145017,78.98
20240218150017,56.5
20240218151017,47.42
20240218152017,26.7
20240218153017,15.38
20240218154017,20.94
20240218155017,18.34
20240218160017,24
20240218161017,4.29
20240218162017,6.51
20240218163017,0
20240218164017,9.29
20240218165017,11.12
20240305090017,47.1
20240305091017,83.97
20240305092017,67.19
20240305093017,146.55
20240305094017,376.35
20240305095017,669.78
20240305100017,694.32
20240305101017,743.73
20240305102017,1035.81
20240305103017,1077.91
20240305104017,1111.52
20240305105017,1068.16
20240305110017,1334.86
20240305111017,1310.81
20240305112017,1313.01
20240305113017,1169.23
20240305114017,1087.91
20240305115017,1076.95
20240305120017,1097.72
20240305121017,942.09
20240305122017,871.58
20240305123017,894.27
20240305124017,887.14
20240305125017,1000.96
20240305130017,1144.5
20240305131017,1035.08
20240305132017,898.51
20240305133017,946.28
20240305134017,863.39
20240305135017,854.7
20240305140017,766.77
20240305141017,627.14
20240305142017,610.53
20240305143017,704.76
20240305144017,658.13
20240305145017,525.81
20240305150017,499.65
20240305151017,174.43
20240305152017,136.09
20240305153017,98.48
20240305154017,93.62
20240305155017,81.17
20240305160017,65.3
20240305161017,32.58
20240305162017,28.4
20240305163017,42.07
20240305164017,37.39
20240305165017,39.54
20240309090017,128.43
20240309091017,105.75
20240309092017,174.13
20240309093017,248.19
20240309094017,353.44
20240309095017,424.86
20240309100017,681.54
20240309101017,785.1
20240309102017,815.02
20240309103017,1075.34
20240309104017,1121.95
20240309105017,1046.69
20240309110017,1150.09
20240309111017,1109.72
20240309112017,1121.25
20240309113017,1155.5
20240309114017,1141.03
20240309115017,930.74
20240309120017,1069.16
20240309121017,1187.27
20240309122017,1325.72
20240309123017,1406.4
20240309124017,1398.12
20240309125017,1320.69
20240309130017,1263.34
20240309131017,1403.97
20240309132017,1500.73
20240309133017,1569.04
20240309134017,1467.03
20240309135017,1427.5
20240309140017,1364.87
20240309141017,1445.03
20240309142017,1087.75
20240309143017,966.13
20240309144017,1272.28
20240309145017,641.82
20240309150017,779.66
20240309151017,472.5
20240309152017,370.16
20240309153017,354.33
20240309154017,80.08
20240309155017,41.3
20240309160017,77.14
20240309161017,30.42
20240309162017,57.51
20240309163017,67.21
20240309164017,90.37
20240309165017,92.95
20240311090017,71.24
20240311091017,58.69
20240311092017,50.98
20240311093017,102.17
20240311094017,69.72
20240311095017,177.28
20240311100017,224.28
20240311101017,396.59
20240311102017,682.55
20240311103017,684.41
20240311104017,840.28
20240311105017,886.66
20240311110017,1143.28
20240311111017,1310.93
20240311112017,995.93
20240311113017,1447.98
20240311114017,1393.11
20240311115017,1362.58
20240311120017,1411.19
20240311121017,1404.27
20240311122017,1437.82
20240311123017,1412.34
20240311124017,1336.61
20240311125017,1324.1
20240311130017,1410.34
20240311131017,1398.8
20240311132017,1321.03
20240311133017,1250.89
20240311134017,916.16
20240311135017,948.61
20240311140017,1040.59
20240311141017,909.12
20240311142017,620.01
20240311143017,293.73
20240311144017,245.79
20240311145017,22.2
20240311150017,56.75
20240311151017,98.74
20240311152017,57.88
20240311153017,60.11
20240311154017,74.51
20240311155017,42.98
20240311160017,50.87
20240311161017,18.34
20240311162017,0
20240311163017,0
20240311164017,0
20240311165017,0
20240403090017,111.03
20240403091017,97.93
20240403092017,115.42
20240403093017,138.84
20240403094017,160.8
20240403095017,514.36
20240403100017,595.46
20240403101017,695.3
20240403102017,733.15
20240403103017,790.63
20240403104017,881.93
20240403105017,967.59
20240403110017,1107.42
20240403111017,1147.18
20240403112017,1038.62
20240403113017,894.18
20240403114017,883.3
20240403115017,941.03
20240403120017,989.94
20240403121017,1011.02
20240403122017,951.96
20240403123017,1121.25
20240403124017,1069.13
20240403125017,1028.15
20240403130017,850.4
20240403131017,1025.87
20240403132017,1051.64
20240403133017,585.17
20240403134017,441.46
20240403135017,397.66
20240403140017,430.22
20240403141017,396.88
20240403142017,319.99
20240403143017,179.95
20240403144017,105.23
20240403145017,82.85
20240403150017,41.43
20240403151017,15.38
20240403152017,0
20240403153017,0
20240403154017,0
20240403155017,0
20240403160017,0
20240403161017,0
20240403162017,0
20240403163017,0
20240403164017,0
20240403165017,0
20240507090017,116.44
20240507091017,91.77
20240507092017,72.15
20240507093017,44.21
20240507094017,99.49
20240507095017,53.95
20240507100017,34.67
20240507101017,45.72
20240507102017,35.04
20240507103017,57.99
20240507104017,81.56
20240507105017,76.43
20240507110017,21.71
20240507111017,15.73
20240507112017,12.09
20240507113017,92.68
20240507114017,113.76
20240507115017,45.34
20240507120017,157.8
20240507121017,639.79
20240507122017,1417.71
20240507123017,937.16
20240507124017,141.58
20240507125017,822.14
20240507130017,221.21
20240507131017,153.19
20240507132017,152.83
20240507133017,150.24
20240507134017,86.72
20240507135017,53.96
20240507140017,22.72
20240507141017,24.85
20240507142017,0.93
20240507143017,7.89
20240507144017,11.76
20240507145017,0
20240507150017,2.67
20240507151017,9.72
20240507152017,3.81
20240507153017,3.93
20240507154017,2.82
20240507155017,0
20240507160017,0
20240507161017,0.42
20240507162017,2.85
20240507163017,1.12
20240507164017,0.59
20240507165017,0
20240528090017,57.77
20240528091017,57.41
20240528092017,79.39
20240528093017,101.08
20240528094017,81.82
20240528095017,112.44
20240528100017,98.86
20240528101017,76.42
20240528102017,109.23
20240528103017,99.18
20240528104017,162.71
20240528105017,113.94
20240528110017,78.78
20240528111017,71.28
20240528112017,66.81
20240528113017,187.79
20240528114017,207.51
20240528115017,191.97
20240528120017,152.5
20240528121017,120.01
20240528122017,125.77
20240528123017,138.1
20240528124017,175.15
20240528125017,171.56
20240528130017,104.18
20240528131017,120.2
20240528132017,113.32
20240528133017,146.23
20240528134017,161.73
20240528135017,167.61
20240528140017,102.86
20240528141017,109.31
20240528142017,74.7
20240528143017,25.8
20240528144017,2.22
20240528145017,26.01
20240528150017,45.21
20240528151017,37.9
20240528152017,38.45
20240528153017,36.9
20240528154017,49.1
20240528155017,53.38
20240528160017,54.1
20240528161017,44.57
20240528162017,41.88
20240528163017,49.75
20240528164017,53.13
20240528165017,21.92
20240614090017,0
20240614091017,0
20240614092017,0
20240614093017,67.8
20240614094017,110.98
20240614095017,97.33
20240614100017,74.6
20240614101017,81.37
20240614102017,95.19
20240614103017,302.13
20240614104017,413.86
20240614105017,489.13
20240614110017,591.11
20240614111017,764.7
20240614112017,875.9
20240614113017,858.35
20240614114017,887.45
20240614115017,922.14
20240614120017,920.89
20240614121017,937.07
20240614122017,944.1
20240614123017,976.72
20240614124017,881.83
20240614125017,880.74
20240614130017,896.02
20240614131017,961.87
20240614132017,914.36
20240614133017,927.76
20240614134017,808.83
20240614135017,732.94
20240614140017,589.21
20240614141017,554.52
20240614142017,530.52
20240614143017,455.32
20240614144017,356.41
20240614145017,187.32
20240614150017,168.51
20240614151017,146.12
20240614152017,117.49
20240614153017,112.84
20240614154017,108.07
20240614155017,85.12
20240614160017,43.71
20240614161017,0
20240614162017,9.86
20240614163017,51.04
20240614164017,20.57
20240614165017,0
20240619090017,0
20240619091017,4.65
20240619092017,0
20240619093017,2.3
20240619094017,0
20240619095017,70.4
20240619100017,98.47
20240619101017,217.22
20240619102017,435.7
20240619103017,532.13
20240619104017,776.86
20240619105017,796.9
20240619110017,847.74
20240619111017,994.12
20240619112017,1014.43
20240619113017,1121.5
20240619114017,989.56
20240619115017,1235.43
20240619120017,1363.87
20240619121017,1359.04
20240619122017,1414.94
20240619123017,1288.47
20240619124017,1312.24
20240619125017,1316.31
20240619130017,1309.4
20240619131017,1281.12
20240619132017,1002.9
20240619133017,906.21
20240619134017,800.36
20240619135017,681.3
20240619140017,337.77
20240619141017,245.43
20240619142017,203.94
20240619143017,119.18
20240619144017,39.14
20240619145017,40.53
20240619150017,39.98
20240619151017,57.81
20240619152017,58.28
20240619153017,47.47
20240619154017,31.44
20240619155017,23.3
20240619160017,36.79
20240619161017,6.76
20240619162017,29.71
20240619163017,51.89
20240619164017,41.73
20240619165017,35.4
20240627090017,0
20240627091017,0
20240627092017,0
20240627093017,0
20240627094017,0
20240627095017,0
20240627100017,0
20240627101017,0
20240627102017,0
20240627103017,0
20240627104017,0
20240627105017,0
20240627110017,0
20240627111017,0
20240627112017,0
20240627113017,0
20240627114017,0
20240627115017,0
20240627120017,0
20240627121017,0
20240627122017,0
20240627123017,0
20240627124017,0
20240627125017,0
20240627130017,0
20240627131017,0
20240627132017,0
20240627133017,0
20240627134017,0
20240627135017,0
20240627140017,19.76
20240627141017,28.1
20240627142017,32.65
20240627143017,41.5
20240627144017,276.72
20240627145017,150.02
20240627150017,23.43
20240627151017,21.69
20240627152017,10.83
20240627153017,0
20240627154017,0
20240627155017,0
20240627160017,2.83
20240627161017,6.15
20240627162017,0
20240627163017,0
20240627164017,0
20240627165017,0
20240629090017,0
20240629091017,5.03
20240629092017,42.6
20240629093017,7.45
20240629094017,1.17
20240629095017,0
20240629100017,9.77
20240629101017,0
20240629102017,90.08
20240629103017,69.85
20240629104017,279.04
20240629105017,640.35
20240629110017,908.15
20240629111017,950.84
20240629112017,947.61
20240629113017,1019.45
20240629114017,991.97
20240629115017,892.77
20240629120017,919.43
20240629121017,1008.73
20240629122017,747.19
20240629123017,1079.3
20240629124017,744.62
20240629125017,687.95
20240629130017,713.43
20240629131017,810.11
20240629132017,1168.04
20240629133017,1115.74
20240629134017,804.51
20240629135017,636.42
20240629140017,584.21
20240629141017,441.8
20240629142017,292.84
20240629143017,225.36
20240629144017,15.51
20240629145017,0
20240629150017,0
20240629151017,18.8
20240629152017,0
20240629153017,0
20240629154017,0
20240629155017,0
20240629160017,0
20240629161017,0
20240629162017,0
20240629163017,0
20240629164017,0
20240629165017,0
20240704090017,19.1
20240704091017,67.08
20240704092017,39.53
20240704093017,202.14
20240704094017,138.46
20240704095017,427.35
20240704100017,473.03
20240704101017,579.74
20240704102017,688.68
20240704103017,699.13
20240704104017,970.88
20240704105017,925.35
20240704110017,1081.42
20240704111017,1049.79
20240704112017,1029.51
20240704113017,933.74
20240704114017,1238.96
20240704115017,972.89
20240704120017,1114.92
20240704121017,1133.97
20240704122017,848.93
20240704123017,716.49
20240704124017,779.72
20240704125017,706.18
20240704130017,455.44
20240704131017,170.69
20240704132017,165.01
20240704133017,146.87
20240704134017,122.57
20240704135017,47.06
20240704140017,24.94
20240704141017,35.13
20240704142017,13.61
20240704143017,23.99
20240704144017,0
20240704145017,20.84
20240704150017,29.66
20240704151017,41
20240704152017,259.39
20240704153017,4.91
20240704154017,0
20240704155017,8.86
20240704160017,24.07
20240704161017,8.12
20240704162017,0
20240704163017,0
20240704164017,0
20240704165017,0
20240706090017,31.35
20240706091017,46.64
20240706092017,34.84
20240706093017,56.78
20240706094017,35.53
20240706095017,71.63
20240706100017,236
20240706101017,409.52
20240706102017,465.57
20240706103017,641.7
20240706104017,780.44
20240706105017,896.54
20240706110017,1004.76
20240706111017,1031.79
20240706112017,1125.22
20240706113017,1234.68
20240706114017,1329.89
20240706115017,1339.38
20240706120017,1266.39
20240706121017,1326.42
20240706122017,1332.49
20240706123017,1162.92
20240706124017,1035.15
20240706125017,864.33
20240706130017,834.65
20240706131017,739.41
20240706132017,611.54
20240706133017,270.91
20240706134017,147.38
20240706135017,114.51
20240706140017,106.52
20240706141017,74.92
20240706142017,74.39
20240706143017,44.95
20240706144017,44.86
20240706145017,69.85
20240706150017,59.81
20240706151017,55.12
20240706152017,55.24
20240706153017,44.57
20240706154017,44.72
20240706155017,42.12
20240706160017,39.5
20240706161017,29.71
20240706162017,40.5
20240706163017,40.29
20240706164017,35.53
20240706165017,25.55
20240328090008,97.73
20240328091008,139.02
20240328092008,242.07
20240328093008,270.49
20240328094008,295.84
20240328095008,335.11
20240328100008,451.46
20240328101008,628.92
20240328102008,666.27
20240328103008,1008.64
20240328104008,1019.21
20240328105008,1150.29
20240328110008,1148.58
20240328111008,1191.41
20240328112008,1381.9
20240328113008,1143.9
20240328114008,1198.11
20240328115008,1192.01
20240328120008,1273.62
20240328121008,1188.45
20240328122008,973.97
20240328123008,937.7
20240328124008,976.51
20240328125008,909.49
20240328130008,917.18
20240328131008,846.53
20240328132008,871.97
20240328133008,923.41
20240328134008,644.1
20240328135008,671.02
20240328140008,730.79
20240328141008,520.48
20240328142008,437.58
20240328143008,397.2
20240328144008,191.71
20240328145008,87.95
20240328150008,65.47
20240328151008,55.78
20240328152008,35.06
20240328153008,23.74
20240328154008,31.39
20240328155008,22.96
20240328160008,35.78
20240328161008,9.74
20240328162008,11.98
20240328163008,2.74
20240328164008,16.47
20240328165008,17.88
20240508090008,8.82
20240508091008,10.36
20240508092008,0
20240508093008,0
20240508094008,0
20240508095008,0
20240508100008,0
20240508101008,0
20240508102008,17.68
20240508103008,8.09
20240508104008,0
20240508105008,75.44
20240508110008,81.06
20240508111008,77.12
20240508112008,0
20240508113008,37.88
20240508114008,16.11
20240508115008,24.77
20240508120008,74.35
20240508121008,70.52
20240508122008,35.33
20240508123008,30.8
20240508124008,31.4
20240508125008,55.06
20240508130008,40.01
20240508131008,0
20240508132008,0
20240508133008,0
20240508134008,0
20240508135008,0
20240508140008,0
20240508141008,0
20240508142008,0
20240508143008,0
20240508144008,0
20240508145008,0
20240508150008,4.51
20240508151008,24.76
20240508152008,18.93
20240508153008,10.03
20240508154008,14.8
20240508155008,5.39
20240508160008,5.81
20240508161008,0
20240508162008,0
20240508163008,0
20240508164008,0
20240508165008,0
20240521090008,0
20240521091008,0
20240521092008,0
20240521093008,0
20240521094008,0
20240521095008,0
20240521100008,0
20240521101008,0
20240521102008,0
20240521103008,0
20240521104008,0
20240521105008,0
20240521110008,0
20240521111008,0
20240521112008,0
20240521113008,0
20240521114008,0
20240521115008,0
20240521120008,0
20240521121008,0
20240521122008,0
20240521123008,0
20240521124008,0
20240521125008,0
20240521130008,13.17
20240521131008,0
20240521132008,0
20240521133008,0
20240521134008,0
20240521135008,0
20240521140008,0
20240521141008,0
20240521142008,0
20240521143008,0
20240521144008,0
20240521145008,0
20240521150008,0
20240521151008,0
20240521152008,0
20240521153008,0
20240521154008,0
20240521155008,0
20240521160008,0
20240521161008,0
20240521162008,0
20240521163008,0
20240521164008,0
20240521165008,0
20240618090008,0
20240618091008,0
20240618092008,0
20240618093008,0
20240618094008,22.93
20240618095008,5.01
20240618100008,44.64
20240618101008,89.87
20240618102008,93.89
20240618103008,335.56
20240618104008,346.57
20240618105008,429.02
20240618110008,547.37
20240618111008,209.58
20240618112008,174.93
20240618113008,130.28
20240618114008,210.41
20240618115008,233.31
20240618120008,261.61
20240618121008,239.56
20240618122008,244.05
20240618123008,247.26
20240618124008,215.1
20240618125008,210.94
20240618130008,176.53
20240618131008,75.6
20240618132008,42.47
20240618133008,0
20240618134008,0
20240618135008,0
20240618140008,0
20240618141008,0
20240618142008,0
20240618143008,0
20240618144008,0
20240618145008,0
20240618150008,0
20240618151008,0
20240618152008,0
20240618153008,0
20240618154008,0
20240618155008,0
20240618160008,0
20240618161008,0
20240618162008,0
20240618163008,0
20240618164008,0
20240618165008,0
20240630090008,136.39
20240630091008,202.3
20240630092008,197.09
20240630093008,191.63
20240630094008,256.8
20240630095008,458.3
20240630100008,536.31
20240630101008,710.45
20240630102008,781.98
20240630103008,771
20240630104008,767.73
20240630105008,722.01
20240630110008,731.47
20240630111008,807.04
20240630112008,972.37
20240630113008,1038.93
20240630114008,1082.58
20240630115008,1156.44
20240630120008,1117.95
20240630121008,1104.91
20240630122008,1281.7
20240630123008,1286.08
20240630124008,1266.28
20240630125008,1280.59
20240630130008,1357.13
20240630131008,1257.23
20240630132008,1272.44
20240630133008,1233.74
20240630134008,1264.69
20240630135008,1172.39
20240630140008,1127.7
20240630141008,1223.89
20240630142008,640.32
20240630143008,344.04
20240630144008,189.04
20240630145008,159.59
20240630150008,120.37
20240630151008,112.98
20240630152008,76.45
20240630153008,30.77
20240630154008,1.19
20240630155008,21.3
20240630160008,6.99
20240630161008,30.28
20240630162008,23.05
20240630163008,40.85
20240630164008,41.51
20240630165008,24.84
20240702090008,161.12
20240702091008,279.12
20240702092008,368.55
20240702093008,343.38
20240702094008,235.24
20240702095008,478.9
20240702100008,738.41
20240702101008,346.11
20240702102008,349.55
20240702103008,149.89
20240702104008,222.16
20240702105008,109.69
20240702110008,123.54
20240702111008,324.34
20240702112008,206.11
20240702113008,242.69
20240702114008,236.87
20240702115008,220.03
20240702120008,215.04
20240702121008,164.9
20240702122008,150.73
20240702123008,55.73
20240702124008,47.06
20240702125008,33.08
20240702130008,1.72
20240702131008,1.96
20240702132008,0
20240702133008,0
20240702134008,1.08
20240702135008,4.44
20240702140008,30.3
20240702141008,24.33
20240702142008,19.08
20240702143008,10.6
20240702144008,12.16
20240702145008,0
20240702150008,0
20240702151008,0
20240702152008,0
20240702153008,0
20240702154008,0
20240702155008,0
20240702160008,0
20240702161008,0
20240702162008,0
20240702163008,0
20240702164008,0
20240702165008,0
20240812090008,156.98
20240812091008,177.86
20240812092008,278.14
20240812093008,305.87
20240812094008,391.92
20240812095008,524.79
20240812100008,549.43
20240812101008,641.56
20240812102008,655.31
20240812103008,977.51
20240812104008,813.9
20240812105008,859.5
20240812110008,992.42
20240812111008,1067.72
20240812112008,1071.64
20240812113008,1138.28
20240812114008,1237.09
20240812115008,1165.01
20240812120008,1242.11
20240812121008,1337.8
20240812122008,1329.17
20240812123008,1314.57
20240812124008,1309.06
20240812125008,1197.57
20240812130008,1269.95
20240812131008,1332.88
20240812132008,1265.55
20240812133008,1277.44
20240812134008,1169.87
20240812135008,1218.44
20240812140008,875.68
20240812141008,879.65
20240812142008,1186.59
20240812143008,1181.67
20240812144008,1108.23
20240812145008,1024.68
20240812150008,1005.99
20240812151008,641.54
20240812152008,556.41
20240812153008,360.01
20240812154008,419.69
20240812155008,157.81
20240812160008,229.95
20240812161008,206.78
20240812162008,148.32
20240812163008,135.86
20240812164008,103.4
20240812165008,147.24
20240828090008,20.57
20240828091008,0
20240828092008,0
20240828093008,72.46
20240828094008,125.81
20240828095008,290.56
20240828100008,273.74
20240828101008,339.97
20240828102008,547.7
20240828103008,640.88
20240828104008,720.67
20240828105008,683.38
20240828110008,910.58
20240828111008,1104.17
20240828112008,1229.55
20240828113008,1159.15
20240828114008,1245.61
20240828115008,1199.83
20240828120008,1327.39
20240828121008,1257.21
20240828122008,1327.62
20240828123008,1374.06
20240828124008,1372.42
20240828125008,1186.33
20240828130008,1273.1
20240828131008,1384.53
20240828132008,1139.69
20240828133008,1250
20240828134008,1090.15
20240828135008,1003.41
20240828140008,662.38
20240828141008,866.52
20240828142008,591.54
20240828143008,587.67
20240828144008,568.9
20240828145008,366.45
20240828150008,350.63
20240828151008,408.22
20240828152008,234.4
20240828153008,95.91
20240828154008,15.47
20240828155008,51.15
20240828160008,72.08
20240828161008,57.8
20240828162008,32.53
20240828163008,63.98
20240828164008,30.43
20240828165008,54.36
20240307090010,0
20240307091010,20.8
20240307092010,82.74
20240307093010,72.15
20240307094010,61.9
20240307095010,148.57
20240307100010,82.37
20240307101010,188.33
20240307102010,47.2
20240307103010,46.99
20240307104010,298.16
20240307105010,332.74
20240307110010,428.29
20240307111010,661.06
20240307112010,644.83
20240307113010,636.11
20240307114010,709.21
20240307115010,1187.88
20240307120010,1075.69
20240307121010,1021.86
20240307122010,690.2
20240307123010,1000.69
20240307124010,588.44
20240307125010,1000.34
20240307130010,684.34
20240307131010,1022.39
20240307132010,598.32
20240307133010,877.43
20240307134010,1023.35
20240307135010,706.62
20240307140010,609.21
20240307141010,461.75
20240307142010,254.44
20240307143010,153.27
20240307144010,120.47
20240307145010,124.65
20240307150010,115.94
20240307151010,121.69
20240307152010,85.67
20240307153010,81.17
20240307154010,92.6
20240307155010,43.56
20240307160010,53.69
20240307161010,3.77
20240307162010,0
20240307163010,0
20240307164010,0
20240307165010,0
20240310090010,0
20240310091010,11.93
20240310092010,0
20240310093010,0
20240310094010,0
20240310095010,28.58
20240310100010,6.69
20240310101010,51.06
20240310102010,47.59
20240310103010,86.14
20240310104010,84.1
20240310105010,538.04
20240310110010,624.81
20240310111010,727.79
20240310112010,839.33
20240310113010,1034.39
20240310114010,1052.37
20240310115010,943.16
20240310120010,1024.09
20240310121010,730.18
20240310122010,1031.1
20240310123010,841.41
20240310124010,697.77
20240310125010,594.22
20240310130010,567.53
20240310131010,454.37
20240310132010,263.88
20240310133010,89.32
20240310134010,53.48
20240310135010,86.02
20240310140010,62.54
20240310141010,73.43
20240310142010,0
20240310143010,7.45
20240310144010,0
20240310145010,0
20240310150010,0
20240310151010,0
20240310152010,0
20240310153010,0
20240310154010,18.11
20240310155010,13.93
20240310160010,8.17
20240310161010,7.15
20240310162010,0
20240310163010,22.82
20240310164010,5.03
20240310165010,17.87
20240423090010,0
20240423091010,0
20240423092010,0
20240423093010,0
20240423094010,0
20240423095010,0
20240423100010,0
20240423101010,0
20240423102010,0
20240423103010,0
20240423104010,0
20240423105010,0
20240423110010,0
20240423111010,0
20240423112010,0
20240423113010,0
20240423114010,0
20240423115010,0
20240423120010,0
20240423121010,0
20240423122010,0
20240423123010,0
20240423124010,0
20240423125010,0
20240423130010,0
20240423131010,0
20240423132010,0
20240423133010,0
20240423134010,0
20240423135010,0
20240423140010,3.95
20240423141010,14.65
20240423142010,14.68
20240423143010,28.96
20240423144010,257.4
20240423145010,127.47
20240423150010,1.1
20240423151010,5.85
20240423152010,0
20240423153010,0
20240423154010,0
20240423155010,0
20240423160010,0
20240423161010,0
20240423162010,0
20240423163010,0
20240423164010,0
20240423165010,0
20240519090010,13.57
20240519091010,0
20240519092010,0
20240519093010,47.21
20240519094010,23.16
20240519095010,45.08
20240519100010,84.03
20240519101010,430.47
20240519102010,476.65
20240519103010,563.48
20240519104010,654.95
20240519105010,753.37
20240519110010,1204.72
20240519111010,1172.92
20240519112010,988.82
20240519113010,966.44
20240519114010,961.28
20240519115010,904.4
20240519120010,927.77
20240519121010,859.46
20240519122010,753.35
20240519123010,632.88
20240519124010,579.05
20240519125010,553.58
20240519130010,456.84
20240519131010,437.02
20240519132010,216.58
20240519133010,167.94
20240519134010,89.71
20240519135010,105.36
20240519140010,107.24
20240519141010,104.82
20240519142010,51.74
20240519143010,28.46
20240519144010,30.03
20240519145010,13.7
20240519150010,0
20240519151010,0
20240519152010,0
20240519153010,0
20240519154010,0
20240519155010,0
20240519160010,0
20240519161010,0
20240519162010,0
20240519163010,1.84
20240519164010,10.37
20240519165010,7.14
20240619090010,143.25
20240619091010,160.03
20240619092010,136.97
20240619093010,159.93
20240619094010,153.54
20240619095010,106.85
20240619100010,257.12
20240619101010,431.87
20240619102010,493.08
20240619103010,613.19
20240619104010,744.49
20240619105010,877.97
20240619110010,955.61
20240619111010,989.18
20240619112010,1184.27
20240619113010,1232.4
20240619114010,1334.43
20240619115010,1320.98
20240619120010,1264.9
20240619121010,1327.53
20240619122010,1346.69
20240619123010,1191.4
20240619124010,1058.08
20240619125010,859.38
20240619130010,837.64
20240619131010,727.27
20240619132010,609.57
20240619133010,270.4
20240619134010,139.99
20240619135010,108.26
20240619140010,105.73
20240619141010,77.33
20240619142010,72.29
20240619143010,51.44
20240619144010,49.63
20240619145010,74.46
20240619150010,60.74
20240619151010,57.93
20240619152010,59.37
20240619153010,49.82
20240619154010,55.85
20240619155010,47.23
20240619160010,48.24
20240619161010,40.21
20240619162010,58.44
20240619163010,56.94
20240619164010,48.06
20240619165010,51.21
20240711090010,73.5
20240711091010,172.78
20240711092010,199.98
20240711093010,323.07
20240711094010,75.35
20240711095010,271.56
20240711100010,567.73
20240711101010,468.65
20240711102010,617.11
20240711103010,783.89
20240711104010,883.42
20240711105010,947.76
20240711110010,1141.36
20240711111010,925.51
20240711112010,1030.93
20240711113010,1039.47
20240711114010,1161.68
20240711115010,1148.36
20240711120010,1164.74
20240711121010,1136
20240711122010,1193.48
20240711123010,911.75
20240711124010,832.24
20240711125010,856.14
20240711130010,784.96
20240711131010,646.66
20240711132010,423.53
20240711133010,196.98
20240711134010,103.44
20240711135010,82.46
20240711140010,46.88
20240711141010,39.25
20240711142010,22.13
20240711143010,19.46
20240711144010,9.66
20240711145010,0.82
20240711150010,22.57
20240711151010,20
20240711152010,22.97
20240711153010,41.77
20240711154010,28.28
20240711155010,74.59
20240711160010,38.45
20240711161010,57.79
20240711162010,56.36
20240711163010,52.3
20240711164010,60.12
20240711165010,80.64
20240207090017,149.82
20240207091017,345.88
20240207092017,170.96
20240207093017,183.74
20240207094017,189.23
20240207095017,227.14
20240207100017,228.43
20240207101017,249.49
20240207102017,405.05
20240207103017,485.01
20240207104017,163.61
20240207105017,501.32
20240207110017,495.53
20240207111017,288.23
20240207112017,142.27
20240207113017,299.82
20240207114017,290.99
20240207115017,584.35
20240207120017,857.19
20240207121017,1048.12
20240207122017,1272.23
20240207123017,1217.3
20240207124017,1050.05
20240207125017,1018.97
20240207130017,996.41
20240207131017,888.12
20240207132017,587.31
20240207133017,477.5
20240207134017,499.94
20240207135017,371.77
20240207140017,311.58
20240207141017,224.41
20240207142017,109.8
20240207143017,82.81
20240207144017,77.05
20240207145017,61.51
20240207150017,49.03
20240207151017,53.27
20240207152017,47.89
20240207153017,56.86
20240207154017,53.79
20240207155017,56.66
20240207160017,36.08
20240207161017,37.58
20240207162017,33.96
20240207163017,37.27
20240207164017,36.02
20240207165017,31.44
20240224090017,0
20240224091017,21.83
20240224092017,39.9
20240224093017,93
20240224094017,188.28
20240224095017,302.95
20240224100017,303.11
20240224101017,313.67
20240224102017,589.22
20240224103017,644.45
20240224104017,709.67
20240224105017,993.31
20240224110017,1074.77
20240224111017,1098.91
20240224112017,1042.94
20240224113017,867.22
20240224114017,591.28
20240224115017,489.37
20240224120017,256.22
20240224121017,568.05
20240224122017,256.33
20240224123017,129
20240224124017,138.22
20240224125017,90.85
20240224130017,37.09
20240224131017,23.15
20240224132017,15.7
20240224133017,21.47
20240224134017,37.56
20240224135017,43.8
20240224140017,48.1
20240224141017,39.26
20240224142017,17.31
20240224143017,16.86
20240224144017,23.35
20240224145017,7.23
20240224150017,3.02
20240224151017,0
20240224152017,0
20240224153017,0
20240224154017,5.65
20240224155017,3.38
20240224160017,0
20240224161017,0
20240224162017,0
20240224163017,0
20240224164017,0
20240224165017,2.84
20240318090017,224.49
20240318091017,281.56
20240318092017,358.82
20240318093017,374.52
20240318094017,410.49
20240318095017,569.27
20240318100017,560.6
20240318101017,703.45
20240318102017,719.78
20240318103017,984.66
20240318104017,905.78
20240318105017,821.76
20240318110017,989.13
20240318111017,1045.05
20240318112017,1004.37
20240318113017,1012.19
20240318114017,1192.49
20240318115017,1137.66
20240318120017,1218.05
20240318121017,1290.44
20240318122017,1315.48
20240318123017,1285.61
20240318124017,1284.08
20240318125017,1165.46
20240318130017,1251.09
20240318131017,1306.86
20240318132017,1242.69
20240318133017,1246.86
20240318134017,1154.59
20240318135017,1206.95
20240318140017,891.66
20240318141017,922.34
20240318142017,1221.97
20240318143017,1237.17
20240318144017,1143.37
20240318145017,1066.8
20240318150017,1040.22
20240318151017,666.16
20240318152017,564.97
20240318153017,378.19
20240318154017,416.57
20240318155017,151.16
20240318160017,208.15
20240318161017,209.65
20240318162017,141.13
20240318163017,146.39
20240318164017,104.41
20240318165017,153.16
20240509090017,0
20240509091017,0
20240509092017,33.6
20240509093017,0
20240509094017,0
20240509095017,0
20240509100017,0
20240509101017,0
20240509102017,76.88
20240509103017,62.85
20240509104017,270.87
20240509105017,633.05
20240509110017,921.07
20240509111017,972.89
20240509112017,968.52
20240509113017,1009.78
20240509114017,982.69
20240509115017,883.98
20240509120017,910.09
20240509121017,1000.14
20240509122017,762.88
20240509123017,1096.27
20240509124017,760.31
20240509125017,703.65
20240509130017,729.87
20240509131017,815.85
20240509132017,1185.09
20240509133017,1131.77
20240509134017,801.56
20240509135017,633.08
20240509140017,580.86
20240509141017,435.34
20240509142017,283.15
20240509143017,207.04
20240509144017,10.22
20240509145017,0
20240509150017,0
20240509151017,15.75
20240509152017,0
20240509153017,0
20240509154017,0
20240509155017,0
20240509160017,0
20240509161017,0
20240509162017,0
20240509163017,0
20240509164017,0
20240509165017,0
20240602090017,19.11
20240602091017,59.04
20240602092017,72.78
20240602093017,26.49
20240602094017,0
20240602095017,0
20240602100017,19.63
20240602101017,44.85
20240602102017,33.87
20240602103017,44.56
20240602104017,106.88
20240602105017,159.2
20240602110017,445.54
20240602111017,407.74
20240602112017,248.49
20240602113017,224.9
20240602114017,319.37
20240602115017,450.76
20240602120017,450.64
20240602121017,201.22
20240602122017,233.47
20240602123017,161.18
20240602124017,82.91
20240602125017,121.25
20240602130017,188.65
20240602131017,57.37
20240602132017,81.85
20240602133017,50.02
20240602134017,58.15
20240602135017,21.2
20240602140017,80.19
20240602141017,56.13
20240602142017,35.25
20240602143017,22.25
20240602144017,27.05
20240602145017,0.38
20240602150017,0
20240602151017,2.42
20240602152017,0
20240602153017,0
20240602154017,0
20240602155017,0
20240602160017,0.26
20240602161017,26.13
20240602162017,0
20240602163017,0
20240602164017,0
20240602165017,0
20240604090017,62.68
20240604091017,113.8
20240604092017,124.47
20240604093017,134.62
20240604094017,134.28
20240604095017,185.22
20240604100017,211.56
20240604101017,415.75
20240604102017,534.92
20240604103017,673.28
20240604104017,722.33
20240604105017,843.54
20240604110017,996.69
20240604111017,1197.01
20240604112017,1080.74
20240604113017,990.23
20240604114017,1026.22
20240604115017,932.62
20240604120017,873.57
20240604121017,849.08
20240604122017,771.62
20240604123017,813.86
20240604124017,717.69
20240604125017,823.64
20240604130017,766.24
20240604131017,544.55
20240604132017,558.57
20240604133017,488.67
20240604134017,306.42
20240604135017,361.88
20240604140017,331.98
20240604141017,184.3
20240604142017,119.46
20240604143017,74.04
20240604144017,54.77
20240604145017,37.02
20240604150017,55.72
20240604151017,66.16
20240604152017,85.79
20240604153017,53
20240604154017,66.86
20240604155017,36.45
20240604160017,44.41
20240604161017,29.17
20240604162017,46.97
20240604163017,48.81
20240604164017,33.94
20240604165017,33.09
20240609090017,72.44
20240609091017,92.08
20240609092017,65.84
20240609093017,98.8
20240609094017,93.24
20240609095017,177.09
20240609100017,279.8
20240609101017,334.84
20240609102017,489.91
20240609103017,579.25
20240609104017,385.57
20240609105017,356.69
20240609110017,408.71
20240609111017,543.7
20240609112017,515.64
20240609113017,744.74
20240609114017,773
20240609115017,851.77
20240609120017,840.84
20240609121017,563.52
20240609122017,571.12
20240609123017,655.22
20240609124017,633.25
20240609125017,528.04
20240609130017,416.93
20240609131017,357.69
20240609132017,185.58
20240609133017,128.19
20240609134017,82.72
20240609135017,178.07
20240609140017,95.05
20240609141017,88.56
20240609142017,69.42
20240609143017,68.85
20240609144017,61.54
20240609145017,45.53
20240609150017,19.84
20240609151017,12.94
20240609152017,0
20240609153017,11.33
20240609154017,6.06
20240609155017,1.55
20240609160017,5.83
20240609161017,13.43
20240609162017,6.21
20240609163017,3.65
20240609164017,4.33
20240609165017,14.85
20240709090017,60.88
20240709091017,63.12
20240709092017,72.95
20240709093017,44.92
20240709094017,29.4
20240709095017,80.3
20240709100017,37.53
20240709101017,58.37
20240709102017,89.59
20240709103017,105.17
20240709104017,121.38
20240709105017,164.95
20240709110017,188.98
20240709111017,198.75
20240709112017,149.78
20240709113017,127.54
20240709114017,135.03
20240709115017,90.52
20240709120017,130.18
20240709121017,117.02
20240709122017,124.3
20240709123017,103.69
20240709124017,134.39
20240709125017,88.82
20240709130017,150.32
20240709131017,57.69
20240709132017,70.75
20240709133017,81.96
20240709134017,83.66
20240709135017,126.94
20240709140017,138.5
20240709141017,93.53
20240709142017,111.05
20240709143017,94.68
20240709144017,64.07
20240709145017,77.37
20240709150017,28.87
20240709151017,55.72
20240709152017,67.42
20240709153017,57.83
20240709154017,56.64
20240709155017,49.43
20240709160017,60.15
20240709161017,31.96
20240709162017,37.84
20240709163017,42.45
20240709164017,37.3
20240709165017,30.95
20240106090001,116.89
20240106091001,233.99
20240106092001,331.5
20240106093001,305.84
20240106094001,218.18
20240106095001,461.37
20240106100001,705.41
20240106101001,330.4
20240106102001,332.64
20240106103001,126.93
20240106104001,199.95
20240106105001,95.11
20240106110001,113.82
20240106111001,316.6
20240106112001,193.53
20240106113001,229.12
20240106114001,225.48
20240106115001,209.6
20240106120001,203.18
20240106121001,148.83
20240106122001,141.69
20240106123001,46.45
20240106124001,43.62
20240106125001,23.8
20240106130001,0
20240106131001,0
20240106132001,0
20240106133001,0
20240106134001,0
20240106135001,0
20240106140001,13.66
20240106141001,9.47
20240106142001,4.22
20240106143001,0
20240106144001,0
20240106145001,0
20240106150001,0
20240106151001,0
20240106152001,0
20240106153001,0
20240106154001,0
20240106155001,0
20240106160001,0
20240106161001,0
20240106162001,0
20240106163001,0
20240106164001,0
20240106165001,0
20240111090001,31.8
20240111091001,16.86
20240111092001,12.33
20240111093001,47.1
20240111094001,2.52
20240111095001,43.18
20240111100001,0
20240111101001,4.98
20240111102001,9.88
20240111103001,42.68
20240111104001,50.41
20240111105001,50.88
20240111110001,25.75
20240111111001,50.99
20240111112001,23.02
20240111113001,20.93
20240111114001,45.85
20240111115001,39.96
20240111120001,14.99
20240111121001,26.29
20240111122001,0
20240111123001,22.46
20240111124001,19.47
20240111125001,11.93
20240111130001,6.75
20240111131001,8.93
20240111132001,39.99
20240111133001,25.33
20240111134001,32.32
20240111135001,36.13
20240111140001,31.77
20240111141001,47.47
20240111142001,50.43
20240111143001,70.55
20240111144001,40.76
20240111145001,48.99
20240111150001,84.08
20240111151001,45.96
20240111152001,26.23
20240111153001,33.11
20240111154001,57.12
20240111155001,27.18
20240111160001,24.41
20240111161001,15.28
20240111162001,20.64
20240111163001,28.12
20240111164001,21.8
20240111165001,25.51
20240213090001,186.44
20240213091001,240.72
20240213092001,329.05
20240213093001,204.45
20240213094001,395.09
20240213095001,548.53
20240213100001,729.02
20240213101001,790.57
20240213102001,881.37
20240213103001,713.52
20240213104001,656.16
20240213105001,577.16
20240213110001,849.12
20240213111001,1112.79
20240213112001,1079.77
20240213113001,719.18
20240213114001,640.27
20240213115001,676.32
20240213120001,584.53
20240213121001,530.97
20240213122001,406.25
20240213123001,296.39
20240213124001,338.91
20240213125001,707.17
20240213130001,305.21
20240213131001,444.64
20240213132001,876.05
20240213133001,926.34
20240213134001,960.96
20240213135001,1194.95
20240213140001,786.38
20240213141001,657.58
20240213142001,378.15
20240213143001,217.54
20240213144001,142.6
20240213145001,62.43
20240213150001,65.98
20240213151001,104.67
20240213152001,51.49
20240213153001,28.51
20240213154001,16.08
20240213155001,0
20240213160001,0
20240213161001,0
20240213162001,2.31
20240213163001,1.27
20240213164001,19.57
20240213165001,17.66
20240508090001,140.37
20240508091001,136.41
20240508092001,230.41
20240508093001,262.66
20240508094001,234.46
20240508095001,311.94
20240508100001,428.08
20240508101001,551.62
20240508102001,619.93
20240508103001,734.28
20240508104001,835.76
20240508105001,1021.05
20240508110001,1308.27
20240508111001,1314.21
20240508112001,1347.98
20240508113001,1238.7
20240508114001,1221.28
20240508115001,1245.54
20240508120001,1254.67
20240508121001,1267.5
20240508122001,1323.18
20240508123001,1082.06
20240508124001,1063.25
20240508125001,1087.67
20240508130001,1046.83
20240508131001,812.46
20240508132001,716.71
20240508133001,591.98
20240508134001,489.23
20240508135001,263.79
20240508140001,280.36
20240508141001,261.91
20240508142001,141.95
20240508143001,181.28
20240508144001,57.82
20240508145001,74.55
20240508150001,62.38
20240508151001,46.54
20240508152001,43.03
20240508153001,88.01
20240508154001,71.99
20240508155001,95.42
20240508160001,76.58
20240508161001,62.2
20240508162001,57.32
20240508163001,47.81
20240508164001,46.59
20240508165001,25.05
20240510090001,0
20240510091001,0
20240510092001,0
20240510093001,0
20240510094001,0
20240510095001,0
20240510100001,0
20240510101001,0
20240510102001,0
20240510103001,0
20240510104001,1.25
20240510105001,0
20240510110001,0
20240510111001,9.55
20240510112001,0
20240510113001,23.93
20240510114001,3.37
20240510115001,32.44
20240510120001,20.21
20240510121001,17.57
20240510122001,0
20240510123001,0
20240510124001,0
20240510125001,0
20240510130001,5.52
20240510131001,0
20240510132001,0
20240510133001,0
20240510134001,0
20240510135001,0
20240510140001,0
20240510141001,0
20240510142001,0
20240510143001,0
20240510144001,0
20240510145001,0
20240510150001,0
20240510151001,0
20240510152001,0
20240510153001,0
20240510154001,0
20240510155001,0
20240510160001,0
20240510161001,0
20240510162001,0
20240510163001,0
20240510164001,0
20240510165001,0
20240524090001,0
20240524091001,0
20240524092001,0
20240524093001,0
20240524094001,0
20240524095001,0
20240524100001,0
20240524101001,0
20240524102001,0
20240524103001,0
20240524104001,0
20240524105001,0
20240524110001,0
20240524111001,0
20240524112001,0
20240524113001,0
20240524114001,0
20240524115001,0
20240524120001,0
20240524121001,0
20240524122001,0
20240524123001,137.19
20240524124001,169.41
20240524125001,196.53
20240524130001,209.15
20240524131001,255.5
20240524132001,26.66
20240524133001,237.73
20240524134001,292.04
20240524135001,392.18
20240524140001,17.88
20240524141001,12.76
20240524142001,5.82
20240524143001,0
20240524144001,0
20240524145001,0
20240524150001,0
20240524151001,0
20240524152001,0
20240524153001,0
20240524154001,0
20240524155001,0
20240524160001,0
20240524161001,0
20240524162001,5.64
20240524163001,1.07
20240524164001,0
20240524165001,0
20240623090001,0
20240623091001,0
20240623092001,0
20240623093001,0
20240623094001,0
20240623095001,0
20240623100001,0
20240623101001,0
20240623102001,0
20240623103001,0
20240623104001,2.9
20240623105001,0
20240623110001,21.83
20240623111001,50.68
20240623112001,55.91
20240623113001,9.49
20240623114001,16.02
20240623115001,47.08
20240623120001,55.93
20240623121001,0
20240623122001,3.7
20240623123001,0
20240623124001,0
20240623125001,0
20240623130001,0
20240623131001,0
20240623132001,0
20240623133001,0
20240623134001,0
20240623135001,28.57
20240623140001,37.25
20240623141001,18.17
20240623142001,18.7
20240623143001,6.45
20240623144001,2.09
20240623145001,27.86
20240623150001,2.76
20240623151001,12.28
20240623152001,12.13
20240623153001,15.71
20240623154001,6.06
20240623155001,0
20240623160001,0
20240623161001,6.29
20240623162001,27.36
20240623163001,37.6
20240623164001,0
20240623165001,42.28
20240627090001,0
20240627091001,28.7
20240627092001,91.41
20240627093001,82.04
20240627094001,88.71
20240627095001,141.11
20240627100001,117.66
20240627101001,220.76
20240627102001,79.8
20240627103001,105.91
20240627104001,355.64
20240627105001,355.61
20240627110001,494.85
20240627111001,710.09
20240627112001,701.55
20240627113001,688.9
20240627114001,737.72
20240627115001,1170.82
20240627120001,1075.52
20240627121001,1020.89
20240627122001,695.36
20240627123001,1002.88
20240627124001,594.59
20240627125001,1006.09
20240627130001,681.2
20240627131001,1025.35
20240627132001,598.18
20240627133001,869.06
20240627134001,1030.76
20240627135001,705.97
20240627140001,609.23
20240627141001,459.45
20240627142001,258.16
20240627143001,156.49
20240627144001,121.6
20240627145001,128.9
20240627150001,125.41
20240627151001,123.63
20240627152001,78.35
20240627153001,83.85
20240627154001,92.38
20240627155001,46.46
20240627160001,56.37
20240627161001,1.84
20240627162001,0
20240627163001,0
20240627164001,0
20240627165001,0
20240713090001,0
20240713091001,18.73
20240713092001,0
20240713093001,0
20240713094001,0
20240713095001,24.83
20240713100001,0
20240713101001,40.58
20240713102001,51.42
20240713103001,86.4
20240713104001,79.3
20240713105001,498.03
20240713110001,710.59
20240713111001,726.54
20240713112001,854.1
20240713113001,1134.47
20240713114001,1063.81
20240713115001,1032.11
20240713120001,1034.59
20240713121001,735.25
20240713122001,1042.07
20240713123001,850.16
20240713124001,708.99
20240713125001,604.3
20240713130001,566.61
20240713131001,457.6
20240713132001,259.42
20240713133001,99.27
20240713134001,56.6
20240713135001,88.78
20240713140001,62.57
20240713141001,72.91
20240713142001,0.01
20240713143001,8.14
20240713144001,3.41
20240713145001,0
20240713150001,0
20240713151001,0
20240713152001,0
20240713153001,0.65
20240713154001,27.11
20240713155001,18.89
20240713160001,12.69
20240713161001,15.32
20240713162001,1.84
20240713163001,32.27
20240713164001,8.76
20240713165001,25.1
20240715090001,0
20240715091001,0
20240715092001,0
20240715093001,0
20240715094001,0
20240715095001,0
20240715100001,0
20240715101001,0
20240715102001,0
20240715103001,9.15
20240715104001,20.17
20240715105001,26.05
20240715110001,49.1
20240715111001,51.05
20240715112001,28.21
20240715113001,0
20240715114001,0
20240715115001,0
20240715120001,0
20240715121001,0
20240715122001,0
20240715123001,0
20240715124001,0
20240715125001,0
20240715130001,0
20240715131001,0
20240715132001,0
20240715133001,0
20240715134001,0
20240715135001,0
20240715140001,0
20240715141001,0
20240715142001,0
20240715143001,0
20240715144001,0
20240715145001,0
20240715150001,0
20240715151001,0
20240715152001,0
20240715153001,0
20240715154001,0
20240715155001,0
20240715160001,0.79
20240715161001,14.1
20240715162001,0
20240715163001,12.46
20240715164001,0
20240715165001,0
20240927090004,28.45
20240927091004,53.19
20240927092004,56.95
20240927093004,36.9
20240927094004,59.47
20240927095004,72.63
20240927100004,190.32
20240927101004,204.23
20240927102004,222.8
20240927103004,292.97
20240927104004,429.48
20240927105004,688.97
20240927110004,731.93
20240927111004,783.71
20240927112004,701.8
20240927113004,597.34
20240927114004,637.41
20240927115004,608.81
20240927120004,620.43
20240927121004,601.16
20240927122004,558.78
20240927123004,556.41
20240927124004,321.59
20240927125004,276.34
20240927130004,537.87
20240927131004,513.34
20240927132004,507.61
20240927133004,424.72
20240927134004,502.17
20240927135004,424.86
20240927140004,466.11
20240927141004,302.79
20240927142004,235.92
20240927143004,237.37
20240927144004,158.55
20240927145004,223.8
20240927150004,160.16
20240927151004,141.73
20240927152004,84.19
20240927153004,109.28
20240927154004,77.5
20240927155004,100.75
20240927160004,63.75
20240927161004,0
20240927162004,0
20240927163004,0
20240927164004,21.66
20240927165004,43.6
20241018090004,0
20241018091004,0
20241018092004,0
20241018093004,0
20241018094004,0
20241018095004,0
20241018100004,0
20241018101004,31.32
20241018102004,55.73
20241018103004,32.68
20241018104004,121.86
20241018105004,157.27
20241018110004,178.37
20241018111004,162.31
20241018112004,191.45
20241018113004,173.52
20241018114004,112.21
20241018115004,117.23
20241018120004,134.36
20241018121004,123.52
20241018122004,88.02
20241018123004,79.9
20241018124004,57.65
20241018125004,68.53
20241018130004,73.58
20241018131004,37.23
20241018132004,33.39
20241018133004,61.09
20241018134004,27.7
20241018135004,56.92
20241018140004,42.92
20241018141004,41.84
20241018142004,0
20241018143004,0
20241018144004,0
20241018145004,0
20241018150004,0
20241018151004,0
20241018152004,0
20241018153004,0
20241018154004,0
20241018155004,0
20241018160004,0
20241018161004,0
20241018162004,0
20241018163004,0
20241018164004,0
20241018165004,0
20240918090007,10.11
20240918091007,29.45
20240918092007,39.3
20240918093007,80.78
20240918094007,136.06
20240918095007,191.46
20240918100007,0
20240918101007,95.21
20240918102007,40.22
20240918103007,198.68
20240918104007,236.7
20240918105007,74.91
20240918110007,101.41
20240918111007,52.54
20240918112007,0
20240918113007,0
20240918114007,0
20240918115007,0
20240918120007,0
20240918121007,0
20240918122007,0
20240918123007,0
20240918124007,0
20240918125007,0
20240918130007,0
20240918131007,0
20240918132007,45.88
20240918133007,17.87
20240918134007,0
20240918135007,0
20240918140007,0
20240918141007,0
20240918142007,0
20240918143007,0
20240918144007,0
20240918145007,0
20240918150007,0
20240918151007,0
20240918152007,0
20240918153007,0
20240918154007,0
20240918155007,0
20240918160007,0
20240918161007,0
20240918162007,0
20240918163007,0
20240918164007,0
20240918165007,0
20240920090007,0
20240920091007,0
20240920092007,0
20240920093007,0
20240920094007,0
20240920095007,11.74
20240920100007,29.23
20240920101007,69.64
20240920102007,40.23
20240920103007,34.4
20240920104007,18.73
20240920105007,3.71
20240920110007,30
20240920111007,24.51
20240920112007,51.38
20240920113007,50.45
20240920114007,34.53
20240920115007,39.98
20240920120007,38.82
20240920121007,0
20240920122007,4.4
20240920123007,0
20240920124007,19.77
20240920125007,7.83
20240920130007,29.77
20240920131007,0
20240920132007,3.39
20240920133007,5.67
20240920134007,0
20240920135007,30.21
20240920140007,64.97
20240920141007,57.81
20240920142007,1.67
20240920143007,2.07
20240920144007,23.44
20240920145007,11.66
20240920150007,0
20240920151007,0
20240920152007,0
20240920153007,0
20240920154007,0
20240920155007,0
20240920160007,2.49
20240920161007,0
20240920162007,0
20240920163007,0
20240920164007,0
20240920165007,0
20241016090007,4.59
20241016091007,3.79
20241016092007,25.7
20241016093007,41.14
20241016094007,62.57
20241016095007,331.1
20241016100007,491.64
20241016101007,571.59
20241016102007,842.56
20241016103007,823.31
20241016104007,809.76
20241016105007,968.34
20241016110007,951.87
20241016111007,939.33
20241016112007,1052.95
20241016113007,1228.34
20241016114007,1359.38
20241016115007,1244.45
20241016120007,1324.56
20241016121007,1351.22
20241016122007,1338.55
20241016123007,1323.81
20241016124007,918.75
20241016125007,975.2
20241016130007,1310.18
20241016131007,1317.19
20241016132007,1321.68
20241016133007,1211.44
20241016134007,1187.39
20241016135007,1056.26
20241016140007,782.01
20241016141007,688.61
20241016142007,634.94
20241016143007,525.57
20241016144007,412.03
20241016145007,273.76
20241016150007,216.77
20241016151007,151.29
20241016152007,103.16
20241016153007,143.09
20241016154007,107.67
20241016155007,72
20241016160007,68.47
20241016161007,2.02
20241016162007,11.4
20241016163007,48.72
20241016164007,29.05
20241016165007,19.99
20240922090008,118.03
20240922091008,314.65
20240922092008,297.41
20240922093008,158.34
20240922094008,258.88
20240922095008,642.19
20240922100008,406.65
20240922101008,317.81
20240922102008,445.55
20240922103008,528.45
20240922104008,528.79
20240922105008,475.35
20240922110008,519.6
20240922111008,569.64
20240922112008,590.8
20240922113008,341.06
20240922114008,309.36
20240922115008,427.63
20240922120008,324.5
20240922121008,312.4
20240922122008,313.46
20240922123008,353.52
20240922124008,291.33
20240922125008,280.09
20240922130008,205.2
20240922131008,144.11
20240922132008,75.29
20240922133008,70.07
20240922134008,103.37
20240922135008,112.44
20240922140008,85.11
20240922141008,86.18
20240922142008,82.2
20240922143008,79.37
20240922144008,61.11
20240922145008,47.88
20240922150008,47.33
20240922151008,48.79
20240922152008,56.39
20240922153008,52.77
20240922154008,45.64
20240922155008,50.51
20240922160008,39.32
20240922161008,54.83
20240922162008,63.59
20240922163008,68.36
20240922164008,29.89
20240922165008,29.88
20240928090008,11.61
20240928091008,40.12
20240928092008,41.51
20240928093008,52.16
20240928094008,48
20240928095008,67.62
20240928100008,209.22
20240928101008,212.03
20240928102008,222.04
20240928103008,194.27
20240928104008,165.02
20240928105008,207.6
20240928110008,272.04
20240928111008,493.46
20240928112008,162.94
20240928113008,192.28
20240928114008,148.91
20240928115008,195.76
20240928120008,218.32
20240928121008,193.55
20240928122008,202.6
20240928123008,135.95
20240928124008,184.46
20240928125008,240.37
20240928130008,191.15
20240928131008,272.5
20240928132008,322.78
20240928133008,245.18
20240928134008,116.3
20240928135008,141.5
20240928140008,110.83
20240928141008,117.12
20240928142008,52.17
20240928143008,12.87
20240928144008,16.99
20240928145008,0
20240928150008,0
20240928151008,0
20240928152008,13.75
20240928153008,13.77
20240928154008,17.96
20240928155008,5.3
20240928160008,42.87
20240928161008,12.04
20240928162008,34.16
20240928163008,27.7
20240928164008,28.25
20240928165008,43.19
20241011090008,49.93
20241011091008,49.47
20241011092008,44.55
20241011093008,58.67
20241011094008,85.28
20241011095008,79.21
20241011100008,54.85
20241011101008,71.5
20241011102008,71.36
20241011103008,81.54
20241011104008,89.59
20241011105008,57.58
20241011110008,80.09
20241011111008,74.98
20241011112008,75.39
20241011113008,61.55
20241011114008,39.44
20241011115008,48.42
20241011120008,42.18
20241011121008,46.13
20241011122008,43.96
20241011123008,9.59
20241011124008,39.79
20241011125008,19.66
20241011130008,26.09
20241011131008,25.05
20241011132008,20.53
20241011133008,44.49
20241011134008,58.62
20241011135008,42.71
20241011140008,42.25
20241011141008,43.17
20241011142008,35.74
20241011143008,25.57
20241011144008,34.7
20241011145008,85.47
20241011150008,56.57
20241011151008,61.68
20241011152008,23.61
20241011153008,58.69
20241011154008,60.37
20241011155008,78.17
20241011160008,56.02
20241011161008,61.49
20241011162008,87.26
20241011163008,81.81
20241011164008,76.05
20241011165008,56.22
20241016090008,37.26
20241016091008,32.22
20241016092008,26
20241016093008,15.92
20241016094008,10.91
20241016095008,0.18
20241016100008,3.05
20241016101008,5.81
20241016102008,1.48
20241016103008,0
20241016104008,0
20241016105008,0
20241016110008,0
20241016111008,15.63
20241016112008,0
20241016113008,0
20241016114008,0
20241016115008,0
20241016120008,0
20241016121008,0
20241016122008,0
20241016123008,0
20241016124008,0
20241016125008,0
20241016130008,0
20241016131008,0
20241016132008,0
20241016133008,0
20241016134008,0
20241016135008,23.28
20241016140008,12.75
20241016141008,17.95
20241016142008,26.53
20241016143008,13.05
20241016144008,27.28
20241016145008,34.88
20241016150008,24.79
20241016151008,24.64
20241016152008,21.33
20241016153008,47.57
20241016154008,39.67
20241016155008,39.4
20241016160008,23.21
20241016161008,30.99
20241016162008,37
20241016163008,30.59
20241016164008,14.6
20241016165008,15.36
20241018090008,10.67
20241018091008,17.13
20241018092008,0.11
20241018093008,12.81
20241018094008,54.48
20241018095008,136.74
20241018100008,143.3
20241018101008,230.46
20241018102008,203.33
20241018103008,165.84
20241018104008,243.56
20241018105008,228.61
20241018110008,256.48
20241018111008,203.15
20241018112008,175.64
20241018113008,115.79
20241018114008,59.63
20241018115008,109.91
20241018120008,148.46
20241018121008,90.37
20241018122008,66.67
20241018123008,39.91
20241018124008,98.4
20241018125008,85.84
20241018130008,50.41
20241018131008,78.21
20241018132008,40.86
20241018133008,49.79
20241018134008,39.47
20241018135008,62.29
20241018140008,49.36
20241018141008,60.15
20241018142008,19.06
20241018143008,27.9
20241018144008,24.71
20241018145008,22.38
20241018150008,16.33
20241018151008,19.42
20241018152008,31.25
20241018153008,30.06
20241018154008,20.42
20241018155008,11.88
20241018160008,6.36
20241018161008,10.61
20241018162008,14.75
20241018163008,17.81
20241018164008,20.17
20241018165008,19.79
20241028090008,240.38
20241028091008,305.98
20241028092008,384.11
20241028093008,437.4
20241028094008,499.41
20241028095008,298.18
20241028100008,374.23
20241028101008,297.43
20241028102008,12.62
20241028103008,132.66
20241028104008,101.53
20241028105008,161.22
20241028110008,202.12
20241028111008,237.74
20241028112008,216.55
20241028113008,231.99
20241028114008,280.27
20241028115008,173.49
20241028120008,213.63
20241028121008,150.18
20241028122008,127.6
20241028123008,104.69
20241028124008,118.59
20241028125008,140.82
20241028130008,48.04
20241028131008,29.41
20241028132008,50.13
20241028133008,36.06
20241028134008,103.85
20241028135008,66.92
20241028140008,33.61
20241028141008,49.44
20241028142008,71.63
20241028143008,37.1
20241028144008,31.37
20241028145008,23.1
20241028150008,17.97
20241028151008,0
20241028152008,8.29
20241028153008,5.82
20241028154008,0
20241028155008,2.34
20241028160008,2.69
20241028161008,0
20241028162008,0
20241028163008,0
20241028164008,0
20241028165008,0
20240922090009,29.24
20240922091009,45.09
20240922092009,9.55
20240922093009,28.28
20240922094009,0
20240922095009,0
20240922100009,0
20240922101009,0
20240922102009,13.7
20240922103009,40.12
20240922104009,34.25
20240922105009,66.36
20240922110009,109.96
20240922111009,149.84
20240922112009,150.32
20240922113009,53.31
20240922114009,42.89
20240922115009,77.84
20240922120009,185.42
20240922121009,216.28
20240922122009,248.13
20240922123009,329.55
20240922124009,353.47
20240922125009,445.2
20240922130009,477.24
20240922131009,478.65
20240922132009,580.12
20240922133009,220.03
20240922134009,52.08
20240922135009,173.76
20240922140009,250.95
20240922141009,298.73
20240922142009,208.5
20240922143009,123.38
20240922144009,140
20240922145009,99.48
20240922150009,83.28
20240922151009,71.92
20240922152009,93.12
20240922153009,80.86
20240922154009,65.68
20240922155009,54.79
20240922160009,90.79
20240922161009,77.7
20240922162009,60.87
20240922163009,66.86
20240922164009,64.71
20240922165009,69.59
20240928090009,99.99
20240928091009,148.26
20240928092009,260.35
20240928093009,301.14
20240928094009,325.42
20240928095009,359.07
20240928100009,475.52
20240928101009,607.27
20240928102009,643.14
20240928103009,967.97
20240928104009,979.83
20240928105009,1124.05
20240928110009,1121.57
20240928111009,1161.41
20240928112009,1344.39
20240928113009,1110.97
20240928114009,1172.38
20240928115009,1172.12
20240928120009,1255.17
20240928121009,1163.1
20240928122009,955.7
20240928123009,927.88
20240928124009,952.75
20240928125009,894.66
20240928130009,905.5
20240928131009,834.84
20240928132009,842.53
20240928133009,883.37
20240928134009,633.08
20240928135009,644.71
20240928140009,698.61
20240928141009,512.8
20240928142009,420.13
20240928143009,382.13
20240928144009,182.84
20240928145009,86.75
20240928150009,64.28
20240928151009,61.29
20240928152009,40.57
20240928153009,38.2
20240928154009,43.76
20240928155009,18.72
20240928160009,25.6
20240928161009,5.89
20240928162009,6.71
20240928163009,0
20240928164009,9.8
20240928165009,11.62
20240920090010,162.18
20240920091010,196.18
20240920092010,137.58
20240920093010,329.54
20240920094010,441.2
20240920095010,573.45
20240920100010,615.53
20240920101010,665.61
20240920102010,878.75
20240920103010,904.67
20240920104010,960.09
20240920105010,1101.13
20240920110010,1210.68
20240920111010,1130.5
20240920112010,1150.06
20240920113010,1219.79
20240920114010,1218.67
20240920115010,1238.8
20240920120010,1194.76
20240920121010,1244.5
20240920122010,1310.83
20240920123010,1287.6
20240920124010,1274.02
20240920125010,1228.38
20240920130010,1273.02
20240920131010,1318.56
20240920132010,1343.34
20240920133010,1396.48
20240920134010,1211.42
20240920135010,883
20240920140010,797.68
20240920141010,648.5
20240920142010,587.32
20240920143010,449
20240920144010,283.88
20240920145010,168.19
20240920150010,186.95
20240920151010,187.78
20240920152010,192.71
20240920153010,217.36
20240920154010,151.9
20240920155010,37.26
20240920160010,126.86
20240920161010,152.69
20240920162010,150.62
20240920163010,114.04
20240920164010,101.2
20240920165010,114.47
20240928090010,140.37
20240928091010,136.41
20240928092010,230.41
20240928093010,262.66
20240928094010,234.46
20240928095010,311.94
20240928100010,428.08
20240928101010,551.62
20240928102010,619.93
20240928103010,734.28
20240928104010,835.76
20240928105010,1021.05
20240928110010,1308.27
20240928111010,1314.21
20240928112010,1347.98
20240928113010,1238.7
20240928114010,1221.28
20240928115010,1245.54
20240928120010,1254.67
20240928121010,1267.5
20240928122010,1323.18
20240928123010,1082.06
20240928124010,1063.25
20240928125010,1087.67
20240928130010,1046.83
20240928131010,812.46
20240928132010,716.71
20240928133010,591.98
20240928134010,489.23
20240928135010,263.79
20240928140010,280.36
20240928141010,261.91
20240928142010,141.95
20240928143010,181.28
20240928144010,57.82
20240928145010,74.55
20240928150010,62.38
20240928151010,46.54
20240928152010,43.03
20240928153010,88.01
20240928154010,71.99
20240928155010,95.42
20240928160010,76.58
20240928161010,62.2
20240928162010,57.32
20240928163010,47.81
20240928164010,46.59
20240928165010,25.05
20240919090012,148.75
20240919091012,166.47
20240919092012,266.63
20240919093012,291.39
20240919094012,355.97
20240919095012,504.28
20240919100012,524.67
20240919101012,621.68
20240919102012,640.22
20240919103012,965.02
20240919104012,829
20240919105012,867.1
20240919110012,999.33
20240919111012,1074.64
20240919112012,1072.22
20240919113012,1144.67
20240919114012,1241.08
20240919115012,1169.57
20240919120012,1245.85
20240919121012,1335.2
20240919122012,1347.56
20240919123012,1325.1
20240919124012,1318.92
20240919125012,1216.15
20240919130012,1295.73
20240919131012,1358.48
20240919132012,1279.87
20240919133012,1278.22
20240919134012,1180.03
20240919135012,1233.45
20240919140012,889.71
20240919141012,899.59
20240919142012,1207.95
20240919143012,1211.16
20240919144012,1131.42
20240919145012,1047.11
20240919150012,1014.98
20240919151012,650.53
20240919152012,550.1
20240919153012,352.83
20240919154012,406.04
20240919155012,140.22
20240919160012,205.36
20240919161012,190.62
20240919162012,135.98
20240919163012,121.48
20240919164012,86.32
20240919165012,127.08
20240923090012,70.76
20240923091012,100.91
20240923092012,199.06
20240923093012,221.15
20240923094012,245.25
20240923095012,409.51
20240923100012,576.65
20240923101012,722.38
20240923102012,807.82
20240923103012,842.8
20240923104012,1006.99
20240923105012,1154.01
20240923110012,1210.45
20240923111012,1331.4
20240923112012,1333.05
20240923113012,1171.16
20240923114012,1241.56
20240923115012,1131.01
20240923120012,1228.45
20240923121012,1259.05
20240923122012,1358.99
20240923123012,1262.84
20240923124012,1276.74
20240923125012,1253.53
20240923130012,1326.82
20240923131012,1287.33
20240923132012,1384.05
20240923133012,1306.56
20240923134012,1313.32
20240923135012,1242.53
20240923140012,1345.51
20240923141012,1310.23
20240923142012,1316.88
20240923143012,1116.29
20240923144012,1089.38
20240923145012,916.75
20240923150012,908.29
20240923151012,683.15
20240923152012,634.59
20240923153012,338.65
20240923154012,117.06
20240923155012,36.87
20240923160012,100.77
20240923161012,90.81
20240923162012,48.6
20240923163012,71.12
20240923164012,39.58
20240923165012,74.6
20241002090012,83.78
20241002091012,108.09
20241002092012,109.99
20241002093012,146.45
20241002094012,75.42
20241002095012,207.18
20241002100012,353.22
20241002101012,537.27
20241002102012,765.48
20241002103012,1068.38
20241002104012,1211.05
20241002105012,1337.48
20241002110012,1340.37
20241002111012,1524.81
20241002112012,1544.6
20241002113012,1584.73
20241002114012,1167.86
20241002115012,1010.79
20241002120012,1082.53
20241002121012,1172.69
20241002122012,1154.47
20241002123012,1221.6
20241002124012,1501.62
20241002125012,1547.2
20241002130012,1547.51
20241002131012,1239.92
20241002132012,1271.87
20241002133012,1305.36
20241002134012,1268.81
20241002135012,1152.33
20241002140012,1069.17
20241002141012,1080.24
20241002142012,1010.04
20241002143012,1060.33
20241002144012,1204.21
20241002145012,784.49
20241002150012,656.45
20241002151012,477.78
20241002152012,183.3
20241002153012,111.35
20241002154012,145.12
20241002155012,82.25
20241002160012,182.99
20241002161012,50.55
20241002162012,84.53
20241002163012,108.59
20241002164012,53.49
20241002165012,37.71
