serial_no,power_mw
<<<<<<< HEAD
20240117090001,166.27
20240117091001,150.74
20240117092001,134.6
20240117093001,118.84
20240117094001,156.14
20240117095001,200.02
20240117100001,308.48
20240117101001,316.99
20240117102001,335.11
20240117103001,343.96
20240117104001,367.62
20240117105001,361.48
20240117110001,355.21
20240117111001,379.58
20240117112001,372.06
20240117113001,370.55
20240117114001,365.06
20240117115001,321.09
20240117120001,296.49
20240117121001,334.46
20240117122001,391.49
20240117123001,335.4
20240117124001,344.12
20240117125001,353.31
20240117130001,346.52
20240117131001,240.72
20240117132001,148.07
20240117133001,169.72
20240117134001,212.23
20240117135001,149.35
20240117140001,115.82
20240117141001,113.69
20240117142001,100.84
20240117143001,84.37
20240117144001,62.09
20240117145001,59.94
20240117150001,57.14
20240117151001,62.7
20240117152001,48.37
20240117153001,29.52
20240117154001,25.35
20240117155001,31.42
20240117160001,30.21
20240117161001,31.59
20240117162001,27.98
20240117163001,35.74
20240117164001,46.72
20240117165001,57
20240119090001,32.39
20240119091001,40.68
20240119092001,44.76
20240119093001,48.74
20240119094001,46.11
20240119095001,36.64
20240119100001,25.32
20240119101001,35.78
20240119102001,29.92
20240119103001,29.92
20240119104001,32.63
20240119105001,29.59
20240119110001,48.77
20240119111001,52.21
20240119112001,57.06
20240119113001,35.63
20240119114001,63.16
20240119115001,45.21
20240119120001,36.59
20240119121001,35.96
20240119122001,59.99
20240119123001,45.92
20240119124001,38.26
20240119125001,43.26
20240119130001,47.44
20240119131001,35.75
20240119132001,22.54
20240119133001,20.32
20240119134001,57.7
20240119135001,63.26
20240119140001,30.58
20240119141001,35.53
20240119142001,39.25
20240119143001,38.56
20240119144001,17.9
20240119145001,45.28
20240119150001,47.4
20240119151001,46.57
20240119152001,42.06
20240119153001,52.17
20240119154001,52.64
20240119155001,43.02
20240119160001,20.85
20240119161001,42.81
20240119162001,36.69
20240119163001,19.3
20240119164001,17.34
20240119165001,15.25
20240224090001,32.05
20240224091001,31.12
20240224092001,35.81
20240224093001,35.82
20240224094001,31.1
20240224095001,39.04
20240224100001,80.06
20240224101001,125.04
20240224102001,131.68
20240224103001,125.12
20240224104001,137.05
20240224105001,91.22
20240224110001,58.44
20240224111001,49.84
20240224112001,62.64
20240224113001,42.7
20240224114001,29.31
20240224115001,20.34
20240224120001,24.46
20240224121001,31.11
20240224122001,40.64
20240224123001,127.78
20240224124001,132.44
20240224125001,137.74
20240224130001,134.9
20240224131001,144.42
20240224132001,125.78
20240224133001,432.41
20240224134001,144.89
20240224135001,113.15
20240224140001,161.07
20240224141001,95.67
20240224142001,92.34
20240224143001,74.88
20240224144001,61.36
20240224145001,78.35
20240224150001,51.62
20240224151001,62.48
20240224152001,33.69
20240224153001,16.04
20240224154001,33.94
20240224155001,31.85
20240224160001,19.37
20240224161001,31.25
20240224162001,18.17
20240224163001,13.36
20240224164001,23.54
20240224165001,16.42
20240226090001,82.56
20240226091001,76.78
20240226092001,58.89
20240226093001,108.89
20240226094001,65
20240226095001,114.43
20240226100001,151.06
20240226101001,161.3
20240226102001,143.94
20240226103001,231.3
20240226104001,193.16
20240226105001,236.36
20240226110001,206.09
20240226111001,203.27
20240226112001,224.06
20240226113001,235.12
20240226114001,646.28
20240226115001,690.31
20240226120001,269.59
20240226121001,255.74
20240226122001,253.2
20240226123001,267.63
20240226124001,248.68
20240226125001,752.28
20240226130001,371.08
20240226131001,265.15
20240226132001,273.2
20240226133001,191.84
20240226134001,193.63
20240226135001,224.72
20240226140001,477.48
20240226141001,697.95
20240226142001,511.44
20240226143001,61.02
20240226144001,82.35
20240226145001,67.75
20240226150001,77.3
20240226151001,27.92
20240226152001,48.34
20240226153001,48.68
20240226154001,41.24
20240226155001,30.28
20240226160001,13.23
20240226161001,6.87
20240226162001,7.57
20240226163001,0
20240226164001,0
20240226165001,0
20240327090001,86.97
20240327091001,204.2
20240327092001,190.67
20240327093001,327.56
20240327094001,321.26
20240327095001,378.6
20240327100001,354.54
20240327101001,349.6
20240327102001,379.02
20240327103001,390.84
20240327104001,388.92
20240327105001,523.43
20240327110001,517.16
20240327111001,523.79
20240327112001,552.02
20240327113001,614.2
20240327114001,719.69
20240327115001,1301.32
20240327120001,1338.07
20240327121001,1285.15
20240327122001,1077.44
20240327123001,940.08
20240327124001,977.86
20240327125001,1112.13
20240327130001,873.24
20240327131001,541.26
20240327132001,231.63
20240327133001,93
20240327134001,43.38
20240327135001,16.5
20240327140001,22.8
20240327141001,78.87
20240327142001,57.43
20240327143001,49.59
20240327144001,54.36
20240327145001,60.18
20240327150001,86.42
20240327151001,35.42
20240327152001,63.8
20240327153001,76.28
20240327154001,30.24
20240327155001,37.95
20240327160001,41.69
20240327161001,5.3
20240327162001,28.01
20240327163001,81.03
20240327164001,68.68
20240327165001,61.76
20240329090001,43.06
20240329091001,33.05
20240329092001,37.54
20240329093001,119.56
20240329094001,39.7
20240329095001,34.33
20240329100001,28.09
20240329101001,20
20240329102001,14.34
20240329103001,19.2
20240329104001,13.59
20240329105001,13.19
20240329110001,15.21
20240329111001,14.34
20240329112001,22.64
20240329113001,12.18
20240329114001,10.66
20240329115001,12.57
20240329120001,13.94
20240329121001,23.94
20240329122001,28.48
20240329123001,28.14
20240329124001,29.73
20240329125001,21.86
20240329130001,15.66
20240329131001,24.8
20240329132001,5.21
20240329133001,0
20240329134001,3.14
20240329135001,5.18
20240329140001,2.23
20240329141001,4.34
20240329142001,0.7
20240329143001,1.54
20240329144001,2.3
20240329145001,1.33
20240329150001,22.72
20240329151001,0
20240329152001,9.52
20240329153001,6.24
20240329154001,8.13
20240329155001,2.69
20240329160001,14.61
20240329161001,1.84
20240329162001,0.44
20240329163001,4.66
20240329164001,0
20240329165001,1.47
20240428090001,14.92
20240428091001,38.42
20240428092001,43.21
20240428093001,18.1
20240428094001,19.09
20240428095001,13.71
20240428100001,17.49
20240428101001,35.94
20240428102001,31.56
20240428103001,29.01
20240428104001,35.24
20240428105001,25.09
20240428110001,8.21
20240428111001,20.7
20240428112001,33.78
20240428113001,31.8
20240428114001,35.77
20240428115001,18.66
20240428120001,24.85
20240428121001,18.26
20240428122001,7.16
20240428123001,30.47
20240428124001,23.16
20240428125001,29.2
20240428130001,38.13
20240428131001,36.88
20240428132001,37.33
20240428133001,32.9
20240428134001,38.69
20240428135001,12.09
20240428140001,13.58
20240428141001,7.96
20240428142001,17.04
20240428143001,13.22
20240428144001,14.7
20240428145001,10.61
20240428150001,8.38
20240428151001,4.64
20240428152001,0
20240428153001,5.96
20240428154001,6.07
20240428155001,9.45
20240428160001,32.76
20240428161001,3.72
20240428162001,6.22
20240428163001,3.6
20240428164001,5.58
20240428165001,3.86
20240430090001,85.97
20240430091001,80.24
20240430092001,75.67
20240430093001,63.85
20240430094001,147.29
20240430095001,153.22
20240430100001,217.84
20240430101001,311.25
20240430102001,344.29
20240430103001,704.46
20240430104001,751.32
20240430105001,602.64
20240430110001,725.4
20240430111001,411.98
20240430112001,277.38
20240430113001,167.87
20240430114001,184.92
20240430115001,187.78
20240430120001,248.2
20240430121001,270.6
20240430122001,255.83
20240430123001,242.25
20240430124001,202.23
20240430125001,205.94
20240430130001,173.16
20240430131001,55.05
20240430132001,37.71
20240430133001,36.94
20240430134001,28.84
20240430135001,36.44
20240430140001,38.95
20240430141001,33.99
20240430142001,21.2
20240430143001,8.34
20240430144001,5.11
20240430145001,4.07
20240430150001,6.32
20240430151001,4.38
20240430152001,6.75
20240430153001,3.12
20240430154001,2.03
20240430155001,2.62
20240430160001,8.41
20240430161001,0.78
20240430162001,2.84
20240430163001,2.19
20240430164001,3.24
20240430165001,0.22
20240515090001,33.58
20240515091001,24.14
20240515092001,36.45
20240515093001,9.99
20240515094001,10.45
20240515095001,20.71
20240515100001,0
20240515101001,5.16
20240515102001,18.07
20240515103001,6.35
20240515104001,4.84
20240515105001,21.57
20240515110001,28.94
20240515111001,1.87
20240515112001,5.22
20240515113001,11.06
20240515114001,17.56
20240515115001,22.68
20240515120001,67.84
20240515121001,92.03
20240515122001,74.64
20240515123001,14.15
20240515124001,37.54
20240515125001,20.06
20240515130001,31.03
20240515131001,37.38
20240515132001,23.55
20240515133001,29.91
20240515134001,25.9
20240515135001,11
20240515140001,6.58
20240515141001,5.81
20240515142001,4.78
20240515143001,7.6
20240515144001,3.3
20240515145001,18.72
20240515150001,42.74
20240515151001,25.15
20240515152001,22.82
20240515153001,38.24
20240515154001,13.93
20240515155001,23.3
20240515160001,25.64
20240515161001,37.72
20240515162001,37.89
20240515163001,45.35
20240515164001,39.88
20240515165001,36.99
20240520090001,129.09
20240520091001,119.53
20240520092001,124.94
20240520093001,24.35
20240520094001,18.02
20240520095001,13.2
20240520100001,20.42
20240520101001,27.79
20240520102001,133.54
20240520103001,102.75
20240520104001,185.09
20240520105001,204
20240520110001,226.88
20240520111001,578.64
20240520112001,703.03
20240520113001,171.38
20240520114001,138.94
20240520115001,176.84
20240520120001,187.26
20240520121001,165.22
20240520122001,149.65
20240520123001,130.88
20240520124001,132.05
20240520125001,81.75
20240520130001,75.34
20240520131001,53.3
20240520132001,54.44
20240520133001,29.64
20240520134001,72.31
20240520135001,64.75
20240520140001,55.7
20240520141001,57.87
20240520142001,56.67
20240520143001,111.23
20240520144001,80.53
20240520145001,68.68
20240520150001,79.6
20240520151001,130.52
20240520152001,72.28
20240520153001,41.77
20240520154001,42.8
20240520155001,58.68
20240520160001,88.71
20240520161001,67.29
20240520162001,30.42
20240520163001,14.65
20240520164001,21.94
20240520165001,26.55
20240613090001,327.47
20240613091001,404.24
20240613092001,428.61
20240613093001,429.46
20240613094001,477.65
20240613095001,672.04
20240613100001,745.36
20240613101001,809.04
20240613102001,879.59
20240613103001,923.6
20240613104001,887.14
20240613105001,1027.58
20240613110001,1042.13
20240613111001,982.36
20240613112001,1085.7
20240613113001,1084.55
20240613114001,1314.59
20240613115001,984.04
20240613120001,1305.93
20240613121001,1254.64
20240613122001,1304.16
20240613123001,1196.75
20240613124001,1149.72
20240613125001,938.78
20240613130001,874.31
20240613131001,884.84
20240613132001,899.97
20240613133001,1065.12
20240613134001,1160.41
20240613135001,1177.74
20240613140001,1047.99
20240613141001,683.08
20240613142001,658.39
20240613143001,626.66
20240613144001,454.32
20240613145001,409.12
20240613150001,214.17
20240613151001,178.08
20240613152001,183.71
20240613153001,129.52
20240613154001,83.64
20240613155001,66.33
20240613160001,53.45
20240613161001,25.54
20240613162001,50.4
20240613163001,49.28
20240613164001,38.34
20240613165001,48.35
20240615090001,131.57
20240615091001,43.75
20240615092001,83.27
20240615093001,76.32
20240615094001,50.62
20240615095001,73.17
20240615100001,134.06
20240615101001,132.24
20240615102001,49.83
20240615103001,62.7
20240615104001,56.22
20240615105001,55.6
20240615110001,72.02
20240615111001,57.1
20240615112001,67.33
20240615113001,55.19
20240615114001,61.41
20240615115001,79.4
20240615120001,74.35
20240615121001,85.34
20240615122001,76.17
20240615123001,76.53
20240615124001,39.1
20240615125001,42.17
20240615130001,42.68
20240615131001,35.08
20240615132001,32.22
20240615133001,23.52
20240615134001,10.29
20240615135001,14.8
20240615140001,15.52
20240615141001,10.06
20240615142001,3.78
20240615143001,2.49
20240615144001,0
20240615145001,0
20240615150001,15.96
20240615151001,3.23
20240615152001,14.67
20240615153001,29.6
20240615154001,38.9
20240615155001,43.15
20240615160001,49.81
20240615161001,48.26
20240615162001,39.49
20240615163001,38.75
20240615164001,41.37
20240615165001,11.93
20240703090001,498.37
20240703091001,480.64
20240703092001,476.06
20240703093001,478.26
20240703094001,547.51
20240703095001,394.76
20240703100001,702.13
20240703101001,510.6
20240703102001,909.48
20240703103001,931.41
20240703104001,1018.02
20240703105001,1008.85
20240703110001,564.01
20240703111001,1032.77
20240703112001,573.4
20240703113001,1080.69
20240703114001,1051.23
20240703115001,879.14
20240703120001,916.88
20240703121001,943.38
20240703122001,882.87
20240703123001,899.22
20240703124001,1257.72
20240703125001,874.33
20240703130001,1012.64
20240703131001,846.73
20240703132001,867.44
20240703133001,326.31
20240703134001,322.79
20240703135001,115.27
20240703140001,141.15
20240703141001,121.85
20240703142001,46.42
20240703143001,42.9
20240703144001,61.34
20240703145001,72.72
20240703150001,83.98
20240703151001,80.12
20240703152001,65.04
20240703153001,57.7
20240703154001,64.49
20240703155001,74.6
20240703160001,71.75
20240703161001,64.11
20240703162001,57.14
20240703163001,32.41
20240703164001,33.62
20240703165001,37.58
20240707090001,353.69
20240707091001,337.34
20240707092001,340.68
20240707093001,367.65
20240707094001,273.2
20240707095001,372.42
20240707100001,376.09
20240707101001,644.76
20240707102001,481.62
20240707103001,464.76
20240707104001,558.82
20240707105001,702.83
20240707110001,839.2
20240707111001,657.4
20240707112001,796.08
20240707113001,1269.86
20240707114001,1140.54
20240707115001,1233.68
20240707120001,1325.38
20240707121001,1251.55
20240707122001,1266.56
20240707123001,1280.73
20240707124001,1129.07
20240707125001,1161.68
20240707130001,1081.6
20240707131001,1017.01
20240707132001,1027.2
20240707133001,1002.38
20240707134001,797.28
20240707135001,578.68
20240707140001,588.4
20240707141001,366.05
20240707142001,161.09
20240707143001,145.55
20240707144001,119.78
20240707145001,98.96
20240707150001,78.39
20240707151001,67.67
20240707152001,55.35
20240707153001,52.22
20240707154001,36.41
20240707155001,35.37
20240707160001,45.45
20240707161001,27.67
20240707162001,23.17
20240707163001,32.83
20240707164001,34.06
20240707165001,30.82
20240125090002,207.67
20240125091002,176.39
20240125092002,181.4
20240125093002,168.18
20240125094002,148.78
20240125095002,113.12
20240125100002,159.42
20240125101002,168.81
20240125102002,162.72
20240125103002,165.43
20240125104002,186.69
20240125105002,172.38
20240125110002,178.32
20240125111002,186.62
20240125112002,178.92
20240125113002,170.5
20240125114002,184.76
20240125115002,186.51
20240125120002,179.31
20240125121002,167.74
20240125122002,176.68
20240125123002,172.82
20240125124002,100.88
20240125125002,91.2
20240125130002,171.13
20240125131002,87.97
20240125132002,65.36
20240125133002,66.11
20240125134002,89.8
20240125135002,78.78
20240125140002,88.26
20240125141002,88.93
20240125142002,84.54
20240125143002,80.4
20240125144002,85.24
20240125145002,94.26
20240125150002,116.5
20240125151002,84.14
20240125152002,75.57
20240125153002,59.24
20240125154002,62.15
20240125155002,56.94
20240125160002,49.78
20240125161002,47.02
20240125162002,49.19
20240125163002,32.41
20240125164002,27.62
20240125165002,26.6
20240128090002,30.41
20240128091002,53.79
20240128092002,39.73
20240128093002,64.44
20240128094002,65.65
20240128095002,125.27
20240128100002,74.75
20240128101002,58.38
20240128102002,64.1
20240128103002,61.83
20240128104002,62.2
20240128105002,69.86
20240128110002,62.91
20240128111002,82.46
20240128112002,89.9
20240128113002,121.88
20240128114002,149.66
20240128115002,94.39
20240128120002,74.06
20240128121002,63.53
20240128122002,72.85
20240128123002,73.32
20240128124002,69.84
20240128125002,108.44
20240128130002,103.06
20240128131002,102.11
20240128132002,51.61
20240128133002,46.45
20240128134002,39.65
20240128135002,38.61
20240128140002,29.28
20240128141002,36.23
20240128142002,31.49
20240128143002,15.54
20240128144002,10.08
20240128145002,4.54
20240128150002,4.21
20240128151002,2.18
20240128152002,0.08
20240128153002,1.4
20240128154002,3.66
20240128155002,11.05
20240128160002,6.98
20240128161002,5.26
20240128162002,5.61
20240128163002,7.27
20240128164002,7.46
20240128165002,13.46
20240213090002,21.74
20240213091002,9.06
20240213092002,32.27
20240213093002,45.08
20240213094002,11.87
20240213095002,4.75
20240213100002,129.57
20240213101002,82.98
20240213102002,575.19
20240213103002,166.41
20240213104002,116.28
20240213105002,228.82
20240213110002,246.83
20240213111002,320.57
20240213112002,918.14
20240213113002,917.93
20240213114002,937
20240213115002,786.42
20240213120002,761.93
20240213121002,723.54
20240213122002,809.08
20240213123002,831.55
20240213124002,1062.04
20240213125002,1291.82
20240213130002,1267.51
20240213131002,1231.89
20240213132002,1192.97
20240213133002,1127.62
20240213134002,1312.74
20240213135002,996.73
20240213140002,1004.14
20240213141002,660.2
20240213142002,697.36
20240213143002,188.73
20240213144002,112.61
20240213145002,58.68
20240213150002,64.44
20240213151002,54.93
20240213152002,44.38
20240213153002,40.86
20240213154002,49.3
20240213155002,78.88
20240213160002,44.56
20240213161002,43.92
20240213162002,41.99
20240213163002,22.07
20240213164002,10.89
20240213165002,7.54
20240226090002,253.55
20240226091002,273.33
20240226092002,273.07
20240226093002,672.28
20240226094002,590.07
20240226095002,575.34
20240226100002,515.16
20240226101002,769.22
20240226102002,787.93
20240226103002,847.02
20240226104002,887.58
20240226105002,912.2
20240226110002,960.48
20240226111002,1070.25
20240226112002,1140.27
20240226113002,1274.77
20240226114002,1322.61
20240226115002,1428.6
20240226120002,1375.18
20240226121002,1377.51
20240226122002,1356.92
20240226123002,1282.52
20240226124002,1263.79
20240226125002,1196.26
20240226130002,1217.65
20240226131002,1138.01
20240226132002,1221.28
20240226133002,1138.5
20240226134002,1208.12
20240226135002,1164.62
20240226140002,1296.57
20240226141002,1341.88
20240226142002,1305.03
20240226143002,1287.11
20240226144002,1237.96
20240226145002,1160.62
20240226150002,302.95
20240226151002,323.26
20240226152002,208.59
20240226153002,183.6
20240226154002,202.42
20240226155002,126.29
20240226160002,121.92
20240226161002,117.69
20240226162002,127.22
20240226163002,112.18
20240226164002,115.88
20240226165002,147.2
20240319090002,372.77
20240319091002,368.47
20240319092002,406.1
20240319093002,758.43
20240319094002,757.94
20240319095002,828.62
20240319100002,915.34
20240319101002,1037.22
20240319102002,950.34
20240319103002,1065.84
20240319104002,1189.1
20240319105002,1215.55
20240319110002,1273.04
20240319111002,1375.28
20240319112002,1313.35
20240319113002,1339.68
20240319114002,1353.65
20240319115002,1378.89
20240319120002,1321.94
20240319121002,1349.93
20240319122002,1242.12
20240319123002,1348.52
20240319124002,931.29
20240319125002,1152.04
20240319130002,1177.11
20240319131002,1161.61
20240319132002,1182.22
20240319133002,1130.28
20240319134002,1127.38
20240319135002,881.86
20240319140002,796.33
20240319141002,732.43
20240319142002,635.95
20240319143002,881.29
20240319144002,868.95
20240319145002,682.68
20240319150002,642.48
20240319151002,455.99
20240319152002,273.78
20240319153002,197.2
20240319154002,68.7
20240319155002,114.72
20240319160002,58.02
20240319161002,46.37
20240319162002,43
20240319163002,29.28
20240319164002,23.95
20240319165002,19.53
20240427090002,432.8
20240427091002,437.86
20240427092002,464.74
20240427093002,436.22
20240427094002,785.65
20240427095002,881.34
20240427100002,987.18
20240427101002,999.88
20240427102002,829.97
20240427103002,838.81
20240427104002,1082.85
20240427105002,1134.28
20240427110002,1311.16
20240427111002,1307.24
20240427112002,1308.72
20240427113002,1289.48
20240427114002,1334.85
20240427115002,1420.59
20240427120002,1520.29
20240427121002,1533.3
20240427122002,1423.08
20240427123002,1425.16
20240427124002,1425.43
20240427125002,1438.22
20240427130002,1444.72
20240427131002,1348.23
20240427132002,1438.61
20240427133002,1372.89
20240427134002,1387.01
20240427135002,1157.24
20240427140002,1248.36
20240427141002,903.79
20240427142002,861.96
20240427143002,575.19
20240427144002,395.22
20240427145002,219.77
20240427150002,154.75
20240427151002,205.22
20240427152002,254.02
20240427153002,226.4
20240427154002,118.24
20240427155002,67.38
20240427160002,85.18
20240427161002,80.05
20240427162002,78.09
20240427163002,80.89
20240427164002,73.87
20240427165002,44.91
20240508090002,408.16
20240508091002,447.65
20240508092002,530.72
20240508093002,585.23
20240508094002,705.93
20240508095002,448.1
20240508100002,411.09
20240508101002,439.96
20240508102002,481.43
20240508103002,496.92
20240508104002,936.4
20240508105002,949.76
20240508110002,955.44
20240508111002,1025.44
20240508112002,1145.28
20240508113002,1264.87
20240508114002,1425.76
20240508115002,1461.39
20240508120002,1501.15
20240508121002,1253.97
20240508122002,1333.46
20240508123002,1334.1
20240508124002,1322.85
20240508125002,1338.13
20240508130002,1356.1
20240508131002,1314.12
20240508132002,1291.63
20240508133002,1237.04
20240508134002,1276.61
20240508135002,1181.07
20240508140002,1222.49
20240508141002,1233.2
20240508142002,1063.13
20240508143002,982.6
20240508144002,1186.12
20240508145002,1167.41
20240508150002,1285.53
20240508151002,806.22
20240508152002,512.96
20240508153002,297.12
20240508154002,389.65
20240508155002,173.22
20240508160002,168.92
20240508161002,104.9
20240508162002,80.62
20240508163002,65.1
20240508164002,89.47
20240508165002,115.11
20240705090002,467.16
20240705091002,441.47
20240705092002,435.38
20240705093002,432.68
20240705094002,633.34
20240705095002,834.26
20240705100002,640.22
20240705101002,584.74
20240705102002,705.14
20240705103002,868.96
20240705104002,1087.63
20240705105002,1059.27
20240705110002,1335.99
20240705111002,1421.16
20240705112002,1475.86
20240705113002,1355.06
20240705114002,1328.73
20240705115002,1247.43
20240705120002,1333.8
20240705121002,1305.73
20240705122002,1389.18
20240705123002,1306.22
20240705124002,1290.43
20240705125002,1288.52
20240705130002,1199.93
20240705131002,1243.7
20240705132002,1220.83
20240705133002,1222.39
20240705134002,1261.03
20240705135002,1341.53
20240705140002,1286.38
20240705141002,1282.76
20240705142002,1291.74
20240705143002,1246.23
20240705144002,1261.73
20240705145002,1140.12
20240705150002,951.74
20240705151002,584.24
20240705152002,464.36
20240705153002,332.68
20240705154002,241.2
20240705155002,160.94
20240705160002,157.87
20240705161002,126.54
20240705162002,93.18
20240705163002,95.51
20240705164002,69.66
20240705165002,87.88
20240707090002,429.38
20240707091002,427.25
20240707092002,410.38
20240707093002,466.66
20240707094002,461.99
20240707095002,614.92
20240707100002,736.38
20240707101002,591.98
20240707102002,641.37
20240707103002,618.68
20240707104002,975.34
20240707105002,989.33
20240707110002,1175.72
20240707111002,1318.72
20240707112002,1216.24
20240707113002,1418.62
20240707114002,1370.54
20240707115002,1382.75
20240707120002,1317.16
20240707121002,1292.14
20240707122002,1179.7
20240707123002,1205.41
20240707124002,1198.83
20240707125002,1195.21
20240707130002,1168.22
20240707131002,1153.07
20240707132002,1088.76
20240707133002,1087.95
20240707134002,938.28
20240707135002,994
20240707140002,990.88
20240707141002,827.1
20240707142002,647.51
20240707143002,605.18
20240707144002,500.4
20240707145002,338.08
20240707150002,151.76
20240707151002,143.4
20240707152002,176.6
20240707153002,226.1
20240707154002,310.02
20240707155002,110.18
20240707160002,102.58
20240707161002,101.25
20240707162002,47.48
20240707163002,51.78
20240707164002,49.94
20240707165002,40.42
20240317090003,398
20240317091003,445.53
20240317092003,421.2
20240317093003,553.9
20240317094003,731.16
20240317095003,570.58
20240317100003,302.72
20240317101003,636.62
20240317102003,630.58
20240317103003,782.68
20240317104003,911.43
20240317105003,1032.65
20240317110003,1027.24
20240317111003,1163.26
20240317112003,1427.62
20240317113003,1414.61
20240317114003,1432.21
20240317115003,1426.9
20240317120003,1464.2
20240317121003,1426.34
20240317122003,1469.11
20240317123003,1483.79
20240317124003,1437.73
20240317125003,1389.67
20240317130003,1440.72
20240317131003,1446.68
20240317132003,1123.68
20240317133003,1216.93
20240317134003,1225.16
20240317135003,1280.96
20240317140003,1086.82
20240317141003,1131.16
20240317142003,812.1
20240317143003,685.8
20240317144003,670.16
20240317145003,489.86
20240317150003,467.44
20240317151003,414.14
20240317152003,288
20240317153003,150.42
20240317154003,119.78
20240317155003,202.65
20240317160003,154.56
20240317161003,149.24
20240317162003,98.26
20240317163003,125.12
20240317164003,103.28
20240317165003,105.02
20240414090003,9.9
20240414091003,3.6
20240414092003,6.3
20240414093003,5.1
20240414094003,4.76
20240414095003,6.44
20240414100003,14.82
20240414101003,1.94
20240414102003,2.48
20240414103003,2.3
20240414104003,14.56
20240414105003,23.34
20240414110003,43.35
20240414111003,43.93
20240414112003,38.39
20240414113003,33.54
20240414114003,34.95
20240414115003,25.46
20240414120003,37.33
20240414121003,26.59
20240414122003,34.98
20240414123003,31.66
20240414124003,31.02
20240414125003,9.01
20240414130003,12.55
20240414131003,12.48
20240414132003,11.97
20240414133003,8.04
20240414134003,15.17
20240414135003,7.26
20240414140003,13.13
20240414141003,11.24
20240414142003,12.66
20240414143003,11.85
20240414144003,10.71
20240414145003,12.2
20240414150003,14.86
20240414151003,11.53
20240414152003,9.77
20240414153003,8.8
20240414154003,10.2
20240414155003,9.26
20240414160003,9.25
20240414161003,14.11
20240414162003,11.44
20240414163003,13.82
20240414164003,17
20240414165003,21.8
20240524090003,17.65
20240524091003,24.72
20240524092003,15.25
20240524093003,13.16
20240524094003,16.94
20240524095003,17.36
20240524100003,5.18
20240524101003,6.36
20240524102003,15.93
20240524103003,11.27
20240524104003,10.83
20240524105003,18.28
20240524110003,14.43
20240524111003,10.34
20240524112003,13.29
20240524113003,18.96
20240524114003,20.17
20240524115003,33.12
20240524120003,27.04
20240524121003,26.96
20240524122003,26.02
20240524123003,9.59
20240524124003,7.14
20240524125003,7.42
20240524130003,6.62
20240524131003,10.24
20240524132003,8.39
20240524133003,9.43
20240524134003,10.44
20240524135003,16.11
20240524140003,0
20240524141003,8.09
20240524142003,11.28
20240524143003,11.2
20240524144003,14.39
20240524145003,21.38
20240524150003,20.52
20240524151003,7.34
20240524152003,0
20240524153003,0
20240524154003,2.65
20240524155003,7.02
20240524160003,24.06
20240524161003,26.81
20240524162003,28.82
20240524163003,26.52
20240524164003,25.62
20240524165003,24.5
20240526090003,86.53
20240526091003,208.34
20240526092003,187.92
20240526093003,317.19
20240526094003,321.19
20240526095003,375.63
20240526100003,353.34
20240526101003,349.6
20240526102003,379.02
20240526103003,390.84
20240526104003,386.76
20240526105003,523.43
20240526110003,517.16
20240526111003,523.79
20240526112003,548.42
20240526113003,614.2
20240526114003,725.9
20240526115003,1301.32
20240526120003,1338.07
20240526121003,1285.37
20240526122003,1077.44
20240526123003,940.08
20240526124003,977.6
20240526125003,1112.13
20240526130003,873.24
20240526131003,541.26
20240526132003,231.63
20240526133003,93
20240526134003,43.31
20240526135003,16.5
20240526140003,22.8
20240526141003,78.46
20240526142003,57.43
20240526143003,49.59
20240526144003,54.36
20240526145003,60.02
20240526150003,86.42
20240526151003,35.42
20240526152003,63.61
20240526153003,76.1
20240526154003,30.06
20240526155003,37.95
20240526160003,41.69
20240526161003,5.3
20240526162003,28.01
20240526163003,81.03
20240526164003,68.68
20240526165003,61.76
20240603090003,14.92
20240603091003,38.42
20240603092003,43.21
20240603093003,18.1
20240603094003,19.09
20240603095003,13.65
20240603100003,17.49
20240603101003,35.85
20240603102003,31.56
20240603103003,29.01
20240603104003,35.24
20240603105003,24.82
20240603110003,8.64
20240603111003,20.7
20240603112003,35.86
20240603113003,31.45
20240603114003,35.77
20240603115003,18.73
20240603120003,24.85
20240603121003,18.26
20240603122003,7.61
20240603123003,30.47
20240603124003,23.16
20240603125003,27.22
20240603130003,38.13
20240603131003,36.98
20240603132003,37.2
20240603133003,32.92
20240603134003,38.75
20240603135003,12.11
20240603140003,13.58
20240603141003,7.96
20240603142003,17.06
20240603143003,13.29
20240603144003,14.7
20240603145003,10.61
20240603150003,8.38
20240603151003,4.64
20240603152003,0
20240603153003,5.96
20240603154003,6.07
20240603155003,9.43
20240603160003,32.76
20240603161003,3.72
20240603162003,6.22
20240603163003,3.6
20240603164003,5.58
20240603165003,3.86
20240620090003,0
20240620091003,3.66
20240620092003,1.55
20240620093003,3.27
20240620094003,2.62
20240620095003,1.36
20240620100003,1.57
20240620101003,0.16
20240620102003,1.7
20240620103003,5.86
20240620104003,4.54
20240620105003,4.36
20240620110003,0
20240620111003,5.54
20240620112003,5.05
20240620113003,9.43
20240620114003,2.74
20240620115003,0
20240620120003,6.32
20240620121003,20.61
20240620122003,10.06
20240620123003,6.97
20240620124003,4.78
20240620125003,5.3
20240620130003,1.39
20240620131003,2.52
20240620132003,0
20240620133003,3.4
20240620134003,4.1
20240620135003,15.07
20240620140003,16.77
20240620141003,7.96
20240620142003,5.81
20240620143003,0.32
20240620144003,1.22
20240620145003,1.41
20240620150003,1.66
20240620151003,7.22
20240620152003,3.57
20240620153003,5.7
20240620154003,3.71
20240620155003,8.45
20240620160003,13.37
20240620161003,10.07
20240620162003,15.14
20240620163003,10.69
20240620164003,10.01
20240620165003,8.21
20240420090004,54.75
20240420091004,58.26
20240420092004,34.98
20240420093004,38.32
20240420094004,71.59
20240420095004,87.48
20240420100004,59.16
20240420101004,73.88
20240420102004,61.2
20240420103004,70.2
20240420104004,62
20240420105004,68.24
20240420110004,56.42
20240420111004,47.02
20240420112004,50.35
20240420113004,43.55
20240420114004,47.75
20240420115004,45.23
20240420120004,49.5
20240420121004,45.39
20240420122004,46.24
20240420123004,45.92
20240420124004,44.53
20240420125004,48.6
20240420130004,154.2
20240420131004,129.8
20240420132004,127.54
20240420133004,152.7
20240420134004,144.04
20240420135004,133.49
20240420140004,123.57
20240420141004,128.59
20240420142004,132.01
20240420143004,45.58
20240420144004,75.24
20240420145004,44.91
20240420150004,36.94
20240420151004,35.58
20240420152004,30.63
20240420153004,36.44
20240420154004,43.95
20240420155004,38.68
20240420160004,43.66
20240420161004,27.54
20240420162004,8.85
20240420163004,9.53
20240420164004,10.43
20240420165004,17.39
20240422090004,134.8
20240422091004,45.78
20240422092004,81.39
20240422093004,76.32
20240422094004,51.62
20240422095004,67.06
20240422100004,129.64
20240422101004,135.36
20240422102004,60.05
20240422103004,62.54
20240422104004,56.22
20240422105004,57.61
20240422110004,72.02
20240422111004,56.85
20240422112004,66.58
20240422113004,53.84
20240422114004,61.22
20240422115004,84.69
20240422120004,74.2
20240422121004,91.11
20240422122004,74.4
20240422123004,80.24
20240422124004,39.1
20240422125004,42.17
20240422130004,42.68
20240422131004,35.08
20240422132004,32
20240422133004,23.74
20240422134004,10.29
20240422135004,14.85
20240422140004,15.52
20240422141004,10.06
20240422142004,3.78
20240422143004,2.49
20240422144004,0
20240422145004,0
20240422150004,15.96
20240422151004,3.34
20240422152004,14.67
20240422153004,29.6
20240422154004,38.9
20240422155004,43.17
20240422160004,49.81
20240422161004,48.26
20240422162004,39.49
20240422163004,38.75
20240422164004,41.37
20240422165004,11.94
20240513090004,439.84
20240513091004,425.53
20240513092004,465.19
20240513093004,493.01
20240513094004,649.09
20240513095004,755.17
20240513100004,533.11
20240513101004,466.19
20240513102004,621.38
20240513103004,780.19
20240513104004,1139.53
20240513105004,1132.47
20240513110004,1177.22
20240513111004,1269.51
20240513112004,1252.78
20240513113004,1241.23
20240513114004,1251.35
20240513115004,1060.14
20240513120004,1144.89
20240513121004,1195.96
20240513122004,1360.14
20240513123004,1478.82
20240513124004,1500.51
20240513125004,1521.45
20240513130004,1464.19
20240513131004,1437.68
20240513132004,1513.66
20240513133004,1507.89
20240513134004,1348.42
20240513135004,1289.71
20240513140004,1363.71
20240513141004,1328.61
20240513142004,969.02
20240513143004,1063.89
20240513144004,1116.15
20240513145004,810.13
20240513150004,803.88
20240513151004,739.5
20240513152004,568.22
20240513153004,373.55
20240513154004,230.11
20240513155004,125.08
20240513160004,118.2
20240513161004,87.41
20240513162004,90.31
20240513163004,84.88
20240513164004,61.98
20240513165004,53.79
20240515090004,467.16
20240515091004,441.47
20240515092004,435.38
20240515093004,432.68
20240515094004,641.1
20240515095004,834.26
20240515100004,640.1
20240515101004,584.74
20240515102004,705.14
20240515103004,855.62
20240515104004,1087.63
20240515105004,1059.27
20240515110004,1335.99
20240515111004,1421.07
20240515112004,1475.86
20240515113004,1355.06
20240515114004,1328.73
20240515115004,1247.43
20240515120004,1333.8
20240515121004,1305.66
20240515122004,1389.12
20240515123004,1304.97
20240515124004,1278.59
20240515125004,1277.88
20240515130004,1200.26
20240515131004,1243.7
20240515132004,1220.55
20240515133004,1221.61
20240515134004,1259.8
20240515135004,1342.99
20240515140004,1288.09
20240515141004,1284.39
20240515142004,1293.38
20240515143004,1258.24
20240515144004,1263.47
20240515145004,1129.56
20240515150004,963.2
20240515151004,595.59
20240515152004,464.58
20240515153004,332.68
20240515154004,239.11
20240515155004,162.74
20240515160004,156.79
20240515161004,125.22
20240515162004,91.86
20240515163004,95.51
20240515164004,69.66
20240515165004,87.88
20240629090004,75.18
20240629091004,58.18
20240629092004,54.22
20240629093004,63.29
20240629094004,58.44
20240629095004,58.48
20240629100004,77.81
20240629101004,134.1
20240629102004,259.36
20240629103004,582.9
20240629104004,648.82
20240629105004,797.64
20240629110004,837.38
20240629111004,872.03
20240629112004,662.75
20240629113004,575.54
20240629114004,658.44
20240629115004,835.53
20240629120004,1051.47
20240629121004,673.38
20240629122004,519.79
20240629123004,531.81
20240629124004,435.38
20240629125004,387.45
20240629130004,284.21
20240629131004,234.73
20240629132004,124.34
20240629133004,103.62
20240629134004,48.67
20240629135004,39.94
20240629140004,20.06
20240629141004,14.67
20240629142004,23.7
20240629143004,7.47
20240629144004,4.34
20240629145004,17.92
20240629150004,14.66
20240629151004,2
20240629152004,7.62
20240629153004,0
20240629154004,4.8
20240629155004,4.59
20240629160004,1.57
20240629161004,3.56
20240629162004,2.9
20240629163004,4.38
20240629164004,1.39
20240629165004,0
20240704090004,60
20240704091004,68.33
20240704092004,64.94
20240704093004,73.55
20240704094004,83.78
20240704095004,103.84
20240704100004,104.68
20240704101004,214.55
20240704102004,444.35
20240704103004,519.58
20240704104004,821.24
20240704105004,916.36
20240704110004,1323.16
20240704111004,1342.65
20240704112004,1357.15
20240704113004,1248.1
20240704114004,1311.26
20240704115004,1140.47
20240704120004,1148.61
20240704121004,919.29
20240704122004,482.41
20240704123004,477.12
20240704124004,467.6
20240704125004,510.86
20240704130004,547.32
20240704131004,469.56
20240704132004,654.62
20240704133004,541.58
20240704134004,277.9
20240704135004,245.22
20240704140004,187.69
20240704141004,102.48
20240704142004,73.13
20240704143004,57.83
20240704144004,49.56
20240704145004,65.36
20240704150004,63.06
20240704151004,56.12
20240704152004,63.17
20240704153004,42.44
20240704154004,47.69
20240704155004,52.47
20240704160004,61
20240704161004,52.2
20240704162004,58.65
20240704163004,40.22
20240704164004,23.14
20240704165004,20.62
20240509090005,37.82
20240509091005,57.43
20240509092005,42.48
20240509093005,52.52
20240509094005,58.66
20240509095005,58.09
20240509100005,54.94
20240509101005,50.11
20240509102005,60.29
20240509103005,57.19
20240509104005,62.29
20240509105005,70.3
20240509110005,66
20240509111005,75.25
20240509112005,65.24
20240509113005,110.7
20240509114005,146.7
20240509115005,95.12
20240509120005,74.73
20240509121005,64.83
20240509122005,73.78
20240509123005,72.4
20240509124005,70.36
20240509125005,107.58
20240509130005,100.05
20240509131005,101.63
20240509132005,51.92
20240509133005,47.62
20240509134005,40.69
20240509135005,38.88
20240509140005,30.47
20240509141005,36.76
20240509142005,31.9
20240509143005,15.71
20240509144005,8.36
20240509145005,4.82
20240509150005,4.42
20240509151005,2.27
20240509152005,0
20240509153005,1.38
20240509154005,3.9
20240509155005,11.39
20240509160005,7.58
20240509161005,5.98
20240509162005,5.8
20240509163005,7.36
20240509164005,7.5
20240509165005,13.56
20240514090005,60.76
20240514091005,62.82
20240514092005,66.95
20240514093005,87.89
20240514094005,106.84
20240514095005,141.16
20240514100005,118.34
20240514101005,112.2
20240514102005,85.02
20240514103005,58.31
20240514104005,46.18
20240514105005,66.72
20240514110005,40.51
20240514111005,91.47
20240514112005,78.6
20240514113005,78.11
20240514114005,80.69
20240514115005,79.38
20240514120005,82.98
20240514121005,80.67
20240514122005,65.91
20240514123005,55.98
20240514124005,55.18
20240514125005,56.48
20240514130005,54.92
20240514131005,50.38
20240514132005,48.79
20240514133005,49.81
20240514134005,48.53
20240514135005,47.86
20240514140005,59.71
20240514141005,60.47
20240514142005,61.48
20240514143005,59.73
20240514144005,56.74
20240514145005,55.93
20240514150005,43.17
20240514151005,19.44
20240514152005,14.62
20240514153005,12.31
20240514154005,36.08
20240514155005,38.3
20240514160005,19.27
20240514161005,19.45
20240514162005,18.01
20240514163005,21.27
20240514164005,19.14
20240514165005,19.53
20240615090005,46.14
20240615091005,52.09
20240615092005,50.59
20240615093005,38.15
20240615094005,69.57
20240615095005,68.02
20240615100005,80.53
20240615101005,81.17
20240615102005,80.94
20240615103005,75.03
20240615104005,79.55
20240615105005,78.55
20240615110005,74.15
20240615111005,77.06
20240615112005,75.21
20240615113005,25.55
20240615114005,41.19
20240615115005,40.44
20240615120005,40.04
20240615121005,40.42
20240615122005,48.15
20240615123005,40.06
20240615124005,41.82
20240615125005,44.34
20240615130005,46.94
20240615131005,48.64
20240615132005,38
20240615133005,38.11
20240615134005,30.58
20240615135005,34.05
20240615140005,31.48
20240615141005,39.57
20240615142005,35.92
20240615143005,38.83
20240615144005,33.56
20240615145005,12.12
20240615150005,14.87
20240615151005,7.3
20240615152005,6.07
20240615153005,5
20240615154005,8.72
20240615155005,5.75
20240615160005,6.96
20240615161005,5.9
20240615162005,3.69
20240615163005,4.72
20240615164005,2.84
20240615165005,5.43
20240620090005,461.94
20240620091005,407.45
20240620092005,252.76
20240620093005,405.8
20240620094005,427.21
20240620095005,586.85
20240620100005,659.28
20240620101005,623.26
20240620102005,639.1
20240620103005,785.38
20240620104005,864.32
20240620105005,1134.38
20240620110005,1282.09
20240620111005,1341.2
20240620112005,1257.7
20240620113005,1228.24
20240620114005,1273.3
20240620115005,1246.84
20240620120005,1277.52
20240620121005,1255.55
20240620122005,1266.92
20240620123005,1357.45
20240620124005,1367.88
20240620125005,1292.2
20240620130005,1260.82
20240620131005,1165.56
20240620132005,1196.31
20240620133005,1149.37
20240620134005,1047.14
20240620135005,985.03
20240620140005,976.48
20240620141005,973.3
20240620142005,1126.68
20240620143005,919.16
20240620144005,641.21
20240620145005,214.93
20240620150005,96.26
20240620151005,54.91
20240620152005,41.7
20240620153005,45.5
20240620154005,33.79
20240620155005,18.19
20240620160005,64.19
20240620161005,3.16
20240620162005,15.36
20240620163005,23.41
20240620164005,15.17
20240620165005,7.46
20240706090005,57.5
20240706091005,98.3
20240706092005,102.33
20240706093005,85.07
20240706094005,77.96
20240706095005,128.35
20240706100005,400.96
20240706101005,665.03
20240706102005,788.99
20240706103005,822.85
20240706104005,750.3
20240706105005,1004.43
20240706110005,1352.47
20240706111005,1329.96
20240706112005,1282.26
20240706113005,1269.8
20240706114005,988.76
20240706115005,1212.41
20240706120005,1195.43
20240706121005,1331.3
20240706122005,1276.97
20240706123005,1293.19
20240706124005,1252.97
20240706125005,1020.86
20240706130005,1038.85
20240706131005,992.77
20240706132005,882.41
20240706133005,383.97
20240706134005,698.08
20240706135005,700.27
20240706140005,237.46
20240706141005,119.72
20240706142005,96.23
20240706143005,128.14
20240706144005,86.06
20240706145005,71.52
20240706150005,66.74
20240706151005,47.08
20240706152005,51.51
20240706153005,48.11
20240706154005,51.14
20240706155005,63
20240706160005,43.45
20240706161005,26.98
20240706162005,29.97
20240706163005,10.01
20240706164005,10.43
20240706165005,11.89
20240708090005,44.64
20240708091005,124.23
20240708092005,104.72
20240708093005,119.13
20240708094005,130.8
20240708095005,92.75
20240708100005,321.36
20240708101005,388.27
20240708102005,562.68
20240708103005,526.66
20240708104005,407.62
20240708105005,388.1
20240708110005,441.02
20240708111005,424.46
20240708112005,462.6
20240708113005,679.62
20240708114005,776.08
20240708115005,778.32
20240708120005,682.6
20240708121005,419.49
20240708122005,457.5
20240708123005,522.84
20240708124005,580.06
20240708125005,653.2
20240708130005,735.79
20240708131005,467.66
20240708132005,257.29
20240708133005,145.3
20240708134005,163.74
20240708135005,224.32
20240708140005,107.33
20240708141005,92.65
20240708142005,86.54
20240708143005,41.27
20240708144005,84.38
20240708145005,59.79
20240708150005,28.52
20240708151005,17.54
20240708152005,8.2
20240708153005,14.04
20240708154005,14.84
20240708155005,16.94
20240708160005,14.88
20240708161005,12.3
20240708162005,9.73
20240708163005,8.84
20240708164005,13.33
20240708165005,10.86
20240520090006,30.73
20240520091006,17.78
20240520092006,19.35
20240520093006,15.2
20240520094006,17.88
20240520095006,8.91
20240520100006,0
20240520101006,14.8
20240520102006,31.84
20240520103006,5.34
20240520104006,36.3
20240520105006,60.51
20240520110006,91.49
20240520111006,77.64
20240520112006,38.49
20240520113006,30.09
20240520114006,6.9
20240520115006,12.45
20240520120006,34.83
20240520121006,50.33
20240520122006,46.96
20240520123006,49.33
20240520124006,56.46
20240520125006,6.58
20240520130006,39.39
20240520131006,0
20240520132006,3.42
20240520133006,2.6
20240520134006,8.23
20240520135006,23.56
20240520140006,64.4
20240520141006,27.02
20240520142006,23.37
20240520143006,10.12
20240520144006,12.77
20240520145006,17.92
20240520150006,37.49
20240520151006,8.04
20240520152006,1.9
20240520153006,14.89
20240520154006,18.84
20240520155006,11.77
20240520160006,24.21
20240520161006,19.64
20240520162006,19.58
20240520163006,22.69
20240520164006,16.07
20240520165006,8.36
20240527090006,99.52
20240527091006,81.11
20240527092006,83.91
20240527093006,120.31
20240527094006,157.14
20240527095006,316.94
20240527100006,313.97
20240527101006,646.78
20240527102006,497.4
20240527103006,468.12
20240527104006,566.5
20240527105006,708.8
20240527110006,855.96
20240527111006,670.23
20240527112006,803.42
20240527113006,1277.16
20240527114006,1150.8
20240527115006,1242.67
20240527120006,1334.2
20240527121006,1251.67
20240527122006,1272.08
20240527123006,1289.78
20240527124006,1143.33
20240527125006,1171.05
20240527130006,1100.75
20240527131006,1041.64
20240527132006,1039.91
20240527133006,1006.39
20240527134006,808.36
20240527135006,581.21
20240527140006,578.04
20240527141006,312.33
20240527142006,103.31
20240527143006,70.23
20240527144006,42.58
20240527145006,47.88
20240527150006,32.92
20240527151006,25.15
20240527152006,20.66
20240527153006,19.5
20240527154006,16.43
20240527155006,19.5
20240527160006,22.12
20240527161006,11.91
20240527162006,7.52
20240527163006,10.8
20240527164006,9.05
20240527165006,6
20240625090006,95.91
20240625091006,65.9
20240625092006,102.28
20240625093006,441.9
20240625094006,455.93
20240625095006,571.68
20240625100006,474.72
20240625101006,442.07
20240625102006,602.41
20240625103006,785.63
20240625104006,1039.11
20240625105006,971.58
20240625110006,1253.5
20240625111006,1242.17
20240625112006,1256.32
20240625113006,1254.12
20240625114006,1245.15
20240625115006,1036.44
20240625120006,1102.82
20240625121006,1089.8
20240625122006,1034.31
20240625123006,771.46
20240625124006,813.14
20240625125006,850.64
20240625130006,824.55
20240625131006,620.05
20240625132006,483.76
20240625133006,440.9
20240625134006,460.46
20240625135006,320.72
20240625140006,67.32
20240625141006,66.44
20240625142006,2.65
20240625143006,39.55
20240625144006,51.18
20240625145006,80.25
20240625150006,63.87
20240625151006,59.94
20240625152006,34.72
20240625153006,68.56
20240625154006,33.67
20240625155006,14.09
20240625160006,9.67
20240625161006,8.2
20240625162006,0.72
20240625163006,0
20240625164006,28.31
20240625165006,12.86
20240629090006,107.65
20240629091006,85.41
20240629092006,126.5
20240629093006,159.2
20240629094006,242.7
20240629095006,319.98
20240629100006,458.86
20240629101006,414.76
20240629102006,357.75
20240629103006,782.58
20240629104006,1012.08
20240629105006,1031.25
20240629110006,1245.23
20240629111006,1275.43
20240629112006,1287.38
20240629113006,1228.27
20240629114006,1301.76
20240629115006,1338.79
20240629120006,1338.08
20240629121006,1330.74
20240629122006,1353.01
20240629123006,1341.18
20240629124006,1341.12
20240629125006,1256.73
20240629130006,1286.49
20240629131006,1311.31
20240629132006,1345.85
20240629133006,1404.99
20240629134006,1374.15
20240629135006,1395.31
20240629140006,1145.45
20240629141006,1118.31
20240629142006,1331.97
20240629143006,1322.33
20240629144006,1198.77
20240629145006,1098.36
20240629150006,885.48
20240629151006,562.69
20240629152006,284.65
20240629153006,225.85
20240629154006,282.77
20240629155006,40.56
20240629160006,73.18
20240629161006,93.84
20240629162006,53.52
20240629163006,5.54
20240629164006,7.04
20240629165006,14.35
20240706090006,85.82
20240706091006,77.89
20240706092006,62.77
20240706093006,224.49
20240706094006,201.44
20240706095006,192.58
20240706100006,235.3
20240706101006,228.01
20240706102006,442.62
20240706103006,352.8
20240706104006,1431.84
20240706105006,1363.3
20240706110006,1563.94
20240706111006,1551.96
20240706112006,1561.05
20240706113006,1620.32
20240706114006,1611.12
20240706115006,1438.6
20240706120006,1429.22
20240706121006,1516.74
20240706122006,855.1
20240706123006,844.57
20240706124006,109.45
20240706125006,55.24
20240706130006,40.44
20240706131006,41.77
20240706132006,46.92
20240706133006,69.18
20240706134006,56.66
20240706135006,21.41
20240706140006,22.92
20240706141006,9.92
20240706142006,10.99
20240706143006,11.65
20240706144006,10.48
20240706145006,8.27
20240706150006,7.5
20240706151006,8.32
20240706152006,7.15
20240706153006,7.68
20240706154006,6.11
20240706155006,3.43
20240706160006,2.19
20240706161006,2.16
20240706162006,1.76
20240706163006,2.28
20240706164006,1.75
20240706165006,1.57
20240722090006,56.61
20240722091006,54.95
20240722092006,48.62
20240722093006,49.88
20240722094006,75.15
20240722095006,133.62
20240722100006,155.74
20240722101006,665.72
20240722102006,973.14
20240722103006,1013.22
20240722104006,1048.92
20240722105006,1098.31
20240722110006,1292.46
20240722111006,972.31
20240722112006,965.51
20240722113006,1566.62
20240722114006,1554.45
20240722115006,1579.98
20240722120006,1604.28
20240722121006,1630.43
20240722122006,1281.99
20240722123006,1142.46
20240722124006,989.06
20240722125006,1557.67
20240722130006,1571.37
20240722131006,1546.88
20240722132006,1196.59
20240722133006,1177.91
20240722134006,1135.84
20240722135006,826.26
20240722140006,947
20240722141006,684.85
20240722142006,269.19
20240722143006,92.66
20240722144006,68.83
20240722145006,67.89
20240722150006,68.69
20240722151006,39.69
20240722152006,46.76
20240722153006,24.5
20240722154006,22.19
20240722155006,17.12
20240722160006,15.14
20240722161006,16.04
20240722162006,10.32
20240722163006,7.91
20240722164006,0
20240722165006,6.85
20240526090007,63.78
20240526091007,42.82
20240526092007,43
20240526093007,69.47
20240526094007,94.62
20240526095007,92.87
20240526100007,107.43
20240526101007,138.42
20240526102007,150.46
20240526103007,138.32
20240526104007,170.6
20240526105007,229.9
20240526110007,225.09
20240526111007,731.76
20240526112007,210.52
20240526113007,133.61
20240526114007,125.41
20240526115007,113.57
20240526120007,151.14
20240526121007,159.59
20240526122007,171.94
20240526123007,155.27
20240526124007,260
20240526125007,264.7
20240526130007,253.88
20240526131007,287.21
20240526132007,675.6
20240526133007,205.12
20240526134007,94.22
20240526135007,55.09
20240526140007,148.39
20240526141007,139.5
20240526142007,73.89
20240526143007,46.62
20240526144007,28.55
20240526145007,46
20240526150007,40.42
20240526151007,29.14
20240526152007,23.16
20240526153007,13.96
20240526154007,12.06
20240526155007,8.64
20240526160007,9.4
20240526161007,8.59
20240526162007,3.8
20240526163007,6.72
20240526164007,2.12
20240526165007,4.46
20240612090007,12.47
20240612091007,34.21
20240612092007,34.48
20240612093007,41.7
20240612094007,40.13
20240612095007,42.44
20240612100007,116.97
20240612101007,114.72
20240612102007,118.9
20240612103007,119.03
20240612104007,134.15
20240612105007,136.26
20240612110007,145.54
20240612111007,149.19
20240612112007,182.27
20240612113007,151.94
20240612114007,198.72
20240612115007,203.68
20240612120007,188.72
20240612121007,204.67
20240612122007,374.4
20240612123007,185.24
20240612124007,190.76
20240612125007,209.06
20240612130007,184.35
20240612131007,145.47
20240612132007,158.6
20240612133007,186.12
20240612134007,97.09
20240612135007,92.97
20240612140007,60.38
20240612141007,50.58
20240612142007,53.7
20240612143007,22.88
20240612144007,0.84
20240612145007,0.14
20240612150007,14.07
20240612151007,14.48
20240612152007,19.08
20240612153007,1.88
20240612154007,9.36
20240612155007,8.94
20240612160007,9.05
20240612161007,8.9
20240612162007,4.86
20240612163007,3.5
20240612164007,0
20240612165007,0
20240615090007,245.86
20240615091007,288.72
20240615092007,285.2
20240615093007,695.18
20240615094007,597.18
20240615095007,583.95
20240615100007,525
20240615101007,779.53
20240615102007,807.21
20240615103007,861.76
20240615104007,910.22
20240615105007,990.23
20240615110007,960.14
20240615111007,1082.8
20240615112007,1151.22
20240615113007,1287.09
20240615114007,1336.81
20240615115007,1440.8
20240615120007,1377.45
20240615121007,1395.18
20240615122007,1369.78
20240615123007,1300.74
20240615124007,1285.97
20240615125007,1188.53
20240615130007,1227.31
20240615131007,1137.07
20240615132007,1244.19
20240615133007,1163.07
20240615134007,1203.74
20240615135007,1162.45
20240615140007,1307.04
20240615141007,1365.49
20240615142007,1326.58
20240615143007,1304.26
20240615144007,1238.87
20240615145007,1153.89
20240615150007,300.17
20240615151007,327.88
20240615152007,204.79
20240615153007,169.25
20240615154007,191.67
20240615155007,115.73
20240615160007,112.98
20240615161007,118.71
20240615162007,126.78
20240615163007,116.18
20240615164007,116.2
20240615165007,151.98
20240717090007,536.46
20240717091007,570.2
20240717092007,581.19
20240717093007,690.43
20240717094007,734.87
20240717095007,870.45
20240717100007,902.88
20240717101007,923.14
20240717102007,839.87
20240717103007,946.94
20240717104007,1019.68
20240717105007,1260.46
20240717110007,1343.49
20240717111007,1406.36
20240717112007,1307.51
20240717113007,1272.4
20240717114007,1189.68
20240717115007,1256.39
20240717120007,1180.7
20240717121007,1161.28
20240717122007,1179.13
20240717123007,1269.15
20240717124007,1400.03
20240717125007,1204.57
20240717130007,1164.97
20240717131007,1212.67
20240717132007,1230.38
20240717133007,1201.67
20240717134007,1108.47
20240717135007,1008.13
20240717140007,986.66
20240717141007,968.78
20240717142007,1121.63
20240717143007,929.89
20240717144007,645.95
20240717145007,341.46
20240717150007,261.1
20240717151007,109.75
20240717152007,93.15
20240717153007,84.38
20240717154007,61.78
20240717155007,35.08
20240717160007,83.22
20240717161007,7.78
20240717162007,21.75
20240717163007,33.09
20240717164007,18.73
20240717165007,12.96
20240124090008,357.86
20240124091008,344.64
20240124092008,364.16
20240124093008,459.75
20240124094008,626.98
20240124095008,893.36
20240124100008,671.84
20240124101008,604
20240124102008,757.1
20240124103008,921.42
20240124104008,1100.45
20240124105008,1023.38
20240124110008,1448.8
20240124111008,1505.14
20240124112008,1570.12
20240124113008,1399.42
20240124114008,1321.1
20240124115008,1328.03
20240124120008,1405.21
20240124121008,1606.09
20240124122008,1430.29
20240124123008,1348.39
20240124124008,1437.17
20240124125008,1439.48
20240124130008,1474.77
20240124131008,1483.3
20240124132008,1536.13
20240124133008,1413.67
20240124134008,1389.25
20240124135008,1333.72
20240124140008,1440.74
20240124141008,1355.94
20240124142008,1307.36
20240124143008,1395.1
20240124144008,1191.59
20240124145008,1210.7
20240124150008,1046.9
20240124151008,948.26
20240124152008,468.9
20240124153008,413.65
20240124154008,209.72
20240124155008,170.52
20240124160008,152.69
20240124161008,133.57
20240124162008,124.2
20240124163008,106.2
20240124164008,69.57
20240124165008,72.1
20240128090008,310.42
20240128091008,352.08
20240128092008,334.88
20240128093008,410.15
20240128094008,412.88
20240128095008,546.59
20240128100008,468.59
20240128101008,493.04
20240128102008,612.11
20240128103008,750.31
20240128104008,1135.27
20240128105008,1217.91
20240128110008,1185.45
20240128111008,1345.07
20240128112008,1397.17
20240128113008,1435.87
20240128114008,1421.41
20240128115008,1440.73
20240128120008,1427.31
20240128121008,1235.58
20240128122008,1252.2
20240128123008,1371.11
20240128124008,1384.89
20240128125008,1443.22
20240128130008,1380.44
20240128131008,1353.06
20240128132008,1276.22
20240128133008,1355.43
20240128134008,1374.74
20240128135008,1507.43
20240128140008,1323.15
20240128141008,1406.17
20240128142008,1126.42
20240128143008,843.31
20240128144008,754.03
20240128145008,854.32
20240128150008,689.81
20240128151008,560.37
20240128152008,612.22
20240128153008,325.65
20240128154008,143.48
20240128155008,177.49
20240128160008,123.06
20240128161008,148.27
20240128162008,76.1
20240128163008,79.86
20240128164008,58.82
20240128165008,49.47
20240204090008,82.26
20240204091008,53.3
20240204092008,59
20240204093008,49.54
20240204094008,42.5
20240204095008,44.75
20240204100008,49.42
20240204101008,54.63
20240204102008,53.36
20240204103008,51.24
20240204104008,82.73
20240204105008,78.03
20240204110008,86.3
20240204111008,88.94
20240204112008,71.12
20240204113008,54.65
20240204114008,63.64
20240204115008,77.17
20240204120008,79.82
20240204121008,79.04
20240204122008,57.75
20240204123008,57.3
20240204124008,41.87
20240204125008,39.91
20240204130008,60.36
20240204131008,30.91
20240204132008,18.22
20240204133008,19
20240204134008,32.69
20240204135008,30.54
20240204140008,34.22
20240204141008,26.59
20240204142008,22.55
20240204143008,21.52
20240204144008,23.59
20240204145008,21.27
20240204150008,45.48
20240204151008,22.62
20240204152008,21.36
20240204153008,12.54
20240204154008,15.27
20240204155008,11.07
20240204160008,13.74
20240204161008,10.51
20240204162008,10.47
20240204163008,8.99
20240204164008,6.82
20240204165008,6.42
20240218090008,61.83
20240218091008,121.77
20240218092008,62.22
20240218093008,95.2
20240218094008,681.68
20240218095008,831.21
20240218100008,469.78
20240218101008,477.47
20240218102008,441.83
20240218103008,415.88
20240218104008,501.58
20240218105008,465.22
20240218110008,396.05
20240218111008,477.89
20240218112008,422.77
20240218113008,199.4
20240218114008,225.07
20240218115008,266.85
20240218120008,312.39
20240218121008,838.18
20240218122008,906.72
20240218123008,825.31
20240218124008,278.12
20240218125008,242.4
20240218130008,549.62
20240218131008,255.38
20240218132008,284.28
20240218133008,312.47
20240218134008,257.61
20240218135008,213.86
20240218140008,221.52
20240218141008,73.39
20240218142008,37.77
20240218143008,44.91
20240218144008,634.71
20240218145008,749.78
20240218150008,80.58
20240218151008,653.12
20240218152008,478.38
20240218153008,105.94
20240218154008,61.54
20240218155008,96.2
20240218160008,78.7
20240218161008,47.56
20240218162008,50.21
20240218163008,50.5
20240218164008,35.16
20240218165008,27.45
20240305090008,100
20240305091008,62.78
20240305092008,115.28
20240305093008,462.78
20240305094008,679.11
20240305095008,645.58
20240305100008,434.7
20240305101008,390.12
20240305102008,552.97
20240305103008,718.79
20240305104008,1013.04
20240305105008,1100.14
20240305110008,1437.35
20240305111008,1443.24
20240305112008,1372.48
20240305113008,1419.54
20240305114008,1362.07
20240305115008,1369.99
20240305120008,1393.67
20240305121008,1294.77
20240305122008,1317.97
20240305123008,1332.76
20240305124008,1367.53
20240305125008,1462.58
20240305130008,1362.26
20240305131008,1190.06
20240305132008,1206.81
20240305133008,1187.77
20240305134008,1158.76
20240305135008,1089.16
20240305140008,1092.95
20240305141008,1064.01
20240305142008,811.36
20240305143008,749.26
20240305144008,620.01
20240305145008,643.04
20240305150008,840.23
20240305151008,623.2
20240305152008,237.61
20240305153008,220.06
20240305154008,17.32
20240305155008,41.42
20240305160008,61.3
20240305161008,10.94
20240305162008,25.06
20240305163008,35.28
20240305164008,36.41
20240305165008,32.66
20240325090008,94.88
20240325091008,63.43
20240325092008,98.94
20240325093008,438.43
20240325094008,453.22
20240325095008,570.68
20240325100008,473.24
20240325101008,441.5
20240325102008,601.92
20240325103008,785.06
20240325104008,1038.5
20240325105008,970.98
20240325110008,1249.28
20240325111008,1237.55
20240325112008,1256.32
20240325113008,1254.12
20240325114008,1245.15
20240325115008,1036.44
20240325120008,1102.82
20240325121008,1089.8
20240325122008,1034.31
20240325123008,771.46
20240325124008,813.14
20240325125008,850.64
20240325130008,824.55
20240325131008,618.19
20240325132008,482.08
20240325133008,439.14
20240325134008,460.86
20240325135008,323.03
20240325140008,63.98
20240325141008,63.92
20240325142008,0
20240325143008,39.55
20240325144008,45.65
20240325145008,74.2
20240325150008,47.78
20240325151008,41.7
20240325152008,29.01
20240325153008,52.06
20240325154008,30.42
20240325155008,12.41
20240325160008,8.05
20240325161008,6.78
20240325162008,0.72
20240325163008,0
20240325164008,27.63
20240325165008,12.13
20240518090008,71.75
20240518091008,74.53
20240518092008,139.32
20240518093008,341.71
20240518094008,548.51
20240518095008,818.32
20240518100008,611.95
20240518101008,559.08
20240518102008,727.91
20240518103008,805.42
20240518104008,990.78
20240518105008,1013.21
20240518110008,1404.47
20240518111008,1502.16
20240518112008,1568.58
20240518113008,1521.89
20240518114008,1437.45
20240518115008,1448.26
20240518120008,1527.23
20240518121008,1596.89
20240518122008,1528.87
20240518123008,1460.38
20240518124008,1533.22
20240518125008,1530.72
20240518130008,1568.24
20240518131008,1575.72
20240518132008,1614.93
20240518133008,1515.39
20240518134008,1492.66
20240518135008,1428.99
20240518140008,1512.95
20240518141008,1449.88
20240518142008,1382.74
20240518143008,1386.66
20240518144008,1201.62
20240518145008,1194.54
20240518150008,1017.02
20240518151008,913.56
20240518152008,407.91
20240518153008,329.24
20240518154008,121.89
20240518155008,105.99
20240518160008,83.84
20240518161008,65.39
20240518162008,55.35
20240518163008,37.86
20240518164008,24.64
20240518165008,31.55
20240526090008,84.48
20240526091008,56.53
20240526092008,72.33
20240526093008,127.82
20240526094008,308.3
20240526095008,405.74
20240526100008,468.52
20240526101008,823.01
20240526102008,852.65
20240526103008,945.6
20240526104008,1183.16
20240526105008,1254.7
20240526110008,1356.88
20240526111008,1290.65
20240526112008,1359.94
20240526113008,1232.7
20240526114008,1189.03
20240526115008,1118.7
20240526120008,1074.55
20240526121008,1130.48
20240526122008,1092.66
20240526123008,1098.4
20240526124008,1098.99
20240526125008,1114.97
20240526130008,1131.63
20240526131008,1059.94
20240526132008,1101.78
20240526133008,1015.14
20240526134008,1078.08
20240526135008,1090.73
20240526140008,1123.31
20240526141008,1132.37
20240526142008,1121.45
20240526143008,1055.22
20240526144008,830.07
20240526145008,971.86
20240526150008,878.02
20240526151008,621.64
20240526152008,569.07
20240526153008,401.31
20240526154008,98.72
20240526155008,107.81
20240526160008,126.56
20240526161008,108.58
20240526162008,112.26
20240526163008,101.36
20240526164008,100.48
20240526165008,92.84
20240529090008,49.75
20240529091008,57.84
20240529092008,62.85
20240529093008,86.88
20240529094008,102.54
20240529095008,136.6
20240529100008,117.18
20240529101008,111.49
20240529102008,83.06
20240529103008,57.5
20240529104008,41.87
20240529105008,51.34
20240529110008,37.65
20240529111008,85.61
20240529112008,72.58
20240529113008,72.52
20240529114008,75.34
20240529115008,74.69
20240529120008,78.81
20240529121008,76.34
20240529122008,60.61
20240529123008,51.26
20240529124008,49.8
20240529125008,51.68
20240529130008,45.41
20240529131008,33.59
20240529132008,28.81
20240529133008,29.09
20240529134008,28.11
20240529135008,26.72
20240529140008,40.05
20240529141008,40.51
20240529142008,42.37
20240529143008,39.84
20240529144008,36.78
20240529145008,36.21
20240529150008,23.32
20240529151008,10.77
20240529152008,9.03
20240529153008,7.26
20240529154008,14.79
20240529155008,17.39
20240529160008,11.06
20240529161008,13.29
20240529162008,12.11
20240529163008,15.13
20240529164008,13.01
20240529165008,14.04
20240607090008,661.24
20240607091008,657
20240607092008,667.7
20240607093008,669.24
20240607094008,547.45
20240607095008,602.89
20240607100008,61.67
20240607101008,30.83
20240607102008,133.5
20240607103008,227.88
20240607104008,241.03
20240607105008,275.65
20240607110008,905.76
20240607111008,748.28
20240607112008,774.59
20240607113008,380.86
20240607114008,369.48
20240607115008,443.88
20240607120008,446.37
20240607121008,398.4
20240607122008,425.26
20240607123008,499.91
20240607124008,867.82
20240607125008,844.38
20240607130008,753.52
20240607131008,819.42
20240607132008,293.16
20240607133008,152.56
20240607134008,191.93
20240607135008,91.19
20240607140008,94.18
20240607141008,60.49
20240607142008,545.4
20240607143008,167.94
20240607144008,38.69
20240607145008,36.39
20240607150008,32.16
20240607151008,29.94
20240607152008,19.56
20240607153008,22.06
20240607154008,32.05
20240607155008,31.39
20240607160008,27.54
20240607161008,43.08
20240607162008,34.06
20240607163008,26.35
20240607164008,11.02
20240607165008,29.42
20240613090008,107.78
20240613091008,144.12
20240613092008,145.86
20240613093008,568
20240613094008,505.15
20240613095008,518.12
20240613100008,512.04
20240613101008,753.4
20240613102008,770.48
20240613103008,821.99
20240613104008,874.57
20240613105008,895.58
20240613110008,923.48
20240613111008,1040.02
20240613112008,1128.3
20240613113008,1272.76
20240613114008,1319.43
20240613115008,1420.76
20240613120008,1365.7
20240613121008,1363.23
20240613122008,1350.82
20240613123008,1284.57
20240613124008,1258.51
20240613125008,1178.93
20240613130008,1217.61
20240613131008,1132.06
20240613132008,1205.91
20240613133008,1123.15
20240613134008,1200.9
20240613135008,1158.45
20240613140008,1294.94
20240613141008,1335.98
20240613142008,1297.38
20240613143008,1285.6
20240613144008,1233.65
20240613145008,1153.46
20240613150008,299.79
20240613151008,267.76
20240613152008,127.7
20240613153008,67.03
20240613154008,74.53
20240613155008,40.49
20240613160008,43.44
20240613161008,26.13
20240613162008,37.61
20240613163008,35.58
20240613164008,42.36
20240613165008,72.61
20240628090008,51.16
20240628091008,79.4
20240628092008,83.97
20240628093008,192.46
20240628094008,436.86
20240628095008,653.22
20240628100008,880.46
20240628101008,857.32
20240628102008,670.4
20240628103008,770.57
20240628104008,1091.63
20240628105008,1050.47
20240628110008,1298.2
20240628111008,1425.24
20240628112008,1443.17
20240628113008,1381.3
20240628114008,1525.63
20240628115008,1518.2
20240628120008,1484.39
20240628121008,1479.11
20240628122008,1486.27
20240628123008,1477.93
20240628124008,1495.84
20240628125008,1475.34
20240628130008,1470.11
20240628131008,1574.22
20240628132008,1482.56
20240628133008,1360.53
20240628134008,1450.46
20240628135008,1058.65
20240628140008,1050.76
20240628141008,1153.97
20240628142008,1150.78
20240628143008,1355.94
20240628144008,1217.15
20240628145008,834.67
20240628150008,1224.03
20240628151008,944.08
20240628152008,390.78
20240628153008,288.12
20240628154008,87.55
20240628155008,72.62
20240628160008,90.2
20240628161008,62.78
20240628162008,72.81
20240628163008,57.48
20240628164008,47.75
20240628165008,38.66
20240705090008,13.12
20240705091008,9.76
20240705092008,18.48
20240705093008,19.32
20240705094008,16.82
20240705095008,24.87
20240705100008,57.2
20240705101008,75.59
20240705102008,61.01
20240705103008,30.44
20240705104008,33.09
20240705105008,15.44
20240705110008,14.9
20240705111008,13.66
20240705112008,12.72
20240705113008,10.9
20240705114008,11.8
20240705115008,12.38
20240705120008,15.46
20240705121008,15.23
20240705122008,7.25
20240705123008,7.94
20240705124008,10.73
20240705125008,22.15
20240705130008,23.54
20240705131008,14.23
20240705132008,29.44
20240705133008,31.6
20240705134008,22.64
20240705135008,35.91
20240705140008,109
20240705141008,62.38
20240705142008,48.94
20240705143008,65.55
20240705144008,77.96
20240705145008,83.66
20240705150008,67.21
20240705151008,43.12
20240705152008,39.25
20240705153008,44.65
20240705154008,14.66
20240705155008,34.36
20240705160008,35.3
20240705161008,27.3
20240705162008,23.32
20240705163008,6.02
20240705164008,3.72
20240705165008,1.85
20240709090008,60.76
20240709091008,62.4
20240709092008,61.69
20240709093008,46.27
20240709094008,496.7
20240709095008,403.45
20240709100008,352.46
20240709101008,371.07
20240709102008,433.48
20240709103008,623.31
20240709104008,593.7
20240709105008,711.98
20240709110008,1019.12
20240709111008,998.6
20240709112008,952.72
20240709113008,1316.87
20240709114008,1093.7
20240709115008,1122.78
20240709120008,1157.93
20240709121008,1145.64
20240709122008,1348.74
20240709123008,1264.15
20240709124008,1282.01
20240709125008,1262.9
20240709130008,1146.88
20240709131008,1139.28
20240709132008,1248.96
20240709133008,1170.98
20240709134008,1194.6
20240709135008,1207.51
20240709140008,1230.99
20240709141008,924.28
20240709142008,772.4
20240709143008,730.38
20240709144008,233.6
20240709145008,100.38
20240709150008,106.28
20240709151008,66.47
20240709152008,41.86
20240709153008,13.16
20240709154008,13.35
20240709155008,6.24
20240709160008,9.77
20240709161008,2.54
20240709162008,3.98
20240709163008,1.07
20240709164008,1.02
20240709165008,0.84
20240715090008,73.01
20240715091008,72.33
20240715092008,59.32
20240715093008,65.66
20240715094008,87.56
20240715095008,107.78
20240715100008,341.56
20240715101008,648.89
20240715102008,902.74
20240715103008,887.5
20240715104008,860.87
20240715105008,942.82
20240715110008,1058.99
20240715111008,1044.17
20240715112008,1017.28
20240715113008,1017.37
20240715114008,1021.26
20240715115008,1222.69
20240715120008,1319.16
20240715121008,919.44
20240715122008,962.19
20240715123008,871.38
20240715124008,917.48
20240715125008,459.08
20240715130008,561.32
20240715131008,791.53
20240715132008,177.14
20240715133008,99.89
20240715134008,586.96
20240715135008,494
20240715140008,174.31
20240715141008,109.27
20240715142008,59.78
20240715143008,47.89
20240715144008,37.31
20240715145008,32.15
20240715150008,29.71
20240715151008,36.87
20240715152008,26.01
20240715153008,36.74
20240715154008,20.65
20240715155008,21.9
20240715160008,13.46
20240715161008,13.36
20240715162008,13.96
20240715163008,10.22
20240715164008,9.3
20240715165008,7.81
20240719090008,7.2
20240719091008,8.18
20240719092008,6.58
20240719093008,4.69
20240719094008,0
20240719095008,3.7
20240719100008,7.69
20240719101008,12.2
20240719102008,10.65
20240719103008,7.84
20240719104008,5.38
20240719105008,22.65
20240719110008,36.74
20240719111008,15.09
20240719112008,10.84
20240719113008,8.25
20240719114008,10.66
20240719115008,14.39
20240719120008,23.02
20240719121008,20.78
20240719122008,22.73
20240719123008,15.74
20240719124008,16.66
20240719125008,7.9
20240719130008,7.48
20240719131008,13.6
20240719132008,5.04
20240719133008,9.87
20240719134008,6.76
20240719135008,7.98
20240719140008,11.18
20240719141008,4.07
20240719142008,3.18
20240719143008,1.8
20240719144008,1.97
20240719145008,0.62
20240719150008,0.95
20240719151008,3.17
20240719152008,3.08
20240719153008,3.03
20240719154008,4.1
20240719155008,2.09
20240719160008,1.55
20240719161008,1.17
20240719162008,1.8
20240719163008,0.28
20240719164008,0.21
20240719165008,0
20240309090009,5.5
20240309091009,14.7
20240309092009,8.42
20240309093009,4.46
20240309094009,2.59
20240309095009,5.13
20240309100009,3.56
20240309101009,4.48
20240309102009,7.74
20240309103009,5.13
20240309104009,6.81
20240309105009,9.11
20240309110009,2.04
20240309111009,1.05
20240309112009,4.7
20240309113009,8.84
20240309114009,8.24
20240309115009,10.46
20240309120009,7.66
20240309121009,7.72
20240309122009,5.01
20240309123009,4.72
20240309124009,3
20240309125009,4.05
20240309130009,3.29
20240309131009,1.79
20240309132009,2.04
20240309133009,2.12
20240309134009,3.5
20240309135009,9.44
20240309140009,0
20240309141009,2.01
20240309142009,3.34
20240309143009,3.29
20240309144009,9.91
20240309145009,15.93
20240309150009,15.4
20240309151009,5.7
20240309152009,0
20240309153009,0
20240309154009,1.83
20240309155009,5.93
20240309160009,7.3
20240309161009,8.43
20240309162009,10.27
20240309163009,6.72
20240309164009,5.77
20240309165009,6.04
20240314090009,11.4
20240314091009,13.71
20240314092009,12.34
20240314093009,13.3
20240314094009,38.52
20240314095009,9.71
20240314100009,19.62
20240314101009,19.02
20240314102009,31.59
20240314103009,35.39
20240314104009,79.97
20240314105009,53.76
20240314110009,50.22
20240314111009,144.38
20240314112009,670.32
20240314113009,719
20240314114009,96.87
20240314115009,724.08
20240314120009,158.93
20240314121009,536
20240314122009,833.73
20240314123009,753.46
20240314124009,221.08
20240314125009,55.69
20240314130009,37.81
20240314131009,48.02
20240314132009,44.58
20240314133009,24.18
20240314134009,14.66
20240314135009,13.62
20240314140009,5.62
20240314141009,11.99
20240314142009,4.67
20240314143009,1.06
20240314144009,1.62
20240314145009,0
20240314150009,8.14
20240314151009,0
20240314152009,0
20240314153009,0
20240314154009,2.88
20240314155009,6.75
20240314160009,11.6
20240314161009,15.77
20240314162009,10.65
20240314163009,6.66
20240314164009,15.31
20240314165009,16.67
20240414090009,21.05
20240414091009,14.87
20240414092009,21.7
20240414093009,12.08
20240414094009,15.84
20240414095009,52.61
20240414100009,27.47
20240414101009,46.32
20240414102009,47.59
20240414103009,70.92
20240414104009,115.28
20240414105009,857.02
20240414110009,673.8
20240414111009,687.12
20240414112009,699.53
20240414113009,659.93
20240414114009,721.22
20240414115009,643.86
20240414120009,690.19
20240414121009,510.27
20240414122009,665.92
20240414123009,528.95
20240414124009,527.02
20240414125009,479.47
20240414130009,593.35
20240414131009,400.64
20240414132009,81.9
20240414133009,41.94
20240414134009,1.58
20240414135009,5.62
20240414140009,0
20240414141009,4.53
20240414142009,5.06
20240414143009,2.87
20240414144009,1.69
20240414145009,9.78
20240414150009,13.19
20240414151009,0
20240414152009,5.99
20240414153009,1.47
20240414154009,2.53
20240414155009,4.91
20240414160009,6.44
20240414161009,5.91
20240414162009,4.04
20240414163009,1.43
20240414164009,1.36
20240414165009,1.55
20240506090009,28.62
20240506091009,23.65
20240506092009,10.69
20240506093009,5.21
20240506094009,20.21
20240506095009,23.44
20240506100009,31.2
20240506101009,266.69
20240506102009,377.97
20240506103009,375.91
20240506104009,544.79
20240506105009,690.1
20240506110009,740.86
20240506111009,747.84
20240506112009,754.69
20240506113009,661.68
20240506114009,704.68
20240506115009,694.61
20240506120009,709.4
20240506121009,685.12
20240506122009,614.3
20240506123009,706.06
20240506124009,518.22
20240506125009,415.04
20240506130009,664.71
20240506131009,674.64
20240506132009,665.68
20240506133009,632.92
20240506134009,693.66
20240506135009,711.5
20240506140009,520.6
20240506141009,502.81
20240506142009,192.24
20240506143009,98.34
20240506144009,57.26
20240506145009,124.7
20240506150009,32.33
20240506151009,45.84
20240506152009,30.14
20240506153009,30.38
20240506154009,31.57
20240506155009,16.56
20240506160009,0
20240506161009,1.06
20240506162009,0
20240506163009,0
20240506164009,0
20240506165009,5.18
20240526090009,38.02
20240526091009,44.33
20240526092009,81.43
20240526093009,112.06
20240526094009,87.44
20240526095009,87.6
20240526100009,789.32
20240526101009,717.82
20240526102009,801.69
20240526103009,870.7
20240526104009,957.93
20240526105009,934.33
20240526110009,810.43
20240526111009,887.08
20240526112009,838.96
20240526113009,835.9
20240526114009,870.86
20240526115009,830.86
20240526120009,852.16
20240526121009,854.4
20240526122009,846.22
20240526123009,877.36
20240526124009,884.29
20240526125009,932.93
20240526130009,921.52
20240526131009,926.3
20240526132009,835.93
20240526133009,954.9
20240526134009,1049.62
20240526135009,1036.51
20240526140009,1010.82
20240526141009,1032.6
20240526142009,559.15
20240526143009,574.92
20240526144009,304.52
20240526145009,170.26
20240526150009,97.39
20240526151009,52.3
20240526152009,39.92
20240526153009,40.11
20240526154009,35.34
20240526155009,53.41
20240526160009,34.42
20240526161009,18.56
20240526162009,18.74
20240526163009,16.14
20240526164009,5.59
20240526165009,0
20240614090009,10.16
20240614091009,54.66
20240614092009,31.12
20240614093009,524.66
20240614094009,124.22
20240614095009,675.95
20240614100009,647.54
20240614101009,842.22
20240614102009,772.68
20240614103009,700.54
20240614104009,697.82
20240614105009,754.66
20240614110009,1242.34
20240614111009,1296.46
20240614112009,1277.92
20240614113009,1138.03
20240614114009,1337.74
20240614115009,1208.22
20240614120009,1266.36
20240614121009,1258.97
20240614122009,888.11
20240614123009,471.58
20240614124009,493.9
20240614125009,842.58
20240614130009,685.78
20240614131009,205.43
20240614132009,153.52
20240614133009,150.65
20240614134009,70.18
20240614135009,32.14
20240614140009,16.56
20240614141009,23.1
20240614142009,18.36
20240614143009,19.57
20240614144009,0
20240614145009,29.59
20240614150009,14.8
20240614151009,32.9
20240614152009,433.28
20240614153009,14.71
20240614154009,23.86
20240614155009,0
20240614160009,29.67
20240614161009,17.65
20240614162009,1.24
20240614163009,4.26
20240614164009,7.58
20240614165009,5.36
20240621090009,23.63
20240621091009,13.03
20240621092009,26.98
20240621093009,18.41
20240621094009,18.24
20240621095009,8.13
20240621100009,17.72
20240621101009,35.36
20240621102009,18.32
20240621103009,25.37
20240621104009,29.94
20240621105009,24.88
20240621110009,43.76
20240621111009,29.09
20240621112009,38.47
20240621113009,29.59
20240621114009,25.95
20240621115009,44.48
20240621120009,38.98
20240621121009,46.74
20240621122009,36.38
20240621123009,31.34
20240621124009,25.6
20240621125009,24.6
20240621130009,29.25
20240621131009,25.23
20240621132009,24.12
20240621133009,14.74
20240621134009,3.14
20240621135009,7.62
20240621140009,11.97
20240621141009,4.19
20240621142009,0.12
20240621143009,0
20240621144009,0
20240621145009,0
20240621150009,4.2
20240621151009,1.39
20240621152009,9.63
20240621153009,9.04
20240621154009,17.46
20240621155009,22.31
20240621160009,28.16
20240621161009,29.41
20240621162009,20.48
20240621163009,18.12
20240621164009,19.61
20240621165009,5.02
20240628090009,30.94
20240628091009,9.92
20240628092009,31.84
20240628093009,480.86
20240628094009,50.44
20240628095009,124.58
20240628100009,620.4
20240628101009,591.66
20240628102009,623.4
20240628103009,636.92
20240628104009,704.34
20240628105009,806.94
20240628110009,961.64
20240628111009,804.66
20240628112009,987.29
20240628113009,1000.24
20240628114009,972.16
20240628115009,830.16
20240628120009,968.15
20240628121009,913.23
20240628122009,1001.64
20240628123009,804.42
20240628124009,695.68
20240628125009,811.17
20240628130009,1071.35
20240628131009,611.07
20240628132009,376.16
20240628133009,132.21
20240628134009,62.23
20240628135009,32.07
20240628140009,40.95
20240628141009,15.27
20240628142009,10.1
20240628143009,8.44
20240628144009,7.72
20240628145009,10.66
20240628150009,13.37
20240628151009,8.39
20240628152009,6.7
20240628153009,5.57
20240628154009,4.36
20240628155009,16.34
20240628160009,12.76
20240628161009,38.79
20240628162009,21.19
20240628163009,17.12
20240628164009,13.54
20240628165009,8.62
20240717090009,16.32
20240717091009,10.82
20240717092009,8.82
20240717093009,8.17
20240717094009,17.84
20240717095009,19.49
20240717100009,38.12
20240717101009,42.3
20240717102009,99.66
20240717103009,94.78
20240717104009,128.24
20240717105009,139.88
20240717110009,201.35
20240717111009,194.01
20240717112009,874.8
20240717113009,307
20240717114009,280.26
20240717115009,289.46
20240717120009,316.16
20240717121009,270.62
20240717122009,243.78
20240717123009,250.17
20240717124009,233.07
20240717125009,212.45
20240717130009,187.77
20240717131009,168.72
20240717132009,130.66
20240717133009,135.94
20240717134009,53.61
20240717135009,28.31
20240717140009,28.48
20240717141009,34.45
20240717142009,23.8
20240717143009,15.66
20240717144009,15.21
20240717145009,11.13
20240717150009,12.01
20240717151009,12.53
20240717152009,11.51
20240717153009,9.39
20240717154009,19.1
20240717155009,7.19
20240717160009,12.99
20240717161009,5.38
20240717162009,4.38
20240717163009,3.65
20240717164009,2.47
20240717165009,3.16
20240316090010,33.22
20240316091010,44.55
20240316092010,42.77
20240316093010,71
20240316094010,87.7
20240316095010,117.8
20240316100010,103.5
20240316101010,93.18
20240316102010,62.55
20240316103010,42.88
20240316104010,23.95
20240316105010,30.75
20240316110010,15.2
20240316111010,58.72
20240316112010,49.25
20240316113010,64.53
20240316114010,62.69
20240316115010,60.73
20240316120010,60.91
20240316121010,62
20240316122010,46.8
20240316123010,40.45
20240316124010,41.89
20240316125010,42.02
20240316130010,35.97
20240316131010,22.76
20240316132010,16.46
20240316133010,17.26
20240316134010,20.2
20240316135010,15.95
20240316140010,19.11
20240316141010,26.44
20240316142010,30.31
20240316143010,31.05
20240316144010,25.49
20240316145010,24.97
20240316150010,14.7
20240316151010,3.33
20240316152010,3.28
20240316153010,2.1
20240316154010,7.1
20240316155010,8.22
20240316160010,5.48
20240316161010,7.36
20240316162010,5.73
20240316163010,7.52
20240316164010,5.96
20240316165010,7.26
20240324090010,612.34
20240324091010,602.82
20240324092010,618.48
20240324093010,644.97
20240324094010,402.8
20240324095010,805.5
20240324100010,702.46
20240324101010,452.52
20240324102010,396.55
20240324103010,404.73
20240324104010,413.03
20240324105010,257.55
20240324110010,272.04
20240324111010,314.66
20240324112010,702.3
20240324113010,726.44
20240324114010,598.99
20240324115010,354.72
20240324120010,393.7
20240324121010,581.32
20240324122010,634.99
20240324123010,607.08
20240324124010,485.07
20240324125010,435.04
20240324130010,400.18
20240324131010,416.32
20240324132010,385.15
20240324133010,365.2
20240324134010,370.9
20240324135010,333.96
20240324140010,321.19
20240324141010,300.59
20240324142010,294.3
20240324143010,190.28
20240324144010,85.14
20240324145010,98.35
20240324150010,38.39
20240324151010,31.91
20240324152010,30.39
20240324153010,27.8
20240324154010,24.1
20240324155010,12.45
20240324160010,13.53
20240324161010,9.77
20240324162010,4.98
20240324163010,6.26
20240324164010,5.9
20240324165010,5.99
20240412090010,28.54
20240412091010,15.97
20240412092010,15.66
20240412093010,47.61
20240412094010,102.25
20240412095010,144.77
20240412100010,471.6
20240412101010,532.44
20240412102010,624.48
20240412103010,701.58
20240412104010,479.76
20240412105010,542.06
20240412110010,639
20240412111010,644.64
20240412112010,676.84
20240412113010,675.08
20240412114010,673.2
20240412115010,638.67
20240412120010,659.69
20240412121010,641.53
20240412122010,548.7
20240412123010,254.91
20240412124010,263.11
20240412125010,236.88
20240412130010,224.8
20240412131010,300.48
20240412132010,297.18
20240412133010,343.74
20240412134010,78.72
20240412135010,56.06
20240412140010,96.39
20240412141010,86.21
20240412142010,15.22
20240412143010,18.58
20240412144010,2.84
20240412145010,6.39
20240412150010,4.2
20240412151010,4.1
20240412152010,0
20240412153010,0
20240412154010,0
20240412155010,4.21
20240412160010,5.46
20240412161010,1.75
20240412162010,2.63
20240412163010,4.88
20240412164010,3.27
20240412165010,2.48
20240419090010,0
20240419091010,0.74
20240419092010,2.4
20240419093010,24.37
20240419094010,0
20240419095010,0
20240419100010,66.72
20240419101010,77.6
20240419102010,464.74
20240419103010,138.16
20240419104010,90.31
20240419105010,206.22
20240419110010,201.25
20240419111010,224.83
20240419112010,777.26
20240419113010,818.79
20240419114010,841.35
20240419115010,732.88
20240419120010,733.9
20240419121010,692.16
20240419122010,758.19
20240419123010,802.19
20240419124010,1054.04
20240419125010,1247.5
20240419130010,1226.33
20240419131010,1236.43
20240419132010,1180.14
20240419133010,1111.27
20240419134010,1300.77
20240419135010,987.68
20240419140010,1004.19
20240419141010,659.48
20240419142010,692.76
20240419143010,169.46
20240419144010,97.25
20240419145010,33.64
20240419150010,33.73
20240419151010,25.38
20240419152010,13.63
20240419153010,8.47
20240419154010,9.45
20240419155010,52.88
20240419160010,9.35
20240419161010,8.22
20240419162010,4.34
20240419163010,5.52
20240419164010,2.54
20240419165010,2.6
20240515090010,140.86
20240515091010,93.81
20240515092010,76.59
20240515093010,74.65
20240515094010,65.57
20240515095010,44.72
20240515100010,159.62
20240515101010,157.24
20240515102010,173.44
20240515103010,176.12
20240515104010,256.62
20240515105010,243
20240515110010,285.24
20240515111010,292.1
20240515112010,673.23
20240515113010,294.4
20240515114010,886.24
20240515115010,920.99
20240515120010,606.88
20240515121010,801.92
20240515122010,817.06
20240515123010,424.36
20240515124010,400.5
20240515125010,336.44
20240515130010,277.87
20240515131010,380.35
20240515132010,363.74
20240515133010,381.54
20240515134010,363.47
20240515135010,291.58
20240515140010,238.77
20240515141010,361.66
20240515142010,582.41
20240515143010,374.76
20240515144010,529.85
20240515145010,503.64
20240515150010,29.19
20240515151010,35.58
20240515152010,10.93
20240515153010,0
20240515154010,0
20240515155010,6.36
20240515160010,6.43
20240515161010,9.57
20240515162010,17.2
20240515163010,7.5
20240515164010,0
20240515165010,0
20240526090010,24.5
20240526091010,32.75
20240526092010,40.26
20240526093010,89.61
20240526094010,47.67
20240526095010,96.32
20240526100010,174.83
20240526101010,156
20240526102010,247.85
20240526103010,381.86
20240526104010,587.2
20240526105010,891.7
20240526110010,873.72
20240526111010,1153.88
20240526112010,1143.77
20240526113010,1175.8
20240526114010,1267.67
20240526115010,1308.77
20240526120010,1406.57
20240526121010,1354.34
20240526122010,1439.88
20240526123010,1447.94
20240526124010,1387.07
20240526125010,1286.38
20240526130010,1338.99
20240526131010,941.72
20240526132010,1040.33
20240526133010,1074.28
20240526134010,1092.65
20240526135010,1035.05
20240526140010,897.34
20240526141010,842.93
20240526142010,643.15
20240526143010,676.35
20240526144010,698.48
20240526145010,232.44
20240526150010,90.17
20240526151010,26.91
20240526152010,33.87
20240526153010,18.99
20240526154010,39.45
20240526155010,19.24
20240526160010,2.36
20240526161010,3.06
20240526162010,5.09
20240526163010,3.67
20240526164010,0
20240526165010,0
20240617090010,210.43
20240617091010,222.38
20240617092010,346.35
20240617093010,243.37
20240617094010,350.15
20240617095010,482.66
20240617100010,480.12
20240617101010,731.93
20240617102010,508.8
20240617103010,526.16
20240617104010,1073.79
20240617105010,1049.91
20240617110010,1302.95
20240617111010,1277.91
20240617112010,1305.88
20240617113010,1304.03
20240617114010,1330.09
20240617115010,1313.15
20240617120010,1282.12
20240617121010,1293.52
20240617122010,1344.67
20240617123010,1308.24
20240617124010,1238.77
20240617125010,1384.14
20240617130010,1411.01
20240617131010,1375.57
20240617132010,1321.39
20240617133010,1273.15
20240617134010,1231.58
20240617135010,1350.75
20240617140010,1416.4
20240617141010,1278.01
20240617142010,1137.32
20240617143010,1084.22
20240617144010,867.92
20240617145010,937.62
20240617150010,732.31
20240617151010,445.94
20240617152010,53.53
20240617153010,36.48
20240617154010,10.52
20240617155010,10.93
20240617160010,3.5
20240617161010,12.01
20240617162010,1.77
20240617163010,0
20240617164010,25.62
20240617165010,33.93
20240630090010,103.47
20240630091010,55.76
20240630092010,84.87
20240630093010,359.39
20240630094010,357.68
20240630095010,453.76
20240630100010,687.76
20240630101010,362.59
20240630102010,378.71
20240630103010,589.94
20240630104010,654.91
20240630105010,964
20240630110010,1156.63
20240630111010,941.38
20240630112010,1011.77
20240630113010,1079.71
20240630114010,1092.35
20240630115010,1160.74
20240630120010,1078.28
20240630121010,1081.5
20240630122010,1169.03
20240630123010,1138.26
20240630124010,1118.2
20240630125010,1111.25
20240630130010,1095.33
20240630131010,1104.03
20240630132010,1027.99
20240630133010,1079.72
20240630134010,761.37
20240630135010,1137.13
20240630140010,929.4
20240630141010,899.34
20240630142010,679.21
20240630143010,582.57
20240630144010,463.7
20240630145010,513.08
20240630150010,431.35
20240630151010,79.03
20240630152010,45.44
20240630153010,51.75
20240630154010,22.93
20240630155010,5.01
20240630160010,22.21
20240630161010,38.92
20240630162010,21.56
20240630163010,22.41
20240630164010,10.89
20240630165010,9.72
20240714090010,35.73
20240714091010,18.27
20240714092010,127.7
20240714093010,312.42
20240714094010,484.88
20240714095010,619.69
20240714100010,411.56
20240714101010,311.44
20240714102010,486.38
20240714103010,648.17
20240714104010,984.88
20240714105010,1003.17
20240714110010,1137.62
20240714111010,1211.68
20240714112010,1248.05
20240714113010,1221.35
20240714114010,1231.37
20240714115010,1027.28
20240714120010,1159.02
20240714121010,1208.74
20240714122010,1354.33
20240714123010,1491.83
20240714124010,1509.32
20240714125010,1519.93
20240714130010,1442.33
20240714131010,1421.78
20240714132010,1495.47
20240714133010,1493.72
20240714134010,1335.01
20240714135010,1271.9
20240714140010,1354.22
20240714141010,1325.12
20240714142010,984.74
20240714143010,1052.94
20240714144010,1106.33
20240714145010,788.9
20240714150010,798.3
20240714151010,696.82
20240714152010,460.66
20240714153010,167.4
20240714154010,78.39
20240714155010,61.95
20240714160010,40.38
20240714161010,34.66
20240714162010,32.41
20240714163010,20.15
20240714164010,11.36
20240714165010,4.76
20240718090010,20.14
20240718091010,22.75
20240718092010,56.02
20240718093010,193.64
20240718094010,183.81
20240718095010,248.76
20240718100010,335.62
20240718101010,486.82
20240718102010,465.2
20240718103010,693.9
20240718104010,1062.89
20240718105010,1239.92
20240718110010,1416.45
20240718111010,1449.23
20240718112010,1466.92
20240718113010,1473.2
20240718114010,1186.41
20240718115010,1232.6
20240718120010,1231.31
20240718121010,1224.12
20240718122010,1250.24
20240718123010,1299.29
20240718124010,1471.01
20240718125010,1522.8
20240718130010,1527.01
20240718131010,1392.23
20240718132010,1288.9
20240718133010,1399.49
20240718134010,1422.39
20240718135010,1389.68
20240718140010,1300.74
20240718141010,1350.58
20240718142010,1214.92
20240718143010,1355.62
20240718144010,1530.59
20240718145010,1070.59
20240718150010,930.85
20240718151010,483.39
20240718152010,136.68
20240718153010,62.44
20240718154010,63.19
20240718155010,15.77
20240718160010,237.81
20240718161010,37.02
20240718162010,46.86
20240718163010,34.81
20240718164010,46.92
20240718165010,25.65
20240720090010,26.08
20240720091010,53.92
20240720092010,25.24
20240720093010,199.43
20240720094010,416.47
20240720095010,497.64
20240720100010,240.06
20240720101010,597.1
20240720102010,609.22
20240720103010,673.34
20240720104010,827.26
20240720105010,969.22
20240720110010,1028.68
20240720111010,1159.45
20240720112010,1431.07
20240720113010,1424.34
20240720114010,1430.63
20240720115010,1411.72
20240720120010,1456.85
20240720121010,1441.84
20240720122010,1477.38
20240720123010,1491.66
20240720124010,1442.78
20240720125010,1395.47
20240720130010,1439.67
20240720131010,1455.3
20240720132010,1125.89
20240720133010,1216.99
20240720134010,1214.69
20240720135010,1268.85
20240720140010,1043.35
20240720141010,1142.22
20240720142010,785.28
20240720143010,673.29
20240720144010,651.43
20240720145010,461.16
20240720150010,412.39
20240720151010,308.93
20240720152010,208.16
20240720153010,61.97
20240720154010,22.54
20240720155010,61.88
20240720160010,55.16
20240720161010,79.82
20240720162010,28.31
20240720163010,65.82
20240720164010,58.1
20240720165010,53.81
20240322090011,40.81
20240322091011,64.53
20240322092011,65.37
20240322093011,247.69
20240322094011,511.16
20240322095011,639.82
20240322100011,595.04
20240322101011,436.32
20240322102011,637.64
20240322103011,860.66
20240322104011,1027.39
20240322105011,1097.76
20240322110011,1112.72
20240322111011,1152.08
20240322112011,1134.54
20240322113011,1215.35
20240322114011,1238.96
20240322115011,1353.61
20240322120011,1340.38
20240322121011,1360.09
20240322122011,1284.91
20240322123011,1285.91
20240322124011,1262.76
20240322125011,1254.14
20240322130011,1269.2
20240322131011,1218.8
20240322132011,1198.65
20240322133011,1204.88
20240322134011,1238.67
20240322135011,1261.14
20240322140011,1204.98
20240322141011,1223.09
20240322142011,1184.31
20240322143011,1193.06
20240322144011,1163.49
20240322145011,1199.42
20240322150011,898.69
20240322151011,895.2
20240322152011,411.75
20240322153011,115.63
20240322154011,201.61
20240322155011,89.44
20240322160011,26.34
20240322161011,16.8
20240322162011,23.07
20240322163011,38.95
20240322164011,76.47
20240322165011,72.57
20240327090011,26.41
20240327091011,15.05
20240327092011,10.38
20240327093011,18.62
20240327094011,242.36
20240327095011,94.83
20240327100011,67.38
20240327101011,427.18
20240327102011,261.27
20240327103011,356.72
20240327104011,1064.9
20240327105011,1086.29
20240327110011,1294.83
20240327111011,1294.49
20240327112011,1185.06
20240327113011,1262.43
20240327114011,1241.73
20240327115011,1107.92
20240327120011,1054.66
20240327121011,965.33
20240327122011,1225.19
20240327123011,1110.51
20240327124011,828.4
20240327125011,976.38
20240327130011,889.86
20240327131011,777.18
20240327132011,769.52
20240327133011,751.84
20240327134011,661.04
20240327135011,821.5
20240327140011,884.27
20240327141011,704.57
20240327142011,686.83
20240327143011,310.56
20240327144011,385.46
20240327145011,387.92
20240327150011,345.66
20240327151011,192.56
20240327152011,63.86
20240327153011,44.98
20240327154011,37.38
20240327155011,23.67
20240327160011,28.34
20240327161011,14.76
20240327162011,2.19
20240327163011,10.34
20240327164011,10.97
20240327165011,9.67
20240413090011,19.56
20240413091011,11.83
20240413092011,8.45
20240413093011,2.62
20240413094011,7.99
20240413095011,405.49
20240413100011,407.63
20240413101011,403.91
20240413102011,402.15
20240413103011,244.11
20240413104011,499.98
20240413105011,1133
20240413110011,1154.64
20240413111011,1312.94
20240413112011,1393.83
20240413113011,1313.66
20240413114011,1318.13
20240413115011,1319.8
20240413120011,1454.32
20240413121011,1527.69
20240413122011,1416.94
20240413123011,1381.41
20240413124011,1302.63
20240413125011,1508.76
20240413130011,1284.24
20240413131011,1429.41
20240413132011,1397.78
20240413133011,1404.22
20240413134011,1413.34
20240413135011,1303.85
20240413140011,1259.38
20240413141011,1280.24
20240413142011,884.5
20240413143011,625.54
20240413144011,533.44
20240413145011,203.6
20240413150011,291.16
20240413151011,36.7
20240413152011,17.11
20240413153011,3.28
20240413154011,0
20240413155011,10.99
20240413160011,0
20240413161011,10.59
20240413162011,5.82
20240413163011,5.2
20240413164011,16.35
20240413165011,4.56
20240426090011,66.44
20240426091011,48.41
20240426092011,38.42
20240426093011,59.52
20240426094011,73.66
20240426095011,89.87
20240426100011,119.41
20240426101011,85.76
20240426102011,106.44
20240426103011,203.77
20240426104011,262.8
20240426105011,202.77
20240426110011,236.44
20240426111011,245.05
20240426112011,324.65
20240426113011,398.27
20240426114011,412.44
20240426115011,560.93
20240426120011,787.83
20240426121011,484.83
20240426122011,469.53
20240426123011,316.66
20240426124011,338.48
20240426125011,434.08
20240426130011,230.61
20240426131011,252.96
20240426132011,137.28
20240426133011,146.91
20240426134011,137.39
20240426135011,176.27
20240426140011,108.88
20240426141011,151.72
20240426142011,31.59
20240426143011,62.08
20240426144011,23.45
20240426145011,25.88
20240426150011,28.98
20240426151011,19.61
20240426152011,14.14
20240426153011,13.69
20240426154011,2.94
20240426155011,3.35
20240426160011,6.25
20240426161011,1
20240426162011,0
20240426163011,1.83
20240426164011,0.47
20240426165011,0.51
20240606090011,18.04
20240606091011,16.98
20240606092011,27.88
20240606093011,63.36
20240606094011,182.86
20240606095011,276.13
20240606100011,429.11
20240606101011,419.72
20240606102011,556.85
20240606103011,506.64
20240606104011,694.16
20240606105011,1009.36
20240606110011,1189.29
20240606111011,1130.82
20240606112011,1087.45
20240606113011,1005.09
20240606114011,937.95
20240606115011,852.04
20240606120011,928.6
20240606121011,858.08
20240606122011,838.22
20240606123011,983.56
20240606124011,1015.45
20240606125011,920.67
20240606130011,813.82
20240606131011,311.83
20240606132011,454.94
20240606133011,731.29
20240606134011,246.06
20240606135011,210.12
20240606140011,152.5
20240606141011,145
20240606142011,93.22
20240606143011,103.5
20240606144011,332.86
20240606145011,78.97
20240606150011,66.56
20240606151011,46.33
20240606152011,36.74
20240606153011,28.83
20240606154011,29.32
20240606155011,22.58
20240606160011,27.03
20240606161011,20.68
20240606162011,24.49
20240606163011,25.6
20240606164011,18.91
20240606165011,0
20240712090011,22.28
20240712091011,7.52
20240712092011,15.56
20240712093011,26.66
20240712094011,14.59
20240712095011,8.44
20240712100011,10.05
20240712101011,7.78
20240712102011,17.64
20240712103011,19.41
20240712104011,14.27
20240712105011,14.16
20240712110011,3.54
20240712111011,13.5
20240712112011,0
20240712113011,1.18
20240712114011,3.71
20240712115011,1.48
20240712120011,11.87
20240712121011,2.31
20240712122011,5.64
20240712123011,0.69
20240712124011,2.26
20240712125011,0.4
20240712130011,3.96
20240712131011,1.55
20240712132011,3.46
20240712133011,5.56
20240712134011,1.56
20240712135011,0
20240712140011,9.27
20240712141011,11.18
20240712142011,6.76
20240712143011,25.59
20240712144011,5.08
20240712145011,6.36
20240712150011,5.9
20240712151011,7.76
20240712152011,4.67
20240712153011,4.22
20240712154011,3.89
=======
20240117090001,146.33
20240117091001,135.44
20240117092001,125.68
20240117093001,126.16
20240117094001,150.61
20240117095001,149.96
20240117100001,226.62
20240117101001,245.59
20240117102001,261.56
20240117103001,271.87
20240117104001,304.17
20240117105001,317.57
20240117110001,305.92
20240117111001,325.64
20240117112001,368.38
20240117113001,390.72
20240117114001,396.82
20240117115001,360.71
20240117120001,332.08
20240117121001,363.04
20240117122001,392.49
20240117123001,356.39
20240117124001,358.91
20240117125001,386.95
20240117130001,344.57
20240117131001,281.19
20240117132001,224.65
20240117133001,208.7
20240117134001,213.26
20240117135001,151.75
20240117140001,135.49
20240117141001,100.21
20240117142001,114.54
20240117143001,90.65
20240117144001,74.11
20240117145001,67.51
20240117150001,52.91
20240117151001,59.85
20240117152001,40.2
20240117153001,35.83
20240117154001,38.68
20240117155001,38.93
20240117160001,52.88
20240117161001,38.14
20240117162001,27.81
20240117163001,30.9
20240117164001,38.17
20240117165001,38
20240119090001,29.83
20240119091001,27.12
20240119092001,35.9
20240119093001,32.49
20240119094001,31.87
20240119095001,29.4
20240119100001,39.55
20240119101001,42.66
20240119102001,33.42
20240119103001,37.58
20240119104001,46.72
20240119105001,49.14
20240119110001,72.83
20240119111001,66.24
20240119112001,62.47
20240119113001,57.68
20240119114001,84.99
20240119115001,58.45
20240119120001,56.95
20240119121001,49.33
20240119122001,61.4
20240119123001,67.2
20240119124001,48.41
20240119125001,59.07
20240119130001,56.4
20240119131001,34.32
20240119132001,24.32
20240119133001,20.47
20240119134001,45.51
20240119135001,57.34
20240119140001,32.32
20240119141001,23.68
20240119142001,26.17
20240119143001,25.7
20240119144001,11.94
20240119145001,30.19
20240119150001,31.6
20240119151001,31.05
20240119152001,28.04
20240119153001,34.78
20240119154001,35.1
20240119155001,28.68
20240119160001,13.9
20240119161001,28.54
20240119162001,24.46
20240119163001,14.93
20240119164001,12.54
20240119165001,17.92
20240224090001,21.36
20240224091001,20.75
20240224092001,23.88
20240224093001,23.88
20240224094001,20.73
20240224095001,26.03
20240224100001,53.37
20240224101001,83.36
20240224102001,90.02
20240224103001,83.74
20240224104001,100.81
20240224105001,65.93
20240224110001,39.41
20240224111001,38.81
20240224112001,53.7
20240224113001,34.37
20240224114001,24.32
20240224115001,13.56
20240224120001,16.31
20240224121001,26.22
20240224122001,27.09
20240224123001,90.56
20240224124001,116.71
20240224125001,112.89
20240224130001,108.13
20240224131001,119.22
20240224132001,91.07
20240224133001,329.57
20240224134001,121.58
20240224135001,90.8
20240224140001,127.86
20240224141001,78.96
20240224142001,64.36
20240224143001,66.28
20240224144001,62.86
20240224145001,74.12
20240224150001,54.75
20240224151001,51.14
20240224152001,39.34
20240224153001,26.01
20240224154001,42.95
20240224155001,38.49
20240224160001,21.31
20240224161001,27.35
20240224162001,20.34
20240224163001,18.46
20240224164001,15.69
20240224165001,10.95
20240226090001,57.33
20240226091001,58.31
20240226092001,53.15
20240226093001,91.92
20240226094001,43.34
20240226095001,81.46
20240226100001,116.13
20240226101001,132.72
20240226102001,112.73
20240226103001,160.82
20240226104001,142.1
20240226105001,193.94
20240226110001,137.39
20240226111001,148.04
20240226112001,192.85
20240226113001,186.03
20240226114001,510.45
20240226115001,600.2
20240226120001,221.18
20240226121001,191.79
20240226122001,202.35
20240226123001,228.53
20240226124001,176.45
20240226125001,599.03
20240226130001,256.42
20240226131001,196.13
20240226132001,213.28
20240226133001,152.31
20240226134001,147.06
20240226135001,165.23
20240226140001,434.26
20240226141001,580.23
20240226142001,428.95
20240226143001,40.93
20240226144001,54.9
20240226145001,46.56
20240226150001,90.01
20240226151001,39.71
20240226152001,58.19
20240226153001,43.38
20240226154001,40.15
20240226155001,32.06
20240226160001,11.9
20240226161001,7.19
20240226162001,5.05
20240226163001,0
20240226164001,0
20240226165001,2.22
20240327090001,93.26
20240327091001,163.03
20240327092001,157.3
20240327093001,260.63
20240327094001,260.33
20240327095001,309.9
20240327100001,314.48
20240327101001,305.49
20240327102001,321.55
20240327103001,338.33
20240327104001,443.46
20240327105001,510.65
20240327110001,530.99
20240327111001,592.7
20240327112001,672.13
20240327113001,749.67
20240327114001,873.65
20240327115001,1280.39
20240327120001,1314.8
20240327121001,1274.72
20240327122001,1001.35
20240327123001,897.68
20240327124001,947.19
20240327125001,1096.6
20240327130001,793.69
20240327131001,556.73
20240327132001,253.8
20240327133001,124.19
20240327134001,111.66
20240327135001,64.15
20240327140001,83.5
20240327141001,116.14
20240327142001,89.83
20240327143001,86.63
20240327144001,59.98
20240327145001,70.86
20240327150001,76.68
20240327151001,50.06
20240327152001,60.16
20240327153001,74.84
20240327154001,30.74
20240327155001,43.2
20240327160001,57.96
20240327161001,7.82
20240327162001,29.93
20240327163001,56.11
20240327164001,59.19
20240327165001,57.28
20240329090001,28.71
20240329091001,22.03
20240329092001,25.03
20240329093001,79.71
20240329094001,26.47
20240329095001,22.89
20240329100001,21.21
20240329101001,16.15
20240329102001,13.77
20240329103001,23.34
20240329104001,22.91
20240329105001,25.45
20240329110001,38.71
20240329111001,33.94
20240329112001,24.87
20240329113001,8.12
20240329114001,7.11
20240329115001,8.38
20240329120001,9.29
20240329121001,15.96
20240329122001,18.98
20240329123001,18.76
20240329124001,19.82
20240329125001,14.57
20240329130001,10.91
20240329131001,16.54
20240329132001,3.47
20240329133001,0
20240329134001,2.1
20240329135001,3.46
20240329140001,3.99
20240329141001,2.9
20240329142001,0.47
20240329143001,1.03
20240329144001,1.53
20240329145001,0.89
20240329150001,15.14
20240329151001,0
20240329152001,6.34
20240329153001,4.16
20240329154001,5.42
20240329155001,1.8
20240329160001,20.74
20240329161001,14.86
20240329162001,5.2
20240329163001,16.78
20240329164001,0
20240329165001,0.98
20240428090001,24.27
20240428091001,34.38
20240428092001,35.15
20240428093001,21.55
20240428094001,12.72
20240428095001,9.14
20240428100001,11.66
20240428101001,23.96
20240428102001,21.71
20240428103001,32.29
20240428104001,34.35
20240428105001,40.3
20240428110001,15.47
20240428111001,31.82
20240428112001,35.51
20240428113001,40.2
20240428114001,49.31
20240428115001,36.13
20240428120001,44.4
20240428121001,37.54
20240428122001,7.57
20240428123001,26.61
20240428124001,26.72
20240428125001,22.93
20240428130001,31.09
20240428131001,28.54
20240428132001,30.46
20240428133001,29.36
20240428134001,25.79
20240428135001,14.89
20240428140001,10.15
20240428141001,18.79
20240428142001,19.69
20240428143001,20.69
20240428144001,14.58
20240428145001,12.06
20240428150001,13.37
20240428151001,3.09
20240428152001,0
20240428153001,3.97
20240428154001,4.04
20240428155001,6.3
20240428160001,21.84
20240428161001,2.48
20240428162001,10.08
20240428163001,7.49
20240428164001,7.21
20240428165001,25.03
20240430090001,76.64
20240430091001,68.88
20240430092001,66.11
20240430093001,63.73
20240430094001,128.48
20240430095001,134.47
20240430100001,185.58
20240430101001,227.08
20240430102001,250.11
20240430103001,604.19
20240430104001,637.98
20240430105001,573.37
20240430110001,653.74
20240430111001,321.94
20240430112001,263.7
20240430113001,160.86
20240430114001,199.38
20240430115001,206.12
20240430120001,254.65
20240430121001,265.53
20240430122001,259.63
20240430123001,251.58
20240430124001,213.58
20240430125001,214.23
20240430130001,180.85
20240430131001,72.14
20240430132001,48.64
20240430133001,32.72
20240430134001,19.22
20240430135001,24.29
20240430140001,25.97
20240430141001,22.66
20240430142001,14.13
20240430143001,5.56
20240430144001,3.41
20240430145001,2.71
20240430150001,4.21
20240430151001,2.92
20240430152001,4.5
20240430153001,2.08
20240430154001,1.35
20240430155001,1.74
20240430160001,5.81
20240430161001,3.14
20240430162001,2.22
20240430163001,5.98
20240430164001,6.04
20240430165001,0.14
20240515090001,29.28
20240515091001,32.96
20240515092001,24.96
20240515093001,8.22
20240515094001,19.22
20240515095001,33.31
20240515100001,13.81
20240515101001,17.2
20240515102001,19.81
20240515103001,29.31
20240515104001,3.23
20240515105001,28.11
20240515110001,58.99
20240515111001,1.25
20240515112001,4.77
20240515113001,15.11
20240515114001,11.7
20240515115001,15.12
20240515120001,45.22
20240515121001,72.16
20240515122001,59.46
20240515123001,12.84
20240515124001,25.03
20240515125001,16.69
20240515130001,20.69
20240515131001,24.92
20240515132001,15.7
20240515133001,19.94
20240515134001,17.26
20240515135001,17.5
20240515140001,18.45
20240515141001,25.61
20240515142001,9.14
20240515143001,6.06
20240515144001,2.2
20240515145001,33.01
20240515150001,44.82
20240515151001,16.76
20240515152001,16.71
20240515153001,25.49
20240515154001,10.64
20240515155001,15.53
20240515160001,17.1
20240515161001,25.14
20240515162001,25.26
20240515163001,30.23
20240515164001,26.59
20240515165001,24.66
20240520090001,113.5
20240520091001,108.99
20240520092001,116.06
20240520093001,37.15
20240520094001,30.99
20240520095001,28.8
20240520100001,27.49
20240520101001,35.57
20240520102001,113.3
20240520103001,100.07
20240520104001,166.01
20240520105001,191.52
20240520110001,240.83
20240520111001,581.73
20240520112001,648.56
20240520113001,163.08
20240520114001,114.65
20240520115001,161.14
20240520120001,172.97
20240520121001,147.87
20240520122001,127.5
20240520123001,112.09
20240520124001,122.95
20240520125001,76.21
20240520130001,78.98
20240520131001,63.03
20240520132001,55.77
20240520133001,37.32
20240520134001,73.97
20240520135001,71.24
20240520140001,61.03
20240520141001,52.62
20240520142001,50.93
20240520143001,93.12
20240520144001,68.56
20240520145001,64.71
20240520150001,71.43
20240520151001,112.16
20240520152001,69.11
20240520153001,49.04
20240520154001,52.12
20240520155001,62.21
20240520160001,75.91
20240520161001,59.7
20240520162001,37.19
20240520163001,29.3
20240520164001,28.25
20240520165001,31.98
20240613090001,273.24
20240613091001,335.16
20240613092001,351.19
20240613093001,372.5
20240613094001,418.26
20240613095001,641.78
20240613100001,697.5
20240613101001,748.54
20240613102001,760.36
20240613103001,808.63
20240613104001,790.99
20240613105001,917.13
20240613110001,999.42
20240613111001,1009.78
20240613112001,1025.45
20240613113001,1032.67
20240613114001,1302.21
20240613115001,960.78
20240613120001,1266.93
20240613121001,1227.69
20240613122001,1302.83
20240613123001,1230.04
20240613124001,1188.3
20240613125001,1054.24
20240613130001,931.14
20240613131001,953.67
20240613132001,1058.05
20240613133001,1168.33
20240613134001,1191.78
20240613135001,1184.91
20240613140001,1011.76
20240613141001,696.1
20240613142001,615.6
20240613143001,595.23
20240613144001,431.37
20240613145001,344.47
20240613150001,197.06
20240613151001,168.11
20240613152001,170.38
20240613153001,131.02
20240613154001,90.83
20240613155001,74.11
20240613160001,47.71
20240613161001,26.8
20240613162001,51.06
20240613163001,45.83
20240613164001,30.64
20240613165001,35.02
20240615090001,118.23
20240615091001,59.63
20240615092001,88.56
20240615093001,70.65
20240615094001,53.12
20240615095001,68.77
20240615100001,103.23
20240615101001,121.33
20240615102001,50.42
20240615103001,62.4
20240615104001,64.1
20240615105001,68.26
20240615110001,91.84
20240615111001,69.44
20240615112001,77.6
20240615113001,60.26
20240615114001,57.61
20240615115001,81.56
20240615120001,65.63
20240615121001,77.25
20240615122001,71.87
20240615123001,74.04
20240615124001,50.23
20240615125001,49.43
20240615130001,57.72
20240615131001,47.81
20240615132001,42.45
20240615133001,33.62
20240615134001,24.68
20240615135001,36.47
20240615140001,35.14
20240615141001,22.57
20240615142001,13.27
20240615143001,5.22
20240615144001,6.05
20240615145001,1.85
20240615150001,32.11
20240615151001,25.35
20240615152001,24.14
20240615153001,33.55
20240615154001,37.88
20240615155001,46.02
20240615160001,46.53
20240615161001,47.92
20240615162001,33.36
20240615163001,33.58
20240615164001,35.28
20240615165001,16.57
20240703090001,412.18
20240703091001,362.81
20240703092001,366.41
20240703093001,365.83
20240703094001,444.62
20240703095001,338.37
20240703100001,593.62
20240703101001,453.77
20240703102001,749.05
20240703103001,773.86
20240703104001,859.33
20240703105001,853.18
20240703110001,548.22
20240703111001,964.87
20240703112001,639.43
20240703113001,988.24
20240703114001,967.67
20240703115001,865.03
20240703120001,892.85
20240703121001,914.36
20240703122001,865.24
20240703123001,873.87
20240703124001,1171.66
20240703125001,849.94
20240703130001,879.78
20240703131001,752.51
20240703132001,802.54
20240703133001,372.98
20240703134001,364.46
20240703135001,197.41
20240703140001,140.92
20240703141001,116.85
20240703142001,53.52
20240703143001,42.26
20240703144001,58.9
20240703145001,68.93
20240703150001,76.79
20240703151001,93.96
20240703152001,67.12
20240703153001,64.8
20240703154001,61.25
20240703155001,59.88
20240703160001,58.24
20240703161001,59.3
20240703162001,48.83
20240703163001,25.74
20240703164001,27.8
20240703165001,25.05
20240707090001,268.92
20240707091001,266.53
20240707092001,288.17
20240707093001,310.63
20240707094001,289.23
20240707095001,443.5
20240707100001,402.31
20240707101001,606.15
20240707102001,520.77
20240707103001,493.89
20240707104001,589.84
20240707105001,717.14
20240707110001,893.48
20240707111001,748.95
20240707112001,914.8
20240707113001,1206.9
20240707114001,1092.47
20240707115001,1145.46
20240707120001,1277.49
20240707121001,1215.69
20240707122001,1214.59
20240707123001,1220.51
20240707124001,1072.03
20240707125001,1084.24
20240707130001,1011.54
20240707131001,950.93
20240707132001,904.42
20240707133001,930.49
20240707134001,713.39
20240707135001,515.34
20240707140001,503.9
20240707141001,324.62
20240707142001,136.58
20240707143001,119.35
20240707144001,100.49
20240707145001,79.84
20240707150001,68.22
20240707151001,50.51
20240707152001,65.97
20240707153001,59.82
20240707154001,37.49
20240707155001,28.24
20240707160001,34.99
20240707161001,24.87
20240707162001,23.01
20240707163001,30.42
20240707164001,28.09
20240707165001,35.2
20240125090002,181.69
20240125091002,161.84
20240125092002,165.24
20240125093002,151.53
20240125094002,128.04
20240125095002,120.58
20240125100002,145.91
20240125101002,156.87
20240125102002,149.14
20240125103002,150.33
20240125104002,164.3
20240125105002,155.94
20240125110002,154.69
20240125111002,154.21
20240125112002,146.7
20240125113002,145.77
20240125114002,151.44
20240125115002,151.93
20240125120002,147.4
20240125121002,140.77
20240125122002,146.3
20240125123002,142.31
20240125124002,92.56
20240125125002,87.05
20240125130002,143.39
20240125131002,84.99
20240125132002,66.75
20240125133002,66.48
20240125134002,77.21
20240125135002,81.77
20240125140002,85.9
20240125141002,83.01
20240125142002,84.71
20240125143002,70.54
20240125144002,76.14
20240125145002,81.59
20240125150002,104.12
20240125151002,62.01
20240125152002,60.59
20240125153002,46.38
20240125154002,50.47
20240125155002,45.45
20240125160002,44.02
20240125161002,38.31
20240125162002,38.83
20240125163002,29.66
20240125164002,28.08
20240125165002,24.24
20240128090002,34.15
20240128091002,48.27
20240128092002,42.51
20240128093002,62.95
20240128094002,61.86
20240128095002,134.44
20240128100002,79.88
20240128101002,56.71
20240128102002,66.79
20240128103002,71.41
20240128104002,89.63
20240128105002,84.46
20240128110002,70.72
20240128111002,83.62
20240128112002,107.3
20240128113002,145.93
20240128114002,147.36
20240128115002,106.03
20240128120002,80.69
20240128121002,73.69
20240128122002,85.57
20240128123002,78.68
20240128124002,72.46
20240128125002,119.27
20240128130002,115.11
20240128131002,107.61
20240128132002,54.72
20240128133002,47.41
20240128134002,40.13
20240128135002,28.18
20240128140002,23
20240128141002,31.13
20240128142002,25.54
20240128143002,16.72
20240128144002,10.47
20240128145002,3.25
20240128150002,2.81
20240128151002,1.96
20240128152002,2.51
20240128153002,1.01
20240128154002,4.62
20240128155002,12.99
20240128160002,19.64
20240128161002,3.93
20240128162002,10.56
20240128163002,10.7
20240128164002,14.39
20240128165002,21.13
20240213090002,38.43
20240213091002,28.39
20240213092002,47.95
20240213093002,53.93
20240213094002,44.88
20240213095002,40.84
20240213100002,143.73
20240213101002,97.57
20240213102002,488.56
20240213103002,169.51
20240213104002,139.04
20240213105002,242.38
20240213110002,283.95
20240213111002,350.53
20240213112002,804.79
20240213113002,819.72
20240213114002,861.6
20240213115002,786.83
20240213120002,742.87
20240213121002,714.87
20240213122002,826.84
20240213123002,860.34
20240213124002,997.75
20240213125002,1271.48
20240213130002,1261.92
20240213131002,1208.9
20240213132002,1159.96
20240213133002,1154.1
20240213134002,1293.97
20240213135002,1019.85
20240213140002,1067.02
20240213141002,699.56
20240213142002,676.81
20240213143002,199.62
20240213144002,126.14
20240213145002,80.23
20240213150002,87.96
20240213151002,78.9
20240213152002,69.28
20240213153002,63.24
20240213154002,66.34
20240213155002,110.35
20240213160002,66.9
20240213161002,67.52
20240213162002,55.95
20240213163002,46.26
20240213164002,37.6
20240213165002,29.41
20240226090002,244.65
20240226091002,267.93
20240226092002,299.34
20240226093002,595.06
20240226094002,521.45
20240226095002,561.39
20240226100002,556.91
20240226101002,717.72
20240226102002,763.32
20240226103002,806.21
20240226104002,734.91
20240226105002,850.42
20240226110002,853.72
20240226111002,988.78
20240226112002,1047.23
20240226113002,1218.03
20240226114002,1290.41
20240226115002,1387.2
20240226120002,1333.48
20240226121002,1335.89
20240226122002,1327.88
20240226123002,1280.81
20240226124002,1265.36
20240226125002,1200.95
20240226130002,1245.77
20240226131002,1192.45
20240226132002,1182.15
20240226133002,1156.67
20240226134002,1238.62
20240226135002,1185.14
20240226140002,1312.32
20240226141002,1316.12
20240226142002,1291.78
20240226143002,1236.18
20240226144002,1159.73
20240226145002,1096.08
20240226150002,415.85
20240226151002,386.26
20240226152002,253.42
20240226153002,216.15
20240226154002,222.8
20240226155002,136.8
20240226160002,152.41
20240226161002,131.84
20240226162002,137.4
20240226163002,121.79
20240226164002,129.06
20240226165002,154.93
20240319090002,337.42
20240319091002,330.8
20240319092002,373.24
20240319093002,600.09
20240319094002,601.62
20240319095002,678.43
20240319100002,718.41
20240319101002,898.42
20240319102002,845.12
20240319103002,983.69
20240319104002,1105.13
20240319105002,1152.95
20240319110002,1240.03
20240319111002,1297.68
20240319112002,1236.5
20240319113002,1268.17
20240319114002,1281.06
20240319115002,1283.86
20240319120002,1253.44
20240319121002,1293.67
20240319122002,1208.93
20240319123002,1279.87
20240319124002,896.29
20240319125002,1087.32
20240319130002,1169.36
20240319131002,1139.21
20240319132002,1152.18
20240319133002,1083.09
20240319134002,1051.2
20240319135002,784.06
20240319140002,715.03
20240319141002,655.78
20240319142002,656.6
20240319143002,852.02
20240319144002,789.8
20240319145002,572.09
20240319150002,559.25
20240319151002,411.1
20240319152002,276.2
20240319153002,147.66
20240319154002,62.4
20240319155002,91.99
20240319160002,49.97
20240319161002,50.18
20240319162002,52.64
20240319163002,31.67
20240319164002,29.99
20240319165002,38.66
20240427090002,382.81
20240427091002,398.44
20240427092002,406.37
20240427093002,462.63
20240427094002,707.12
20240427095002,829.66
20240427100002,914.82
20240427101002,931.18
20240427102002,882.01
20240427103002,899.74
20240427104002,1061.56
20240427105002,1135.2
20240427110002,1287.03
20240427111002,1256.38
20240427112002,1264.84
20240427113002,1274.04
20240427114002,1311.83
20240427115002,1383.22
20240427120002,1434.53
20240427121002,1447.47
20240427122002,1390.16
20240427123002,1392.78
20240427124002,1391.05
20240427125002,1385.24
20240427130002,1398.95
20240427131002,1350.71
20240427132002,1413.47
20240427133002,1381.43
20240427134002,1336.03
20240427135002,1058.82
20240427140002,1088.19
20240427141002,826.14
20240427142002,784.97
20240427143002,539.08
20240427144002,357.41
20240427145002,215.3
20240427150002,164.27
20240427151002,203.36
20240427152002,240.56
20240427153002,227.45
20240427154002,133.99
20240427155002,65.66
20240427160002,105.95
20240427161002,109.57
20240427162002,102.28
20240427163002,99.41
20240427164002,88.43
20240427165002,74.85
20240508090002,352.33
20240508091002,379.67
20240508092002,440.84
20240508093002,501.93
20240508094002,612.64
20240508095002,513.26
20240508100002,463.33
20240508101002,487.16
20240508102002,505.78
20240508103002,519.92
20240508104002,914.74
20240508105002,899.09
20240508110002,941.27
20240508111002,1059
20240508112002,1172.12
20240508113002,1258.7
20240508114002,1377.58
20240508115002,1387.83
20240508120002,1438.25
20240508121002,1230.93
20240508122002,1344.19
20240508123002,1354.34
20240508124002,1332.84
20240508125002,1310.06
20240508130002,1317.55
20240508131002,1315.54
20240508132002,1331.96
20240508133002,1278.44
20240508134002,1309.12
20240508135002,1147.68
20240508140002,1225.62
20240508141002,1234.24
20240508142002,984.48
20240508143002,889.04
20240508144002,1150.36
20240508145002,1117.61
20240508150002,1163.1
20240508151002,798.01
20240508152002,534.87
20240508153002,338.98
20240508154002,367.37
20240508155002,142.67
20240508160002,167.67
20240508161002,113.98
20240508162002,90.15
20240508163002,97.03
20240508164002,107.53
20240508165002,123.31
20240705090002,378.92
20240705091002,363.16
20240705092002,364.31
20240705093002,385.93
20240705094002,522.49
20240705095002,724.67
20240705100002,658.09
20240705101002,603.12
20240705102002,733.55
20240705103002,859.86
20240705104002,1035.62
20240705105002,1034.42
20240705110002,1298.09
20240705111002,1385.86
20240705112002,1422.9
20240705113002,1329.99
20240705114002,1287.74
20240705115002,1211.99
20240705120002,1302.09
20240705121002,1306.73
20240705122002,1385.56
20240705123002,1307.73
20240705124002,1280.37
20240705125002,1290.69
20240705130002,1225.99
20240705131002,1227.19
20240705132002,1230.58
20240705133002,1232.93
20240705134002,1256.82
20240705135002,1316.28
20240705140002,1303.65
20240705141002,1305.81
20240705142002,1299.5
20240705143002,1217.88
20240705144002,1250.35
20240705145002,1125.94
20240705150002,925.37
20240705151002,543.03
20240705152002,419.94
20240705153002,315.4
20240705154002,230.25
20240705155002,138.15
20240705160002,139.96
20240705161002,114.83
20240705162002,97.11
20240705163002,97.41
20240705164002,86.57
20240705165002,96.65
20240707090002,371.17
20240707091002,357.75
20240707092002,338.87
20240707093002,387.46
20240707094002,374.9
20240707095002,528.07
20240707100002,624.88
20240707101002,573.95
20240707102002,706.56
20240707103002,669.59
20240707104002,950.23
20240707105002,971.07
20240707110002,1172.19
20240707111002,1305.52
20240707112002,1131.71
20240707113002,1415.57
20240707114002,1359.28
20240707115002,1364.66
20240707120002,1332.51
20240707121002,1306.99
20240707122002,1237.51
20240707123002,1249.34
20240707124002,1226.29
20240707125002,1218.58
20240707130002,1234.53
20240707131002,1216.19
20240707132002,1157.51
20240707133002,1145.19
20240707134002,935.54
20240707135002,983.95
20240707140002,1011.83
20240707141002,851.51
20240707142002,658.97
20240707143002,515.94
20240707144002,448.35
20240707145002,264.82
20240707150002,146.94
20240707151002,162.59
20240707152002,165.22
20240707153002,200.44
20240707154002,267.35
20240707155002,116.07
20240707160002,106.37
20240707161002,107.16
20240707162002,57.44
20240707163002,60.07
20240707164002,63.76
20240707165002,54.65
20240317090003,302.14
20240317091003,319.34
20240317092003,308.3
20240317093003,418.31
20240317094003,559.59
20240317095003,502.98
20240317100003,339.74
20240317101003,573.64
20240317102003,641.11
20240317103003,760.94
20240317104003,872.13
20240317105003,942.11
20240317110003,1010
20240317111003,1160.35
20240317112003,1370.25
20240317113003,1329.94
20240317114003,1377.68
20240317115003,1362.36
20240317120003,1428.91
20240317121003,1385.89
20240317122003,1432.68
20240317123003,1456.4
20240317124003,1426.02
20240317125003,1337.3
20240317130003,1400.08
20240317131003,1439.44
20240317132003,1136.47
20240317133003,1224.81
20240317134003,1181.95
20240317135003,1199.4
20240317140003,969.76
20240317141003,1055.38
20240317142003,762.73
20240317143003,661.79
20240317144003,638.69
20240317145003,456.52
20240317150003,437.44
20240317151003,422.25
20240317152003,273.19
20240317153003,137.13
20240317154003,99.43
20240317155003,167.86
20240317160003,129.96
20240317161003,117.27
20240317162003,81.82
20240317163003,101.97
20240317164003,84.62
20240317165003,92.23
20240414090003,6.6
20240414091003,2.4
20240414092003,4.2
20240414093003,3.4
20240414094003,3.17
20240414095003,4.3
20240414100003,9.88
20240414101003,1.29
20240414102003,1.65
20240414103003,1.54
20240414104003,9.71
20240414105003,15.56
20240414110003,28.9
20240414111003,29.29
20240414112003,25.59
20240414113003,22.36
20240414114003,23.3
20240414115003,16.97
20240414120003,24.89
20240414121003,17.73
20240414122003,26.18
20240414123003,21.11
20240414124003,20.68
20240414125003,6.01
20240414130003,8.37
20240414131003,8.32
20240414132003,7.98
20240414133003,5.36
20240414134003,10.11
20240414135003,4.84
20240414140003,8.75
20240414141003,9
20240414142003,9.41
20240414143003,7.9
20240414144003,7.14
20240414145003,8.14
20240414150003,9.91
20240414151003,7.93
20240414152003,6.51
20240414153003,5.87
20240414154003,6.8
20240414155003,6.17
20240414160003,6.17
20240414161003,15.77
20240414162003,9.99
20240414163003,9.21
20240414164003,11.33
20240414165003,14.53
20240524090003,11.77
20240524091003,23.75
20240524092003,12.47
20240524093003,14.29
20240524094003,14.74
20240524095003,11.57
20240524100003,3.46
20240524101003,4.24
20240524102003,10.62
20240524103003,7.51
20240524104003,7.22
20240524105003,12.19
20240524110003,9.62
20240524111003,6.89
20240524112003,8.86
20240524113003,12.64
20240524114003,13.45
20240524115003,22.08
20240524120003,18.03
20240524121003,17.97
20240524122003,17.34
20240524123003,6.39
20240524124003,4.76
20240524125003,4.95
20240524130003,4.41
20240524131003,6.83
20240524132003,11.13
20240524133003,10.15
20240524134003,10.65
20240524135003,12.39
20240524140003,2.07
20240524141003,5.4
20240524142003,7.52
20240524143003,7.47
20240524144003,9.6
20240524145003,14.25
20240524150003,13.68
20240524151003,4.89
20240524152003,0
20240524153003,0
20240524154003,1.77
20240524155003,4.68
20240524160003,16.04
20240524161003,17.87
20240524162003,19.21
20240524163003,17.68
20240524164003,17.08
20240524165003,16.33
20240526090003,92.97
20240526091003,165.79
20240526092003,155.28
20240526093003,252.92
20240526094003,260.29
20240526095003,307.23
20240526100003,313.68
20240526101003,306.29
20240526102003,321.55
20240526103003,339.12
20240526104003,441.38
20240526105003,514.46
20240526110003,530.99
20240526111003,592.7
20240526112003,645.7
20240526113003,749.67
20240526114003,872.83
20240526115003,1280.39
20240526120003,1314.3
20240526121003,1274.87
20240526122003,1001.35
20240526123003,897.68
20240526124003,946.86
20240526125003,1096.6
20240526130003,793.69
20240526131003,556.73
20240526132003,253.8
20240526133003,125.84
20240526134003,111.61
20240526135003,64.15
20240526140003,83.7
20240526141003,117.16
20240526142003,89.83
20240526143003,86.63
20240526144003,59.98
20240526145003,70.81
20240526150003,76.68
20240526151003,50.06
20240526152003,60.09
20240526153003,74.78
20240526154003,30.67
20240526155003,43.2
20240526160003,57.96
20240526161003,7.82
20240526162003,29.93
20240526163003,56.11
20240526164003,59.19
20240526165003,57.28
20240603090003,24.27
20240603091003,34.38
20240603092003,35.13
20240603093003,21.54
20240603094003,12.72
20240603095003,9.1
20240603100003,11.66
20240603101003,23.9
20240603102003,21.71
20240603103003,32.29
20240603104003,34.35
20240603105003,40.11
20240603110003,15.76
20240603111003,31.82
20240603112003,36.89
20240603113003,40.34
20240603114003,47.74
20240603115003,36.17
20240603120003,44.4
20240603121003,37.54
20240603122003,5.21
20240603123003,26.61
20240603124003,26.72
20240603125003,22.66
20240603130003,31.09
20240603131003,28.61
20240603132003,30.37
20240603133003,29.38
20240603134003,25.84
20240603135003,14.9
20240603140003,10.15
20240603141003,18.79
20240603142003,19.7
20240603143003,20.73
20240603144003,14.58
20240603145003,12.06
20240603150003,13.37
20240603151003,3.09
20240603152003,0
20240603153003,3.97
20240603154003,4.04
20240603155003,6.29
20240603160003,21.84
20240603161003,2.48
20240603162003,10.08
20240603163003,7.49
20240603164003,7.21
20240603165003,25.03
20240620090003,10.35
20240620091003,15.64
20240620092003,14.59
20240620093003,19.8
20240620094003,14.1
20240620095003,19.26
20240620100003,19.38
20240620101003,14.35
20240620102003,11.25
20240620103003,14.57
20240620104003,11.89
20240620105003,13.12
20240620110003,5.58
20240620111003,16.32
20240620112003,17.71
20240620113003,21.15
20240620114003,20.96
20240620115003,3.79
20240620120003,6.05
20240620121003,16.94
20240620122003,16.69
20240620123003,12.07
20240620124003,11.48
20240620125003,4.96
20240620130003,5.25
20240620131003,7.04
20240620132003,0.54
20240620133003,3.49
20240620134003,5.48
20240620135003,19.96
20240620140003,11.18
20240620141003,5.3
20240620142003,3.87
20240620143003,0.21
20240620144003,0.81
20240620145003,5.38
20240620150003,11.15
20240620151003,4.81
20240620152003,2.38
20240620153003,3.8
20240620154003,2.47
20240620155003,10.56
20240620160003,8.91
20240620161003,13.68
20240620162003,13.7
20240620163003,8.11
20240620164003,7.76
20240620165003,5.47
20240420090004,56.06
20240420091004,56.5
20240420092004,43.67
20240420093004,44.26
20240420094004,66.75
20240420095004,94.32
20240420100004,78.77
20240420101004,77.94
20240420102004,66.95
20240420103004,69.81
20240420104004,68.84
20240420105004,69.3
20240420110004,52.42
20240420111004,46.29
20240420112004,51.3
20240420113004,41.63
20240420114004,47.62
20240420115004,43.76
20240420120004,47.58
20240420121004,43.81
20240420122004,47.13
20240420123004,49.71
20240420124004,42.76
20240420125004,44.66
20240420130004,117.89
20240420131004,109.61
20240420132004,114.09
20240420133004,152.57
20240420134004,135.74
20240420135004,115.01
20240420140004,106.11
20240420141004,107.31
20240420142004,115.58
20240420143004,57.11
20240420144004,72.72
20240420145004,44.09
20240420150004,41.31
20240420151004,37.64
20240420152004,41.88
20240420153004,37.5
20240420154004,41.46
20240420155004,30.99
20240420160004,33.58
20240420161004,21.5
20240420162004,14.81
20240420163004,15.72
20240420164004,12.12
20240420165004,24.01
20240422090004,120.34
20240422091004,60.97
20240422092004,87.31
20240422093004,70.65
20240422094004,53.79
20240422095004,68.05
20240422100004,86.43
20240422101004,123.32
20240422102004,57.13
20240422103004,62.3
20240422104004,64.1
20240422105004,69.56
20240422110004,91.84
20240422111004,69.27
20240422112004,77.1
20240422113004,58.5
20240422114004,57.84
20240422115004,85.09
20240422120004,65.53
20240422121004,80.72
20240422122004,70.89
20240422123004,76.44
20240422124004,50.23
20240422125004,49.43
20240422130004,57.72
20240422131004,47.81
20240422132004,42.3
20240422133004,33.77
20240422134004,24.68
20240422135004,36.51
20240422140004,35.14
20240422141004,22.57
20240422142004,13.27
20240422143004,5.22
20240422144004,6.05
20240422145004,1.85
20240422150004,32.11
20240422151004,25.42
20240422152004,24.05
20240422153004,33.55
20240422154004,37.88
20240422155004,46.06
20240422160004,46.53
20240422161004,47.92
20240422162004,33.36
20240422163004,33.58
20240422164004,35.28
20240422165004,16.57
20240513090004,393.41
20240513091004,385.16
20240513092004,437.75
20240513093004,487.26
20240513094004,605.43
20240513095004,700.97
20240513100004,616.59
20240513101004,600.5
20240513102004,721.37
20240513103004,928.49
20240513104004,1164.35
20240513105004,1116.72
20240513110004,1191.51
20240513111004,1255.04
20240513112004,1253.5
20240513113004,1234.69
20240513114004,1240.51
20240513115004,1035.02
20240513120004,1145.11
20240513121004,1202.71
20240513122004,1347.74
20240513123004,1462.78
20240513124004,1460.13
20240513125004,1451.61
20240513130004,1399.91
20240513131004,1438.07
20240513132004,1514.67
20240513133004,1534.34
20240513134004,1387.57
20240513135004,1336.84
20240513140004,1361.45
20240513141004,1380.3
20240513142004,1002.95
20240513143004,1019.23
20240513144004,1155.98
20240513145004,751.21
20240513150004,800.21
20240513151004,662.96
20240513152004,513.88
20240513153004,386.33
20240513154004,215.4
20240513155004,124.32
20240513160004,123.76
20240513161004,81.7
20240513162004,93.3
20240513163004,89.43
20240513164004,84.74
20240513165004,74.35
20240515090004,378.92
20240515091004,363.16
20240515092004,365.35
20240515093004,385.93
20240515094004,527.67
20240515095004,724.67
20240515100004,658.01
20240515101004,603.12
20240515102004,733
20240515103004,851.84
20240515104004,1035.62
20240515105004,1034.42
20240515110004,1298.09
20240515111004,1385.79
20240515112004,1422.9
20240515113004,1329.99
20240515114004,1287.74
20240515115004,1211.99
20240515120004,1302.09
20240515121004,1306.68
20240515122004,1385.51
20240515123004,1306.9
20240515124004,1272.53
20240515125004,1285.11
20240515130004,1228.1
20240515131004,1229.62
20240515132004,1231.96
20240515133004,1234.07
20240515134004,1257.04
20240515135004,1317.25
20240515140004,1304.78
20240515141004,1306.9
20240515142004,1300.6
20240515143004,1230.38
20240515144004,1251.14
20240515145004,1118.95
20240515150004,932.74
20240515151004,550.6
20240515152004,420.08
20240515153004,316.51
20240515154004,228.81
20240515155004,139.36
20240515160004,139.25
20240515161004,112.56
20240515162004,96.22
20240515163004,97.41
20240515164004,86.57
20240515165004,96.65
20240629090004,54.22
20240629091004,38.79
20240629092004,36.15
20240629093004,47.14
20240629094004,38.96
20240629095004,53.96
20240629100004,68.09
20240629101004,226.36
20240629102004,348.15
20240629103004,599.47
20240629104004,686.5
20240629105004,817.95
20240629110004,984.78
20240629111004,995.03
20240629112004,801.13
20240629113004,710.62
20240629114004,752.57
20240629115004,851.24
20240629120004,1000.21
20240629121004,736
20240629122004,591.46
20240629123004,561.83
20240629124004,479.68
20240629125004,437.22
20240629130004,343.16
20240629131004,304.46
20240629132004,158.71
20240629133004,134.63
20240629134004,75.54
20240629135004,68.28
20240629140004,55.2
20240629141004,50.88
20240629142004,39.01
20240629143004,21.43
20240629144004,20.26
20240629145004,24.93
20240629150004,17.02
20240629151004,4.52
20240629152004,5.32
20240629153004,1.58
20240629154004,6.86
20240629155004,7.43
20240629160004,3.41
20240629161004,3.51
20240629162004,4.11
20240629163004,14.71
20240629164004,16.53
20240629165004,13.91
20240704090004,65
20240704091004,86.95
20240704092004,88.39
20240704093004,95.9
20240704094004,107.88
20240704095004,137.78
20240704100004,145.1
20240704101004,283.67
20240704102004,476.35
20240704103004,573.02
20240704104004,790.24
20240704105004,894.12
20240704110004,1215.38
20240704111004,1297.62
20240704112004,1267.32
20240704113004,1163.83
20240704114004,1220.29
20240704115004,1078.09
20240704120004,1062.68
20240704121004,907.17
20240704122004,589.25
20240704123004,596.88
20240704124004,556.84
20240704125004,622.44
20240704130004,625.88
20240704131004,499.38
20240704132004,622.45
20240704133004,526.35
20240704134004,292.15
20240704135004,287.36
20240704140004,239.36
20240704141004,131.34
20240704142004,91.91
20240704143004,66.36
20240704144004,55.08
20240704145004,60.91
20240704150004,64.39
20240704151004,62.96
20240704152004,75.42
20240704153004,50.46
20240704154004,58.68
20240704155004,51.46
20240704160004,59.68
20240704161004,46.98
20240704162004,56.43
20240704163004,44.46
20240704164004,28.99
20240704165004,27.18
20240509090005,34.58
20240509091005,45.89
20240509092005,41.37
20240509093005,50.53
20240509094005,53.68
20240509095005,64.86
20240509100005,50.13
20240509101005,42.87
20240509102005,54.8
20240509103005,59.46
20240509104005,76.75
20240509105005,71.82
20240509110005,69.5
20240509111005,68.5
20240509112005,74.18
20240509113005,125.53
20240509114005,142.08
20240509115005,102.89
20240509120005,77.46
20240509121005,71.12
20240509122005,83.09
20240509123005,74.71
20240509124005,69.42
20240509125005,115.13
20240509130005,109.91
20240509131005,107.4
20240509132005,55.01
20240509133005,48.25
20240509134005,41.17
20240509135005,28.11
20240509140005,23.78
20240509141005,31.22
20240509142005,25.71
20240509143005,16.88
20240509144005,9.41
20240509145005,3.47
20240509150005,2.94
20240509151005,2.05
20240509152005,2.29
20240509153005,0.92
20240509154005,4.52
20240509155005,13.18
20240509160005,19.82
20240509161005,4.19
20240509162005,10.67
20240509163005,10.58
20240509164005,14.15
20240509165005,20.56
20240514090005,61.62
20240514091005,68.73
20240514092005,83.94
20240514093005,124.68
20240514094005,128.73
20240514095005,158.36
20240514100005,149.83
20240514101005,133.87
20240514102005,88.3
20240514103005,67.14
20240514104005,60.72
20240514105005,62.3
20240514110005,27.01
20240514111005,86.95
20240514112005,78.4
20240514113005,84.32
20240514114005,85.74
20240514115005,88.65
20240514120005,93.08
20240514121005,86.05
20240514122005,73.94
20240514123005,69.66
20240514124005,67.98
20240514125005,67.45
20240514130005,54.53
20240514131005,50.68
20240514132005,45.92
20240514133005,44.22
20240514134005,47.71
20240514135005,57.64
20240514140005,71.22
20240514141005,65.53
20240514142005,62.07
20240514143005,59.09
20240514144005,54.75
20240514145005,50.9
20240514150005,40.42
20240514151005,21.05
20240514152005,17.15
20240514153005,16.11
20240514154005,31.99
20240514155005,32.88
20240514160005,19.16
20240514161005,18.15
20240514162005,17.49
20240514163005,20.84
20240514164005,19.38
20240514165005,22.06
20240615090005,59.1
20240615091005,63.99
20240615092005,65.88
20240615093005,48.52
20240615094005,69.48
20240615095005,64.58
20240615100005,100.3
20240615101005,90.95
20240615102005,82.71
20240615103005,77.42
20240615104005,81.04
20240615105005,90.53
20240615110005,84.58
20240615111005,68.84
20240615112005,60.23
20240615113005,25.24
20240615114005,38.55
20240615115005,38.52
20240615120005,37.06
20240615121005,38.56
20240615122005,45.47
20240615123005,40.95
20240615124005,42.27
20240615125005,52.88
20240615130005,55.06
20240615131005,47.43
20240615132005,35.57
20240615133005,42.96
20240615134005,41.15
20240615135005,44.49
20240615140005,43.6
20240615141005,48.27
20240615142005,45.66
20240615143005,44.19
20240615144005,46.5
20240615145005,30.8
20240615150005,23.93
20240615151005,18.26
20240615152005,19.39
20240615153005,16.1
20240615154005,18.12
20240615155005,17.76
20240615160005,21.85
20240615161005,21.43
20240615162005,18.08
20240615163005,19.52
20240615164005,20.01
20240615165005,19
20240620090005,371.46
20240620091005,340.83
20240620092005,208.57
20240620093005,344.69
20240620094005,352.14
20240620095005,516.96
20240620100005,502.12
20240620101005,498.65
20240620102005,626.6
20240620103005,812.79
20240620104005,897.69
20240620105005,1127.37
20240620110005,1283.95
20240620111005,1325.78
20240620112005,1226.36
20240620113005,1236.78
20240620114005,1277.21
20240620115005,1262.76
20240620120005,1256.43
20240620121005,1269.54
20240620122005,1277.35
20240620123005,1334.07
20240620124005,1325.83
20240620125005,1254.47
20240620130005,1228.73
20240620131005,1189.69
20240620132005,1169.27
20240620133005,1124.18
20240620134005,987.17
20240620135005,977.33
20240620140005,931
20240620141005,968.81
20240620142005,1082.9
20240620143005,774.22
20240620144005,506.37
20240620145005,203.47
20240620150005,116.38
20240620151005,73.05
20240620152005,52.95
20240620153005,61.24
20240620154005,50.55
20240620155005,40.23
20240620160005,76.94
20240620161005,34.43
20240620162005,27.42
20240620163005,24.85
20240620164005,18.44
20240620165005,15.07
20240706090005,83.45
20240706091005,118.4
20240706092005,117.88
20240706093005,107.08
20240706094005,132.16
20240706095005,219.3
20240706100005,437.7
20240706101005,638.95
20240706102005,787.87
20240706103005,810.87
20240706104005,821.35
20240706105005,1011.24
20240706110005,1278.82
20240706111005,1270.75
20240706112005,1259.1
20240706113005,1249.12
20240706114005,951.55
20240706115005,1183.4
20240706120005,1161.86
20240706121005,1278.1
20240706122005,1248.05
20240706123005,1266.63
20240706124005,1244.18
20240706125005,959.39
20240706130005,981.95
20240706131005,944.2
20240706132005,882.05
20240706133005,502.93
20240706134005,694.88
20240706135005,697.73
20240706140005,284.85
20240706141005,145.66
20240706142005,124.95
20240706143005,136.45
20240706144005,93.14
20240706145005,79.87
20240706150005,66.55
20240706151005,46.82
20240706152005,46.46
20240706153005,50.07
20240706154005,47
20240706155005,55.17
20240706160005,47.55
20240706161005,28.23
20240706162005,36.01
20240706163005,21.91
20240706164005,20.89
20240706165005,18.83
20240708090005,69.61
20240708091005,129.22
20240708092005,104.4
20240708093005,127.42
20240708094005,135.51
20240708095005,138.95
20240708100005,322.8
20240708101005,384.89
20240708102005,551.95
20240708103005,557.01
20240708104005,413.49
20240708105005,381.34
20240708110005,438.22
20240708111005,466.94
20240708112005,478.55
20240708113005,699.72
20240708114005,778.05
20240708115005,804.76
20240708120005,734.93
20240708121005,463.7
20240708122005,495.28
20240708123005,566.83
20240708124005,600.11
20240708125005,611.78
20240708130005,636.49
20240708131005,442.02
20240708132005,238.75
20240708133005,144.6
20240708134005,144.24
20240708135005,216.32
20240708140005,108.66
20240708141005,97.54
20240708142005,85.45
20240708143005,54.95
20240708144005,81.79
20240708145005,62.16
20240708150005,32.49
20240708151005,22.7
20240708152005,13.53
20240708153005,19.37
20240708154005,19.15
20240708155005,19.2
20240708160005,19.38
20240708161005,20.37
20240708162005,16.03
20240708163005,12.44
20240708164005,18.64
20240708165005,21.86
20240520090006,47.24
20240520091006,37.8
20240520092006,41.74
20240520093006,29.69
20240520094006,27.62
20240520095006,37.19
20240520100006,15.18
20240520101006,31.73
20240520102006,53.32
20240520103006,41.07
20240520104006,67.72
20240520105006,97.3
20240520110006,125.51
20240520111006,118.44
20240520112006,78.37
20240520113006,65.49
20240520114006,51.75
20240520115006,42.4
20240520120006,67.68
20240520121006,73.94
20240520122006,73.84
20240520123006,66.73
20240520124006,81.44
20240520125006,36.77
20240520130006,77.1
20240520131006,20.81
20240520132006,30.45
20240520133006,32.52
20240520134006,34.23
20240520135006,57.16
20240520140006,87.94
20240520141006,49.29
20240520142006,50.54
20240520143006,36.48
20240520144006,29.42
20240520145006,39.65
20240520150006,35.26
20240520151006,24.48
20240520152006,23.62
20240520153006,29.91
20240520154006,32.19
20240520155006,25.46
20240520160006,38.02
20240520161006,25.89
20240520162006,26.83
20240520163006,30.43
20240520164006,26.11
20240520165006,18.01
20240527090006,83.68
20240527091006,78.23
20240527092006,107.29
20240527093006,138.9
20240527094006,204.27
20240527095006,393.97
20240527100006,358.7
20240527101006,604.11
20240527102006,529.37
20240527103006,495.19
20240527104006,587.35
20240527105006,718.47
20240527110006,905.41
20240527111006,753.57
20240527112006,919.77
20240527113006,1212.65
20240527114006,1095.39
20240527115006,1142.83
20240527120006,1272.69
20240527121006,1205.55
20240527122006,1212.3
20240527123006,1225.47
20240527124006,1078
20240527125006,1089.12
20240527130006,1022.32
20240527131006,971.84
20240527132006,909.76
20240527133006,931.32
20240527134006,716.73
20240527135006,514.77
20240527140006,488.41
20240527141006,280.79
20240527142006,91.44
20240527143006,60.67
20240527144006,42.92
20240527145006,40.25
20240527150006,31.56
20240527151006,17.07
20240527152006,36.86
20240527153006,31.57
20240527154006,21.51
20240527155006,15.11
20240527160006,15.41
20240527161006,9.51
20240527162006,8.55
20240527163006,10.76
20240527164006,6.25
20240527165006,8.02
20240625090006,117.62
20240625091006,94.73
20240625092006,152.77
20240625093006,385.8
20240625094006,396.08
20240625095006,502.65
20240625100006,479.18
20240625101006,498.38
20240625102006,623.68
20240625103006,780.27
20240625104006,974.59
20240625105006,987.28
20240625110006,1275.39
20240625111006,1269.39
20240625112006,1288.56
20240625113006,1250.63
20240625114006,1239.26
20240625115006,1106.65
20240625120006,1153.35
20240625121006,1153.33
20240625122006,1129.78
20240625123006,877.13
20240625124006,897.27
20240625125006,933.65
20240625130006,901.44
20240625131006,688.04
20240625132006,558.61
20240625133006,493.11
20240625134006,468.75
20240625135006,305.65
20240625140006,138.51
20240625141006,129.45
20240625142006,46.39
20240625143006,86.45
20240625144006,53.43
20240625145006,77.09
20240625150006,62.01
20240625151006,55.03
20240625152006,36.79
20240625153006,70.99
20240625154006,46.14
20240625155006,41.97
20240625160006,32.86
20240625161006,26.76
20240625162006,20.26
20240625163006,16.73
20240625164006,33.9
20240625165006,18.13
20240629090006,129.95
20240629091006,123.1
20240629092006,183.93
20240629093006,214.96
20240629094006,299.75
20240629095006,394.27
20240629100006,490.45
20240629101006,492.34
20240629102006,458.69
20240629103006,849.25
20240629104006,947.86
20240629105006,975.84
20240629110006,1163.78
20240629111006,1209.02
20240629112006,1218.97
20240629113006,1201.78
20240629114006,1285.56
20240629115006,1285.26
20240629120006,1310.37
20240629121006,1339.25
20240629122006,1348.38
20240629123006,1336.4
20240629124006,1334.45
20240629125006,1239.25
20240629130006,1280.97
20240629131006,1318.68
20240629132006,1321.13
20240629133006,1365.12
20240629134006,1309.5
20240629135006,1337.95
20240629140006,1054.93
20240629141006,1038.68
20240629142006,1284.06
20240629143006,1276.48
20240629144006,1172.67
20240629145006,1077.3
20240629150006,931.49
20240629151006,594.3
20240629152006,381.1
20240629153006,280.18
20240629154006,333.81
20240629155006,85.1
20240629160006,131.05
20240629161006,136.93
20240629162006,90.13
20240629163006,55.34
20240629164006,44.61
20240629165006,63.48
20240706090006,97.5
20240706091006,79.3
20240706092006,64.5
20240706093006,185.82
20240706094006,148.7
20240706095006,159.54
20240706100006,192.48
20240706101006,210.65
20240706102006,445.28
20240706103006,380.89
20240706104006,1418.52
20240706105006,1360.45
20240706110006,1545.37
20240706111006,1543.8
20240706112006,1545.24
20240706113006,1593.47
20240706114006,1597.84
20240706115006,1426.68
20240706120006,1420.21
20240706121006,1475.2
20240706122006,858.06
20240706123006,826.92
20240706124006,134.33
20240706125006,70.76
20240706130006,49.2
20240706131006,51.47
20240706132006,36.28
20240706133006,65.23
20240706134006,48.45
20240706135006,26.13
20240706140006,20.08
20240706141006,12.58
20240706142006,9.48
20240706143006,10.34
20240706144006,11.51
20240706145006,7.81
20240706150006,7.51
20240706151006,8.23
20240706152006,4.76
20240706153006,5.12
20240706154006,5.27
20240706155006,2.29
20240706160006,1.92
20240706161006,3.47
20240706162006,2.63
20240706163006,2.11
20240706164006,1.84
20240706165006,1.05
20240722090006,67.99
20240722091006,80.62
20240722092006,84.81
20240722093006,103.11
20240722094006,123.54
20240722095006,198.63
20240722100006,230.42
20240722101006,718.23
20240722102006,1051.65
20240722103006,1086.35
20240722104006,1103.4
20240722105006,1121.7
20240722110006,1282.09
20240722111006,959.77
20240722112006,936.26
20240722113006,1485.97
20240722114006,1475.66
20240722115006,1527.84
20240722120006,1548.22
20240722121006,1561.59
20240722122006,1225.71
20240722123006,1095.73
20240722124006,1007.18
20240722125006,1519.78
20240722130006,1538.7
20240722131006,1499.72
20240722132006,1224.98
20240722133006,1211.08
20240722134006,1144.65
20240722135006,910.86
20240722140006,949.23
20240722141006,636.08
20240722142006,263.01
20240722143006,94.63
20240722144006,68.48
20240722145006,78.78
20240722150006,67.58
20240722151006,35.12
20240722152006,39.15
20240722153006,20.36
20240722154006,19.45
20240722155006,29.74
20240722160006,23.1
20240722161006,24.17
20240722162006,21.1
20240722163006,19.39
20240722164006,16.6
20240722165006,19.24
20240526090007,59.1
20240526091007,50.07
20240526092007,54.22
20240526093007,73.98
20240526094007,90.31
20240526095007,105.69
20240526100007,161.87
20240526101007,189.64
20240526102007,195.81
20240526103007,170.94
20240526104007,181.06
20240526105007,233.99
20240526110007,248.73
20240526111007,659.47
20240526112007,207.26
20240526113007,158.28
20240526114007,136.81
20240526115007,142.01
20240526120007,178.86
20240526121007,175.56
20240526122007,191.31
20240526123007,156.34
20240526124007,244.8
20240526125007,267.09
20240526130007,245.18
20240526131007,294.46
20240526132007,568.92
20240526133007,232
20240526134007,116.37
20240526135007,96.66
20240526140007,148.94
20240526141007,145.29
20240526142007,82.39
20240526143007,49.18
20240526144007,36.96
20240526145007,41.97
20240526150007,28.42
20240526151007,26.48
20240526152007,31.16
20240526153007,24.69
20240526154007,23.06
20240526155007,16.65
20240526160007,29.94
20240526161007,21.1
20240526162007,27.48
20240526163007,25.86
20240526164007,18.06
20240526165007,25.01
20240612090007,8.32
20240612091007,22.81
20240612092007,22.99
20240612093007,27.8
20240612094007,26.75
20240612095007,31.27
20240612100007,85.48
20240612101007,87.79
20240612102007,90.73
20240612103007,97.43
20240612104007,113.59
20240612105007,116.99
20240612110007,115.31
20240612111007,122.02
20240612112007,158.59
20240612113007,136.71
20240612114007,174.91
20240612115007,180.2
20240612120007,189.25
20240612121007,176.12
20240612122007,281.84
20240612123007,160.81
20240612124007,167.54
20240612125007,179.65
20240612130007,134.63
20240612131007,98.87
20240612132007,125.28
20240612133007,169.22
20240612134007,69.82
20240612135007,66.92
20240612140007,43.2
20240612141007,43.37
20240612142007,40.25
20240612143007,15.28
20240612144007,0.56
20240612145007,0.1
20240612150007,9.38
20240612151007,9.65
20240612152007,16.91
20240612153007,3.06
20240612154007,6.71
20240612155007,5.96
20240612160007,6.03
20240612161007,5.93
20240612162007,3.24
20240612163007,2.33
20240612164007,0
20240612165007,0
20240615090007,229.32
20240615091007,275.23
20240615092007,302.21
20240615093007,605.7
20240615094007,524.91
20240615095007,566.22
20240615100007,564.88
20240615101007,721.99
20240615102007,777.9
20240615103007,817
20240615104007,749
20240615105007,911.21
20240615110007,857.4
20240615111007,1002.61
20240615112007,1055.53
20240615113007,1226.59
20240615114007,1319.28
20240615115007,1408.04
20240615120007,1343.98
20240615121007,1357.86
20240615122007,1346.74
20240615123007,1304.04
20240615124007,1292.68
20240615125007,1205.25
20240615130007,1264.37
20240615131007,1205.09
20240615132007,1217.54
20240615133007,1183.73
20240615134007,1246.97
20240615135007,1191.73
20240615140007,1336.35
20240615141007,1353.43
20240615142007,1325.55
20240615143007,1262.22
20240615144007,1172.15
20240615145007,1095.12
20240615150007,415.78
20240615151007,385.21
20240615152007,244.03
20240615153007,198.6
20240615154007,207.14
20240615155007,124.98
20240615160007,152.72
20240615161007,130.41
20240615162007,134.36
20240615163007,125.24
20240615164007,131.15
20240615165007,155.55
20240717090007,437.11
20240717091007,480.56
20240717092007,453.28
20240717093007,573.62
20240717094007,602.12
20240717095007,746.13
20240717100007,698.31
20240717101007,761.63
20240717102007,789.46
20240717103007,969.62
20240717104007,1056.17
20240717105007,1235.94
20240717110007,1347.05
20240717111007,1382.76
20240717112007,1292.78
20240717113007,1278.1
20240717114007,1219.52
20240717115007,1296.01
20240717120007,1187.48
20240717121007,1218.17
20240717122007,1216.42
20240717123007,1266.74
20240717124007,1371.57
20240717125007,1199.85
20240717130007,1158.37
20240717131007,1239.2
20240717132007,1214.08
20240717133007,1184.52
20240717134007,1049.48
20240717135007,1011.53
20240717140007,954.36
20240717141007,983.62
20240717142007,1103.05
20240717143007,792.92
20240717144007,509.96
20240717145007,289.45
20240717150007,221.56
20240717151007,107.38
20240717152007,84.62
20240717153007,83.87
20240717154007,65.76
20240717155007,48.47
20240717160007,86.85
20240717161007,35.01
20240717162007,28.68
20240717163007,28.53
20240717164007,17.39
20240717165007,15.56
20240124090008,293.19
20240124091008,298.86
20240124092008,329.4
20240124093008,414.35
20240124094008,542.06
20240124095008,778.8
20240124100008,673.73
20240124101008,678
20240124102008,817.12
20240124103008,932.09
20240124104008,1107.6
20240124105008,1080.18
20240124110008,1391.74
20240124111008,1444.28
20240124112008,1496.9
20240124113008,1326.39
20240124114008,1287.81
20240124115008,1252.55
20240124120008,1355.76
20240124121008,1508.08
20240124122008,1393.31
20240124123008,1328.93
20240124124008,1390.66
20240124125008,1383.34
20240124130008,1416.91
20240124131008,1412.3
20240124132008,1494.6
20240124133008,1403.55
20240124134008,1388.61
20240124135008,1328.75
20240124140008,1426.88
20240124141008,1361.4
20240124142008,1327.65
20240124143008,1335.9
20240124144008,1181.85
20240124145008,1129.5
20240124150008,1018.48
20240124151008,879.36
20240124152008,538.42
20240124153008,403.48
20240124154008,186.88
20240124155008,136.68
20240124160008,148.24
20240124161008,133.37
20240124162008,112.7
20240124163008,112.28
20240124164008,65.1
20240124165008,74.97
20240128090008,230.54
20240128091008,282.96
20240128092008,272.47
20240128093008,367.27
20240128094008,366.99
20240128095008,477.46
20240128100008,466.74
20240128101008,524.3
20240128102008,702.24
20240128103008,854.13
20240128104008,1162.43
20240128105008,1235.57
20240128110008,1201.24
20240128111008,1365.07
20240128112008,1427.03
20240128113008,1460.32
20240128114008,1422.29
20240128115008,1420.53
20240128120008,1422.08
20240128121008,1319.39
20240128122008,1303.64
20240128123008,1404.13
20240128124008,1401.48
20240128125008,1430
20240128130008,1380.67
20240128131008,1385.86
20240128132008,1311.94
20240128133008,1340.44
20240128134008,1373.73
20240128135008,1485.79
20240128140008,1368.47
20240128141008,1426.84
20240128142008,1149.28
20240128143008,895.52
20240128144008,729.5
20240128145008,801.09
20240128150008,625.54
20240128151008,499.54
20240128152008,584.25
20240128153008,303.27
20240128154008,139.27
20240128155008,150.86
20240128160008,116.59
20240128161008,148.33
20240128162008,85.75
20240128163008,88.27
20240128164008,54.25
20240128165008,36.12
20240204090008,70.29
20240204091008,52.44
20240204092008,55.31
20240204093008,47.36
20240204094008,34.52
20240204095008,45.46
20240204100008,47.45
20240204101008,51.58
20240204102008,51.08
20240204103008,50.26
20240204104008,72.84
20240204105008,69.51
20240204110008,70.86
20240204111008,70.66
20240204112008,60.44
20240204113008,52.13
20240204114008,56.54
20240204115008,63.52
20240204120008,69.06
20240204121008,67.85
20240204122008,53.91
20240204123008,52.83
20240204124008,40.89
20240204125008,42.06
20240204130008,56.02
20240204131008,33.18
20240204132008,24.66
20240204133008,26.33
20240204134008,27.84
20240204135008,33.85
20240204140008,34.21
20240204141008,26.45
20240204142008,28.16
20240204143008,19.41
20240204144008,21.55
20240204145008,15.67
20240204150008,37.34
20240204151008,15.08
20240204152008,14.24
20240204153008,8.36
20240204154008,10.18
20240204155008,7.38
20240204160008,9.16
20240204161008,7.01
20240204162008,6.98
20240204163008,6.36
20240204164008,7.16
20240204165008,4.91
20240218090008,62.94
20240218091008,95.6
20240218092008,60.49
20240218093008,93.93
20240218094008,545.83
20240218095008,707.97
20240218100008,411.72
20240218101008,422.44
20240218102008,451.01
20240218103008,428.51
20240218104008,508.06
20240218105008,441.88
20240218110008,389.71
20240218111008,442.54
20240218112008,388.44
20240218113008,196.77
20240218114008,195.15
20240218115008,236.52
20240218120008,253.47
20240218121008,734.51
20240218122008,861.92
20240218123008,780.86
20240218124008,289.04
20240218125008,278.06
20240218130008,539.98
20240218131008,308.87
20240218132008,303.62
20240218133008,289.34
20240218134008,235.29
20240218135008,198.84
20240218140008,181.1
20240218141008,69.92
20240218142008,36.21
20240218143008,38.84
20240218144008,557.43
20240218145008,665.29
20240218150008,70.39
20240218151008,603.29
20240218152008,466.01
20240218153008,85.38
20240218154008,50.52
20240218155008,78.05
20240218160008,71.92
20240218161008,40.43
20240218162008,46.77
20240218163008,45.73
20240218164008,32.6
20240218165008,23.75
20240305090008,128.77
20240305091008,102.43
20240305092008,177.14
20240305093008,418.71
20240305094008,618.83
20240305095008,593.46
20240305100008,460.2
20240305101008,479.64
20240305102008,677.31
20240305103008,833.34
20240305104008,980.65
20240305105008,1018.19
20240305110008,1391.66
20240305111008,1403.73
20240305112008,1371.72
20240305113008,1406.81
20240305114008,1391.49
20240305115008,1386.25
20240305120008,1356.12
20240305121008,1312.96
20240305122008,1339.05
20240305123008,1366.38
20240305124008,1421.58
20240305125008,1413.69
20240305130008,1344.61
20240305131008,1213.36
20240305132008,1222.23
20240305133008,1184.89
20240305134008,1063.97
20240305135008,1067.88
20240305140008,1062.48
20240305141008,1076.7
20240305142008,912.41
20240305143008,756.51
20240305144008,604.4
20240305145008,599.49
20240305150008,810.25
20240305151008,571.87
20240305152008,272.46
20240305153008,236.19
20240305154008,38.36
20240305155008,48.54
20240305160008,81.48
20240305161008,38.9
20240305162008,20.36
20240305163008,63.65
20240305164008,76.06
20240305165008,69.52
20240325090008,107.8
20240325091008,84.3
20240325092008,141.76
20240325093008,376.86
20240325094008,386.44
20240325095008,492.15
20240325100008,471
20240325101008,492.29
20240325102008,618.54
20240325103008,775.54
20240325104008,978.04
20240325105008,991.23
20240325110008,1274.97
20240325111008,1269.04
20240325112008,1292.27
20240325113008,1255.01
20240325114008,1243.31
20240325115008,1112.09
20240325120008,1161.14
20240325121008,1158.84
20240325122008,1139.94
20240325123008,883.74
20240325124008,903.44
20240325125008,939.56
20240325130008,906.22
20240325131008,679.23
20240325132008,555.45
20240325133008,491.2
20240325134008,471.13
20240325135008,307.8
20240325140008,135.76
20240325141008,128.43
20240325142008,47.91
20240325143008,88.66
20240325144008,50.34
20240325145008,75.72
20240325150008,52.34
20240325151008,42.31
20240325152008,34.31
20240325153008,61.24
20240325154008,45.63
20240325155008,40.14
20240325160008,31.28
20240325161008,24.91
20240325162008,19.25
20240325163008,15.6
20240325164008,32.46
20240325165008,16.93
20240518090008,70.1
20240518091008,79.94
20240518092008,155.38
20240518093008,302.1
20240518094008,452.99
20240518095008,688.15
20240518100008,613.93
20240518101008,626.34
20240518102008,768.33
20240518103008,831.13
20240518104008,1002.64
20240518105008,1066.44
20240518110008,1348.14
20240518111008,1451.28
20240518112008,1499.12
20240518113008,1412.1
20240518114008,1379.01
20240518115008,1349.17
20240518120008,1441.71
20240518121008,1493.95
20240518122008,1485.09
20240518123008,1408.53
20240518124008,1461.72
20240518125008,1451.59
20240518130008,1498.92
20240518131008,1492.19
20240518132008,1545.92
20240518133008,1457.15
20240518134008,1442
20240518135008,1378.03
20240518140008,1466.12
20240518141008,1416.47
20240518142008,1372.3
20240518143008,1309.53
20240518144008,1175.08
20240518145008,1104.5
20240518150008,982
20240518151008,837.57
20240518152008,482.89
20240518153008,332.5
20240518154008,123.97
20240518155008,86.49
20240518160008,92.48
20240518161008,74.29
20240518162008,55.44
20240518163008,49.29
20240518164008,30.58
20240518165008,46.94
20240526090008,56.32
20240526091008,47.13
20240526092008,70.46
20240526093008,101.86
20240526094008,238.87
20240526095008,282.57
20240526100008,392.11
20240526101008,627.84
20240526102008,746.73
20240526103008,866.59
20240526104008,1094.95
20240526105008,1160.02
20240526110008,1289.18
20240526111008,1299.08
20240526112008,1329.74
20240526113008,1227.46
20240526114008,1223.44
20240526115008,1193.97
20240526120008,1162.61
20240526121008,1217.11
20240526122008,1205.13
20240526123008,1216.82
20240526124008,1203.98
20240526125008,1212.66
20240526130008,1275.37
20240526131008,1240.15
20240526132008,1251.2
20240526133008,1166.27
20240526134008,1234.07
20240526135008,1203.84
20240526140008,1268.96
20240526141008,1291.94
20240526142008,1305.76
20240526143008,1204.96
20240526144008,1002.17
20240526145008,1060.84
20240526150008,968.57
20240526151008,712.21
20240526152008,533.66
20240526153008,405.24
20240526154008,119.06
20240526155008,97.52
20240526160008,157.11
20240526161008,126.01
20240526162008,139.93
20240526163008,122.14
20240526164008,143.28
20240526165008,135.15
20240529090008,51.96
20240529091008,62.68
20240529092008,80.55
20240529093008,120.77
20240529094008,124.76
20240529095008,152.04
20240529100008,147.46
20240529101008,130.84
20240529102008,83.97
20240529103008,65.35
20240529104008,56.69
20240529105008,51.33
20240529110008,25.1
20240529111008,77.53
20240529112008,69.5
20240529113008,77.14
20240529114008,79.52
20240529115008,81.97
20240529120008,88.09
20240529121008,79.55
20240529122008,66.95
20240529123008,62.66
20240529124008,59.84
20240529125008,60.19
20240529130008,45.08
20240529131008,36.44
20240529132008,29.48
20240529133008,27.58
20240529134008,32.09
20240529135008,40.7
20240529140008,54.59
20240529141008,48.75
20240529142008,45.88
20240529143008,42.25
20240529144008,39.3
20240529145008,35.62
20240529150008,25.35
20240529151008,13.35
20240529152008,11.51
20240529153008,10.88
20240529154008,15.83
20240529155008,17.38
20240529160008,11.65
20240529161008,11.88
20240529162008,10.92
20240529163008,13.99
20240529164008,12.66
20240529165008,14.79
20240607090008,557.71
20240607091008,554.54
20240607092008,550.07
20240607093008,527.92
20240607094008,431.31
20240607095008,477.75
20240607100008,57.98
20240607101008,31.77
20240607102008,130.42
20240607103008,194.93
20240607104008,219.73
20240607105008,260.85
20240607110008,838.53
20240607111008,688.56
20240607112008,704.53
20240607113008,399.81
20240607114008,430.56
20240607115008,472.88
20240607120008,478.92
20240607121008,421.95
20240607122008,455.05
20240607123008,492.63
20240607124008,758.22
20240607125008,739.18
20240607130008,665.92
20240607131008,709.77
20240607132008,279.13
20240607133008,172.03
20240607134008,202.33
20240607135008,128.38
20240607140008,117.46
20240607141008,97.52
20240607142008,547.28
20240607143008,172.21
20240607144008,56.84
20240607145008,45.5
20240607150008,37.74
20240607151008,38.14
20240607152008,35.87
20240607153008,27.01
20240607154008,32.08
20240607155008,37.18
20240607160008,30.55
20240607161008,42.94
20240607162008,39.32
20240607163008,33.03
20240607164008,27.62
20240607165008,37.22
20240613090008,130.94
20240613091008,165.65
20240613092008,199.21
20240613093008,498.68
20240613094008,448.36
20240613095008,504.08
20240613100008,529.1
20240613101008,683.91
20240613102008,728.29
20240613103008,765.41
20240613104008,702.59
20240613105008,811.67
20240613110008,807.07
20240613111008,951.29
20240613112008,1029.19
20240613113008,1207.16
20240613114008,1287.77
20240613115008,1379.2
20240613120008,1322.72
20240613121008,1323.68
20240613122008,1321.38
20240613123008,1291.74
20240613124008,1259.79
20240613125008,1184.94
20240613130008,1238.09
20240613131008,1180.33
20240613132008,1167.6
20240613133008,1139.27
20240613134008,1229.91
20240613135008,1178.74
20240613140008,1311.81
20240613141008,1307.3
20240613142008,1283.62
20240613143008,1229.78
20240613144008,1149.76
20240613145008,1081.14
20240613150008,403.69
20240613151008,328.95
20240613152008,180.35
20240613153008,122.2
20240613154008,121.27
20240613155008,61.37
20240613160008,84.8
20240613161008,55.59
20240613162008,62.85
20240613163008,59.78
20240613164008,67.47
20240613165008,94.65
20240628090008,78.96
20240628091008,83.44
20240628092008,107.19
20240628093008,192.48
20240628094008,352.02
20240628095008,518.51
20240628100008,751.51
20240628101008,755.31
20240628102008,651.72
20240628103008,733.26
20240628104008,1033.02
20240628105008,1000.47
20240628110008,1289.31
20240628111008,1382.08
20240628112008,1390.27
20240628113008,1297.96
20240628114008,1457.14
20240628115008,1429.33
20240628120008,1407.75
20240628121008,1393.55
20240628122008,1383.49
20240628123008,1394.01
20240628124008,1419.59
20240628125008,1438.84
20240628130008,1444.41
20240628131008,1530.02
20240628132008,1440.86
20240628133008,1336.16
20240628134008,1388.24
20240628135008,935.59
20240628140008,1013.45
20240628141008,1099.64
20240628142008,1125.56
20240628143008,1357.97
20240628144008,1204.86
20240628145008,882.63
20240628150008,1261.99
20240628151008,966.93
20240628152008,462.02
20240628153008,289.56
20240628154008,97.36
20240628155008,62.33
20240628160008,97.44
20240628161008,78.79
20240628162008,81.08
20240628163008,74.96
20240628164008,60.66
20240628165008,57.44
20240705090008,16.28
20240705091008,12.57
20240705092008,17.87
20240705093008,12.88
20240705094008,11.92
20240705095008,20.28
20240705100008,53.85
20240705101008,69.14
20240705102008,54.41
20240705103008,33.73
20240705104008,32.67
20240705105008,21.07
20240705110008,19.28
20240705111008,15.4
20240705112008,11.17
20240705113008,8.75
20240705114008,7.86
20240705115008,13.32
20240705120008,10.31
20240705121008,10.15
20240705122008,4.83
20240705123008,5.29
20240705124008,9.03
20240705125008,14.77
20240705130008,15.69
20240705131008,14.87
20240705132008,29.98
20240705133008,35.74
20240705134008,40.5
20240705135008,42.23
20240705140008,116.23
20240705141008,74.42
20240705142008,63.88
20240705143008,71.48
20240705144008,70.05
20240705145008,62.33
20240705150008,55.51
20240705151008,38.19
20240705152008,34.71
20240705153008,41.31
20240705154008,15.55
20240705155008,34
20240705160008,31.04
20240705161008,26.42
20240705162008,17.3
20240705163008,10.22
20240705164008,2.48
20240705165008,3.27
20240709090008,72.39
20240709091008,72.76
20240709092008,70.08
20240709093008,65.8
20240709094008,379.12
20240709095008,342.53
20240709100008,349.02
20240709101008,412.93
20240709102008,540.88
20240709103008,676.07
20240709104008,673.54
20240709105008,765.53
20240709110008,962.97
20240709111008,955.86
20240709112008,918.53
20240709113008,1277.58
20240709114008,1163.75
20240709115008,1163.18
20240709120008,1218.54
20240709121008,1214.43
20240709122008,1331.52
20240709123008,1277.17
20240709124008,1289.15
20240709125008,1249.55
20240709130008,1038.09
20240709131008,1060.36
20240709132008,1237.22
20240709133008,1189.11
20240709134008,1221.28
20240709135008,1220.2
20240709140008,1122.78
20240709141008,810.2
20240709142008,695.03
20240709143008,581.36
20240709144008,239.06
20240709145008,99
20240709150008,90.96
20240709151008,57.59
20240709152008,35.28
20240709153008,12.88
20240709154008,10.03
20240709155008,6.06
20240709160008,11.91
20240709161008,7.52
20240709162008,11.76
20240709163008,11.33
20240709164008,12.42
20240709165008,10.64
20240715090008,77.62
20240715091008,91.14
20240715092008,71.35
20240715093008,108.37
20240715094008,132.07
20240715095008,134.57
20240715100008,381.16
20240715101008,702.03
20240715102008,980.46
20240715103008,1024.05
20240715104008,1016.48
20240715105008,1003.19
20240715110008,1183.65
20240715111008,1213.77
20240715112008,1191.62
20240715113008,1111.5
20240715114008,1192.2
20240715115008,1285.38
20240715120008,1276.81
20240715121008,1006.41
20240715122008,1004.12
20240715123008,950.87
20240715124008,1040.6
20240715125008,559.76
20240715130008,565.1
20240715131008,778.58
20240715132008,225.08
20240715133008,137.08
20240715134008,526.03
20240715135008,457.62
20240715140008,153.34
20240715141008,98.13
20240715142008,64.03
20240715143008,42.26
20240715144008,35.77
20240715145008,29.65
20240715150008,24.93
20240715151008,31.99
20240715152008,22.74
20240715153008,28.51
20240715154008,14.13
20240715155008,14.6
20240715160008,11.52
20240715161008,8.9
20240715162008,9.31
20240715163008,6.82
20240715164008,6.2
20240715165008,6.49
20240719090008,4.8
20240719091008,5.45
20240719092008,4.38
20240719093008,3.13
20240719094008,0
20240719095008,2.47
20240719100008,5.13
20240719101008,8.14
20240719102008,7.1
20240719103008,5.22
20240719104008,3.9
20240719105008,16.95
20240719110008,28.41
20240719111008,10.06
20240719112008,7.22
20240719113008,5.5
20240719114008,7.11
20240719115008,9.59
20240719120008,16.77
20240719121008,13.86
20240719122008,15.15
20240719123008,10.49
20240719124008,11.1
20240719125008,5.49
20240719130008,4.99
20240719131008,9.07
20240719132008,3.36
20240719133008,6.58
20240719134008,4.51
20240719135008,5.32
20240719140008,7.45
20240719141008,2.71
20240719142008,2.12
20240719143008,1.2
20240719144008,1.31
20240719145008,0.41
20240719150008,0.63
20240719151008,2.11
20240719152008,2.05
20240719153008,2.02
20240719154008,2.73
20240719155008,1.39
20240719160008,1.03
20240719161008,0.78
20240719162008,1.2
20240719163008,0.19
20240719164008,0.14
20240719165008,0
20240309090009,3.66
20240309091009,9.8
20240309092009,5.61
20240309093009,2.97
20240309094009,1.73
20240309095009,3.42
20240309100009,2.38
20240309101009,2.99
20240309102009,5.16
20240309103009,3.42
20240309104009,4.54
20240309105009,6.07
20240309110009,1.36
20240309111009,0.7
20240309112009,3.13
20240309113009,5.89
20240309114009,5.49
20240309115009,6.97
20240309120009,5.11
20240309121009,5.15
20240309122009,3.34
20240309123009,3.15
20240309124009,2
20240309125009,2.7
20240309130009,2.19
20240309131009,1.2
20240309132009,1.36
20240309133009,1.42
20240309134009,2.34
20240309135009,6.29
20240309140009,0
20240309141009,1.34
20240309142009,2.23
20240309143009,2.19
20240309144009,6.6
20240309145009,10.62
20240309150009,10.27
20240309151009,3.8
20240309152009,0
20240309153009,0
20240309154009,1.22
20240309155009,3.95
20240309160009,4.86
20240309161009,5.62
20240309162009,6.85
20240309163009,4.48
20240309164009,3.85
20240309165009,4.03
20240314090009,7.6
20240314091009,9.14
20240314092009,8.22
20240314093009,8.86
20240314094009,25.68
20240314095009,6.48
20240314100009,13.08
20240314101009,12.68
20240314102009,21.06
20240314103009,40.14
20240314104009,87.47
20240314105009,55.67
20240314110009,64.81
20240314111009,118.95
20240314112009,553.35
20240314113009,601.84
20240314114009,117.71
20240314115009,576.48
20240314120009,177.13
20240314121009,456.45
20240314122009,742.67
20240314123009,675.74
20240314124009,253.4
20240314125009,89.94
20240314130009,66.2
20240314131009,80.27
20240314132009,56.81
20240314133009,26.25
20240314134009,28.51
20240314135009,21.41
20240314140009,19.98
20240314141009,21.49
20240314142009,5.53
20240314143009,1.27
20240314144009,7.76
20240314145009,2.04
20240314150009,12.32
20240314151009,5.65
20240314152009,0.35
20240314153009,0
20240314154009,3.31
20240314155009,4.5
20240314160009,7.92
20240314161009,12.94
20240314162009,13.15
20240314163009,11.69
20240314164009,17.24
20240314165009,12.21
20240414090009,14.03
20240414091009,14.9
20240414092009,14.47
20240414093009,8.05
20240414094009,10.56
20240414095009,42.64
20240414100009,18.31
20240414101009,43.84
20240414102009,44.85
20240414103009,72.11
20240414104009,101.95
20240414105009,734.77
20240414110009,692.54
20240414111009,701.09
20240414112009,746.58
20240414113009,783.68
20240414114009,796.83
20240414115009,741.92
20240414120009,778.68
20240414121009,549.89
20240414122009,757.66
20240414123009,632.44
20240414124009,589.92
20240414125009,517.78
20240414130009,584.65
20240414131009,424.79
20240414132009,141.57
20240414133009,59.8
20240414134009,20.23
20240414135009,33.62
20240414140009,20.43
20240414141009,26.93
20240414142009,3.37
20240414143009,4.56
20240414144009,2.14
20240414145009,6.52
20240414150009,8.79
20240414151009,0
20240414152009,3.99
20240414153009,0.98
20240414154009,9.9
20240414155009,8.74
20240414160009,7.76
20240414161009,8.21
20240414162009,2.7
20240414163009,10.87
20240414164009,3.62
20240414165009,9.19
20240506090009,24.9
20240506091009,29.62
20240506092009,22.91
20240506093009,11.96
20240506094009,29.58
20240506095009,36.13
20240506100009,82.46
20240506101009,243.31
20240506102009,323.85
20240506103009,345.67
20240506104009,514.21
20240506105009,699.77
20240506110009,745.91
20240506111009,769.82
20240506112009,720.86
20240506113009,630.76
20240506114009,659.82
20240506115009,645.59
20240506120009,662.6
20240506121009,642.17
20240506122009,573.7
20240506123009,632.18
20240506124009,426.05
20240506125009,352.81
20240506130009,598.16
20240506131009,609.68
20240506132009,598.3
20240506133009,541.91
20240506134009,631.51
20240506135009,625.75
20240506140009,485.08
20240506141009,424.9
20240506142009,209.25
20240506143009,142.36
20240506144009,88.37
20240506145009,154.98
20240506150009,74.85
20240506151009,76.07
20240506152009,47.6
20240506153009,54.48
20240506154009,46.41
20240506155009,44.02
20240506160009,21.91
20240506161009,0.71
20240506162009,0
20240506163009,0
20240506164009,5.65
20240506165009,17.4
20240526090009,40.06
20240526091009,74.03
20240526092009,92.85
20240526093009,133.47
20240526094009,118.21
20240526095009,132.41
20240526100009,707.53
20240526101009,669.58
20240526102009,724.84
20240526103009,804.93
20240526104009,943.52
20240526105009,903.06
20240526110009,791.42
20240526111009,881.24
20240526112009,868.03
20240526113009,956.59
20240526114009,990.97
20240526115009,984.25
20240526120009,978.75
20240526121009,1000.37
20240526122009,945.25
20240526123009,1014.55
20240526124009,1020.72
20240526125009,1072.79
20240526130009,1042.73
20240526131009,1062.51
20240526132009,941.82
20240526133009,1016.64
20240526134009,1115.72
20240526135009,1074.9
20240526140009,1067.01
20240526141009,1040.59
20240526142009,606.57
20240526143009,619.25
20240526144009,314.42
20240526145009,205.56
20240526150009,99.77
20240526151009,66.76
20240526152009,59.33
20240526153009,61.6
20240526154009,52.5
20240526155009,63.74
20240526160009,40.36
20240526161009,27.5
20240526162009,27.78
20240526163009,25.4
20240526164009,21.26
20240526165009,17.17
20240614090009,12.15
20240614091009,57.4
20240614092009,33.82
20240614093009,415.75
20240614094009,124.72
20240614095009,589.04
20240614100009,581.84
20240614101009,742.4
20240614102009,735.53
20240614103009,686.64
20240614104009,781.71
20240614105009,805.56
20240614110009,1184.45
20240614111009,1209.03
20240614112009,1188.03
20240614113009,1061.89
20240614114009,1301.05
20240614115009,1130.07
20240614120009,1214.36
20240614121009,1216.74
20240614122009,872.43
20240614123009,551.54
20240614124009,588.79
20240614125009,797.93
20240614130009,611.62
20240614131009,194.79
20240614132009,155.61
20240614133009,149.12
20240614134009,87.03
20240614135009,35.55
20240614140009,17.41
20240614141009,24.8
20240614142009,14.56
20240614143009,18.86
20240614144009,0
20240614145009,24.14
20240614150009,17.35
20240614151009,33.57
20240614152009,374.1
20240614153009,9.81
20240614154009,15.91
20240614155009,2.16
20240614160009,25.78
20240614161009,12.59
20240614162009,0.82
20240614163009,2.84
20240614164009,5.05
20240614165009,3.58
20240621090009,35.73
20240621091009,31.29
20240621092009,39.83
20240621093009,21.54
20240621094009,21.85
20240621095009,13.11
20240621100009,31.42
20240621101009,41.05
20240621102009,15.49
20240621103009,23.45
20240621104009,33.28
20240621105009,35.36
20240621110009,61.72
20240621111009,40.56
20240621112009,48.49
20240621113009,31.1
20240621114009,22.59
20240621115009,56.86
20240621120009,34.27
20240621121009,42.05
20240621122009,37.37
20240621123009,34.78
20240621124009,30.26
20240621125009,23.9
20240621130009,33.68
20240621131009,24.5
20240621132009,21.47
20240621133009,16.84
20240621134009,7.49
20240621135009,20.3
20240621140009,24.93
20240621141009,10.85
20240621142009,5.35
20240621143009,0
20240621144009,0
20240621145009,0
20240621150009,19.95
20240621151009,19.12
20240621152009,10.88
20240621153009,10.59
20240621154009,14.22
20240621155009,22.98
20240621160009,22.65
20240621161009,25.71
20240621162009,16.11
20240621163009,14.02
20240621164009,14.17
20240621165009,5.21
20240628090009,25.43
20240628091009,13.75
20240628092009,34.13
20240628093009,377.76
20240628094009,33.63
20240628095009,112.09
20240628100009,559.82
20240628101009,509.24
20240628102009,576.36
20240628103009,651.21
20240628104009,732.56
20240628105009,826.15
20240628110009,1003.73
20240628111009,833.82
20240628112009,992.12
20240628113009,999.67
20240628114009,1023.69
20240628115009,916.46
20240628120009,1022.45
20240628121009,982.79
20240628122009,1064.47
20240628123009,831.23
20240628124009,722.1
20240628125009,810.32
20240628130009,966
20240628131009,616.78
20240628132009,386.01
20240628133009,146.03
20240628134009,65.22
20240628135009,38.61
20240628140009,35.15
20240628141009,18.56
20240628142009,9.37
20240628143009,6.82
20240628144009,5.15
20240628145009,7.11
20240628150009,8.91
20240628151009,5.6
20240628152009,4.47
20240628153009,6.41
20240628154009,5.45
20240628155009,30.61
20240628160009,14.63
20240628161009,39.76
20240628162009,27.93
20240628163009,22.79
20240628164009,21.03
20240628165009,24.25
20240717090009,10.88
20240717091009,7.22
20240717092009,8.05
20240717093009,5.73
20240717094009,13.4
20240717095009,16.69
20240717100009,29.39
20240717101009,48.54
20240717102009,84.56
20240717103009,80.09
20240717104009,104.7
20240717105009,133.14
20240717110009,195.06
20240717111009,209.81
20240717112009,760.98
20240717113009,293.95
20240717114009,290.75
20240717115009,300.68
20240717120009,357.81
20240717121009,306.61
20240717122009,264.66
20240717123009,276.49
20240717124009,280.28
20240717125009,210.39
20240717130009,177.04
20240717131009,146.4
20240717132009,124.17
20240717133009,111.78
20240717134009,48.99
20240717135009,26.75
20240717140009,22.81
20240717141009,30.88
20240717142009,21.71
20240717143009,10.44
20240717144009,12.01
20240717145009,9.81
20240717150009,8.01
20240717151009,8.35
20240717152009,7.67
20240717153009,6.26
20240717154009,12.74
20240717155009,4.79
20240717160009,8.66
20240717161009,4.41
20240717162009,2.92
20240717163009,2.44
20240717164009,4.8
20240717165009,6.6
20240316090010,35.37
20240316091010,48.44
20240316092010,62.65
20240316093010,106.06
20240316094010,116.08
20240316095010,142.82
20240316100010,141.56
20240316101010,118.74
20240316102010,71.59
20240316103010,56.2
20240316104010,42.5
20240316105010,33.12
20240316110010,10.13
20240316111010,60.63
20240316112010,51.84
20240316113010,62.16
20240316114010,62
20240316115010,64.74
20240316120010,67.13
20240316121010,60.72
20240316122010,47.63
20240316123010,45.48
20240316124010,44.99
20240316125010,46.11
20240316130010,30.7
20240316131010,22.08
20240316132010,18.95
20240316133010,18.27
20240316134010,23.44
20240316135010,34.41
20240316140010,41.41
20240316141010,36.15
20240316142010,34.06
20240316143010,32.62
20240316144010,28.45
20240316145010,24.37
20240316150010,16.32
20240316151010,5.89
20240316152010,5.72
20240316153010,5.45
20240316154010,8.85
20240316155010,9.1
20240316160010,5.9
20240316161010,5.52
20240316162010,4.58
20240316163010,6.82
20240316164010,5.96
20240316165010,7.23
20240324090010,466.44
20240324091010,461.55
20240324092010,487.85
20240324093010,509.9
20240324094010,347.52
20240324095010,726.33
20240324100010,647.19
20240324101010,451.81
20240324102010,426.5
20240324103010,425.56
20240324104010,421
20240324105010,320.56
20240324110010,301.67
20240324111010,340.06
20240324112010,634.67
20240324113010,673.42
20240324114010,550.35
20240324115010,385.23
20240324120010,444.56
20240324121010,555.87
20240324122010,579.52
20240324123010,585.07
20240324124010,498.71
20240324125010,435.34
20240324130010,426.62
20240324131010,410.26
20240324132010,377.93
20240324133010,340.45
20240324134010,356.16
20240324135010,311.58
20240324140010,317.63
20240324141010,293.75
20240324142010,285.23
20240324143010,211.03
20240324144010,95.95
20240324145010,104.11
20240324150010,49.46
20240324151010,41.6
20240324152010,36.82
20240324153010,35.53
20240324154010,29.43
20240324155010,16.65
20240324160010,19.25
20240324161010,18.1
20240324162010,11.17
20240324163010,20.92
20240324164010,15.45
20240324165010,12.14
20240412090010,40.31
20240412091010,31.79
20240412092010,30.76
20240412093010,57.59
20240412094010,99.29
20240412095010,138.83
20240412100010,472.49
20240412101010,489.36
20240412102010,562.1
20240412103010,623.96
20240412104010,393.9
20240412105010,530.83
20240412110010,646.84
20240412111010,635.47
20240412112010,666.04
20240412113010,721.34
20240412114010,730.77
20240412115010,691.92
20240412120010,703.6
20240412121010,674.7
20240412122010,605.99
20240412123010,327.13
20240412124010,310.64
20240412125010,286.36
20240412130010,271.46
20240412131010,319.15
20240412132010,272.49
20240412133010,326.64
20240412134010,131.59
20240412135010,79.43
20240412140010,109.02
20240412141010,87.54
20240412142010,23.49
20240412143010,23.28
20240412144010,12.99
20240412145010,18.78
20240412150010,13.36
20240412151010,11.37
20240412152010,7.88
20240412153010,10.57
20240412154010,10.4
20240412155010,10.47
20240412160010,20.68
20240412161010,9.22
20240412162010,7.34
20240412163010,11.87
20240412164010,5.44
20240412165010,2.59
20240419090010,12.33
20240419091010,13.93
20240419092010,18.26
20240419093010,34.72
20240419094010,19.79
20240419095010,20.53
20240419100010,73.52
20240419101010,79.23
20240419102010,395.33
20240419103010,129.84
20240419104010,97.58
20240419105010,201.93
20240419110010,224.02
20240419111010,258.53
20240419112010,694.21
20240419113010,737.71
20240419114010,768.52
20240419115010,733.82
20240419120010,732.25
20240419121010,704.47
20240419122010,798.77
20240419123010,854.39
20240419124010,1007.77
20240419125010,1250.38
20240419130010,1250.85
20240419131010,1228.64
20240419132010,1168.71
20240419133010,1156.92
20240419134010,1301.65
20240419135010,1028.77
20240419140010,1065.42
20240419141010,697.88
20240419142010,680.54
20240419143010,173.93
20240419144010,102.4
20240419145010,50.09
20240419150010,51.53
20240419151010,44.46
20240419152010,32.83
20240419153010,26.03
20240419154010,26.57
20240419155010,74.02
20240419160010,30.23
20240419161010,30.08
20240419162010,17.83
20240419163010,22.03
20240419164010,15.83
20240419165010,10.3
20240515090010,116.7
20240515091010,85.54
20240515092010,64.37
20240515093010,75.92
20240515094010,74.32
20240515095010,64.14
20240515100010,135.29
20240515101010,138.88
20240515102010,149.53
20240515103010,159.24
20240515104010,204.15
20240515105010,216.87
20240515110010,275.99
20240515111010,284.84
20240515112010,636.28
20240515113010,364.26
20240515114010,900.62
20240515115010,838.54
20240515120010,581.55
20240515121010,685.8
20240515122010,718.73
20240515123010,470.77
20240515124010,377.35
20240515125010,279.82
20240515130010,266.62
20240515131010,333.68
20240515132010,330.7
20240515133010,345.19
20240515134010,348.71
20240515135010,285.88
20240515140010,250.53
20240515141010,356.85
20240515142010,598.37
20240515143010,415.4
20240515144010,511.45
20240515145010,476.15
20240515150010,19.46
20240515151010,23.72
20240515152010,7.29
20240515153010,0
20240515154010,0
20240515155010,20.2
20240515160010,9.79
20240515161010,18.06
20240515162010,35.66
20240515163010,29.03
20240515164010,8.34
20240515165010,0
20240526090010,57.54
20240526091010,75.27
20240526092010,94.85
20240526093010,110.63
20240526094010,71
20240526095010,133.39
20240526100010,206.42
20240526101010,207.35
20240526102010,258.06
20240526103010,385.56
20240526104010,580.59
20240526105010,833.69
20240526110010,821.28
20240526111010,1120.91
20240526112010,1117.26
20240526113010,1153.14
20240526114010,1244.17
20240526115010,1290.75
20240526120010,1380.66
20240526121010,1346.61
20240526122010,1387.9
20240526123010,1393.11
20240526124010,1367.77
20240526125010,1283.26
20240526130010,1340.33
20240526131010,1074.19
20240526132010,1111.3
20240526133010,1107.13
20240526134010,1104.82
20240526135010,1055.34
20240526140010,884.83
20240526141010,874.34
20240526142010,618.45
20240526143010,614.42
20240526144010,618.23
20240526145010,268.71
20240526150010,101.35
20240526151010,29.89
20240526152010,50.86
20240526153010,38.07
20240526154010,32.81
20240526155010,13.67
20240526160010,16.51
20240526161010,6.84
20240526162010,8.09
20240526163010,4.26
20240526164010,0
20240526165010,0
20240617090010,142.28
20240617091010,159.33
20240617092010,271.72
20240617093010,210.57
20240617094010,288.89
20240617095010,405.13
20240617100010,451.44
20240617101010,711.83
20240617102010,616.39
20240617103010,645.43
20240617104010,1051.32
20240617105010,1054.14
20240617110010,1250.75
20240617111010,1231.72
20240617112010,1257.56
20240617113010,1256.04
20240617114010,1262.38
20240617115010,1310.49
20240617120010,1279.78
20240617121010,1283.87
20240617122010,1325.76
20240617123010,1305.22
20240617124010,1255.75
20240617125010,1373.4
20240617130010,1410.64
20240617131010,1331.11
20240617132010,1270.85
20240617133010,1209.75
20240617134010,1218.96
20240617135010,1271.77
20240617140010,1345.13
20240617141010,1249.48
20240617142010,1116.09
20240617143010,1036.45
20240617144010,818.53
20240617145010,961.85
20240617150010,781.07
20240617151010,422.16
20240617152010,80.61
20240617153010,58.2
20240617154010,30.06
20240617155010,31.18
20240617160010,3.72
20240617161010,26.36
20240617162010,24.89
20240617163010,18.39
20240617164010,37.7
20240617165010,40.25
20240630090010,99.56
20240630091010,64.85
20240630092010,123.36
20240630093010,329.19
20240630094010,346.34
20240630095010,482.14
20240630100010,624.91
20240630101010,480.18
20240630102010,531.84
20240630103010,755.7
20240630104010,696.14
20240630105010,1005.36
20240630110010,1189.71
20240630111010,1027.23
20240630112010,1059.95
20240630113010,1109.18
20240630114010,1125.97
20240630115010,1233.6
20240630120010,1125.93
20240630121010,1121.13
20240630122010,1170.78
20240630123010,1166.15
20240630124010,1152.67
20240630125010,1123.19
20240630130010,1098.05
20240630131010,1138.2
20240630132010,1068.82
20240630133010,1127.68
20240630134010,788.01
20240630135010,1114.17
20240630140010,905.33
20240630141010,809.23
20240630142010,601.58
20240630143010,551.31
20240630144010,441.92
20240630145010,450.98
20240630150010,389.35
20240630151010,102.35
20240630152010,49.25
20240630153010,66.93
20240630154010,28.96
20240630155010,9.79
20240630160010,23.23
20240630161010,35.41
20240630162010,20.3
20240630163010,18.02
20240630164010,9.42
20240630165010,6.48
20240714090010,67.73
20240714091010,47.42
20240714092010,143.16
20240714093010,290.16
20240714094010,436.15
20240714095010,549.06
20240714100010,495.86
20240714101010,463.64
20240714102010,590.23
20240714103010,784.87
20240714104010,1034.08
20240714105010,1020.93
20240714110010,1144.16
20240714111010,1180.16
20240714112010,1207.34
20240714113010,1201.23
20240714114010,1203.2
20240714115010,997.05
20240714120010,1131.01
20240714121010,1203.45
20240714122010,1348.51
20240714123010,1476.79
20240714124010,1478.73
20240714125010,1459.61
20240714130010,1391.78
20240714131010,1434.33
20240714132010,1508.32
20240714133010,1533.74
20240714134010,1385.3
20240714135010,1326.89
20240714140010,1361.28
20240714141010,1380.81
20240714142010,1028.2
20240714143010,1025.6
20240714144010,1164.49
20240714145010,741.43
20240714150010,788.8
20240714151010,625.9
20240714152010,432.31
20240714153010,228.48
20240714154010,77.6
20240714155010,55.14
20240714160010,52.11
20240714161010,33.73
20240714162010,41.37
20240714163010,36.45
20240714164010,37.7
20240714165010,33.32
20240718090010,34.05
20240718091010,43.9
20240718092010,66.7
20240718093010,173.17
20240718094010,142.95
20240718095010,231.75
20240718100010,348.98
20240718101010,511.53
20240718102010,574.27
20240718103010,827.64
20240718104010,1120.19
20240718105010,1280.06
20240718110010,1399.93
20240718111010,1482.28
20240718112010,1500.61
20240718113010,1517.95
20240718114010,1188.25
20240718115010,1167.29
20240718120010,1191.03
20240718121010,1215.74
20240718122010,1224.39
20240718123010,1283.59
20240718124010,1484.32
20240718125010,1534.21
20240718130010,1545.46
20240718131010,1356.86
20240718132010,1299.99
20240718133010,1383.64
20240718134010,1388.83
20240718135010,1323.52
20240718140010,1233.7
20240718141010,1271.98
20240718142010,1157.15
20240718143010,1264.9
20240718144010,1430.32
20240718145010,983.74
20240718150010,841.91
20240718151010,481.09
20240718152010,149.12
20240718153010,77.11
20240718154010,84.82
20240718155010,32.48
20240718160010,213.73
20240718161010,37.92
20240718162010,56.13
20240718163010,55.78
20240718164010,45.48
20240718165010,24.21
20240720090010,17.39
20240720091010,35.95
20240720092010,16.83
20240720093010,150.66
20240720094010,318.62
20240720095010,425.58
20240720100010,255.71
20240720101010,514.99
20240720102010,579.05
20240720103010,653.87
20240720104010,793.77
20240720105010,878.39
20240720110010,993.27
20240720111010,1144.81
20240720112010,1375.05
20240720113010,1344.41
20240720114010,1379.76
20240720115010,1350.85
20240720120010,1426.26
20240720121010,1398.93
20240720122010,1444.8
20240720123010,1467.15
20240720124010,1437.04
20240720125010,1353.11
20240720130010,1407.66
20240720131010,1455.32
20240720132010,1148.97
20240720133010,1229.26
20240720134010,1172.76
20240720135010,1190.12
20240720140010,939.65
20240720141010,1073.74
20240720142010,738.7
20240720143010,651.1
20240720144010,629.5
20240720145010,436.14
20240720150010,396.74
20240720151010,340.97
20240720152010,215.65
20240720153010,70.61
20240720154010,18.23
20240720155010,53.02
20240720160010,56.29
20240720161010,67.62
20240720162010,26.27
20240720163010,60.79
20240720164010,46.23
20240720165010,51.25
20240322090011,44.96
20240322091011,48.1
20240322092011,67.61
20240322093011,196.77
20240322094011,387.73
20240322095011,500.42
20240322100011,533.41
20240322101011,376.64
20240322102011,534.25
20240322103011,747.25
20240322104011,992.3
20240322105011,1051.95
20240322110011,1086.27
20240322111011,1178.99
20240322112011,1141.15
20240322113011,1235.01
20240322114011,1231.8
20240322115011,1321.34
20240322120011,1397.39
20240322121011,1425.52
20240322122011,1367.54
20240322123011,1375.41
20240322124011,1356.63
20240322125011,1329.25
20240322130011,1330.8
20240322131011,1334.78
20240322132011,1320.85
20240322133011,1307.04
20240322134011,1319.19
20240322135011,1306.97
20240322140011,1284.81
20240322141011,1303.96
20240322142011,1282.47
20240322143011,1273.27
20240322144011,1229.06
20240322145011,1203.67
20240322150011,911.68
20240322151011,856.22
20240322152011,425.94
20240322153011,120.69
20240322154011,308.72
20240322155011,97.15
20240322160011,54.23
20240322161011,40.5
20240322162011,65.96
20240322163011,83.27
20240322164011,104.97
20240322165011,87.16
20240327090011,25.93
20240327091011,21.33
20240327092011,27.53
20240327093011,17.67
20240327094011,173.62
20240327095011,96.36
20240327100011,48.17
20240327101011,367.75
20240327102011,356.11
20240327103011,456.3
20240327104011,1014.67
20240327105011,1048.5
20240327110011,1302.46
20240327111011,1346.21
20240327112011,1271.29
20240327113011,1333.02
20240327114011,1326.01
20240327115011,1088.38
20240327120011,1110.71
20240327121011,1011.29
20240327122011,1270.18
20240327123011,1150.15
20240327124011,781.13
20240327125011,889.44
20240327130011,889.67
20240327131011,770.61
20240327132011,733.25
20240327133011,735.81
20240327134011,662.52
20240327135011,797.22
20240327140011,798.67
20240327141011,644.34
20240327142011,638.08
20240327143011,307.22
20240327144011,384.65
20240327145011,375.24
20240327150011,353.54
20240327151011,224.32
20240327152011,52.89
20240327153011,39.5
20240327154011,29.15
20240327155011,15.78
20240327160011,18.89
20240327161011,9.84
20240327162011,1.46
20240327163011,6.89
20240327164011,7.84
20240327165011,6.81
20240413090011,23.52
20240413091011,25.99
20240413092011,19.31
20240413093011,8.37
20240413094011,20.44
20240413095011,303.63
20240413100011,279.55
20240413101011,320.76
20240413102011,337.58
20240413103011,282.24
20240413104011,545.99
20240413105011,1085.45
20240413110011,1169.24
20240413111011,1334.07
20240413112011,1433.64
20240413113011,1379.95
20240413114011,1400.46
20240413115011,1391.02
20240413120011,1490.31
20240413121011,1546.16
20240413122011,1477.57
20240413123011,1452.67
20240413124011,1390.14
20240413125011,1508.4
20240413130011,1364.93
20240413131011,1414.47
20240413132011,1391.79
20240413133011,1413.17
20240413134011,1425.91
20240413135011,1294.5
20240413140011,1277.63
20240413141011,1293.26
20240413142011,997.22
20240413143011,718.49
20240413144011,622.54
20240413145011,344.69
20240413150011,320.93
20240413151011,113.47
20240413152011,35.42
20240413153011,22.08
20240413154011,0
20240413155011,15.18
20240413160011,0
20240413161011,7.06
20240413162011,3.88
20240413163011,3.47
20240413164011,10.9
20240413165011,3.04
20240426090011,73.18
20240426091011,53.34
20240426092011,42.33
20240426093011,55.76
20240426094011,70.09
20240426095011,81.07
20240426100011,91.59
20240426101011,74.83
20240426102011,88.69
20240426103011,176.07
20240426104011,213.49
20240426105011,177.67
20240426110011,230.9
20240426111011,262.26
20240426112011,335.93
20240426113011,382.42
20240426114011,384.99
20240426115011,512.93
20240426120011,727.27
20240426121011,451.44
20240426122011,454.09
20240426123011,292.89
20240426124011,282.65
20240426125011,378
20240426130011,233.77
20240426131011,243.54
20240426132011,134.62
20240426133011,168.26
20240426134011,163.71
20240426135011,181.16
20240426140011,123.01
20240426141011,151.14
20240426142011,53.82
20240426143011,65.47
20240426144011,15.64
20240426145011,33.13
20240426150011,36.08
20240426151011,28.39
20240426152011,10.07
20240426153011,20.85
20240426154011,11.23
20240426155011,9.11
20240426160011,11.29
20240426161011,10.9
20240426162011,9.87
20240426163011,8.61
20240426164011,6.96
20240426165011,0.39
20240606090011,16.78
20240606091011,11.32
20240606092011,25.71
20240606093011,69.52
20240606094011,181.39
20240606095011,276.57
20240606100011,410.7
20240606101011,444.43
20240606102011,564.47
20240606103011,573.69
20240606104011,704.64
20240606105011,940.61
20240606110011,1148.15
20240606111011,1132.74
20240606112011,1094.42
20240606113011,1038.3
20240606114011,941.02
20240606115011,886.22
20240606120011,952.16
20240606121011,815.43
20240606122011,771.39
20240606123011,994.55
20240606124011,989.97
20240606125011,894.64
20240606130011,752.44
20240606131011,332.11
20240606132011,430.42
20240606133011,661.63
20240606134011,287.81
20240606135011,238.09
20240606140011,151.24
20240606141011,116.88
20240606142011,85.45
20240606143011,75.55
20240606144011,239.16
20240606145011,61.34
20240606150011,52.23
20240606151011,31.13
20240606152011,24.49
20240606153011,19.22
20240606154011,23.47
20240606155011,29.42
20240606160011,18.84
20240606161011,20.74
20240606162011,32.49
20240606163011,27.03
20240606164011,12.61
20240606165011,3.91
20240712090011,14.86
20240712091011,5.01
20240712092011,10.37
20240712093011,17.77
20240712094011,16.75
20240712095011,9.2
20240712100011,28.51
20240712101011,20.18
20240712102011,25.87
20240712103011,21.84
20240712104011,17.28
20240712105011,13.66
20240712110011,5.97
20240712111011,16.78
20240712112011,0
20240712113011,1.33
20240712114011,5.86
20240712115011,3.37
20240712120011,8.93
20240712121011,1.54
20240712122011,3.76
20240712123011,0.46
20240712124011,1.5
20240712125011,11.21
20240712130011,17.34
20240712131011,9.02
20240712132011,2.31
20240712133011,3.71
20240712134011,1.04
20240712135011,0
20240712140011,6.18
20240712141011,7.45
20240712142011,4.51
20240712143011,17.06
20240712144011,3.39
20240712145011,4.24
20240712150011,5.44
20240712151011,5.17
20240712152011,3.11
20240712153011,2.82
20240712154011,2.59
>>>>>>> 5ad4edb873be4b2ff7e7d0a953e88f6c741dee3f
20240712155011,0
20240712160011,0
20240712161011,0
20240712162011,0
20240712163011,0
20240712164011,0
20240712165011,0
<<<<<<< HEAD
20240315090012,37.44
20240315091012,37.32
20240315092012,31.58
20240315093012,37.5
20240315094012,54.03
20240315095012,74.56
20240315100012,326.93
20240315101012,701.26
20240315102012,900.1
20240315103012,887.65
20240315104012,827.28
20240315105012,964.75
20240315110012,1084.79
20240315111012,1048.43
20240315112012,1031.6
20240315113012,1034.72
20240315114012,1025.25
20240315115012,1191.1
20240315120012,1242.62
20240315121012,927.44
20240315122012,976.87
20240315123012,876.31
20240315124012,890.29
20240315125012,469.84
20240315130012,545.88
20240315131012,743.33
20240315132012,191.32
20240315133012,71.25
20240315134012,529.64
20240315135012,422.34
20240315140012,133.38
20240315141012,80.42
20240315142012,42.66
20240315143012,32.97
20240315144012,22.81
20240315145012,19.39
20240315150012,15.72
20240315151012,22.97
20240315152012,12.94
20240315153012,21.76
20240315154012,14.25
20240315155012,16.09
20240315160012,5.78
20240315161012,5.8
20240315162012,7.5
20240315163012,5.8
20240315164012,2.35
20240315165012,0
20240317090012,19.51
20240317091012,16.05
20240317092012,12.2
20240317093012,16.55
20240317094012,50.91
20240317095012,96.19
20240317100012,112.7
20240317101012,730.97
20240317102012,992.53
20240317103012,1071.32
20240317104012,1153.87
20240317105012,1167.43
20240317110012,1304.52
20240317111012,1013.84
20240317112012,888.19
20240317113012,1469.2
20240317114012,1458.68
20240317115012,1479.56
20240317120012,1490.27
20240317121012,1539.27
20240317122012,1217.57
20240317123012,1072.7
20240317124012,930.15
20240317125012,1479.49
20240317130012,1493.28
20240317131012,1456.11
20240317132012,1236.63
20240317133012,1198.65
20240317134012,1152.89
20240317135012,818.57
20240317140012,906.7
20240317141012,612.22
20240317142012,225.51
20240317143012,59.63
20240317144012,39.24
20240317145012,40.02
20240317150012,40.74
20240317151012,19.55
20240317152012,23.58
20240317153012,3.85
20240317154012,2.83
20240317155012,3.17
20240317160012,3.89
20240317161012,2.84
20240317162012,1.97
20240317163012,2.65
20240317164012,0
20240317165012,1.54
20240412090012,28.48
20240412091012,29.59
20240412092012,43.29
20240412093012,383.72
20240412094012,74.53
20240412095012,355.42
20240412100012,339.98
20240412101012,473.15
20240412102012,561.68
20240412103012,580.31
20240412104012,757.41
20240412105012,828.23
20240412110012,851.36
20240412111012,778.8
20240412112012,634.06
20240412113012,720.2
20240412114012,661.44
20240412115012,923.74
20240412120012,825.2
20240412121012,557.58
20240412122012,516.48
20240412123012,151.14
20240412124012,153.6
20240412125012,94.13
20240412130012,104.29
20240412131012,101.94
20240412132012,62.31
20240412133012,70.2
20240412134012,31.73
20240412135012,24.2
20240412140012,34.2
20240412141012,17.7
20240412142012,8
20240412143012,11.99
20240412144012,11.76
20240412145012,3.77
20240412150012,13.91
20240412151012,7.7
20240412152012,2.87
20240412153012,2.94
20240412154012,20.31
20240412155012,0.98
20240412160012,3.7
20240412161012,2.67
20240412162012,0.98
20240412163012,1.11
20240412164012,0.9
20240412165012,0.29
20240426090012,14.24
20240426091012,26.95
20240426092012,26.22
20240426093012,38.88
20240426094012,34.21
20240426095012,31.18
20240426100012,44.56
20240426101012,59.48
20240426102012,51.14
20240426103012,47.28
20240426104012,80.06
20240426105012,142.29
20240426110012,64.22
20240426111012,68.84
20240426112012,99.88
20240426113012,86.11
20240426114012,24.48
20240426115012,21.27
20240426120012,35.84
20240426121012,33.99
20240426122012,24.33
20240426123012,24.54
20240426124012,13.82
20240426125012,13
20240426130012,2.58
20240426131012,2.58
20240426132012,5.32
20240426133012,16
20240426134012,0.41
20240426135012,2.35
20240426140012,0.51
20240426141012,3.97
=======
20240315090012,41.29
20240315091012,55.19
20240315092012,38.32
20240315093012,68.87
20240315094012,91.63
20240315095012,99.42
20240315100012,365.42
20240315101012,748.36
20240315102012,988.57
20240315103012,1023.27
20240315104012,985.85
20240315105012,1018.85
20240315110012,1197.11
20240315111012,1223.11
20240315112012,1196.14
20240315113012,1119.56
20240315114012,1199.33
20240315115012,1243.51
20240315120012,1231.71
20240315121012,1017.46
20240315122012,1016.7
20240315123012,952.77
20240315124012,1022.68
20240315125012,570.2
20240315130012,551.93
20240315131012,743.5
20240315132012,232.39
20240315133012,111.59
20240315134012,486.96
20240315135012,408.5
20240315140012,124.33
20240315141012,78.04
20240315142012,51.74
20240315143012,28.09
20240315144012,23.35
20240315145012,18.46
20240315150012,12.9
20240315151012,19.83
20240315152012,11.11
20240315153012,16
20240315154012,9.5
20240315155012,10.73
20240315160012,4.15
20240315161012,3.86
20240315162012,5
20240315163012,3.86
20240315164012,1.57
20240315165012,0
20240317090012,23.3
20240317091012,35.68
20240317092012,34.87
20240317093012,49.93
20240317094012,74.79
20240317095012,135.91
20240317100012,167.03
20240317101012,760.78
20240317102012,1062.86
20240317103012,1122.79
20240317104012,1168.83
20240317105012,1165.59
20240317110012,1282.78
20240317111012,994.13
20240317112012,894.54
20240317113012,1436.56
20240317114012,1427.81
20240317115012,1469.61
20240317120012,1476.69
20240317121012,1475.08
20240317122012,1158.89
20240317123012,1010.78
20240317124012,983.31
20240317125012,1459.29
20240317130012,1502.97
20240317131012,1447.79
20240317132012,1253.87
20240317133012,1208.83
20240317134012,1145.32
20240317135012,897.84
20240317140012,912.8
20240317141012,577.85
20240317142012,236.27
20240317143012,71.13
20240317144012,48.15
20240317145012,57.33
20240317150012,46.02
20240317151012,17.17
20240317152012,19.96
20240317153012,4.28
20240317154012,4.72
20240317155012,9.85
20240317160012,2.8
20240317161012,2.77
20240317162012,2.95
20240317163012,2.96
20240317164012,3.25
20240317165012,3.75
20240412090012,34.86
20240412091012,41.61
20240412092012,61.14
20240412093012,362.86
20240412094012,68.04
20240412095012,366.88
20240412100012,342.76
20240412101012,425.19
20240412102012,497.04
20240412103012,517.06
20240412104012,699.09
20240412105012,765.73
20240412110012,795.16
20240412111012,715.47
20240412112012,518.6
20240412113012,588.19
20240412114012,556.9
20240412115012,899
20240412120012,731.64
20240412121012,520.78
20240412122012,473.92
20240412123012,125.35
20240412124012,115.93
20240412125012,114.15
20240412130012,95.52
20240412131012,102.02
20240412132012,82.76
20240412133012,91.14
20240412134012,53.8
20240412135012,49.06
20240412140012,48.8
20240412141012,33.61
20240412142012,19.76
20240412143012,22.46
20240412144012,21.98
20240412145012,13.52
20240412150012,17.94
20240412151012,5.14
20240412152012,7.98
20240412153012,6.14
20240412154012,13.54
20240412155012,0.65
20240412160012,2.47
20240412161012,1.78
20240412162012,0.65
20240412163012,0.74
20240412164012,0.6
20240412165012,0.41
20240426090012,9.5
20240426091012,17.97
20240426092012,17.48
20240426093012,25.92
20240426094012,22.81
20240426095012,20.79
20240426100012,29.71
20240426101012,54.08
20240426102012,56.59
20240426103012,46.34
20240426104012,97.98
20240426105012,151.27
20240426110012,102.69
20240426111012,100.97
20240426112012,131.37
20240426113012,116.22
20240426114012,54.63
20240426115012,54.17
20240426120012,69.59
20240426121012,64.75
20240426122012,46.47
20240426123012,43.91
20240426124012,29.35
20240426125012,32.42
20240426130012,27.16
20240426131012,14.63
20240426132012,15.19
20240426133012,31.54
20240426134012,9.98
20240426135012,21.38
20240426140012,16.04
20240426141012,17.43
>>>>>>> 5ad4edb873be4b2ff7e7d0a953e88f6c741dee3f
20240426142012,0
20240426143012,0
20240426144012,0
20240426145012,0
20240426150012,0
20240426151012,0
20240426152012,0
20240426153012,0
20240426154012,0
20240426155012,0
20240426160012,0
<<<<<<< HEAD
20240426161012,9.37
20240426162012,14.57
20240426163012,14.6
20240426164012,17.64
20240426165012,24.94
20240521090012,4.94
20240521091012,3.74
20240521092012,2.42
20240521093012,3.98
20240521094012,4.61
20240521095012,2.75
20240521100012,3.55
20240521101012,3.25
20240521102012,1.35
20240521103012,1.9
20240521104012,7.71
20240521105012,11.05
20240521110012,13.13
20240521111012,14.93
20240521112012,7.39
20240521113012,6.72
20240521114012,4.77
20240521115012,9.53
20240521120012,2.29
20240521121012,4.52
20240521122012,1.11
20240521123012,1.7
20240521124012,2.69
20240521125012,3.06
20240521130012,5.5
20240521131012,7.94
20240521132012,10.92
20240521133012,19.06
20240521134012,11.52
20240521135012,16.78
20240521140012,46.48
20240521141012,28.8
20240521142012,48.23
20240521143012,38.67
20240521144012,427.42
20240521145012,328.92
20240521150012,33.39
20240521151012,16.94
20240521152012,8.7
20240521153012,12.11
20240521154012,7
20240521155012,13.22
20240521160012,5.44
20240521161012,0
=======
20240426161012,6.24
20240426162012,9.71
20240426163012,9.73
20240426164012,11.76
20240426165012,16.63
20240521090012,3.3
20240521091012,2.5
20240521092012,1.61
20240521093012,2.65
20240521094012,3.07
20240521095012,1.83
20240521100012,2.37
20240521101012,2.17
20240521102012,0.9
20240521103012,1.26
20240521104012,5.14
20240521105012,7.37
20240521110012,8.75
20240521111012,9.95
20240521112012,4.93
20240521113012,4.48
20240521114012,3.18
20240521115012,6.35
20240521120012,1.52
20240521121012,3.01
20240521122012,0.74
20240521123012,1.13
20240521124012,1.8
20240521125012,2.04
20240521130012,3.66
20240521131012,5.29
20240521132012,7.28
20240521133012,12.7
20240521134012,7.68
20240521135012,11.19
20240521140012,35.46
20240521141012,26.4
20240521142012,39.74
20240521143012,37.01
20240521144012,372.58
20240521145012,264.29
20240521150012,25.08
20240521151012,15.22
20240521152012,7.56
20240521153012,8.07
20240521154012,4.66
20240521155012,8.81
20240521160012,3.63
20240521161012,1.17
>>>>>>> 5ad4edb873be4b2ff7e7d0a953e88f6c741dee3f
20240521162012,0
20240521163012,0
20240521164012,0
20240521165012,0
<<<<<<< HEAD
20240619090012,30.79
20240619091012,36.57
20240619092012,35.81
20240619093012,45.1
20240619094012,56.6
20240619095012,79.98
20240619100012,82.67
20240619101012,188.06
20240619102012,435.41
20240619103012,514.89
20240619104012,818.66
20240619105012,912.09
20240619110012,1284.22
20240619111012,1316.59
20240619112012,1329.42
20240619113012,1243.99
20240619114012,1307.01
20240619115012,1135.86
20240619120012,1144.82
20240619121012,912.72
20240619122012,470.87
20240619123012,458.16
20240619124012,448.51
20240619125012,478.31
20240619130012,511.72
20240619131012,454.59
20240619132012,615.46
20240619133012,486.04
20240619134012,256.58
20240619135012,227.14
20240619140012,167.18
20240619141012,89.6
20240619142012,52.83
20240619143012,41.82
20240619144012,34.7
20240619145012,50.47
20240619150012,50.38
20240619151012,32.38
20240619152012,39.42
20240619153012,17.59
20240619154012,19.88
20240619155012,26.74
20240619160012,34.15
20240619161012,24.41
20240619162012,29.73
20240619163012,25.22
20240619164012,7.84
20240619165012,4.52
20240621090012,138.74
20240621091012,126.26
20240621092012,163.04
20240621093012,459.98
20240621094012,582.18
20240621095012,700
20240621100012,681.96
20240621101012,726.5
20240621102012,988.34
20240621103012,949.76
20240621104012,1081.8
20240621105012,1275.76
20240621110012,1582.47
20240621111012,1576.76
20240621112012,1463.55
20240621113012,1258.24
20240621114012,1310.83
20240621115012,1261.33
20240621120012,1010.04
20240621121012,885.44
20240621122012,838.83
20240621123012,978.21
20240621124012,914.69
20240621125012,831.98
20240621130012,961.74
20240621131012,881.06
20240621132012,789.1
20240621133012,742.66
20240621134012,708.55
20240621135012,729.58
20240621140012,492.58
20240621141012,677.42
20240621142012,692.07
20240621143012,559.56
20240621144012,502.6
20240621145012,95.22
20240621150012,42.38
20240621151012,27.37
20240621152012,21.64
20240621153012,13.37
20240621154012,10.85
20240621155012,0.82
20240621160012,7.86
20240621161012,9.11
20240621162012,3.02
20240621163012,6.22
20240621164012,6.69
20240621165012,1.49
20240705090012,31.41
20240705091012,43.75
20240705092012,43.06
20240705093012,68.26
20240705094012,85
20240705095012,115
20240705100012,96.14
20240705101012,90.48
20240705102012,60.47
20240705103012,43.36
20240705104012,29.63
20240705105012,38.73
20240705110012,15.36
20240705111012,71.6
20240705112012,56.71
20240705113012,57.53
20240705114012,56.89
20240705115012,54.98
20240705120012,57.03
20240705121012,56.08
20240705122012,43.74
20240705123012,40.02
20240705124012,38.56
20240705125012,39.33
20240705130012,33.06
20240705131012,20.31
20240705132012,14.96
20240705133012,15.51
20240705134012,16.4
20240705135012,13.22
20240705140012,20.55
20240705141012,27.32
20240705142012,30.74
20240705143012,28.78
20240705144012,25.32
20240705145012,24.41
20240705150012,12.75
20240705151012,3.08
20240705152012,3.48
20240705153012,1.8
20240705154012,7.06
20240705155012,8.71
20240705160012,5.87
20240705161012,7.83
20240705162012,5.74
20240705163012,7.4
20240705164012,5.44
20240705165012,6.94
20240713090012,14.94
20240713091012,11.14
20240713092012,0
20240713093012,8.55
20240713094012,0
20240713095012,0
20240713100012,6.96
20240713101012,2.88
20240713102012,12.36
20240713103012,13.81
20240713104012,28.91
20240713105012,116.5
20240713110012,115.54
20240713111012,140.08
20240713112012,132.04
20240713113012,32.83
20240713114012,65.14
20240713115012,54.32
20240713120012,73.12
20240713121012,287.04
20240713122012,212.8
20240713123012,240.45
20240713124012,268.66
20240713125012,370.28
20240713130012,350.54
20240713131012,412.59
20240713132012,638
20240713133012,141.81
20240713134012,55.97
20240713135012,146.55
20240713140012,200.84
20240713141012,218.7
20240713142012,178.6
20240713143012,65.7
20240713144012,66.2
20240713145012,21.21
20240713150012,27.53
20240713151012,43.42
20240713152012,27.27
20240713153012,17.95
20240713154012,9.83
20240713155012,6.5
20240713160012,2.92
20240713161012,0
20240713162012,5.35
20240713163012,3.28
20240713164012,1.97
20240713165012,0.79
20240214090013,61.15
20240214091013,47.55
20240214092013,54.46
20240214093013,81.59
20240214094013,654.21
20240214095013,686
20240214100013,400.9
20240214101013,668.11
20240214102013,754
20240214103013,700.86
20240214104013,876.16
20240214105013,1005.6
20240214110013,930.06
20240214111013,838.32
20240214112013,933.1
20240214113013,792.68
20240214114013,772.13
20240214115013,784.42
20240214120013,762.9
20240214121013,859.1
20240214122013,833.82
20240214123013,853.26
20240214124013,843.92
20240214125013,898.98
20240214130013,1076.4
20240214131013,1149.88
20240214132013,952.54
20240214133013,959.03
20240214134013,967.76
20240214135013,1048.79
20240214140013,948.34
20240214141013,863.3
20240214142013,779.78
20240214143013,867.44
20240214144013,858.8
20240214145013,934.42
20240214150013,781.67
20240214151013,135.29
20240214152013,56.98
20240214153013,49.49
20240214154013,59.89
20240214155013,42.34
20240214160013,38.74
20240214161013,22.04
20240214162013,23.2
20240214163013,6
20240214164013,23.92
20240214165013,12.44
20240221090013,25.14
20240221091013,33.37
20240221092013,40.87
20240221093013,87.6
20240221094013,41.83
20240221095013,88.53
20240221100013,168.16
20240221101013,151.55
20240221102013,244.09
20240221103013,379.21
20240221104013,585.88
20240221105013,885.41
20240221110013,875.85
20240221111013,1150.06
20240221112013,1140.55
20240221113013,1176.75
20240221114013,1260.37
20240221115013,1309.08
20240221120013,1407.8
20240221121013,1355.24
20240221122013,1437.28
20240221123013,1422.01
20240221124013,1379.99
20240221125013,1279.62
20240221130013,1319.47
20240221131013,935.98
20240221132013,1020.62
20240221133013,1037.51
20240221134013,1072.55
20240221135013,1024.35
20240221140013,875.07
20240221141013,829.49
20240221142013,637.12
20240221143013,677.46
20240221144013,701.7
20240221145013,233.24
20240221150013,91.25
20240221151013,29.01
20240221152013,34.82
20240221153013,18.57
20240221154013,41.62
20240221155013,19.28
20240221160013,3.09
20240221161013,3.55
20240221162013,5.4
20240221163013,4.18
20240221164013,0
20240221165013,0
20240314090013,12.32
20240314091013,43.8
20240314092013,61.81
20240314093013,164
20240314094013,434.34
20240314095013,660.2
20240314100013,888
20240314101013,864.84
20240314102013,673.5
20240314103013,773.3
20240314104013,1092.02
20240314105013,1051.41
20240314110013,1302.35
20240314111013,1428.8
20240314112013,1453.84
20240314113013,1388.41
20240314114013,1532.91
20240314115013,1527.31
20240314120013,1491.97
20240314121013,1486.11
20240314122013,1494.51
20240314123013,1486.34
20240314124013,1503.35
20240314125013,1476.74
20240314130013,1470.28
20240314131013,1573.36
20240314132013,1483.68
20240314133013,1361.28
20240314134013,1450.45
20240314135013,1065.56
20240314140013,1056.3
20240314141013,1156.11
20240314142013,1156.58
20240314143013,1359.59
20240314144013,1221.86
20240314145013,848.26
20240314150013,1228.16
20240314151013,948.45
20240314152013,340.54
20240314153013,161.16
20240314154013,87.12
20240314155013,73.91
20240314160013,83.39
20240314161013,60.45
20240314162013,64.11
20240314163013,48.65
20240314164013,39.08
20240314165013,32.57
20240316090013,70.44
20240316091013,51.85
20240316092013,38.67
20240316093013,63.51
20240316094013,72.78
20240316095013,85.57
20240316100013,111.78
20240316101013,69.18
20240316102013,107.69
20240316103013,141
20240316104013,196.94
20240316105013,166.26
20240316110013,191.76
20240316111013,194.24
20240316112013,263.04
20240316113013,312.41
20240316114013,359.62
20240316115013,514.76
20240316120013,751.93
20240316121013,434.52
20240316122013,402.21
20240316123013,260.16
20240316124013,271.4
20240316125013,372.16
20240316130013,180.68
20240316131013,210.77
20240316132013,104.67
20240316133013,114.17
20240316134013,113.34
20240316135013,168.73
20240316140013,102.21
20240316141013,144.16
20240316142013,32.64
20240316143013,68.97
20240316144013,23.04
20240316145013,27.62
20240316150013,32.67
20240316151013,19.6
20240316152013,15.78
20240316153013,12.12
20240316154013,2.43
20240316155013,2.85
20240316160013,6.53
20240316161013,0.46
20240316162013,0
20240316163013,1.2
20240316164013,0.8
20240316165013,0.76
20240328090013,27.93
20240328091013,19.72
20240328092013,27.86
20240328093013,63.4
20240328094013,176.76
20240328095013,273.22
20240328100013,426.24
20240328101013,386.02
20240328102013,488.54
20240328103013,475.69
20240328104013,587.86
20240328105013,950.24
20240328110013,1208.18
20240328111013,1159.93
20240328112013,1114.2
20240328113013,1034.54
20240328114013,922.69
20240328115013,883.82
20240328120013,970.84
20240328121013,892.12
20240328122013,872.6
20240328123013,992.94
20240328124013,1018.93
20240328125013,941.78
20240328130013,841.46
20240328131013,309.69
20240328132013,489.12
20240328133013,756.48
20240328134013,270.11
20240328135013,211.19
20240328140013,154.21
20240328141013,146.67
20240328142013,94.82
20240328143013,105.12
20240328144013,334.5
20240328145013,79.97
20240328150013,67.94
20240328151013,47.83
20240328152013,38.28
20240328153013,30.35
20240328154013,30.7
20240328155013,24.1
20240328160013,27.12
20240328161013,20.68
20240328162013,26.02
20240328163013,26.72
20240328164013,20.4
20240328165013,0
20240412090013,7.4
20240412091013,14.39
20240412092013,13.29
20240412093013,8.78
20240412094013,6.59
20240412095013,6.82
20240412100013,7.92
20240412101013,8.4
20240412102013,6.96
20240412103013,7.14
20240412104013,5.96
20240412105013,4.47
20240412110013,5.38
20240412111013,7.74
20240412112013,8.91
20240412113013,6.01
20240412114013,9.32
20240412115013,9.06
20240412120013,11.16
20240412121013,2.5
20240412122013,7.9
20240412123013,9.4
20240412124013,2.39
20240412125013,4.16
20240412130013,8.13
20240412131013,6.17
20240412132013,8.26
20240412133013,6.02
20240412134013,4.39
20240412135013,5.04
20240412140013,1.28
20240412141013,3.91
20240412142013,0.81
20240412143013,1.9
=======
20240619090012,41.65
20240619091012,63.38
20240619092012,66.43
20240619093012,76.01
20240619094012,83.93
20240619095012,117.62
20240619100012,128.2
20240619101012,266.52
20240619102012,471.14
20240619103012,570.7
20240619104012,789.57
20240619105012,891.42
20240619110012,1188.98
20240619111012,1277.33
20240619112012,1249.55
20240619113012,1161.76
20240619114012,1212.21
20240619115012,1066.34
20240619120012,1052.63
20240619121012,889.99
20240619122012,569.6
20240619123012,578.27
20240619124012,538.55
20240619125012,593.73
20240619130012,599.47
20240619131012,485.61
20240619132012,597.53
20240619133012,486.83
20240619134012,274.09
20240619135012,272.96
20240619140012,223.02
20240619141012,122.16
20240619142012,76.03
20240619143012,53.55
20240619144012,42.32
20240619145012,46.88
20240619150012,53.1
20240619151012,44.58
20240619152012,55.79
20240619153012,29.9
20240619154012,36.05
20240619155012,30.49
20240619160012,37.72
20240619161012,26.5
20240619162012,35.98
20240619163012,33.59
20240619164012,17.46
20240619165012,14.6
20240621090012,167.36
20240621091012,158.66
20240621092012,190.52
20240621093012,436.32
20240621094012,594.71
20240621095012,709.97
20240621100012,698.86
20240621101012,783.82
20240621102012,970.46
20240621103012,963.11
20240621104012,1134.46
20240621105012,1274.29
20240621110012,1508.62
20240621111012,1504.27
20240621112012,1418.49
20240621113012,1193.2
20240621114012,1309.41
20240621115012,1260.95
20240621120012,984.22
20240621121012,885.03
20240621122012,863.45
20240621123012,1053.14
20240621124012,934.74
20240621125012,921.96
20240621130012,979.09
20240621131012,926.82
20240621132012,838.1
20240621133012,818.13
20240621134012,742.4
20240621135012,836.26
20240621140012,546.13
20240621141012,720.27
20240621142012,760.7
20240621143012,656.45
20240621144012,463.23
20240621145012,143.92
20240621150012,70.67
20240621151012,31.13
20240621152012,14.43
20240621153012,15.8
20240621154012,14.91
20240621155012,7.14
20240621160012,5.24
20240621161012,6.94
20240621162012,2.01
20240621163012,5.21
20240621164012,9.44
20240621165012,8.94
20240705090012,38.44
20240705091012,51.88
20240705092012,66.33
20240705093012,107.21
20240705094012,112.17
20240705095012,136.6
20240705100012,131.88
20240705101012,115.61
20240705102012,67.81
20240705103012,55.16
20240705104012,47.04
20240705105012,41.15
20240705110012,10.24
20240705111012,65.85
20240705112012,56.59
20240705113012,64.83
20240705114012,65.35
20240705115012,66.95
20240705120012,71.78
20240705121012,64.26
20240705122012,53.52
20240705123012,53.06
20240705124012,50.09
20240705125012,50.1
20240705130012,34.99
20240705131012,25.64
20240705132012,18.3
20240705133012,16.58
20240705134012,22.34
20240705135012,29.76
20240705140012,39.58
20240705141012,37.62
20240705142012,35.79
20240705143012,32.54
20240705144012,29.72
20240705145012,25.8
20240705150012,16.38
20240705151012,6.93
20240705152012,6.8
20240705153012,6.23
20240705154012,9.66
20240705155012,10.59
20240705160012,7.11
20240705161012,7.24
20240705162012,5.57
20240705163012,7.73
20240705164012,6.51
20240705165012,8.3
20240713090012,23.08
20240713091012,25.83
20240713092012,6.15
20240713093012,18.1
20240713094012,0
20240713095012,0
20240713100012,4.64
20240713101012,1.92
20240713102012,16.67
20240713103012,26.44
20240713104012,34.55
20240713105012,103.34
20240713110012,113.97
20240713111012,144.09
20240713112012,139.44
20240713113012,40.9
20240713114012,58.97
20240713115012,63.41
20240713120012,111.87
20240713121012,264.77
20240713122012,225.88
20240713123012,271.46
20240713124012,297.91
20240713125012,396.23
20240713130012,393.4
20240713131012,433.01
20240713132012,615.63
20240713133012,169.36
20240713134012,56.53
20240713135012,157.48
20240713140012,217.24
20240713141012,246.26
20240713142012,189.46
20240713143012,86.18
20240713144012,92.05
20240713145012,48.68
20240713150012,47.5
20240713151012,54.3
20240713152012,50.24
20240713153012,39.94
20240713154012,29.47
20240713155012,23.87
20240713160012,32.8
20240713161012,27.18
20240713162012,25.13
20240713163012,26.82
20240713164012,25.23
20240713165012,26.07
20240214090013,63.62
20240214091013,66.85
20240214092013,65.86
20240214093013,112.11
20240214094013,566.15
20240214095013,680.56
20240214100013,491.26
20240214101013,690.2
20240214102013,840.49
20240214103013,819.1
20240214104013,951.5
20240214105013,1017.97
20240214110013,1056.51
20240214111013,988.38
20240214112013,1056.62
20240214113013,910.75
20240214114013,869.95
20240214115013,874.48
20240214120013,864.14
20240214121013,880.72
20240214122013,835.36
20240214123013,855.88
20240214124013,847.28
20240214125013,921.93
20240214130013,1088.05
20240214131013,1100.56
20240214132013,923.48
20240214133013,943.73
20240214134013,920.28
20240214135013,973.04
20240214140013,882.43
20240214141013,775.34
20240214142013,717.97
20240214143013,807.83
20240214144013,789.58
20240214145013,795.89
20240214150013,683.48
20240214151013,151.96
20240214152013,86.98
20240214153013,69.45
20240214154013,74.76
20240214155013,59.3
20240214160013,53.45
20240214161013,27.75
20240214162013,27.13
20240214163013,20.22
20240214164013,28.61
20240214165013,21.67
20240221090013,66.4
20240221091013,87.78
20240221092013,105.86
20240221093013,120.74
20240221094013,77.65
20240221095013,139.86
20240221100013,214.26
20240221101013,216.05
20240221102013,268.28
20240221103013,394.02
20240221104013,580.23
20240221105013,827.65
20240221110013,822.02
20240221111013,1118.01
20240221112013,1114.47
20240221113013,1157.05
20240221114013,1242.58
20240221115013,1281.76
20240221120013,1369.53
20240221121013,1335.09
20240221122013,1373.79
20240221123013,1371.55
20240221124013,1356.74
20240221125013,1267.12
20240221130013,1317.78
20240221131013,1063.81
20240221132013,1088.51
20240221133013,1075.57
20240221134013,1081.9
20240221135013,1042.39
20240221140013,863.92
20240221141013,852.38
20240221142013,614.86
20240221143013,613.24
20240221144013,621.71
20240221145013,265.69
20240221150013,106.23
20240221151013,36.76
20240221152013,58.26
20240221153013,43.1
20240221154013,33.74
20240221155013,12.85
20240221160013,17.05
20240221161013,5.29
20240221162013,6.65
20240221163013,2.94
20240221164013,0
20240221165013,0
20240314090013,52.83
20240314091013,59.47
20240314092013,94.7
20240314093013,175.85
20240314094013,353.32
20240314095013,526
20240314100013,759.13
20240314101013,762.91
20240314102013,655.51
20240314103013,736.81
20240314104013,1035.01
20240314105013,1002.58
20240314110013,1291.04
20240314111013,1383.31
20240314112013,1395.6
20240314113013,1300.51
20240314114013,1460.16
20240314115013,1433.58
20240314120013,1410.99
20240314121013,1397.95
20240314122013,1389.12
20240314123013,1399.35
20240314124013,1424.22
20240314125013,1439.5
20240314130013,1444.29
20240314131013,1528.97
20240314132013,1441.74
20240314133013,1336.45
20240314134013,1387.58
20240314135013,940.58
20240314140013,1017.24
20240314141013,1100.3
20240314142013,1130.61
20240314143013,1362.52
20240314144013,1210.24
20240314145013,895.8
20240314150013,1268.31
20240314151013,973.25
20240314152013,430.21
20240314153013,206.15
20240314154013,97.14
20240314155013,63.26
20240314160013,93.22
20240314161013,78.53
20240314162013,76.19
20240314163013,70.75
20240314164013,56.31
20240314165013,54.82
20240316090013,91.68
20240316091013,68.34
20240316092013,53.98
20240316093013,71.26
20240316094013,76.52
20240316095013,81.2
20240316100013,95.61
20240316101013,72.63
20240316102013,92.57
20240316103013,129.21
20240316104013,165.77
20240316105013,156.16
20240316110013,203.88
20240316111013,213.64
20240316112013,284.37
20240316113013,313.34
20240316114013,339.61
20240316115013,469.27
20240316120013,698.43
20240316121013,402.99
20240316122013,397.92
20240316123013,247.3
20240316124013,231.53
20240316125013,331.83
20240316130013,193.82
20240316131013,221.29
20240316132013,113
20240316133013,142.45
20240316134013,146.24
20240316135013,170.56
20240316140013,111.59
20240316141013,146.07
20240316142013,51.23
20240316143013,71.12
20240316144013,15.36
20240316145013,39.37
20240316150013,44.85
20240316151013,29.59
20240316152013,11.65
20240316153013,20.52
20240316154013,11.57
20240316155013,8.99
20240316160013,12.14
20240316161013,11.2
20240316162013,10.55
20240316163013,6.93
20240316164013,5.83
20240316165013,1.08
20240328090013,30.1
20240328091013,18.49
20240328092013,30.83
20240328093013,71.97
20240328094013,184.23
20240328095013,282.44
20240328100013,418.89
20240328101013,431.84
20240328102013,522.09
20240328103013,558.18
20240328104013,634.17
20240328105013,913.53
20240328110013,1166.27
20240328111013,1150.37
20240328112013,1124.29
20240328113013,1049.78
20240328114013,927.74
20240328115013,906.65
20240328120013,978.55
20240328121013,840.38
20240328122013,796.38
20240328123013,1000.55
20240328124013,998.31
20240328125013,910.19
20240328130013,770.9
20240328131013,329.59
20240328132013,449.99
20240328133013,686.13
20240328134013,303.52
20240328135013,239.56
20240328140013,152.7
20240328141013,119.6
20240328142013,87.09
20240328143013,76.81
20240328144013,239.78
20240328145013,62.48
20240328150013,54.3
20240328151013,34.92
20240328152013,25.52
20240328153013,20.23
20240328154013,26.95
20240328155013,31.36
20240328160013,20.25
20240328161013,21.67
20240328162013,34.45
20240328163013,29.11
20240328164013,13.6
20240328165013,5.8
20240412090013,4.94
20240412091013,9.59
20240412092013,8.86
20240412093013,5.85
20240412094013,4.39
20240412095013,4.54
20240412100013,5.28
20240412101013,5.6
20240412102013,4.64
20240412103013,4.76
20240412104013,3.97
20240412105013,2.98
20240412110013,3.59
20240412111013,5.16
20240412112013,5.94
20240412113013,4.01
20240412114013,6.22
20240412115013,6.04
20240412120013,7.44
20240412121013,1.67
20240412122013,5.27
20240412123013,6.27
20240412124013,1.59
20240412125013,2.78
20240412130013,5.42
20240412131013,4.11
20240412132013,5.51
20240412133013,4.01
20240412134013,2.93
20240412135013,3.36
20240412140013,0.86
20240412141013,2.61
20240412142013,0.54
20240412143013,1.26
>>>>>>> 5ad4edb873be4b2ff7e7d0a953e88f6c741dee3f
20240412144013,0
20240412145013,0
20240412150013,0
20240412151013,0
20240412152013,0
20240412153013,0
20240412154013,0
20240412155013,0
<<<<<<< HEAD
20240412160013,1.61
20240412161013,15.65
20240412162013,12.3
20240412163013,8.52
20240412164013,12.74
20240412165013,11.88
20240619090013,0
20240619091013,2.06
=======
20240412160013,1.07
20240412161013,10.43
20240412162013,8.2
20240412163013,5.68
20240412164013,8.5
20240412165013,7.92
20240619090013,0
20240619091013,1.37
>>>>>>> 5ad4edb873be4b2ff7e7d0a953e88f6c741dee3f
20240619092013,0
20240619093013,0
20240619094013,0
20240619095013,0
<<<<<<< HEAD
20240619100013,2.17
20240619101013,0.32
20240619102013,0
20240619103013,0
20240619104013,0.35
20240619105013,0
20240619110013,1.16
20240619111013,0
20240619112013,3.83
20240619113013,6.4
20240619114013,4.08
20240619115013,2.57
20240619120013,6.79
20240619121013,2.52
20240619122013,2.16
20240619123013,3.04
20240619124013,4.34
20240619125013,5.97
20240619130013,8.62
20240619131013,15.65
20240619132013,0
20240619133013,0
20240619134013,45.02
20240619135013,33.37
20240619140013,42.93
20240619141013,48.45
20240619142013,39.1
20240619143013,31.76
20240619144013,43.74
20240619145013,72.97
20240619150013,40.95
20240619151013,15.05
20240619152013,12.38
20240619153013,17.41
20240619154013,17.58
20240619155013,15.66
20240619160013,38.39
20240619161013,28.11
20240619162013,8.3
20240619163013,9.59
20240619164013,6.4
20240619165013,5.06
20240225090014,42.14
20240225091014,35.37
20240225092014,47
20240225093014,42.92
20240225094014,47.08
20240225095014,50.81
20240225100014,79.38
20240225101014,82.82
20240225102014,48.44
20240225103014,115.98
20240225104014,291.47
20240225105014,876.88
20240225110014,989.66
20240225111014,892.22
20240225112014,913.45
20240225113014,963.38
20240225114014,915.4
20240225115014,916.24
20240225120014,948.88
20240225121014,660.05
20240225122014,523.59
20240225123014,1239.18
20240225124014,955.06
20240225125014,942.76
20240225130014,995.51
20240225131014,1039.61
20240225132014,1231.92
20240225133014,645.88
20240225134014,534.14
20240225135014,441.18
20240225140014,463.96
20240225141014,330.66
20240225142014,294.26
20240225143014,62.56
20240225144014,33.59
20240225145014,22.6
20240225150014,46.11
20240225151014,24.74
20240225152014,18.97
20240225153014,15.57
20240225154014,7.14
20240225155014,5.36
20240225160014,5.24
20240225161014,2.94
20240225162014,0
20240225163014,0
20240225164014,1.74
20240225165014,4.2
20240227090014,38.99
20240227091014,27.03
20240227092014,46.18
20240227093014,61.7
20240227094014,83.61
20240227095014,63.45
20240227100014,121.49
20240227101014,631.86
20240227102014,1006.99
20240227103014,1033.07
20240227104014,863.08
20240227105014,653.73
20240227110014,774.63
20240227111014,781.04
20240227112014,850.7
20240227113014,784.51
20240227114014,503.91
20240227115014,731.01
20240227120014,991.38
20240227121014,1024.51
20240227122014,1013.21
20240227123014,1031.26
20240227124014,935.36
20240227125014,1006.51
20240227130014,971.58
20240227131014,788.32
20240227132014,829.82
20240227133014,862.17
20240227134014,777.55
20240227135014,707.23
20240227140014,775.24
20240227141014,510.88
20240227142014,386.93
20240227143014,359.66
20240227144014,338.4
20240227145014,266.88
20240227150014,219.12
20240227151014,61.61
20240227152014,30.68
20240227153014,19.53
20240227154014,16.78
20240227155014,10.39
20240227160014,14.81
20240227161014,6.18
20240227162014,5.68
20240227163014,3.48
20240227164014,3.96
20240227165014,3.46
20240327090014,31.86
20240327091014,12.43
20240327092014,11.03
20240327093014,14.75
20240327094014,44.23
20240327095014,10.53
20240327100014,49.97
20240327101014,422.02
20240327102014,608.52
20240327103014,717.76
20240327104014,673.78
20240327105014,679.58
20240327110014,1060.95
20240327111014,1174.82
20240327112014,1219.91
20240327113014,1230.49
20240327114014,1251.38
20240327115014,1295.38
20240327120014,1272.38
20240327121014,1335.95
20240327122014,1311.43
20240327123014,1181.67
20240327124014,1047.36
20240327125014,1000.71
20240327130014,838.19
20240327131014,427.47
20240327132014,276.92
20240327133014,93.87
20240327134014,83.67
20240327135014,57.14
20240327140014,70.63
20240327141014,45.48
20240327142014,39.02
20240327143014,50.94
20240327144014,28.21
20240327145014,15.94
20240327150014,16.93
20240327151014,9.46
20240327152014,8.52
20240327153014,7
20240327154014,5.32
20240327155014,6.66
20240327160014,5.94
20240327161014,5
20240327162014,4.12
20240327163014,0.1
20240327164014,2.22
20240327165014,3.55
20240417090014,21.83
20240417091014,36.39
20240417092014,39.36
20240417093014,42.79
20240417094014,40.31
20240417095014,49.92
20240417100014,52.3
20240417101014,53.54
20240417102014,59.14
20240417103014,71.3
20240417104014,86.19
20240417105014,97.66
20240417110014,76.35
20240417111014,69.8
20240417112014,66.47
20240417113014,58.12
20240417114014,48.69
20240417115014,104.71
20240417120014,81.35
20240417121014,109.1
20240417122014,109.57
20240417123014,48.26
20240417124014,108.53
20240417125014,136.99
20240417130014,107.27
20240417131014,25.09
20240417132014,13.04
20240417133014,13.29
20240417134014,12.31
20240417135014,10.55
20240417140014,12.28
20240417141014,7.85
20240417142014,7.68
20240417143014,4.53
20240417144014,0.81
20240417145014,1.03
20240417150014,0.05
20240417151014,0.07
20240417152014,2.14
20240417153014,1.67
20240417154014,1.08
20240417155014,2.94
20240417160014,1.93
20240417161014,0.17
20240417162014,0.49
20240417163014,1.07
20240417164014,9.52
20240417165014,13.49
20240517090014,12.66
20240517091014,10.79
20240517092014,8.27
20240517093014,7.98
20240517094014,12.29
20240517095014,4.15
20240517100014,16.34
20240517101014,40.7
20240517102014,34.51
20240517103014,29.04
20240517104014,44.83
20240517105014,25.88
20240517110014,32.76
20240517111014,23.12
20240517112014,9.84
20240517113014,28.72
20240517114014,68.98
20240517115014,34.8
20240517120014,12.57
20240517121014,14.67
20240517122014,9.8
20240517123014,7.54
20240517124014,6.82
20240517125014,16.08
20240517130014,19.08
20240517131014,21.51
20240517132014,20.22
20240517133014,12.13
20240517134014,20.78
20240517135014,19.33
20240517140014,15.05
20240517141014,21.83
20240517142014,16.27
20240517143014,18.75
20240517144014,18.05
20240517145014,16.75
20240517150014,21.69
20240517151014,19.26
20240517152014,13.02
20240517153014,13.02
20240517154014,7.23
20240517155014,6.43
20240517160014,7.38
20240517161014,5.28
20240517162014,7.26
20240517163014,6.84
20240517164014,7.39
20240517165014,2.82
20240704090014,67.83
20240704091014,52.7
20240704092014,56.34
20240704093014,91.45
20240704094014,131.57
20240704095014,295
20240704100014,294.56
20240704101014,619.58
20240704102014,486.99
20240704103014,457.82
20240704104014,559.74
20240704105014,702.1
20240704110014,847.8
20240704111014,664.78
20240704112014,794.45
20240704113014,1269.09
20240704114014,1146.49
20240704115014,1236.64
20240704120014,1324.02
20240704121014,1240.62
20240704122014,1260.64
20240704123014,1279.38
20240704124014,1146.21
20240704125014,1161.05
20240704130014,1102.3
20240704131014,1048.86
20240704132014,1045.56
20240704133014,1002.75
20240704134014,802.47
20240704135014,576.2
20240704140014,570.97
20240704141014,296
20240704142014,77.22
20240704143014,46.01
20240704144014,15.99
20240704145014,38.62
20240704150014,18.31
20240704151014,18.73
20240704152014,9.13
20240704153014,12.78
20240704154014,10.94
20240704155014,11.47
20240704160014,10.28
20240704161014,9.88
20240704162014,4.64
20240704163014,6.36
20240704164014,5.26
20240704165014,4.38
20240715090014,33.76
20240715091014,8
20240715092014,18.27
20240715093014,37.2
20240715094014,15.46
20240715095014,13.65
20240715100014,11.54
20240715101014,3.61
20240715102014,2.25
20240715103014,5.54
20240715104014,14.14
20240715105014,4.88
20240715110014,5
20240715111014,73.98
20240715112014,67.73
20240715113014,67.34
20240715114014,90.45
20240715115014,95.13
20240715120014,43.72
20240715121014,25.2
20240715122014,0
20240715123014,6.3
20240715124014,1.74
20240715125014,38.3
20240715130014,39.09
20240715131014,9.72
20240715132014,28.59
20240715133014,30.88
20240715134014,21.48
20240715135014,20
20240715140014,14.78
20240715141014,22.56
20240715142014,46.35
20240715143014,45.08
20240715144014,43.15
20240715145014,52.29
20240715150014,65.95
20240715151014,35.01
20240715152014,23.92
20240715153014,39.73
20240715154014,41.27
20240715155014,30.31
20240715160014,23.84
20240715161014,19.27
20240715162014,8.41
20240715163014,7.92
20240715164014,5.64
20240715165014,4.3
20240215090015,31.41
20240215091015,43.75
20240215092015,43.06
20240215093015,68.26
20240215094015,85
20240215095015,115
20240215100015,96.14
20240215101015,90.48
20240215102015,60.47
20240215103015,43.36
20240215104015,29.63
20240215105015,38.73
20240215110015,15.36
20240215111015,71.6
20240215112015,56.71
20240215113015,57.53
20240215114015,56.89
20240215115015,54.98
20240215120015,57.03
20240215121015,56.08
20240215122015,43.74
20240215123015,40.02
20240215124015,38.56
20240215125015,39.33
20240215130015,33.06
20240215131015,20.31
20240215132015,14.96
20240215133015,15.51
20240215134015,16.4
20240215135015,13.22
20240215140015,20.55
20240215141015,27.32
20240215142015,30.74
20240215143015,28.78
20240215144015,25.32
20240215145015,24.41
20240215150015,12.75
20240215151015,3.08
20240215152015,3.48
20240215153015,1.8
20240215154015,7.06
20240215155015,8.71
20240215160015,5.87
20240215161015,7.83
20240215162015,5.74
20240215163015,7.4
20240215164015,5.44
20240215165015,6.94
20240218090015,46.02
20240218091015,32.15
20240218092015,36.56
20240218093015,26.47
20240218094015,29.92
20240218095015,83.95
20240218100015,52.37
20240218101015,76.07
20240218102015,129.16
20240218103015,422.33
20240218104015,214.7
20240218105015,90.95
20240218110015,100.03
20240218111015,88.96
20240218112015,21.54
20240218113015,17.44
20240218114015,69.09
20240218115015,90.61
20240218120015,215.56
20240218121015,120.87
20240218122015,126.49
20240218123015,91.97
20240218124015,204.11
20240218125015,195.21
20240218130015,297.12
20240218131015,328.3
20240218132015,270.63
20240218133015,157.73
20240218134015,147.54
20240218135015,266.14
20240218140015,186.66
20240218141015,264.3
20240218142015,152.7
20240218143015,126.06
20240218144015,100.02
20240218145015,34.37
20240218150015,32.8
20240218151015,41.74
20240218152015,24
20240218153015,27.44
20240218154015,20.05
20240218155015,12.88
20240218160015,9.89
20240218161015,21.75
20240218162015,21.44
20240218163015,12.36
20240218164015,8.11
20240218165015,7.2
20240314090015,253.44
20240314091015,368.04
20240314092015,367.06
20240314093015,334.28
20240314094015,513.68
20240314095015,597.94
20240314100015,759.8
20240314101015,811.76
20240314102015,930.31
20240314103015,1048.29
20240314104015,1028.31
20240314105015,1189.61
20240314110015,1300.49
20240314111015,1184.87
20240314112015,1315.34
20240314113015,1254.12
20240314114015,1159.78
20240314115015,1213.92
20240314120015,1180.02
20240314121015,1154.24
20240314122015,1064.57
20240314123015,960.34
20240314124015,983.85
20240314125015,930.5
20240314130015,939.64
20240314131015,973.26
20240314132015,1069.44
20240314133015,965.8
20240314134015,912.89
20240314135015,956
20240314140015,1097.62
20240314141015,833.31
20240314142015,699.38
20240314143015,559.73
20240314144015,152.86
20240314145015,110.37
20240314150015,21.7
20240314151015,31.92
20240314152015,6.28
20240314153015,5.54
20240314154015,3.2
20240314155015,12.41
20240314160015,12.47
20240314161015,8.35
20240314162015,12.31
20240314163015,9.99
20240314164015,12.84
20240314165015,9.57
20240317090015,209.18
20240317091015,220.57
20240317092015,338.38
20240317093015,242.94
20240317094015,349.88
20240317095015,482.58
20240317100015,481.12
20240317101015,732.65
20240317102015,509.79
20240317103015,526.72
20240317104015,1074.52
20240317105015,1052.32
20240317110015,1304.47
20240317111015,1279.01
20240317112015,1300.87
20240317113015,1301.58
20240317114015,1317.83
20240317115015,1313.15
20240317120015,1283.1
20240317121015,1292.67
20240317122015,1341.83
20240317123015,1251.13
20240317124015,1236.68
20240317125015,1344.03
20240317130015,1406.67
20240317131015,1371.94
20240317132015,1312.7
20240317133015,1271.93
20240317134015,1236.86
20240317135015,1357.37
20240317140015,1420.83
20240317141015,1282.61
20240317142015,1141.78
20240317143015,1088.38
20240317144015,867.41
20240317145015,937.62
20240317150015,732.18
20240317151015,446.52
20240317152015,54.27
20240317153015,34.23
20240317154015,10.06
20240317155015,10.64
20240317160015,3.5
20240317161015,9.9
20240317162015,0
20240317163015,0
20240317164015,25.61
20240317165015,34.08
20240412090015,5.22
20240412091015,8.3
20240412092015,42
20240412093015,244.05
20240412094015,647.26
20240412095015,790.22
20240412100015,711.67
20240412101015,709.2
20240412102015,616.81
20240412103015,797.08
20240412104015,926.55
20240412105015,1026.62
20240412110015,1247.26
20240412111015,1211.55
20240412112015,1207.92
20240412113015,1210.84
20240412114015,1281.82
20240412115015,1217.42
20240412120015,1203.16
20240412121015,1365.76
20240412122015,1301.38
20240412123015,1227.74
20240412124015,1213.95
20240412125015,1137.09
20240412130015,1069.41
20240412131015,1076.85
20240412132015,1103.1
20240412133015,1098.21
20240412134015,960.96
20240412135015,673.5
20240412140015,973.41
20240412141015,630.84
20240412142015,431.02
20240412143015,405.02
20240412144015,387.36
20240412145015,119.26
20240412150015,75.6
20240412151015,136.06
20240412152015,83.56
20240412153015,70.47
20240412154015,77.8
20240412155015,40.34
20240412160015,53.63
20240412161015,44.14
20240412162015,62.34
20240412163015,60.48
20240412164015,44.46
20240412165015,33.15
20240518090015,44.21
20240518091015,86.12
20240518092015,126.23
20240518093015,475.72
20240518094015,336.56
20240518095015,319.38
20240518100015,442.52
20240518101015,440.74
20240518102015,446.04
20240518103015,593.4
20240518104015,817.85
20240518105015,1048.63
20240518110015,1232.15
20240518111015,1199.33
20240518112015,1175.79
20240518113015,1196.62
20240518114015,1150.68
20240518115015,1230.18
20240518120015,1304.56
20240518121015,1244.35
20240518122015,1294.78
20240518123015,1254.09
20240518124015,1292.13
20240518125015,1303.92
20240518130015,1269.11
20240518131015,1264.72
20240518132015,1138.36
20240518133015,1115.77
20240518134015,1088.81
20240518135015,1059.24
20240518140015,1069.79
20240518141015,1133.95
20240518142015,1179.15
20240518143015,1157.65
20240518144015,676.4
20240518145015,689.86
20240518150015,605.55
20240518151015,232.69
20240518152015,140.48
20240518153015,104.67
20240518154015,60.39
20240518155015,53.76
20240518160015,66.6
20240518161015,36.22
20240518162015,47.83
20240518163015,58.56
20240518164015,49.31
20240518165015,18.9
20240530090015,17.25
20240530091015,69.73
20240530092015,106.99
20240530093015,326.78
20240530094015,272.84
20240530095015,368.7
20240530100015,502.02
20240530101015,561.3
20240530102015,655.25
20240530103015,814.64
20240530104015,1117.09
20240530105015,1109.94
20240530110015,1171.53
20240530111015,1262.97
20240530112015,1264.11
20240530113015,1232.22
20240530114015,1282.97
20240530115015,1234.66
20240530120015,1297.73
20240530121015,1227.65
20240530122015,1345.02
20240530123015,1427.61
20240530124015,1471.76
20240530125015,1325.13
20240530130015,1367.44
20240530131015,1213.43
20240530132015,1227.57
20240530133015,1169.78
20240530134015,1357.43
20240530135015,1291.84
20240530140015,1272.16
20240530141015,1230.72
20240530142015,1229.76
20240530143015,1333.36
20240530144015,1227.8
20240530145015,1226.14
20240530150015,1174.06
20240530151015,992.57
20240530152015,574.62
20240530153015,198.71
20240530154015,178.16
20240530155015,135.64
20240530160015,104.29
20240530161015,54.82
20240530162015,56.68
20240530163015,13.19
20240530164015,43.8
20240530165015,27.08
20240605090015,48.39
20240605091015,88.09
20240605092015,75.66
20240605093015,237.76
20240605094015,525.96
20240605095015,587.27
20240605100015,639.51
20240605101015,665.5
20240605102015,680.86
20240605103015,849.98
20240605104015,1053.1
20240605105015,1126.12
20240605110015,1378.55
20240605111015,1408.74
20240605112015,1386.16
20240605113015,1347.76
20240605114015,1329.68
20240605115015,1277.3
20240605120015,1337.35
20240605121015,1242.32
20240605122015,1253.7
20240605123015,1272.51
20240605124015,1295.63
20240605125015,1273.97
20240605130015,1258.6
20240605131015,1296.24
20240605132015,1294.01
20240605133015,1116.93
20240605134015,1040.16
20240605135015,1204.34
20240605140015,1037.58
20240605141015,771.96
20240605142015,822.42
20240605143015,887.4
20240605144015,1137.52
20240605145015,762.76
20240605150015,312.65
20240605151015,189.51
20240605152015,86.98
20240605153015,67.15
20240605154015,66.13
20240605155015,90.53
20240605160015,42.51
20240605161015,28.59
20240605162015,46.81
20240605163015,51.59
20240605164015,88.92
20240605165015,57.82
20240704090015,28.71
20240704091015,25.3
20240704092015,30.05
20240704093015,15.25
20240704094015,316.32
20240704095015,271.77
20240704100015,311.25
20240704101015,361.28
20240704102015,431.35
20240704103015,613.5
20240704104015,578.89
20240704105015,698
20240704110015,1010.29
20240704111015,1003.45
20240704112015,952.74
20240704113015,1317.02
20240704114015,1106.73
20240704115015,1129.08
20240704120015,1178.34
20240704121015,1161.94
20240704122015,1361.33
20240704123015,1271.44
20240704124015,1286.95
20240704125015,1267.74
20240704130015,1146.7
20240704131015,1137.69
20240704132015,1253.58
20240704133015,1173.76
20240704134015,1196.8
20240704135015,1208.74
20240704140015,1234.32
20240704141015,914.35
20240704142015,764.72
20240704143015,724.24
20240704144015,218.62
20240704145015,74.66
20240704150015,89.56
20240704151015,58.97
20240704152015,35.24
20240704153015,8.62
20240704154015,7.63
20240704155015,2.14
20240704160015,5.85
20240704161015,2.11
20240704162015,3.07
20240704163015,2.54
20240704164015,2.47
20240704165015,2.15
20240316090016,27.93
20240316091016,19.72
20240316092016,27.86
20240316093016,63.4
20240316094016,176.76
20240316095016,273.22
20240316100016,426.24
20240316101016,386.02
20240316102016,488.54
20240316103016,475.69
20240316104016,587.86
20240316105016,950.24
20240316110016,1208.18
20240316111016,1159.93
20240316112016,1114.2
20240316113016,1034.54
20240316114016,922.69
20240316115016,883.82
20240316120016,970.84
20240316121016,892.12
20240316122016,872.6
20240316123016,992.94
20240316124016,1018.93
20240316125016,941.78
20240316130016,841.46
20240316131016,309.69
20240316132016,489.12
20240316133016,756.48
20240316134016,270.11
20240316135016,211.19
20240316140016,154.21
20240316141016,146.67
20240316142016,94.82
20240316143016,105.12
20240316144016,334.5
20240316145016,79.97
20240316150016,67.94
20240316151016,47.83
20240316152016,38.28
20240316153016,30.35
20240316154016,30.7
20240316155016,24.1
20240316160016,27.12
20240316161016,20.68
20240316162016,26.02
20240316163016,26.72
20240316164016,20.4
20240316165016,0
20240322090016,22.73
20240322091016,41.84
20240322092016,48.29
20240322093016,38.77
20240322094016,17.7
20240322095016,23.86
20240322100016,49.81
20240322101016,99.86
20240322102016,153.14
20240322103016,157.17
20240322104016,144.52
20240322105016,193.03
20240322110016,399.29
20240322111016,422.74
20240322112016,445.94
20240322113016,436
20240322114016,448.42
20240322115016,517.27
20240322120016,520.27
20240322121016,146.35
20240322122016,291
20240322123016,146.76
20240322124016,168.82
20240322125016,155.77
20240322130016,135.8
20240322131016,89.23
20240322132016,35.93
20240322133016,47.24
20240322134016,41.8
20240322135016,21.3
20240322140016,15.54
20240322141016,23.23
20240322142016,20.81
20240322143016,14.85
20240322144016,18.02
20240322145016,8.61
20240322150016,0
20240322151016,2.21
20240322152016,0
20240322153016,2.1
20240322154016,4.87
20240322155016,0.15
20240322160016,0
20240322161016,9.8
20240322162016,11.32
20240322163016,5.36
20240322164016,9.14
20240322165016,0
20240414090016,14.25
20240414091016,20.87
20240414092016,19.5
20240414093016,18.32
20240414094016,32.08
20240414095016,40.88
20240414100016,46.75
20240414101016,99.52
20240414102016,114.7
20240414103016,510.59
20240414104016,538.56
20240414105016,416.06
20240414110016,567.38
20240414111016,172.42
20240414112016,123.5
20240414113016,113.88
20240414114016,169.48
20240414115016,173.96
20240414120016,195.2
20240414121016,221.3
20240414122016,201.68
20240414123016,182.96
20240414124016,139.13
20240414125016,144.41
20240414130016,135.46
20240414131016,35.42
20240414132016,29.63
20240414133016,27.04
20240414134016,18.4
20240414135016,26.86
20240414140016,34.15
20240414141016,28.23
20240414142016,14.95
20240414143016,6.12
20240414144016,5.53
20240414145016,4.9
20240414150016,6.33
20240414151016,4.67
20240414152016,6.82
20240414153016,3.85
20240414154016,2.2
20240414155016,4.58
20240414160016,10.43
20240414161016,2.79
20240414162016,4.8
20240414163016,4.11
20240414164016,3.02
20240414165016,1.61
20240422090016,47.09
20240422091016,49.39
20240422092016,48.16
20240422093016,52.19
20240422094016,78.5
20240422095016,78.28
20240422100016,87.7
20240422101016,455.72
20240422102016,148.83
20240422103016,119.56
20240422104016,131.98
20240422105016,333.76
20240422110016,394.95
20240422111016,437.72
20240422112016,530.69
20240422113016,514.38
20240422114016,553.62
20240422115016,544.76
20240422120016,661.08
20240422121016,563.92
20240422122016,522.86
20240422123016,520.08
20240422124016,412.58
20240422125016,224.98
20240422130016,244.74
20240422131016,250.71
20240422132016,283.75
20240422133016,273.39
20240422134016,248.59
20240422135016,180.63
20240422140016,13.99
20240422141016,20.04
20240422142016,7.44
20240422143016,18.61
20240422144016,14.37
20240422145016,12.6
20240422150016,9.08
20240422151016,14.54
20240422152016,5.6
20240422153016,5.3
20240422154016,5.91
20240422155016,3.39
20240422160016,3.37
20240422161016,2.68
20240422162016,1.76
20240422163016,1.53
20240422164016,1.88
20240422165016,3.31
20240513090016,25.51
20240513091016,23.78
20240513092016,27.5
20240513093016,31.77
20240513094016,46.1
20240513095016,37.94
20240513100016,48.29
20240513101016,37.68
20240513102016,36.52
20240513103016,39.03
20240513104016,47.83
20240513105016,41.52
20240513110016,39.78
20240513111016,18.33
20240513112016,21.84
20240513113016,24.07
20240513114016,31.72
20240513115016,23.58
20240513120016,16.22
20240513121016,25.18
20240513122016,22.13
20240513123016,26.4
20240513124016,22.34
20240513125016,12.22
20240513130016,31.39
20240513131016,35.11
20240513132016,27.34
20240513133016,21.26
20240513134016,12.72
20240513135016,13.63
20240513140016,2.53
20240513141016,13.97
20240513142016,3.84
20240513143016,8.55
20240513144016,7.75
20240513145016,7.58
20240513150016,5.77
20240513151016,2.7
20240513152016,0
20240513153016,0
20240513154016,0
20240513155016,0
20240513160016,1.11
20240513161016,0
20240513162016,0
20240513163016,2.96
20240513164016,4.02
20240513165016,3.79
20240517090016,33.24
20240517091016,76.78
20240517092016,39.02
20240517093016,56.92
20240517094016,79.82
20240517095016,285.82
20240517100016,696.35
20240517101016,871.7
20240517102016,879.07
20240517103016,529.21
20240517104016,912.05
20240517105016,835.94
20240517110016,568.42
20240517111016,487.13
20240517112016,310.16
20240517113016,97.34
20240517114016,206.94
20240517115016,255.52
20240517120016,354.9
20240517121016,338.13
20240517122016,245.75
20240517123016,224.62
20240517124016,214.95
20240517125016,183.16
20240517130016,193.96
20240517131016,137.74
20240517132016,101.15
20240517133016,132.16
20240517134016,122.16
20240517135016,55.3
20240517140016,11.68
20240517141016,17.7
20240517142016,15.15
20240517143016,6.61
20240517144016,4.96
20240517145016,2.16
20240517150016,3.15
20240517151016,1.88
20240517152016,3.2
20240517153016,2.62
20240517154016,3.06
20240517155016,7.8
20240517160016,0.99
20240517161016,0
20240517162016,1.44
20240517163016,1.5
20240517164016,0.23
20240517165016,0.82
20240519090016,90
20240519091016,55.83
20240519092016,76.78
20240519093016,147.64
20240519094016,164.27
20240519095016,391.62
20240519100016,631.36
20240519101016,736.55
20240519102016,717.39
20240519103016,706.2
20240519104016,914.2
20240519105016,880.71
20240519110016,1051.98
20240519111016,1321.88
20240519112016,1294.17
20240519113016,1297.01
20240519114016,1304.9
20240519115016,1274.79
20240519120016,1336.2
20240519121016,1315.34
20240519122016,1272.04
20240519123016,1232.38
20240519124016,1297.92
20240519125016,1339.8
20240519130016,1339.51
20240519131016,1290.13
20240519132016,1324.82
20240519133016,1261.73
20240519134016,1193.29
20240519135016,1130.37
20240519140016,1118.38
20240519141016,1192.07
20240519142016,1099.66
20240519143016,703.26
20240519144016,443.44
20240519145016,133.56
20240519150016,96.17
20240519151016,59.92
20240519152016,76.12
20240519153016,70.72
20240519154016,95.75
20240519155016,36.69
20240519160016,34.53
20240519161016,41.94
20240519162016,22.19
20240519163016,41.33
20240519164016,31.89
20240519165016,28.21
20240608090016,6.46
20240608091016,8.68
20240608092016,23.18
20240608093016,34.16
20240608094016,42.12
20240608095016,46.8
20240608100016,71.7
20240608101016,486.4
20240608102016,429.97
20240608103016,482.06
20240608104016,128.77
20240608105016,185.97
20240608110016,611.7
20240608111016,292.52
20240608112016,276.74
20240608113016,262.68
20240608114016,281.63
20240608115016,260.63
20240608120016,274.18
20240608121016,74.47
20240608122016,80.16
20240608123016,5.12
20240608124016,4.54
20240608125016,5.37
20240608130016,4.41
20240608131016,6.3
20240608132016,0.61
20240608133016,3.02
20240608134016,0.94
20240608135016,2.28
20240608140016,2.21
20240608141016,0
20240608142016,0
20240608143016,10.23
20240608144016,15.18
20240608145016,14.52
20240608150016,17.43
20240608151016,6.9
20240608152016,4.5
20240608153016,0.74
20240608154016,0.6
20240608155016,0
20240608160016,2.36
20240608161016,0.64
20240608162016,0
20240608163016,1.74
20240608164016,0
20240608165016,6.58
20240629090016,46.02
20240629091016,29.88
20240629092016,25.66
20240629093016,35.35
20240629094016,31.89
20240629095016,34.63
20240629100016,50.35
20240629101016,110.99
20240629102016,248.35
20240629103016,576.46
20240629104016,646.68
20240629105016,793.98
20240629110016,821.98
20240629111016,867.26
20240629112016,657.35
20240629113016,571.21
20240629114016,651.41
20240629115016,829.81
20240629120016,1049.3
20240629121016,682.24
20240629122016,527.55
20240629123016,536.29
20240629124016,439.95
20240629125016,394.52
20240629130016,291.36
20240629131016,242.3
20240629132016,114.17
20240629133016,82.81
20240629134016,28.53
20240629135016,15.56
20240629140016,10.85
20240629141016,6.39
20240629142016,1.17
20240629143016,1.17
20240629144016,0
20240629145016,12.46
20240629150016,9.07
20240629151016,0
20240629152016,1.26
20240629153016,0
20240629154016,0
20240629155016,1.83
20240629160016,0
20240629161016,1.23
20240629162016,2.35
20240629163016,1.45
20240629164016,0
20240629165016,0
20240123090017,31.86
20240123091017,12.43
20240123092017,11.03
20240123093017,14.75
20240123094017,44.23
20240123095017,10.53
20240123100017,49.97
20240123101017,422.02
20240123102017,608.52
20240123103017,717.76
20240123104017,673.78
20240123105017,679.58
20240123110017,1060.95
20240123111017,1174.82
20240123112017,1219.91
20240123113017,1230.49
20240123114017,1251.38
20240123115017,1295.38
20240123120017,1272.38
20240123121017,1335.95
20240123122017,1311.43
20240123123017,1181.67
20240123124017,1047.36
20240123125017,1000.71
20240123130017,838.19
20240123131017,427.47
20240123132017,276.92
20240123133017,93.87
20240123134017,83.67
20240123135017,57.14
20240123140017,70.63
20240123141017,45.48
20240123142017,39.02
20240123143017,50.94
20240123144017,28.21
20240123145017,15.94
20240123150017,16.93
20240123151017,9.46
20240123152017,8.52
20240123153017,7
20240123154017,5.32
20240123155017,6.66
20240123160017,5.94
20240123161017,5
20240123162017,4.12
20240123163017,0.1
20240123164017,2.22
20240123165017,3.55
20240129090017,25.51
20240129091017,23.78
20240129092017,27.5
20240129093017,31.77
20240129094017,46.1
20240129095017,37.94
20240129100017,48.29
20240129101017,37.68
20240129102017,36.52
20240129103017,39.03
20240129104017,47.83
20240129105017,41.52
20240129110017,39.78
20240129111017,18.33
20240129112017,21.84
20240129113017,24.07
20240129114017,31.72
20240129115017,23.58
20240129120017,16.22
20240129121017,25.18
20240129122017,22.13
20240129123017,26.4
20240129124017,22.34
20240129125017,12.22
20240129130017,31.39
20240129131017,35.11
20240129132017,27.34
20240129133017,21.26
20240129134017,12.72
20240129135017,13.63
20240129140017,2.53
20240129141017,13.97
20240129142017,3.84
20240129143017,8.55
20240129144017,7.75
20240129145017,7.58
20240129150017,5.77
20240129151017,2.7
20240129152017,0
20240129153017,0
20240129154017,0
20240129155017,0
20240129160017,1.11
20240129161017,0
20240129162017,0
20240129163017,2.96
20240129164017,4.02
20240129165017,3.79
20240215090017,10.3
20240215091017,12.44
20240215092017,12.18
20240215093017,10.01
20240215094017,12.16
20240215095017,17.04
20240215100017,36.79
20240215101017,41.68
20240215102017,93.49
20240215103017,91.89
20240215104017,122.01
20240215105017,135.8
20240215110017,205.02
20240215111017,196.2
20240215112017,861.99
20240215113017,302.96
20240215114017,281.33
20240215115017,297.83
20240215120017,320.35
20240215121017,280.64
20240215122017,257.27
20240215123017,248.12
20240215124017,234.8
20240215125017,217.51
20240215130017,192.24
20240215131017,168.2
20240215132017,133.54
20240215133017,136.78
20240215134017,53.23
20240215135017,28.67
20240215140017,29.09
20240215141017,35.06
20240215142017,23.77
20240215143017,15.16
20240215144017,14.6
20240215145017,8.16
20240215150017,9.32
20240215151017,10.82
20240215152017,10.98
20240215153017,9.37
20240215154017,18.72
20240215155017,7.18
20240215160017,13.22
20240215161017,5.58
20240215162017,4.37
20240215163017,3.62
20240215164017,2.23
20240215165017,3
20240218090017,253.44
20240218091017,368.04
20240218092017,367.06
20240218093017,334.28
20240218094017,513.68
20240218095017,597.94
20240218100017,759.8
20240218101017,811.76
20240218102017,930.31
20240218103017,1048.29
20240218104017,1028.31
20240218105017,1189.61
20240218110017,1300.49
20240218111017,1184.87
20240218112017,1315.34
20240218113017,1254.12
20240218114017,1159.78
20240218115017,1213.92
20240218120017,1180.02
20240218121017,1154.24
20240218122017,1064.57
20240218123017,960.34
20240218124017,983.85
20240218125017,930.5
20240218130017,939.64
20240218131017,973.26
20240218132017,1069.44
20240218133017,965.8
20240218134017,912.89
20240218135017,956
20240218140017,1097.62
20240218141017,833.31
20240218142017,699.38
20240218143017,559.73
20240218144017,152.86
20240218145017,110.37
20240218150017,21.7
20240218151017,31.92
20240218152017,6.28
20240218153017,5.54
20240218154017,3.2
20240218155017,12.41
20240218160017,12.47
20240218161017,8.35
20240218162017,12.31
20240218163017,9.99
20240218164017,12.84
20240218165017,9.57
20240305090017,61.15
20240305091017,47.55
20240305092017,54.46
20240305093017,81.59
20240305094017,654.21
20240305095017,686
20240305100017,400.9
20240305101017,668.11
20240305102017,754
20240305103017,700.86
20240305104017,876.16
20240305105017,1005.6
20240305110017,930.06
20240305111017,838.32
20240305112017,933.1
20240305113017,792.68
20240305114017,772.13
20240305115017,784.42
20240305120017,762.9
20240305121017,859.1
20240305122017,833.82
20240305123017,853.26
20240305124017,843.92
20240305125017,898.98
20240305130017,1076.4
20240305131017,1149.88
20240305132017,952.54
20240305133017,959.03
20240305134017,967.76
20240305135017,1048.79
20240305140017,948.34
20240305141017,863.3
20240305142017,779.78
20240305143017,867.44
20240305144017,858.8
20240305145017,934.42
20240305150017,781.67
20240305151017,135.29
20240305152017,56.98
20240305153017,49.49
20240305154017,59.89
20240305155017,42.34
20240305160017,38.74
20240305161017,22.04
20240305162017,23.2
20240305163017,6
20240305164017,23.92
20240305165017,12.44
20240309090017,35.08
20240309091017,17.12
20240309092017,127.07
20240309093017,312.15
20240309094017,484.66
20240309095017,619.32
20240309100017,410.41
20240309101017,311.61
20240309102017,485.22
20240309103017,646.47
20240309104017,984.2
20240309105017,1003.3
20240309110017,1137.9
20240309111017,1210.5
20240309112017,1247.21
20240309113017,1220.3
20240309114017,1225.72
20240309115017,1026.91
20240309120017,1158.94
20240309121017,1208.39
20240309122017,1353.2
20240309123017,1473.79
20240309124017,1503.05
20240309125017,1509.91
20240309130017,1441.41
20240309131017,1426.91
20240309132017,1488.76
20240309133017,1490.69
20240309134017,1342.05
20240309135017,1273.11
20240309140017,1356.59
20240309141017,1313.34
20240309142017,976.4
20240309143017,1052.65
20240309144017,1105.88
20240309145017,788.48
20240309150017,796.58
20240309151017,694.7
20240309152017,456.45
20240309153017,164.63
20240309154017,76.74
20240309155017,61.78
20240309160017,40.5
20240309161017,33.81
20240309162017,29.62
20240309163017,15.13
20240309164017,8.03
20240309165017,4.81
20240311090017,64.67
20240311091017,46.67
20240311092017,33.13
20240311093017,80.3
20240311094017,100.02
20240311095017,284.22
20240311100017,560.24
20240311101017,503.56
20240311102017,482.97
20240311103017,500.03
20240311104017,898.28
20240311105017,868.9
20240311110017,1131.43
20240311111017,1264.61
20240311112017,1204.78
20240311113017,1383.28
20240311114017,1349.59
20240311115017,1360.4
20240311120017,1281.56
20240311121017,1267.75
20240311122017,1187.01
20240311123017,1217.52
20240311124017,1196.76
20240311125017,1190.93
20240311130017,1169.02
20240311131017,1141.55
20240311132017,1081.93
20240311133017,1063.14
20240311134017,905.1
20240311135017,975.98
20240311140017,959.8
20240311141017,794.54
20240311142017,638
20240311143017,562.32
20240311144017,400.56
20240311145017,142.71
20240311150017,32.3
20240311151017,44.17
20240311152017,62
20240311153017,49.65
20240311154017,57.3
20240311155017,17.52
20240311160017,6.46
20240311161017,7.32
20240311162017,0.15
20240311163017,6.18
20240311164017,9.99
20240311165017,5.93
20240403090017,32.17
20240403091017,25.61
20240403092017,26.58
20240403093017,54.09
20240403094017,245.26
20240403095017,514.78
20240403100017,283.66
20240403101017,279.76
20240403102017,342.36
20240403103017,653.69
20240403104017,680.6
20240403105017,709.97
20240403110017,1101.84
20240403111017,1060.75
20240403112017,1060.7
20240403113017,1064.43
20240403114017,993.03
20240403115017,1000.64
20240403120017,965.92
20240403121017,1044.99
20240403122017,1085.47
20240403123017,1216.16
20240403124017,1226.87
20240403125017,1171.88
20240403130017,1188.15
20240403131017,1150.41
20240403132017,1134.03
20240403133017,805.1
20240403134017,671.18
20240403135017,698.26
20240403140017,754.52
20240403141017,738.42
20240403142017,637.07
20240403143017,332.28
20240403144017,70.47
20240403145017,86.33
20240403150017,41.22
20240403151017,4.64
20240403152017,6.26
20240403153017,11.81
20240403154017,6.88
20240403155017,1.01
20240403160017,0.9
20240403161017,0.82
20240403162017,0
20240403163017,0
20240403164017,0
20240403165017,0.96
20240507090017,74.35
20240507091017,71.46
20240507092017,53.91
20240507093017,46.23
20240507094017,78.7
20240507095017,68.47
20240507100017,47.89
20240507101017,48.5
20240507102017,59.74
20240507103017,57.42
20240507104017,67.13
20240507105017,39.03
20240507110017,36.89
20240507111017,15.41
20240507112017,15.87
20240507113017,45.87
20240507114017,42.19
20240507115017,38.37
20240507120017,127.72
20240507121017,712.38
20240507122017,1439.09
20240507123017,977.45
20240507124017,58.9
20240507125017,897.58
20240507130017,201.77
20240507131017,144.39
20240507132017,143.84
20240507133017,127.58
20240507134017,79.06
20240507135017,49.52
20240507140017,19.77
20240507141017,13.88
20240507142017,5.42
20240507143017,4.74
20240507144017,14.59
20240507145017,5.24
20240507150017,3.34
20240507151017,3.13
20240507152017,4.22
20240507153017,0.44
20240507154017,0.35
20240507155017,0.08
20240507160017,0.16
20240507161017,0.26
20240507162017,0
20240507163017,0
20240507164017,0
20240507165017,0
20240528090017,28.8
20240528091017,24.42
20240528092017,40.66
20240528093017,44.42
20240528094017,50.5
20240528095017,63.88
20240528100017,9.2
20240528101017,16.98
20240528102017,16.08
20240528103017,115.65
20240528104017,93.48
20240528105017,94.62
20240528110017,79.8
20240528111017,85.47
20240528112017,61.19
20240528113017,93.88
20240528114017,97.18
20240528115017,105.21
20240528120017,87.09
20240528121017,91.54
20240528122017,111.66
20240528123017,72.98
20240528124017,128.24
20240528125017,100.14
20240528130017,94.38
20240528131017,69.88
20240528132017,50.61
20240528133017,25.3
20240528134017,23.57
20240528135017,32.05
20240528140017,54.3
20240528141017,24.49
20240528142017,11.36
20240528143017,17.59
20240528144017,3.77
20240528145017,8.09
20240528150017,8.76
20240528151017,5.42
20240528152017,4.52
20240528153017,3.09
20240528154017,4.26
20240528155017,1.84
20240528160017,0.04
20240528161017,0.2
20240528162017,0
20240528163017,1.44
20240528164017,0.47
20240528165017,0.31
20240614090017,10.7
20240614091017,16.98
20240614092017,25.54
20240614093017,75.07
20240614094017,92.21
20240614095017,49.57
20240614100017,42.14
20240614101017,21.22
20240614102017,59.52
20240614103017,105.14
20240614104017,358.41
20240614105017,619.1
20240614110017,648.22
20240614111017,701.8
20240614112017,613.84
20240614113017,691.63
20240614114017,705.01
20240614115017,817.36
20240614120017,1147.88
20240614121017,1123.8
20240614122017,1146.55
20240614123017,1144.11
20240614124017,1158.59
20240614125017,1160.91
20240614130017,1203.31
20240614131017,807.26
20240614132017,750.5
20240614133017,824.53
20240614134017,754.44
20240614135017,718.58
20240614140017,704.94
20240614141017,583.51
20240614142017,518.97
20240614143017,388.13
20240614144017,67.52
20240614145017,0
20240614150017,0
20240614151017,0
20240614152017,11.41
20240614153017,7.66
20240614154017,12.41
20240614155017,19.25
20240614160017,10.75
20240614161017,44.33
20240614162017,31.54
20240614163017,32.49
20240614164017,15.36
20240614165017,1.64
20240619090017,33.52
20240619091017,28.26
20240619092017,20.84
20240619093017,26.4
20240619094017,15.78
20240619095017,56.12
20240619100017,31.96
20240619101017,47.97
20240619102017,105.78
20240619103017,408.32
20240619104017,681.64
20240619105017,743.72
20240619110017,800.47
20240619111017,800.42
20240619112017,826.93
20240619113017,881.71
20240619114017,934.78
20240619115017,983.17
20240619120017,960.64
20240619121017,940.08
20240619122017,871.29
20240619123017,812.93
20240619124017,855.18
20240619125017,947.68
20240619130017,967.38
20240619131017,1009.66
20240619132017,900.54
20240619133017,822.46
20240619134017,631.55
20240619135017,519.56
20240619140017,382.2
20240619141017,279.65
20240619142017,153.13
20240619143017,103.34
20240619144017,81.29
20240619145017,72.87
20240619150017,49.97
20240619151017,34.02
20240619152017,34.26
20240619153017,9.73
20240619154017,14.64
20240619155017,15.71
20240619160017,9.3
20240619161017,8.76
20240619162017,2.22
20240619163017,4.32
20240619164017,3.24
20240619165017,0.42
20240627090017,4.94
20240627091017,3.74
20240627092017,2.42
20240627093017,3.98
20240627094017,4.61
20240627095017,2.75
20240627100017,3.55
20240627101017,3.25
20240627102017,1.35
20240627103017,1.9
20240627104017,7.71
20240627105017,11.05
20240627110017,13.13
20240627111017,14.93
20240627112017,7.39
20240627113017,6.72
20240627114017,4.77
20240627115017,9.53
20240627120017,2.29
20240627121017,4.52
20240627122017,1.11
20240627123017,1.7
20240627124017,2.69
20240627125017,3.06
20240627130017,5.5
20240627131017,7.94
20240627132017,10.92
20240627133017,19.06
20240627134017,11.52
20240627135017,16.78
20240627140017,46.48
20240627141017,28.8
20240627142017,48.23
20240627143017,38.67
20240627144017,427.42
20240627145017,328.92
20240627150017,33.39
20240627151017,16.94
20240627152017,8.7
20240627153017,12.11
20240627154017,7
20240627155017,13.22
20240627160017,5.44
20240627161017,0
=======
20240619100013,1.45
20240619101013,0.21
20240619102013,0
20240619103013,0
20240619104013,0.23
20240619105013,0
20240619110013,0.77
20240619111013,0
20240619112013,2.55
20240619113013,4.27
20240619114013,2.72
20240619115013,1.71
20240619120013,4.53
20240619121013,1.68
20240619122013,1.44
20240619123013,2.03
20240619124013,2.89
20240619125013,3.98
20240619130013,5.74
20240619131013,10.43
20240619132013,0
20240619133013,0
20240619134013,42.65
20240619135013,43.01
20240619140013,28.62
20240619141013,38.15
20240619142013,26.07
20240619143013,21.17
20240619144013,29.16
20240619145013,62.54
20240619150013,27.3
20240619151013,10.03
20240619152013,8.25
20240619153013,11.6
20240619154013,11.72
20240619155013,11.94
20240619160013,33.66
20240619161013,24.71
20240619162013,5.53
20240619163013,6.39
20240619164013,4.91
20240619165013,3.37
20240225090014,28.09
20240225091014,24.17
20240225092014,44.45
20240225093014,29.95
20240225094014,31.39
20240225095014,33.87
20240225100014,54.72
20240225101014,55.21
20240225102014,61.2
20240225103014,101.55
20240225104014,287.88
20240225105014,799.82
20240225110014,961.46
20240225111014,912.69
20240225112014,925.94
20240225113014,983.63
20240225114014,942.28
20240225115014,909.84
20240225120014,940.42
20240225121014,777.88
20240225122014,597.17
20240225123014,1185.36
20240225124014,883.96
20240225125014,856.88
20240225130014,900.78
20240225131014,962.9
20240225132014,1210.13
20240225133014,800.54
20240225134014,623.65
20240225135014,505.09
20240225140014,502.87
20240225141014,366.74
20240225142014,292.3
20240225143014,115.22
20240225144014,25.96
20240225145014,15.07
20240225150014,30.74
20240225151014,21.35
20240225152014,12.65
20240225153014,10.38
20240225154014,4.76
20240225155014,3.57
20240225160014,3.49
20240225161014,1.96
20240225162014,0
20240225163014,0
20240225164014,1.16
20240225165014,2.8
20240227090014,39.59
20240227091014,32.93
20240227092014,54.11
20240227093014,57.41
20240227094014,82.26
20240227095014,62.89
20240227100014,119.7
20240227101014,496.46
20240227102014,809.89
20240227103014,888.66
20240227104014,878.11
20240227105014,770.36
20240227110014,903.04
20240227111014,891.85
20240227112014,992.4
20240227113014,953.91
20240227114014,652.03
20240227115014,800.3
20240227120014,1091.34
20240227121014,1124.82
20240227122014,1109.36
20240227123014,1116.44
20240227124014,1043.16
20240227125014,1095.45
20240227130014,978.7
20240227131014,822.2
20240227132014,837.86
20240227133014,867.99
20240227134014,814.46
20240227135014,811.64
20240227140014,829.33
20240227141014,551.36
20240227142014,433.38
20240227143014,370.85
20240227144014,349.76
20240227145014,272.69
20240227150014,219.72
20240227151014,65.69
20240227152014,39.9
20240227153014,30.55
20240227154014,34.1
20240227155014,23.4
20240227160014,27.03
20240227161014,24.04
20240227162014,21.69
20240227163014,13.79
20240227164014,9.11
20240227165014,9.66
20240327090014,30.73
20240327091014,22.87
20240327092014,17.74
20240327093014,27.54
20240327094014,40.35
20240327095014,29.92
20240327100014,111.02
20240327101014,417.76
20240327102014,560.79
20240327103014,691.91
20240327104014,708.84
20240327105014,751.02
20240327110014,1041.95
20240327111014,1127.39
20240327112014,1188.49
20240327113014,1232.03
20240327114014,1277.65
20240327115014,1310.57
20240327120014,1272.66
20240327121014,1335.44
20240327122014,1320.63
20240327123014,1176.33
20240327124014,1044.19
20240327125014,953.78
20240327130014,835.92
20240327131014,529.99
20240327132014,387.01
20240327133014,151.8
20240327134014,103.84
20240327135014,75.2
20240327140014,81.57
20240327141014,54.1
20240327142014,48.83
20240327143014,46.62
20240327144014,30.53
20240327145014,31.07
20240327150014,28.08
20240327151014,22.79
20240327152014,21.76
20240327153014,17.59
20240327154014,16.52
20240327155014,16.55
20240327160014,14.79
20240327161014,10.9
20240327162014,13.92
20240327163014,11.16
20240327164014,11.47
20240327165014,9.02
20240417090014,25.52
20240417091014,38.76
20240417092014,46.14
20240417093014,54.71
20240417094014,58.85
20240417095014,67
20240417100014,67.06
20240417101014,47.73
20240417102014,62.44
20240417103014,68.17
20240417104014,90.7
20240417105014,100.04
20240417110014,84.5
20240417111014,78.63
20240417112014,66.47
20240417113014,59.58
20240417114014,42.08
20240417115014,87.1
20240417120014,65.2
20240417121014,114.99
20240417122014,95.98
20240417123014,48.98
20240417124014,97.43
20240417125014,127.45
20240417130014,96.67
20240417131014,25.57
20240417132014,17.23
20240417133014,16.32
20240417134014,14.09
20240417135014,18.4
20240417140014,20.64
20240417141014,18.5
20240417142014,11.01
20240417143014,5.93
20240417144014,2.91
20240417145014,0.69
20240417150014,1.77
20240417151014,0.05
20240417152014,1.43
20240417153014,1.11
20240417154014,3.54
20240417155014,2.58
20240417160014,4.83
20240417161014,3.75
20240417162014,0.46
20240417163014,0.72
20240417164014,6.34
20240417165014,8.99
20240517090014,11.8
20240517091014,7.19
20240517092014,14.24
20240517093014,11.91
20240517094014,8.9
20240517095014,12.04
20240517100014,24.55
20240517101014,50.14
20240517102014,40.55
20240517103014,39.5
20240517104014,50.91
20240517105014,38.5
20240517110014,44.73
20240517111014,38.17
20240517112014,35.31
20240517113014,43.07
20240517114014,67.57
20240517115014,46.15
20240517120014,45.34
20240517121014,33.03
20240517122014,31.43
20240517123014,18.54
20240517124014,24.09
20240517125014,29.78
20240517130014,31.43
20240517131014,27.81
20240517132014,28.79
20240517133014,19.61
20240517134014,32.04
20240517135014,34.82
20240517140014,30.17
20240517141014,35.82
20240517142014,32.66
20240517143014,29.98
20240517144014,30.84
20240517145014,28.04
20240517150014,27.42
20240517151014,27.68
20240517152014,21.32
20240517153014,22.01
20240517154014,17.55
20240517155014,12.7
20240517160014,11.6
20240517161014,6.98
20240517162014,8.05
20240517163014,13.21
20240517164014,15.52
20240517165014,13.59
20240704090014,51.1
20240704091014,47.45
20240704092014,77.66
20240704093014,112.7
20240704094014,179.63
20240704095014,372.68
20240704100014,338.46
20240704101014,576.17
20240704102014,513.41
20240704103014,478.44
20240704104014,577.34
20240704105014,707.54
20240704110014,898.42
20240704111014,744.02
20240704112014,910.39
20240704113014,1199.1
20240704114014,1085.46
20240704115014,1134.78
20240704120014,1257.54
20240704121014,1183.61
20240704122014,1189.83
20240704123014,1206.61
20240704124014,1064.79
20240704125014,1072
20240704130014,1016.02
20240704131014,971.75
20240704132014,909.86
20240704133014,922.14
20240704134014,707.65
20240704135014,509.09
20240704140014,480.3
20240704141014,260.2
20240704142014,62.47
20240704143014,33.02
20240704144014,12.5
20240704145014,25.74
20240704150014,12.21
20240704151014,12.48
20240704152014,16.15
20240704153014,15.08
20240704154014,7.29
20240704155014,7.65
20240704160014,6.85
20240704161014,6.59
20240704162014,3.1
20240704163014,4.24
20240704164014,3.51
20240704165014,2.92
20240715090014,32.48
20240715091014,10.32
20240715092014,15.67
20240715093014,41.39
20240715094014,12.05
20240715095014,25.1
20240715100014,7.69
20240715101014,4.98
20240715102014,5.7
20240715103014,18.79
20240715104014,27.31
20240715105014,21.29
20240715110014,12.46
20240715111014,66.76
20240715112014,53.27
20240715113014,52.31
20240715114014,76.24
20240715115014,78.79
20240715120014,37.99
20240715121014,26.15
20240715122014,0
20240715123014,12.08
20240715124014,9.68
20240715125014,32.24
20240715130014,29.4
20240715131014,12.19
20240715132014,33.48
20240715133014,31.74
20240715134014,26.52
20240715135014,26.25
20240715140014,19.67
20240715141014,31.92
20240715142014,51.3
20240715143014,55.85
20240715144014,45.08
20240715145014,53.35
20240715150014,73.45
20240715151014,40.29
20240715152014,26.32
20240715153014,39.14
20240715154014,48.08
20240715155014,31.3
20240715160014,24.42
20240715161014,18.33
20240715162014,12.47
20240715163014,14.64
20240715164014,11.01
20240715165014,11.91
20240215090015,37.57
20240215091015,50.87
20240215092015,65.33
20240215093015,106.2
20240215094015,111.23
20240215095015,135.66
20240215100015,128.87
20240215101015,112.66
20240215102015,64.8
20240215103015,54.15
20240215104015,46.38
20240215105015,40.46
20240215110015,10.24
20240215111015,65.02
20240215112015,55.76
20240215113015,58.16
20240215114015,58.75
20240215115015,60.29
20240215120015,65.15
20240215121015,57.64
20240215122015,46.83
20240215123015,46.36
20240215124015,43.46
20240215125015,43.47
20240215130015,28.46
20240215131015,19.11
20240215132015,17.61
20240215133015,15.89
20240215134015,21.65
20240215135015,29.04
20240215140015,38.89
20240215141015,36.93
20240215142015,35.1
20240215143015,31.85
20240215144015,29.03
20240215145015,25.11
20240215150015,15.69
20240215151015,6.24
20240215152015,5.94
20240215153015,5.37
20240215154015,8.77
20240215155015,9.72
20240215160015,6.21
20240215161015,6.34
20240215162015,4.71
20240215163015,6.87
20240215164015,5.65
20240215165015,7.6
20240218090015,52.83
20240218091015,45.64
20240218092015,45.05
20240218093015,39.86
20240218094015,45.7
20240218095015,94.99
20240218100015,76.6
20240218101015,78.36
20240218102015,126.14
20240218103015,354.2
20240218104015,209.84
20240218105015,74.24
20240218110015,133.91
20240218111015,102.29
20240218112015,49.59
20240218113015,41.78
20240218114015,85.27
20240218115015,117.65
20240218120015,228.67
20240218121015,142.37
20240218122015,148.83
20240218123015,131.23
20240218124015,218.8
20240218125015,197.46
20240218130015,291.48
20240218131015,313.55
20240218132015,270.87
20240218133015,181.15
20240218134015,196.47
20240218135015,297.52
20240218140015,230.31
20240218141015,258.47
20240218142015,173.43
20240218143015,138.69
20240218144015,115.55
20240218145015,75.84
20240218150015,67.95
20240218151015,68.54
20240218152015,49.82
20240218153015,40.61
20240218154015,43.38
20240218155015,36.51
20240218160015,39.31
20240218161015,37.8
20240218162015,33.48
20240218163015,37.94
20240218164015,25.3
20240218165015,34.86
20240314090015,198.96
20240314091015,289.12
20240314092015,325.51
20240314093015,317.26
20240314094015,442.78
20240314095015,511.3
20240314100015,659.26
20240314101015,752.28
20240314102015,844.39
20240314103015,1036.45
20240314104015,1027.45
20240314105015,1173.86
20240314110015,1247.83
20240314111015,1185.63
20240314112015,1336.38
20240314113015,1213.58
20240314114015,1171.16
20240314115015,1207.17
20240314120015,1212.67
20240314121015,1164.79
20240314122015,1035.82
20240314123015,951.4
20240314124015,982.66
20240314125015,921.64
20240314130015,930.17
20240314131015,929.02
20240314132015,1002.78
20240314133015,946.74
20240314134015,821.01
20240314135015,858.57
20240314140015,970.95
20240314141015,724.09
20240314142015,606.63
20240314143015,503.13
20240314144015,160.85
20240314145015,99.91
20240314150015,33.3
20240314151015,37.09
20240314152015,13.09
20240314153015,8.82
20240314154015,9.11
20240314155015,14.39
20240314160015,16.31
20240314161015,6.99
20240314162015,10.38
20240314163015,6.66
20240314164015,11.65
20240314165015,10.09
20240317090015,142.98
20240317091015,158.95
20240317092015,268.44
20240317093015,212.63
20240317094015,290.97
20240317095015,407.09
20240317100015,458.41
20240317101015,717.89
20240317102015,622.79
20240317103015,651.56
20240317104015,1047.83
20240317105015,1051.31
20240317110015,1248.51
20240317111015,1228.54
20240317112015,1251.72
20240317113015,1251.54
20240317114015,1252.36
20240317115015,1307.18
20240317120015,1276.95
20240317121015,1280.71
20240317122015,1324.82
20240317123015,1270.25
20240317124015,1263.02
20240317125015,1344.56
20240317130015,1406.59
20240317131015,1323.72
20240317132015,1257.58
20240317133015,1202.17
20240317134015,1218.14
20240317135015,1272.21
20240317140015,1344.43
20240317141015,1249.21
20240317142015,1116.71
20240317143015,1037.85
20240317144015,816.18
20240317145015,960.26
20240317150015,779.56
20240317151015,425.15
20240317152015,83.71
20240317153015,58.76
20240317154015,32.45
20240317155015,33.3
20240317160015,5.85
20240317161015,28.72
20240317162015,26.93
20240317163015,20.89
20240317164015,38.78
20240317165015,41.44
20240412090015,23.57
20240412091015,39.51
20240412092015,77.55
20240412093015,248.39
20240412094015,532.41
20240412095015,701.37
20240412100015,696.05
20240412101015,715.29
20240412102015,645.44
20240412103015,839.41
20240412104015,962.54
20240412105015,1040.72
20240412110015,1298.17
20240412111015,1277.39
20240412112015,1288.65
20240412113015,1284.14
20240412114015,1327.56
20240412115015,1293.43
20240412120015,1251.23
20240412121015,1410.75
20240412122015,1369.35
20240412123015,1309.12
20240412124015,1284.53
20240412125015,1237.08
20240412130015,1171.11
20240412131015,1191.91
20240412132015,1189.49
20240412133015,1182.13
20240412134015,1049.62
20240412135015,694.46
20240412140015,1026.05
20240412141015,686.11
20240412142015,476.67
20240412143015,406.58
20240412144015,402.88
20240412145015,139.75
20240412150015,85.1
20240412151015,154.58
20240412152015,82.74
20240412153015,66.06
20240412154015,97.93
20240412155015,49.88
20240412160015,44.53
20240412161015,48.61
20240412162015,72.4
20240412163015,69.83
20240412164015,40.84
20240412165015,22.1
20240518090015,50.9
20240518091015,84.91
20240518092015,117.54
20240518093015,355.73
20240518094015,266.51
20240518095015,306.53
20240518100015,413.14
20240518101015,416.09
20240518102015,429.37
20240518103015,627.35
20240518104015,820.29
20240518105015,1016.15
20240518110015,1194.48
20240518111015,1212.79
20240518112015,1199.76
20240518113015,1206.51
20240518114015,1192.06
20240518115015,1215.88
20240518120015,1267.01
20240518121015,1237.46
20240518122015,1307.2
20240518123015,1295.88
20240518124015,1326.01
20240518125015,1312.63
20240518130015,1288.89
20240518131015,1268.6
20240518132015,1201.28
20240518133015,1181.02
20240518134015,1154.53
20240518135015,1119.35
20240518140015,1147.52
20240518141015,1214.03
20240518142015,1271.86
20240518143015,1193.31
20240518144015,719.34
20240518145015,664.1
20240518150015,570.1
20240518151015,264.37
20240518152015,179.73
20240518153015,128.44
20240518154015,71.52
20240518155015,42.99
20240518160015,55.95
20240518161015,28.42
20240518162015,31.88
20240518163015,44.38
20240518164015,32.88
20240518165015,12.6
20240530090015,25.74
20240530091015,67.88
20240530092015,125.4
20240530093015,284.56
20240530094015,255.1
20240530095015,361.96
20240530100015,564.46
20240530101015,619.11
20240530102015,672.52
20240530103015,805.44
20240530104015,1084.14
20240530105015,1077.94
20240530110015,1147.16
20240530111015,1231.19
20240530112015,1231.81
20240530113015,1171.84
20240530114015,1225.27
20240530115015,1181.49
20240530120015,1235.82
20240530121015,1194.48
20240530122015,1299.51
20240530123015,1388.35
20240530124015,1429.61
20240530125015,1292.14
20240530130015,1315.07
20240530131015,1237.04
20240530132015,1219.82
20240530133015,1191.06
20240530134015,1322
20240530135015,1261.64
20240530140015,1243.71
20240530141015,1228.9
20240530142015,1238.3
20240530143015,1295.75
20240530144015,1203.11
20240530145015,1193.87
20240530150015,1127.16
20240530151015,917.15
20240530152015,592.4
20240530153015,229.89
20240530154015,260.9
20240530155015,152.38
20240530160015,121.04
20240530161015,61.81
20240530162015,67.52
20240530163015,26.47
20240530164015,80.04
20240530165015,63.72
20240605090015,40.25
20240605091015,75.8
20240605092015,51.84
20240605093015,166.05
20240605094015,350.64
20240605095015,406.09
20240605100015,452.4
20240605101015,589.22
20240605102015,661.19
20240605103015,865.65
20240605104015,1047.62
20240605105015,1110.65
20240605110015,1342.56
20240605111015,1373.2
20240605112015,1355.23
20240605113015,1301.19
20240605114015,1295.37
20240605115015,1233.22
20240605120015,1302.06
20240605121015,1232.3
20240605122015,1250.59
20240605123015,1249.25
20240605124015,1265.46
20240605125015,1250.13
20240605130015,1242.7
20240605131015,1255.12
20240605132015,1232.59
20240605133015,1058.34
20240605134015,1042.34
20240605135015,1182.9
20240605140015,1039.23
20240605141015,746.78
20240605142015,856.47
20240605143015,871.7
20240605144015,1132.46
20240605145015,731.16
20240605150015,375.92
20240605151015,281.15
20240605152015,171.61
20240605153015,168.5
20240605154015,99.64
20240605155015,104.97
20240605160015,76.75
20240605161015,55.91
20240605162015,66.52
20240605163015,66.47
20240605164015,110.46
20240605165015,67.31
20240704090015,42.86
20240704091015,41.79
20240704092015,44.2
20240704093015,40.96
20240704094015,254.25
20240704095015,256.57
20240704100015,324.77
20240704101015,403.75
20240704102015,535.49
20240704103015,662.62
20240704104015,657.22
20240704105015,743.53
20240704110015,944.18
20240704111015,948.02
20240704112015,914.46
20240704113015,1275.91
20240704114015,1170.61
20240704115015,1179.35
20240704120015,1242.79
20240704121015,1236.61
20240704122015,1351.28
20240704123015,1291.37
20240704124015,1302.17
20240704125015,1262.51
20240704130015,1047.57
20240704131015,1070.22
20240704132015,1251.74
20240704133015,1203.42
20240704134015,1235.7
20240704135015,1229.39
20240704140015,1133.16
20240704141015,804.4
20240704142015,688.92
20240704143015,577.94
20240704144015,226.64
20240704145015,82.53
20240704150015,78.26
20240704151015,50.99
20240704152015,28.88
20240704153015,8.25
20240704154015,5.09
20240704155015,1.62
20240704160015,3.9
20240704161015,1.41
20240704162015,5.07
20240704163015,6.19
20240704164015,7.05
20240704165015,5.18
20240316090016,28.24
20240316091016,16.77
20240316092016,29.11
20240316093016,70.35
20240316094016,179.55
20240316095016,277.3
20240316100016,413.75
20240316101016,429.14
20240316102016,518.92
20240316103016,555.48
20240316104016,629.61
20240316105016,908.5
20240316110016,1161.25
20240316111016,1148.54
20240316112016,1122.84
20240316113016,1048.34
20240316114016,926.29
20240316115016,905.2
20240316120016,977.72
20240316121016,839.54
20240316122016,795.55
20240316123016,1001.57
20240316124016,999.33
20240316125016,911.21
20240316130016,771.92
20240316131016,330.61
20240316132016,452.72
20240316133016,681.06
20240316134016,303.67
20240316135016,239.01
20240316140016,152.77
20240316141016,118.78
20240316142016,87.16
20240316143016,76.87
20240316144016,239.85
20240316145016,61.66
20240316150016,53.48
20240316151016,32.47
20240316152016,25.52
20240316153016,20.23
20240316154016,24.49
20240316155016,30.54
20240316160016,19.44
20240316161016,20.86
20240316162016,33.63
20240316163016,27.89
20240316164016,13.6
20240316165016,4.58
20240322090016,22.68
20240322091016,47.7
20240322092016,57.2
20240322093016,35.47
20240322094016,11.8
20240322095016,15.9
20240322100016,43.73
20240322101016,85.5
20240322102016,117.37
20240322103016,123.61
20240322104016,136.02
20240322105016,184.77
20240322110016,414.46
20240322111016,417.49
20240322112016,381.16
20240322113016,366.61
20240322114016,405.63
20240322115016,495.32
20240322120016,497.28
20240322121016,164.87
20240322122016,272.04
20240322123016,151.79
20240322124016,140.35
20240322125016,145.17
20240322130016,154.33
20240322131016,79.12
20240322132016,51.74
20240322133016,48.64
20240322134016,47.72
20240322135016,21.74
20240322140016,38.12
20240322141016,34.67
20240322142016,26.09
20240322143016,17.79
20240322144016,21.54
20240322145016,6.37
20240322150016,0
20240322151016,2.79
20240322152016,0
20240322153016,1.4
20240322154016,3.25
20240322155016,0.1
20240322160016,0.24
20240322161016,15.41
20240322162016,7.55
20240322163016,3.57
20240322164016,6.09
20240322165016,0
20240414090016,9.5
20240414091016,13.91
20240414092016,13
20240414093016,12.21
20240414094016,27.52
20240414095016,27.82
20240414100016,42.62
20240414101016,92.87
20240414102016,104.41
20240414103016,449.06
20240414104016,469.73
20240414105016,414.12
20240414110016,558.68
20240414111016,185.04
20240414112016,140.78
20240414113016,119.81
20240414114016,183.32
20240414115016,193.94
20240414120016,217.53
20240414121016,227.58
20240414122016,215.61
20240414123016,204.2
20240414124016,164.26
20240414125016,166.39
20240414130016,148.96
20240414131016,48.61
20240414132016,33.71
20240414133016,18.03
20240414134016,12.26
20240414135016,17.91
20240414140016,22.77
20240414141016,18.82
20240414142016,9.97
20240414143016,4.08
20240414144016,3.69
20240414145016,3.27
20240414150016,4.22
20240414151016,3.11
20240414152016,4.55
20240414153016,2.57
20240414154016,1.47
20240414155016,3.05
20240414160016,6.95
20240414161016,1.86
20240414162016,3.2
20240414163016,2.74
20240414164016,2.01
20240414165016,1.08
20240422090016,62.06
20240422091016,62
20240422092016,64.02
20240422093016,61.5
20240422094016,97.34
20240422095016,98.07
20240422100016,121.92
20240422101016,401.86
20240422102016,174.04
20240422103016,153.51
20240422104016,179.94
20240422105016,329.19
20240422110016,418.61
20240422111016,472.81
20240422112016,592.63
20240422113016,572.1
20240422114016,587.17
20240422115016,579.1
20240422120016,682.35
20240422121016,599.28
20240422122016,540.21
20240422123016,551.53
20240422124016,449.63
20240422125016,309.29
20240422130016,297.09
20240422131016,291.84
20240422132016,343.83
20240422133016,283.08
20240422134016,270.2
20240422135016,205.48
20240422140016,74.7
20240422141016,43.35
20240422142016,26.37
20240422143016,27.3
20240422144016,19.89
20240422145016,16.97
20240422150016,11.31
20240422151016,22.73
20240422152016,9.48
20240422153016,11.34
20240422154016,15.8
20240422155016,6.03
20240422160016,7.61
20240422161016,11.28
20240422162016,12.36
20240422163016,6.46
20240422164016,6.14
20240422165016,2.72
20240513090016,34.72
20240513091016,29.85
20240513092016,35.37
20240513093016,31
20240513094016,50.93
20240513095016,57.83
20240513100016,69.44
20240513101016,54.32
20240513102016,58.23
20240513103016,52.98
20240513104016,63.84
20240513105016,50.72
20240513110016,48.32
20240513111016,35.45
20240513112016,36.91
20240513113016,40.9
20240513114016,43.12
20240513115016,32.44
20240513120016,20.03
20240513121016,25.39
20240513122016,25.69
20240513123016,28.11
20240513124016,23.14
20240513125016,11.65
20240513130016,34.73
20240513131016,38.81
20240513132016,34.56
20240513133016,29.7
20240513134016,18.67
20240513135016,22.18
20240513140016,13.71
20240513141016,32.38
20240513142016,19.29
20240513143016,31.02
20240513144016,18.76
20240513145016,18.06
20240513150016,10.67
20240513151016,3.23
20240513152016,6.81
20240513153016,2.36
20240513154016,8.18
20240513155016,10.15
20240513160016,7.36
20240513161016,6.89
20240513162016,10.52
20240513163016,8.65
20240513164016,12
20240513165016,6.4
20240517090016,36.67
20240517091016,70.85
20240517092016,45.13
20240517093016,65.93
20240517094016,93.84
20240517095016,272.34
20240517100016,641.41
20240517101016,792.68
20240517102016,798.79
20240517103016,527.58
20240517104016,840.77
20240517105016,773.08
20240517110016,527.74
20240517111016,461.36
20240517112016,309.6
20240517113016,143.09
20240517114016,243.52
20240517115016,257.52
20240517120016,365.25
20240517121016,337.55
20240517122016,277.2
20240517123016,231.16
20240517124016,210.24
20240517125016,173.69
20240517130016,178.5
20240517131016,139.42
20240517132016,94.14
20240517133016,110.87
20240517134016,97.86
20240517135016,42.05
20240517140016,12.17
20240517141016,13.9
20240517142016,10.1
20240517143016,5.6
20240517144016,5.14
20240517145016,1.44
20240517150016,2.1
20240517151016,1.25
20240517152016,2.13
20240517153016,1.74
20240517154016,2.15
20240517155016,5.2
20240517160016,1.92
20240517161016,0
20240517162016,1.71
20240517163016,1
20240517164016,0.15
20240517165016,0.55
20240519090016,109.97
20240519091016,87.77
20240519092016,115.39
20240519093016,147.02
20240519094016,163.35
20240519095016,325.51
20240519100016,551.21
20240519101016,610.19
20240519102016,674.24
20240519103016,736.45
20240519104016,876.63
20240519105016,969.65
20240519110016,1064.18
20240519111016,1322.38
20240519112016,1303.98
20240519113016,1328.03
20240519114016,1318.08
20240519115016,1287.42
20240519120016,1313.43
20240519121016,1304.79
20240519122016,1297.72
20240519123016,1286.82
20240519124016,1319.23
20240519125016,1328.22
20240519130016,1347.76
20240519131016,1268.42
20240519132016,1326.67
20240519133016,1252.56
20240519134016,1138.08
20240519135016,1079.31
20240519140016,1050.34
20240519141016,1069.72
20240519142016,1037.61
20240519143016,686.78
20240519144016,334.84
20240519145016,127.77
20240519150016,103.64
20240519151016,82.45
20240519152016,104.97
20240519153016,98.68
20240519154016,105.69
20240519155016,51.39
20240519160016,55.09
20240519161016,69.27
20240519162016,36.72
20240519163016,60.61
20240519164016,48.91
20240519165016,49.69
20240608090016,4.31
20240608091016,5.78
20240608092016,15.45
20240608093016,22.78
20240608094016,34.55
20240608095016,44.28
20240608100016,62.51
20240608101016,385.94
20240608102016,355.74
20240608103016,411.64
20240608104016,130.61
20240608105016,196.06
20240608110016,673.98
20240608111016,336.78
20240608112016,299.39
20240608113016,301.8
20240608114016,328.4
20240608115016,281.73
20240608120016,294.56
20240608121016,102.67
20240608122016,65.62
20240608123016,3.41
20240608124016,3.03
20240608125016,3.58
20240608130016,2.94
20240608131016,4.2
20240608132016,0.41
20240608133016,2.01
20240608134016,0.62
20240608135016,1.52
20240608140016,1.47
20240608141016,0
20240608142016,0
20240608143016,6.82
20240608144016,10.12
20240608145016,9.68
20240608150016,11.62
20240608151016,4.6
20240608152016,3
20240608153016,0.49
20240608154016,0.4
20240608155016,0
20240608160016,1.57
20240608161016,0.42
20240608162016,0
20240608163016,1.16
20240608164016,0
20240608165016,4.39
20240629090016,30.68
20240629091016,19.92
20240629092016,17.1
20240629093016,23.57
20240629094016,21.26
20240629095016,27.66
20240629100016,40.37
20240629101016,205.8
20240629102016,339.88
20240629103016,596.01
20240629104016,685.4
20240629105016,819.36
20240629110016,976.68
20240629111016,990.51
20240629112016,785.95
20240629113016,695.21
20240629114016,732.35
20240629115016,840.81
20240629120016,993.46
20240629121016,738.77
20240629122016,589.69
20240629123016,558.97
20240629124016,476.84
20240629125016,435.73
20240629130016,342.55
20240629131016,304.78
20240629132016,143.16
20240629133016,111.97
20240629134016,50.46
20240629135016,41.71
20240629140016,42.1
20240629141016,41.42
20240629142016,17.75
20240629143016,11.51
20240629144016,10.71
20240629145016,14.69
20240629150016,6.05
20240629151016,0
20240629152016,0.84
20240629153016,0
20240629154016,0
20240629155016,1.22
20240629160016,0
20240629161016,0.82
20240629162016,1.56
20240629163016,5.45
20240629164016,7.46
20240629165016,6.15
20240123090017,30.73
20240123091017,22.87
20240123092017,17.74
20240123093017,27.54
20240123094017,40.35
20240123095017,29.92
20240123100017,111.02
20240123101017,417.76
20240123102017,560.79
20240123103017,691.91
20240123104017,708.84
20240123105017,751.02
20240123110017,1041.95
20240123111017,1127.39
20240123112017,1188.49
20240123113017,1232.03
20240123114017,1277.65
20240123115017,1310.57
20240123120017,1272.66
20240123121017,1335.44
20240123122017,1320.63
20240123123017,1176.33
20240123124017,1044.19
20240123125017,953.78
20240123130017,835.92
20240123131017,529.99
20240123132017,387.01
20240123133017,151.8
20240123134017,103.84
20240123135017,75.2
20240123140017,81.57
20240123141017,54.1
20240123142017,48.83
20240123143017,46.62
20240123144017,30.53
20240123145017,31.07
20240123150017,28.08
20240123151017,22.79
20240123152017,21.76
20240123153017,17.59
20240123154017,16.52
20240123155017,16.55
20240123160017,14.79
20240123161017,10.9
20240123162017,13.92
20240123163017,11.16
20240123164017,11.47
20240123165017,9.02
20240129090017,30.56
20240129091017,25.69
20240129092017,31.21
20240129093017,26.81
20240129094017,46.61
20240129095017,53.57
20240129100017,65.18
20240129101017,51.45
20240129102017,54.74
20240129103017,50.11
20240129104017,58.45
20240129105017,45.32
20240129110017,42.92
20240129111017,31.7
20240129112017,31.52
20240129113017,35.51
20240129114017,37.72
20240129115017,27.04
20240129120017,18.19
20240129121017,25.19
20240129122017,23.85
20240129123017,27.92
20240129124017,21.3
20240129125017,9.81
20240129130017,32.89
20240129131017,36.97
20240129132017,32.72
20240129133017,27.85
20240129134017,18.47
20240129135017,21.58
20240129140017,13.08
20240129141017,31.78
20240129142017,18.68
20240129143017,30.59
20240129144017,18.33
20240129145017,17.63
20240129150017,10.65
20240129151017,2.76
20240129152017,6.38
20240129153017,1.9
20240129154017,7.72
20240129155017,9.72
20240129160017,6.93
20240129161017,6.46
20240129162017,10.09
20240129163017,8.23
20240129164017,11.57
20240129165017,5.97
20240215090017,6.87
20240215091017,9.94
20240215092017,13.04
20240215093017,11.35
20240215094017,13.74
20240215095017,20.05
20240215100017,33.66
20240215101017,46.93
20240215102017,81.35
20240215103017,79.32
20240215104017,101.2
20240215105017,129.43
20240215110017,193.17
20240215111017,207.31
20240215112017,750.95
20240215113017,290.16
20240215114017,284.58
20240215115017,302.36
20240215120017,359.83
20240215121017,311.17
20240215122017,274.79
20240215123017,274.73
20240215124017,279.82
20240215125017,214.27
20240215130017,181.36
20240215131017,147.36
20240215132017,126.63
20240215133017,113.11
20240215134017,48.76
20240215135017,27.22
20240215140017,23.31
20240215141017,31.76
20240215142017,24.94
20240215143017,10.9
20240215144017,14.3
20240215145017,10.33
20240215150017,8.29
20240215151017,7.21
20240215152017,7.32
20240215153017,6.25
20240215154017,12.48
20240215155017,4.79
20240215160017,8.82
20240215161017,6.66
20240215162017,3.91
20240215163017,4.7
20240215164017,7.48
20240215165017,8.94
20240218090017,198.96
20240218091017,289.12
20240218092017,325.51
20240218093017,317.26
20240218094017,442.78
20240218095017,511.3
20240218100017,659.26
20240218101017,752.28
20240218102017,844.39
20240218103017,1036.45
20240218104017,1027.45
20240218105017,1173.86
20240218110017,1247.83
20240218111017,1185.63
20240218112017,1336.38
20240218113017,1213.58
20240218114017,1171.16
20240218115017,1207.17
20240218120017,1212.67
20240218121017,1164.79
20240218122017,1035.82
20240218123017,951.4
20240218124017,982.66
20240218125017,921.64
20240218130017,930.17
20240218131017,929.02
20240218132017,1002.78
20240218133017,946.74
20240218134017,821.01
20240218135017,858.57
20240218140017,970.95
20240218141017,724.09
20240218142017,606.63
20240218143017,503.13
20240218144017,160.85
20240218145017,99.91
20240218150017,33.3
20240218151017,37.09
20240218152017,13.09
20240218153017,8.82
20240218154017,9.11
20240218155017,14.39
20240218160017,16.31
20240218161017,6.99
20240218162017,10.38
20240218163017,6.66
20240218164017,11.65
20240218165017,10.09
20240305090017,56.46
20240305091017,59.69
20240305092017,58.7
20240305093017,103.24
20240305094017,561.59
20240305095017,680.59
20240305100017,498.7
20240305101017,693.32
20240305102017,847.94
20240305103017,826.54
20240305104017,954.61
20240305105017,1026.45
20240305110017,1064.99
20240305111017,995.82
20240305112017,1059.73
20240305113017,918.19
20240305114017,877.39
20240305115017,881.93
20240305120017,874.5
20240305121017,886.77
20240305122017,846.41
20240305123017,866.93
20240305124017,858.32
20240305125017,932.97
20240305130017,1099.1
20240305131017,1111.61
20240305132017,934.53
20240305133017,954.78
20240305134017,932.97
20240305135017,984.09
20240305140017,887.82
20240305141017,784.58
20240305142017,723.36
20240305143017,813.22
20240305144017,791.91
20240305145017,798.22
20240305150017,687.66
20240305151017,148.34
20240305152017,83.35
20240305153017,65.82
20240305154017,71.13
20240305155017,55.28
20240305160017,47.6
20240305161017,25.55
20240305162017,24.93
20240305163017,18.02
20240305164017,28.41
20240305165017,21.47
20240309090017,66.2
20240309091017,46.67
20240309092017,142.76
20240309093017,290.83
20240309094017,440.92
20240309095017,554.5
20240309100017,500.79
20240309101017,469.44
20240309102017,595.15
20240309103017,789.43
20240309104017,1030.12
20240309105017,1017.76
20240309110017,1141.97
20240309111017,1176.91
20240309112017,1205.23
20240309113017,1198.7
20240309114017,1197.49
20240309115017,994.86
20240309120017,1129.01
20240309121017,1201.35
20240309122017,1344.04
20240309123017,1451.33
20240309124017,1468.08
20240309125017,1446.84
20240309130017,1382.05
20240309131017,1419.26
20240309132017,1492.75
20240309133017,1516.81
20240309134017,1383.71
20240309135017,1324.57
20240309140017,1359.35
20240309141017,1357.23
20240309142017,1013.52
20240309143017,1023.81
20240309144017,1161.34
20240309145017,739.59
20240309150017,790.94
20240309151017,620.63
20240309152017,427.69
20240309153017,227.86
20240309154017,77.85
20240309155017,54.95
20240309160017,52.72
20240309161017,32.68
20240309162017,38.91
20240309163017,32.49
20240309164017,35.47
20240309165017,34.19
20240311090017,66.86
20240311091017,50.68
20240311092017,39.08
20240311093017,87.59
20240311094017,89.92
20240311095017,248.58
20240311100017,448.26
20240311101017,467.91
20240311102017,549.49
20240311103017,561.49
20240311104017,878.95
20240311105017,874.82
20240311110017,1135.38
20240311111017,1280.05
20240311112017,1135.17
20240311113017,1404.85
20240311114017,1364.09
20240311115017,1361.13
20240311120017,1324.77
20240311121017,1313.26
20240311122017,1270.62
20240311123017,1282.46
20240311124017,1243.38
20240311125017,1235.32
20240311130017,1249.46
20240311131017,1227.3
20240311132017,1161.63
20240311133017,1125.73
20240311134017,908.78
20240311135017,966.86
20240311140017,986.73
20240311141017,832.74
20240311142017,632
20240311143017,472.79
20240311144017,348.97
20240311145017,102.54
20240311150017,40.45
20240311151017,62.36
20240311152017,60.63
20240311153017,53.13
20240311154017,63.04
20240311155017,26.01
20240311160017,21.26
20240311161017,11
20240311162017,0.1
20240311163017,4.12
20240311164017,6.66
20240311165017,3.95
20240403090017,58.46
20240403091017,49.72
20240403092017,56.19
20240403093017,82.34
20240403094017,217.1
20240403095017,514.64
20240403100017,387.59
20240403101017,418.27
20240403102017,472.62
20240403103017,699.34
20240403104017,747.71
20240403105017,795.85
20240403110017,1103.7
20240403111017,1089.56
20240403112017,1053.34
20240403113017,1007.68
20240403114017,956.45
20240403115017,980.77
20240403120017,973.93
20240403121017,1033.67
20240403122017,1040.97
20240403123017,1184.53
20240403124017,1174.29
20240403125017,1123.97
20240403130017,1075.57
20240403131017,1108.9
20240403132017,1106.56
20240403133017,731.79
20240403134017,594.6
20240403135017,598.06
20240403140017,646.42
20240403141017,624.57
20240403142017,531.38
20240403143017,281.5
20240403144017,82.06
20240403145017,85.17
20240403150017,41.29
20240403151017,8.22
20240403152017,4.17
20240403153017,7.88
20240403154017,4.58
20240403155017,0.67
20240403160017,0.6
20240403161017,0.55
20240403162017,0
20240403163017,0
20240403164017,0
20240403165017,0.64
20240507090017,88.38
20240507091017,78.23
20240507092017,59.99
20240507093017,45.55
20240507094017,85.63
20240507095017,63.63
20240507100017,43.48
20240507101017,47.57
20240507102017,51.51
20240507103017,57.61
20240507104017,71.94
20240507105017,51.5
20240507110017,31.83
20240507111017,15.52
20240507112017,14.61
20240507113017,61.47
20240507114017,66.04
20240507115017,40.69
20240507120017,137.75
20240507121017,688.18
20240507122017,1431.96
20240507123017,964.02
20240507124017,86.46
20240507125017,872.44
20240507130017,208.25
20240507131017,147.32
20240507132017,146.84
20240507133017,135.13
20240507134017,81.62
20240507135017,51
20240507140017,20.76
20240507141017,17.54
20240507142017,3.92
20240507143017,5.79
20240507144017,13.64
20240507145017,3.5
20240507150017,3.12
20240507151017,5.33
20240507152017,4.08
20240507153017,1.61
20240507154017,1.17
20240507155017,0.05
20240507160017,0.1
20240507161017,0.31
20240507162017,0.95
20240507163017,0.37
20240507164017,0.2
20240507165017,0
20240528090017,38.46
20240528091017,35.42
20240528092017,53.57
20240528093017,63.31
20240528094017,60.94
20240528095017,80.07
20240528100017,39.09
20240528101017,36.79
20240528102017,47.13
20240528103017,110.16
20240528104017,116.56
20240528105017,101.06
20240528110017,79.46
20240528111017,80.74
20240528112017,63.06
20240528113017,125.18
20240528114017,133.96
20240528115017,134.13
20240528120017,108.89
20240528121017,101.03
20240528122017,116.36
20240528123017,94.69
20240528124017,143.88
20240528125017,123.95
20240528130017,97.65
20240528131017,86.66
20240528132017,71.51
20240528133017,65.61
20240528134017,69.62
20240528135017,77.24
20240528140017,70.49
20240528141017,52.76
20240528142017,32.47
20240528143017,20.33
20240528144017,3.25
20240528145017,14.06
20240528150017,20.91
20240528151017,16.25
20240528152017,15.83
20240528153017,14.36
20240528154017,19.21
20240528155017,19.02
20240528160017,18.06
20240528161017,14.99
20240528162017,13.96
20240528163017,17.54
20240528164017,18.02
20240528165017,7.51
20240614090017,7.13
20240614091017,11.32
20240614092017,17.02
20240614093017,72.65
20240614094017,98.47
20240614095017,65.49
20240614100017,52.96
20240614101017,41.27
20240614102017,71.41
20240614103017,170.8
20240614104017,376.89
20240614105017,575.77
20240614110017,629.18
20240614111017,722.76
20240614112017,701.19
20240614113017,747.2
20240614114017,765.82
20240614115017,852.28
20240614120017,1072.21
20240614121017,1061.56
20240614122017,1079.06
20240614123017,1088.31
20240614124017,1066.34
20240614125017,1067.52
20240614130017,1100.88
20240614131017,858.8
20240614132017,805.12
20240614133017,858.94
20240614134017,772.57
20240614135017,723.37
20240614140017,666.37
20240614141017,573.85
20240614142017,522.82
20240614143017,410.53
20240614144017,163.82
20240614145017,62.44
20240614150017,56.17
20240614151017,48.71
20240614152017,46.77
20240614153017,42.72
20240614154017,44.3
20240614155017,41.2
20240614160017,21.74
20240614161017,29.55
20240614162017,24.31
20240614163017,38.68
20240614164017,17.1
20240614165017,1.09
20240619090017,22.34
20240619091017,20.39
20240619092017,13.89
20240619093017,18.36
20240619094017,10.52
20240619095017,60.88
20240619100017,54.13
20240619101017,104.39
20240619102017,215.75
20240619103017,449.59
20240619104017,713.38
20240619105017,761.45
20240619110017,816.23
20240619111017,864.99
20240619112017,889.43
20240619113017,961.64
20240619114017,953.04
20240619115017,1067.26
20240619120017,1095.05
20240619121017,1079.73
20240619122017,1052.51
20240619123017,971.45
20240619124017,1007.53
20240619125017,1070.55
20240619130017,1081.38
20240619131017,1100.15
20240619132017,934.66
20240619133017,850.38
20240619134017,687.82
20240619135017,573.47
20240619140017,367.39
20240619141017,268.24
20240619142017,170.07
20240619143017,108.62
20240619144017,67.24
20240619145017,62.09
20240619150017,46.64
20240619151017,41.95
20240619152017,42.27
20240619153017,22.31
20240619154017,20.24
20240619155017,18.24
20240619160017,18.46
20240619161017,8.09
20240619162017,11.39
20240619163017,20.18
20240619164017,16.07
20240619165017,12.08
20240627090017,3.3
20240627091017,2.5
20240627092017,1.61
20240627093017,2.65
20240627094017,3.07
20240627095017,1.83
20240627100017,2.37
20240627101017,2.17
20240627102017,0.9
20240627103017,1.26
20240627104017,5.14
20240627105017,7.37
20240627110017,8.75
20240627111017,9.95
20240627112017,4.93
20240627113017,4.48
20240627114017,3.18
20240627115017,6.35
20240627120017,1.52
20240627121017,3.01
20240627122017,0.74
20240627123017,1.13
20240627124017,1.8
20240627125017,2.04
20240627130017,3.66
20240627131017,5.29
20240627132017,7.28
20240627133017,12.7
20240627134017,7.68
20240627135017,11.19
20240627140017,37.57
20240627141017,28.57
20240627142017,43.04
20240627143017,39.61
20240627144017,377.18
20240627145017,269.29
20240627150017,30.07
20240627151017,18.52
20240627152017,9.41
20240627153017,8.07
20240627154017,4.66
20240627155017,8.81
20240627160017,4.57
20240627161017,2.05
>>>>>>> 5ad4edb873be4b2ff7e7d0a953e88f6c741dee3f
20240627162017,0
20240627163017,0
20240627164017,0
20240627165017,0
<<<<<<< HEAD
20240629090017,42.14
20240629091017,35.37
20240629092017,47
20240629093017,42.92
20240629094017,47.08
20240629095017,50.81
20240629100017,79.38
20240629101017,82.82
20240629102017,48.44
20240629103017,115.98
20240629104017,291.47
20240629105017,876.88
20240629110017,989.66
20240629111017,892.22
20240629112017,913.45
20240629113017,963.38
20240629114017,915.4
20240629115017,916.24
20240629120017,948.88
20240629121017,660.05
20240629122017,523.59
20240629123017,1239.18
20240629124017,955.06
20240629125017,942.76
20240629130017,995.51
20240629131017,1039.61
20240629132017,1231.92
20240629133017,645.88
20240629134017,534.14
20240629135017,441.18
20240629140017,463.96
20240629141017,330.66
20240629142017,294.26
20240629143017,62.56
20240629144017,33.59
20240629145017,22.6
20240629150017,46.11
20240629151017,24.74
20240629152017,18.97
20240629153017,15.57
20240629154017,7.14
20240629155017,5.36
20240629160017,5.24
20240629161017,2.94
20240629162017,0
20240629163017,0
20240629164017,1.74
20240629165017,4.2
20240704090017,11.36
20240704091017,51.87
20240704092017,47.61
20240704093017,527.3
20240704094017,137.42
20240704095017,681.58
20240704100017,667.76
20240704101017,865.71
20240704102017,795.38
20240704103017,706.73
20240704104017,708.76
20240704105017,769.1
20240704110017,1267.08
20240704111017,1322.64
20240704112017,1300.93
20240704113017,1154.09
20240704114017,1352.28
20240704115017,1222.65
20240704120017,1294.99
20240704121017,1284.76
20240704122017,915.19
20240704123017,497.98
20240704124017,507.21
20240704125017,854.05
20240704130017,713.33
20240704131017,230
20240704132017,156.02
20240704133017,150.46
20240704134017,69.33
20240704135017,31.19
20240704140017,16.99
20240704141017,22.32
20240704142017,17.26
20240704143017,18.59
20240704144017,0
20240704145017,27.45
20240704150017,13.74
20240704151017,32.11
20240704152017,432.4
20240704153017,14.68
20240704154017,23.75
20240704155017,0
20240704160017,29.12
20240704161017,17.53
20240704162017,1.14
20240704163017,4.31
20240704164017,7.55
20240704165017,5.34
20240706090017,31.86
20240706091017,12.43
20240706092017,11.03
20240706093017,14.75
20240706094017,44.23
20240706095017,10.53
20240706100017,49.97
20240706101017,422.02
20240706102017,608.52
20240706103017,717.76
20240706104017,673.78
20240706105017,679.58
20240706110017,1060.95
20240706111017,1174.82
20240706112017,1219.91
20240706113017,1230.49
20240706114017,1251.38
20240706115017,1295.38
20240706120017,1272.38
20240706121017,1335.95
20240706122017,1311.43
20240706123017,1181.67
20240706124017,1047.36
20240706125017,1000.71
20240706130017,838.19
20240706131017,427.47
20240706132017,276.92
20240706133017,93.87
20240706134017,83.67
20240706135017,57.14
20240706140017,70.63
20240706141017,45.48
20240706142017,39.02
20240706143017,50.94
20240706144017,28.21
20240706145017,15.94
20240706150017,16.93
20240706151017,9.46
20240706152017,8.52
20240706153017,7
20240706154017,5.32
20240706155017,6.66
20240706160017,5.94
20240706161017,5
20240706162017,4.12
20240706163017,0.1
20240706164017,2.22
20240706165017,3.55
20240328090008,253.44
20240328091008,368.04
20240328092008,367.06
20240328093008,334.28
20240328094008,513.68
20240328095008,597.94
20240328100008,759.8
20240328101008,811.76
20240328102008,930.31
20240328103008,1048.29
20240328104008,1028.31
20240328105008,1189.61
20240328110008,1300.49
20240328111008,1184.87
20240328112008,1315.34
20240328113008,1254.12
20240328114008,1159.78
20240328115008,1213.92
20240328120008,1180.02
20240328121008,1154.24
20240328122008,1064.57
20240328123008,960.34
20240328124008,983.85
20240328125008,930.5
20240328130008,939.64
20240328131008,973.26
20240328132008,1069.44
20240328133008,965.8
20240328134008,912.89
20240328135008,956
20240328140008,1097.62
20240328141008,833.31
20240328142008,699.38
20240328143008,559.73
20240328144008,152.86
20240328145008,110.37
20240328150008,21.7
20240328151008,31.92
20240328152008,6.28
20240328153008,5.54
20240328154008,3.2
20240328155008,12.41
20240328160008,12.47
20240328161008,8.35
20240328162008,12.31
20240328163008,9.99
20240328164008,12.84
20240328165008,9.57
20240508090008,14.04
20240508091008,4.44
20240508092008,4.15
20240508093008,1.65
20240508094008,7.57
20240508095008,5.36
20240508100008,1.43
20240508101008,1.24
20240508102008,4.58
20240508103008,4.11
20240508104008,2.66
20240508105008,1.24
20240508110008,0
20240508111008,0.99
20240508112008,0.64
20240508113008,0
20240508114008,6.67
20240508115008,0
20240508120008,34.4
20240508121008,19.17
20240508122008,6.62
20240508123008,9.68
20240508124008,14.05
20240508125008,16.44
20240508130008,14.54
20240508131008,4.46
20240508132008,7
20240508133008,11.33
20240508134008,8.33
20240508135008,3.75
20240508140008,15.3
20240508141008,1.31
20240508142008,4.06
20240508143008,5.98
20240508144008,2.9
20240508145008,0
20240508150008,3.2
20240508151008,8.57
20240508152008,8.74
20240508153008,5.92
20240508154008,12.89
20240508155008,2.33
20240508160008,2.22
20240508161008,0.81
20240508162008,15.35
20240508163008,5.76
20240508164008,3.43
20240508165008,11.46
20240521090008,9.82
20240521091008,11.95
20240521092008,6.54
20240521093008,18.08
20240521094008,19.94
20240521095008,14.84
20240521100008,15.1
20240521101008,14.51
20240521102008,10.49
20240521103008,3.84
20240521104008,0.29
20240521105008,0
20240521110008,8.35
20240521111008,8.72
20240521112008,11.26
20240521113008,17.69
20240521114008,24.07
20240521115008,22.32
20240521120008,20.41
20240521121008,7.16
20240521122008,6.38
20240521123008,5.14
20240521124008,7.38
20240521125008,6.16
20240521130008,4.41
20240521131008,1.85
20240521132008,3.8
20240521133008,4.6
20240521134008,1.37
20240521135008,0
20240521140008,1.7
20240521141008,0
20240521142008,0.74
20240521143008,1.02
20240521144008,0
20240521145008,2.1
20240521150008,2.22
20240521151008,7.81
20240521152008,1.78
20240521153008,10.85
20240521154008,6.39
20240521155008,1.36
20240521160008,2.76
20240521161008,0
20240521162008,0
20240521163008,0
20240521164008,0.14
20240521165008,0.04
20240618090008,14.25
20240618091008,20.87
20240618092008,19.5
20240618093008,18.32
20240618094008,32.08
20240618095008,40.88
20240618100008,46.75
20240618101008,99.52
20240618102008,114.7
20240618103008,510.59
20240618104008,538.56
20240618105008,416.06
20240618110008,567.38
20240618111008,172.42
20240618112008,123.5
20240618113008,113.88
20240618114008,169.48
20240618115008,173.96
20240618120008,195.2
20240618121008,221.3
20240618122008,201.68
20240618123008,182.96
20240618124008,139.13
20240618125008,144.41
20240618130008,135.46
20240618131008,35.42
20240618132008,29.63
20240618133008,27.04
20240618134008,18.4
20240618135008,26.86
20240618140008,34.15
20240618141008,28.23
20240618142008,14.95
20240618143008,6.12
20240618144008,5.53
20240618145008,4.9
20240618150008,6.33
20240618151008,4.67
20240618152008,6.82
20240618153008,3.85
20240618154008,2.2
20240618155008,4.58
20240618160008,10.43
20240618161008,2.79
20240618162008,4.8
20240618163008,4.11
20240618164008,3.02
20240618165008,1.61
20240630090008,34.75
20240630091008,44.47
20240630092008,72.6
20240630093008,110.46
20240630094008,113.33
20240630095008,325.88
20240630100008,806.66
20240630101008,751.09
20240630102008,922.81
20240630103008,948.08
20240630104008,906.84
20240630105008,996.75
20240630110008,1256.49
20240630111008,1296.4
20240630112008,1188.15
20240630113008,1096.1
20240630114008,1082.53
20240630115008,1150.68
20240630120008,1198.32
20240630121008,1138.11
20240630122008,1401.3
20240630123008,1393.45
20240630124008,1407.28
20240630125008,1514.78
20240630130008,1566.24
20240630131008,1492.38
20240630132008,1423.9
20240630133008,1407.1
20240630134008,1444.87
20240630135008,1330.89
20240630140008,1259.69
20240630141008,828.29
20240630142008,535.36
20240630143008,274.3
20240630144008,117.83
20240630145008,155.61
20240630150008,113.48
20240630151008,55.61
20240630152008,50.02
20240630153008,13.85
20240630154008,42.94
20240630155008,35.28
20240630160008,14.29
20240630161008,33.44
20240630162008,20.51
20240630163008,5.2
20240630164008,15.39
20240630165008,13.34
20240702090008,124.21
20240702091008,482.62
20240702092008,437.21
20240702093008,543.55
20240702094008,503.66
20240702095008,692.88
20240702100008,655.11
20240702101008,654.88
20240702102008,252.06
20240702103008,41.42
20240702104008,78.19
20240702105008,132.6
20240702110008,144.08
20240702111008,499.14
20240702112008,189.18
20240702113008,183.07
20240702114008,166.6
20240702115008,175.1
20240702120008,111.73
20240702121008,103.65
20240702122008,80.4
20240702123008,22.2
20240702124008,27.27
20240702125008,8.74
20240702130008,17.87
20240702131008,8.03
20240702132008,7.58
20240702133008,7.64
20240702134008,18.09
20240702135008,23.31
20240702140008,35.88
20240702141008,39.22
20240702142008,33.11
20240702143008,13.64
20240702144008,5.08
20240702145008,3.08
20240702150008,3.49
20240702151008,2.2
20240702152008,4.37
20240702153008,5.88
20240702154008,11.33
20240702155008,15.95
20240702160008,14.95
20240702161008,15.08
20240702162008,5.85
20240702163008,12.21
20240702164008,5.93
20240702165008,8.35
20240812090008,73.66
20240812091008,54
20240812092008,100.74
20240812093008,145.15
20240812094008,238.18
20240812095008,323.13
20240812100008,458.61
20240812101008,417.7
20240812102008,359.81
20240812103008,772.53
20240812104008,1011.51
20240812105008,1028.81
20240812110008,1244.8
20240812111008,1274.64
20240812112008,1291.47
20240812113008,1231.9
20240812114008,1289.73
20240812115008,1337.46
20240812120008,1336.97
20240812121008,1331.3
20240812122008,1353.2
20240812123008,1349.75
20240812124008,1347.27
20240812125008,1258.6
20240812130008,1286.39
20240812131008,1309.99
20240812132008,1349.44
20240812133008,1408.16
20240812134008,1384.17
20240812135008,1403.6
20240812140008,1156.03
20240812141008,1129.72
20240812142008,1342.09
20240812143008,1330.84
20240812144008,1209.08
20240812145008,1101.6
20240812150008,893.55
20240812151008,564.15
20240812152008,236.88
20240812153008,72.3
20240812154008,144.99
20240812155008,23.09
20240812160008,49.36
20240812161008,69.82
20240812162008,27.12
20240812163008,1.06
20240812164008,4.04
20240812165008,9.21
20240828090008,23.92
20240828091008,51.78
20240828092008,23.91
20240828093008,198.07
20240828094008,385.19
20240828095008,497.43
20240828100008,239.99
20240828101008,597.28
20240828102008,610.22
20240828103008,673.96
20240828104008,828.56
20240828105008,970.4
20240828110008,1034.18
20240828111008,1156.39
20240828112008,1433.29
20240828113008,1424.33
20240828114008,1430.62
20240828115008,1412.83
20240828120008,1457.62
20240828121008,1423.27
20240828122008,1468.3
20240828123008,1478.74
20240828124008,1428.18
20240828125008,1387.49
20240828130008,1450.35
20240828131008,1462.09
20240828132008,1130.7
20240828133008,1222.86
20240828134008,1236.93
20240828135008,1284.71
20240828140008,1059.98
20240828141008,1127.03
20240828142008,790.84
20240828143008,661.17
20240828144008,653.95
20240828145008,463.08
20240828150008,412.1
20240828151008,311.28
20240828152008,210.14
20240828153008,58.99
20240828154008,19.55
20240828155008,63.72
20240828160008,55.95
20240828161008,79.83
20240828162008,25.25
20240828163008,60.84
20240828164008,55.01
20240828165008,51.94
20240307090010,20.79
20240307091010,43.57
20240307092010,108.22
20240307093010,115.4
20240307094010,190.22
20240307095010,227.45
20240307100010,205.84
20240307101010,226.34
20240307102010,207.5
20240307103010,197.18
20240307104010,258.94
20240307105010,314.76
20240307110010,423.52
20240307111010,451.69
20240307112010,497.27
20240307113010,460.36
20240307114010,585.06
20240307115010,650.56
20240307120010,1258.86
20240307121010,711.1
20240307122010,499.24
20240307123010,591.34
20240307124010,442.72
20240307125010,616.46
20240307130010,591.55
20240307131010,632.54
20240307132010,426.82
20240307133010,581.07
20240307134010,596.87
20240307135010,441
20240307140010,425.86
20240307141010,312.65
20240307142010,147.08
20240307143010,34.02
20240307144010,34.48
20240307145010,35.71
20240307150010,40.12
20240307151010,37.8
20240307152010,41.08
20240307153010,21.7
20240307154010,24.02
20240307155010,23.78
20240307160010,22.32
20240307161010,11.98
20240307162010,2.66
20240307163010,0
20240307164010,0
20240307165010,0
20240310090010,46.23
20240310091010,81.82
20240310092010,91.62
20240310093010,76.56
20240310094010,138.85
20240310095010,194.46
20240310100010,176.5
20240310101010,119.87
20240310102010,123.17
20240310103010,144.64
20240310104010,256.32
20240310105010,939.45
20240310110010,643.3
20240310111010,685.11
20240310112010,724.96
20240310113010,655.27
20240310114010,780.43
20240310115010,643.36
20240310120010,696.38
20240310121010,545.08
20240310122010,640.32
20240310123010,533.64
20240310124010,527.32
20240310125010,498.66
20240310130010,576.21
20240310131010,389.58
20240310132010,92.91
20240310133010,38.32
20240310134010,6.03
20240310135010,10.08
20240310140010,2.12
20240310141010,8.06
20240310142010,0
20240310143010,0
20240310144010,0
20240310145010,5.12
20240310150010,8.37
20240310151010,0
20240310152010,1.49
20240310153010,0
20240310154010,0
20240310155010,0.6
20240310160010,2.67
20240310161010,1.96
20240310162010,1.1
20240310163010,0
20240310164010,0
20240310165010,0
20240423090010,5.28
20240423091010,3.82
20240423092010,2.77
20240423093010,4.22
20240423094010,5.2
20240423095010,3.16
20240423100010,3.91
20240423101010,3.18
20240423102010,2.47
20240423103010,3.32
20240423104010,8.2
20240423105010,8.8
20240423110010,11.65
20240423111010,11.77
20240423112010,8.27
20240423113010,7.11
20240423114010,4.34
20240423115010,9.35
20240423120010,5.53
20240423121010,4.47
20240423122010,1.05
20240423123010,1.62
20240423124010,2.82
20240423125010,3.19
20240423130010,5.38
20240423131010,7.93
20240423132010,11.22
20240423133010,18.96
20240423134010,11.77
20240423135010,17.46
20240423140010,47.23
20240423141010,29.6
20240423142010,48.67
20240423143010,38.83
20240423144010,427.48
20240423145010,329.41
20240423150010,33.92
20240423151010,16.96
20240423152010,8.68
20240423153010,12.02
20240423154010,6.73
20240423155010,11.62
20240423160010,6.75
=======
20240629090017,28.09
20240629091017,25.26
20240629092017,45.53
20240629093017,31.09
20240629094017,31.78
20240629095017,33.87
20240629100017,56.18
20240629101017,55.21
20240629102017,62.32
20240629103017,100.61
20240629104017,287.33
20240629105017,798.04
20240629110017,962.49
20240629111017,911.76
20240629112017,924.84
20240629113017,982.07
20240629114017,940.93
20240629115017,908.42
20240629120017,939.06
20240629121017,776.27
20240629122017,598.12
20240629123017,1185.89
20240629124017,884.91
20240629125017,857.83
20240629130017,901.48
20240629131017,963.11
20240629132017,1210.63
20240629133017,802.5
20240629134017,624.26
20240629135017,506.26
20240629140017,504.04
20240629141017,367.71
20240629142017,293.79
20240629143017,116.83
20240629144017,27.57
20240629145017,15.07
20240629150017,30.74
20240629151017,22.76
20240629152017,12.65
20240629153017,10.38
20240629154017,4.76
20240629155017,3.57
20240629160017,3.49
20240629161017,1.96
20240629162017,0
20240629163017,0
20240629164017,1.16
20240629165017,2.8
20240704090017,13.94
20240704091017,56.94
20240704092017,44.92
20240704093017,418.91
20240704094017,137.76
20240704095017,596.84
20240704100017,602.85
20240704101017,770.39
20240704102017,759.81
20240704103017,704.2
20240704104017,796.13
20240704105017,821.18
20240704110017,1205.19
20240704111017,1231.69
20240704112017,1210.46
20240704113017,1080.64
20240704114017,1314.51
20240704115017,1139.4
20240704120017,1234.97
20240704121017,1234.5
20240704122017,893.1
20240704123017,570.82
20240704124017,598.04
20240704125017,804.76
20240704130017,627.37
20240704131017,210.23
20240704132017,159.02
20240704133017,149.26
20240704134017,87.08
20240704135017,36.48
20240704140017,19.64
20240704141017,26.59
20240704142017,16.04
20240704143017,20.39
20240704144017,0
20240704145017,25.25
20240704150017,19.05
20240704151017,35.08
20240704152017,374.73
20240704153017,11.42
20240704154017,15.83
20240704155017,2.95
20240704160017,27.43
20240704161017,14.39
20240704162017,0.76
20240704163017,2.87
20240704164017,5.03
20240704165017,3.56
20240706090017,31.69
20240706091017,23.83
20240706092017,18.97
20240706093017,28.76
20240706094017,41.33
20240706095017,30.9
20240706100017,111.98
20240706101017,417.85
20240706102017,560.87
20240706103017,692.4
20240706104017,709.33
20240706105017,751.9
20240706110017,1042.22
20240706111017,1127.14
20240706112017,1188.35
20240706113017,1231.88
20240706114017,1277.55
20240706115017,1310.04
20240706120017,1270.38
20240706121017,1332.78
20240706122017,1318.45
20240706123017,1175.42
20240706124017,1043.29
20240706125017,955.25
20240706130017,837.01
20240706131017,531.45
20240706132017,388.46
20240706133017,152.88
20240706134017,104.91
20240706135017,76.27
20240706140017,82.59
20240706141017,55.3
20240706142017,50.81
20240706143017,48.95
20240706144017,33.76
20240706145017,33.91
20240706150017,31.22
20240706151017,24.68
20240706152017,24.09
20240706153017,19.52
20240706154017,18.45
20240706155017,18.48
20240706160017,17.13
20240706161017,13.23
20240706162017,16.25
20240706163017,13.5
20240706164017,13.32
20240706165017,10.88
20240328090008,201.53
20240328091008,291.7
20240328092008,325.4
20240328093008,313.02
20240328094008,441.07
20240328095008,510.33
20240328100008,657.02
20240328101008,750.81
20240328102008,842.3
20240328103008,1035.07
20240328104008,1025.28
20240328105008,1176.5
20240328110008,1249.86
20240328111008,1187.05
20240328112008,1337.52
20240328113008,1217.38
20240328114008,1172.55
20240328115008,1206.62
20240328120008,1211.22
20240328121008,1165.64
20240328122008,1034.37
20240328123008,952.8
20240328124008,981.4
20240328125008,923.5
20240328130008,932.16
20240328131008,931.01
20240328132008,1003.62
20240328133008,951.67
20240328134008,823.29
20240328135008,861.01
20240328140008,975.34
20240328141008,729.03
20240328142008,612.12
20240328143008,505.55
20240328144008,165.81
20240328145008,102.9
20240328150008,36.29
20240328151008,39.87
20240328152008,15.88
20240328153008,11.61
20240328154008,12.59
20240328155008,15.93
20240328160008,20.24
20240328161008,8.81
20240328162008,12.2
20240328163008,7.57
20240328164008,14.05
20240328165008,12.34
20240508090008,12.3
20240508091008,6.42
20240508092008,2.77
20240508093008,1.1
20240508094008,5.05
20240508095008,3.58
20240508100008,0.95
20240508101008,0.83
20240508102008,8.95
20240508103008,5.44
20240508104008,1.77
20240508105008,25.97
20240508110008,27.02
20240508111008,26.37
20240508112008,0.43
20240508113008,12.63
20240508114008,9.82
20240508115008,8.26
20240508120008,47.72
20240508121008,36.29
20240508122008,16.19
20240508123008,16.72
20240508124008,19.83
20240508125008,29.31
20240508130008,23.03
20240508131008,2.97
20240508132008,4.66
20240508133008,7.55
20240508134008,5.55
20240508135008,2.5
20240508140008,10.2
20240508141008,0.87
20240508142008,2.71
20240508143008,3.99
20240508144008,1.93
20240508145008,0
20240508150008,3.64
20240508151008,13.97
20240508152008,12.14
20240508153008,7.29
20240508154008,13.53
20240508155008,3.35
20240508160008,3.42
20240508161008,0.54
20240508162008,10.23
20240508163008,3.84
20240508164008,2.29
20240508165008,7.64
20240521090008,6.55
20240521091008,7.97
20240521092008,4.36
20240521093008,12.05
20240521094008,13.29
20240521095008,9.89
20240521100008,10.06
20240521101008,9.67
20240521102008,6.99
20240521103008,2.56
20240521104008,0.19
20240521105008,0
20240521110008,5.57
20240521111008,5.81
20240521112008,7.51
20240521113008,11.79
20240521114008,16.05
20240521115008,14.88
20240521120008,13.6
20240521121008,4.78
20240521122008,4.25
20240521123008,3.43
20240521124008,4.92
20240521125008,4.11
20240521130008,7.33
20240521131008,1.23
20240521132008,2.53
20240521133008,3.07
20240521134008,0.91
20240521135008,0
20240521140008,1.13
20240521141008,0
20240521142008,0.49
20240521143008,0.68
20240521144008,0
20240521145008,1.4
20240521150008,1.48
20240521151008,5.21
20240521152008,1.19
20240521153008,7.23
20240521154008,4.26
20240521155008,0.91
20240521160008,1.84
20240521161008,0
20240521162008,0
20240521163008,0
20240521164008,0.09
20240521165008,0.03
20240618090008,9.5
20240618091008,13.91
20240618092008,13
20240618093008,12.21
20240618094008,29.03
20240618095008,28.92
20240618100008,46.05
20240618101008,96.3
20240618102008,107.77
20240618103008,452.24
20240618104008,474.56
20240618105008,420.38
20240618110008,560.71
20240618111008,184.8
20240618112008,140.64
20240618113008,119.35
20240618114008,183.13
20240618115008,193.75
20240618120008,217.34
20240618121008,227.39
20240618122008,215.8
20240618123008,204.39
20240618124008,164.45
20240618125008,166.59
20240618130008,149.15
20240618131008,48.81
20240618132008,33.91
20240618133008,18.03
20240618134008,12.26
20240618135008,17.91
20240618140008,22.77
20240618141008,18.82
20240618142008,9.97
20240618143008,4.08
20240618144008,3.69
20240618145008,3.27
20240618150008,4.22
20240618151008,3.11
20240618152008,4.55
20240618153008,2.57
20240618154008,1.47
20240618155008,3.05
20240618160008,6.95
20240618161008,1.86
20240618162008,3.2
20240618163008,2.74
20240618164008,2.01
20240618165008,1.08
20240630090008,68.63
20240630091008,97.08
20240630092008,114.1
20240630093008,137.52
20240630094008,161.15
20240630095008,370.02
20240630100008,716.54
20240630101008,737.54
20240630102008,875.87
20240630103008,889.05
20240630104008,860.47
20240630105008,905.17
20240630110008,1081.48
20240630111008,1133.28
20240630112008,1116.22
20240630113008,1077.04
20240630114008,1082.54
20240630115008,1152.6
20240630120008,1171.53
20240630121008,1127.04
20240630122008,1361.43
20240630123008,1357.66
20240630124008,1360.28
20240630125008,1436.72
20240630130008,1496.53
20240630131008,1414
20240630132008,1373.41
20240630133008,1349.31
20240630134008,1384.81
20240630135008,1278.06
20240630140008,1215.7
20240630141008,960.15
20240630142008,570.34
20240630143008,297.55
20240630144008,141.56
20240630145008,156.94
20240630150008,115.78
20240630151008,74.73
20240630152008,58.83
20240630153008,19.49
20240630154008,29.03
20240630155008,30.62
20240630160008,11.86
20240630161008,32.39
20240630162008,21.36
20240630163008,17.08
20240630164008,24.1
20240630165008,17.18
20240702090008,136.51
20240702091008,414.78
20240702092008,414.32
20240702093008,476.83
20240702094008,414.19
20240702095008,621.56
20240702100008,682.88
20240702101008,551.96
20240702102008,284.56
20240702103008,77.57
20240702104008,126.18
20240702105008,124.96
20240702110008,137.23
20240702111008,440.87
20240702112008,194.82
20240702113008,202.95
20240702114008,190.02
20240702115008,190.08
20240702120008,146.17
20240702121008,124.06
20240702122008,103.84
20240702123008,33.38
20240702124008,33.87
20240702125008,16.85
20240702130008,12.48
20240702131008,6.01
20240702132008,5.06
20240702133008,5.1
20240702134008,12.42
20240702135008,17.02
20240702140008,34.02
20240702141008,34.26
20240702142008,28.43
20240702143008,12.63
20240702144008,7.44
20240702145008,2.06
20240702150008,2.33
20240702151008,1.47
20240702152008,2.91
20240702153008,3.92
20240702154008,7.55
20240702155008,10.63
20240702160008,9.97
20240702161008,10.05
20240702162008,3.9
20240702163008,8.14
20240702164008,3.95
20240702165008,5.56
20240812090008,101.43
20240812091008,95.29
20240812092008,159.87
20240812093008,198.72
20240812094008,289.43
20240812095008,390.35
20240812100008,488.88
20240812101008,492.32
20240812102008,458.31
20240812103008,840.86
20240812104008,945.64
20240812105008,972.37
20240812110008,1160.67
20240812111008,1205.67
20240812112008,1218.2
20240812113008,1200.69
20240812114008,1272.18
20240812115008,1279.98
20240812120008,1305.35
20240812121008,1333.47
20240812122008,1345.19
20240812123008,1338.02
20240812124008,1334.53
20240812125008,1238.26
20240812130008,1280.91
20240812131008,1317.62
20240812132008,1321.48
20240812133008,1364.59
20240812134008,1312.74
20240812135008,1341.88
20240812140008,1062.58
20240812141008,1046.36
20240812142008,1290.25
20240812143008,1281.11
20240812144008,1175.46
20240812145008,1075.96
20240812150008,931.03
20240812151008,589.95
20240812152008,343.39
20240812153008,168.2
20240812154008,236.55
20240812155008,67.99
20240812160008,109.56
20240812161008,115.48
20240812162008,67.52
20240812163008,45.99
20240812164008,37.16
20240812165008,55.22
20240828090008,22.81
20240828091008,34.52
20240828092008,15.94
20240828093008,156.2
20240828094008,298.73
20240828095008,428.47
20240828100008,251.24
20240828101008,511.51
20240828102008,589.38
20240828103008,662.93
20240828104008,792.59
20240828105008,874.73
20240828110008,992.98
20240828111008,1138.98
20240828112008,1365.38
20240828113008,1335.93
20240828114008,1368.95
20240828115008,1341.83
20240828120008,1414.21
20240828121008,1367.92
20240828122008,1421.41
20240828123008,1443.85
20240828124008,1409.59
20240828125008,1320.44
20240828130008,1391.26
20240828131008,1436.24
20240828132008,1133.7
20240828133008,1231.91
20240828134008,1188.01
20240828135008,1190.95
20240828140008,927.45
20240828141008,1040.19
20240828142008,724.4
20240828143008,636.67
20240828144008,625.6
20240828145008,430.87
20240828150008,391.61
20240828151008,343.59
20240828152008,218.23
20240828153008,71.3
20240828154008,18.19
20240828155008,59.53
20240828160008,61.33
20240828161008,72.48
20240828162008,27.67
20240828163008,61.89
20240828164008,46.81
20240828165008,52.75
20240307090010,13.86
20240307091010,35.98
20240307092010,99.72
20240307093010,100.98
20240307094010,147.44
20240307095010,201.16
20240307100010,164.68
20240307101010,213.67
20240307102010,154.06
20240307103010,147.11
20240307104010,272.02
20240307105010,320.75
20240307110010,425.11
20240307111010,521.48
20240307112010,546.46
20240307113010,518.94
20240307114010,626.44
20240307115010,829.66
20240307120010,1197.8
20240307121010,814.69
20240307122010,562.89
20240307123010,727.79
20240307124010,491.29
20240307125010,744.42
20240307130010,622.48
20240307131010,762.49
20240307132010,483.99
20240307133010,679.86
20240307134010,739.03
20240307135010,529.54
20240307140010,486.98
20240307141010,362.35
20240307142010,182.87
20240307143010,73.77
20240307144010,63.14
20240307145010,65.36
20240307150010,65.4
20240307151010,65.76
20240307152010,55.95
20240307153010,41.52
20240307154010,46.88
20240307155010,30.37
20240307160010,32.78
20240307161010,9.25
20240307162010,1.77
20240307163010,0
20240307164010,0
20240307165010,0
20240310090010,30.82
20240310091010,58.52
20240310092010,61.08
20240310093010,51.04
20240310094010,92.57
20240310095010,139.17
20240310100010,119.89
20240310101010,96.93
20240310102010,97.98
20240310103010,125.14
20240310104010,198.91
20240310105010,805.65
20240310110010,637.13
20240310111010,699.34
20240310112010,763.08
20240310113010,781.64
20240310114010,871.08
20240310115010,743.3
20240310120010,805.61
20240310121010,606.78
20240310122010,770.58
20240310123010,636.23
20240310124010,584.14
20240310125010,530.51
20240310130010,573.32
20240310131010,411.17
20240310132010,149.9
20240310133010,55.32
20240310134010,21.85
20240310135010,35.39
20240310140010,22.26
20240310141010,29.85
20240310142010,0
20240310143010,2.48
20240310144010,0
20240310145010,3.42
20240310150010,5.58
20240310151010,0
20240310152010,0.99
20240310153010,0
20240310154010,6.04
20240310155010,5.05
20240310160010,4.51
20240310161010,3.69
20240310162010,0.74
20240310163010,7.61
20240310164010,1.68
20240310165010,5.96
20240423090010,3.52
20240423091010,2.54
20240423092010,1.85
20240423093010,2.81
20240423094010,3.46
20240423095010,2.1
20240423100010,2.61
20240423101010,2.12
20240423102010,1.65
20240423103010,2.21
20240423104010,5.47
20240423105010,5.87
20240423110010,7.77
20240423111010,7.85
20240423112010,5.51
20240423113010,4.74
20240423114010,2.89
20240423115010,6.23
20240423120010,3.69
20240423121010,2.98
20240423122010,0.7
20240423123010,1.08
20240423124010,1.88
20240423125010,2.13
20240423130010,3.58
20240423131010,5.29
20240423132010,7.48
20240423133010,12.64
20240423134010,7.85
20240423135010,11.64
20240423140010,32.8
20240423141010,24.62
20240423142010,37.34
20240423143010,35.54
20240423144010,370.78
20240423145010,262.1
20240423150010,22.98
20240423151010,13.25
20240423152010,5.79
20240423153010,8.01
20240423154010,4.49
20240423155010,7.75
20240423160010,4.5
>>>>>>> 5ad4edb873be4b2ff7e7d0a953e88f6c741dee3f
20240423161010,0
20240423162010,0
20240423163010,0
20240423164010,0
20240423165010,0
<<<<<<< HEAD
20240519090010,136.16
20240519091010,114.56
20240519092010,119.3
20240519093010,197.74
20240519094010,197.39
20240519095010,210.04
20240519100010,231.45
20240519101010,249.64
20240519102010,335.55
20240519103010,566.12
20240519104010,634.01
20240519105010,780.72
20240519110010,812.82
20240519111010,855.97
20240519112010,621.46
20240519113010,589.52
20240519114010,673.8
20240519115010,843.2
20240519120010,1074.78
20240519121010,697.58
20240519122010,543.44
20240519123010,568.5
20240519124010,455.47
20240519125010,425.9
20240519130010,294.79
20240519131010,250.82
20240519132010,120.94
20240519133010,100.46
20240519134010,38.92
20240519135010,25.81
20240519140010,23.86
20240519141010,2.56
20240519142010,2.72
20240519143010,0
20240519144010,2.04
20240519145010,9.18
20240519150010,5.72
=======
20240519090010,95.3
20240519091010,76.38
20240519092010,79.53
20240519093010,147.56
20240519094010,139.32
20240519095010,155.05
20240519100010,182.31
20240519101010,309.91
20240519102010,382.58
20240519103010,565.24
20240519104010,640.99
20240519105010,771.6
20240519110010,943.45
20240519111010,961.62
20240519112010,743.91
20240519113010,715.16
20240519114010,769.62
20240519115010,863.6
20240519120010,1025.78
20240519121010,751.54
20240519122010,613.41
20240519123010,589.96
20240519124010,496.66
20240519125010,468.46
20240519130010,348.81
20240519131010,312.88
20240519132010,152.82
20240519133010,122.95
20240519134010,55.85
20240519135010,52.33
20240519140010,51.65
20240519141010,36.65
20240519142010,19.06
20240519143010,9.49
20240519144010,11.37
20240519145010,10.68
20240519150010,3.81
>>>>>>> 5ad4edb873be4b2ff7e7d0a953e88f6c741dee3f
20240519151010,0
20240519152010,0
20240519153010,0
20240519154010,0
20240519155010,0
20240519160010,0
20240519161010,0
20240519162010,0
<<<<<<< HEAD
20240519163010,4.86
20240519164010,2.64
20240519165010,0
20240619090010,402.77
20240619091010,358.5
20240619092010,354.97
20240619093010,425.5
20240619094010,428.5
20240619095010,417.6
20240619100010,392.47
20240619101010,646.81
20240619102010,667.76
20240619103010,731.98
20240619104010,673.94
20240619105010,669.44
20240619110010,932.79
20240619111010,1074.89
20240619112010,1115.12
20240619113010,1242.55
20240619114010,1238.3
20240619115010,1313.55
20240619120010,1282.4
20240619121010,1346.84
20240619122010,1339.82
20240619123010,1199.59
20240619124010,1062.97
20240619125010,984.74
20240619130010,830.34
20240619131010,451.32
20240619132010,322.82
20240619133010,141.04
20240619134010,201.45
20240619135010,103.5
20240619140010,118.51
20240619141010,155.64
20240619142010,215.84
20240619143010,90.33
20240619144010,72.78
20240619145010,68.14
20240619150010,82.44
20240619151010,51.25
20240619152010,55.83
20240619153010,41.64
20240619154010,39.48
20240619155010,35.66
20240619160010,34.9
20240619161010,38.34
20240619162010,38.88
20240619163010,29.26
20240619164010,33.07
20240619165010,35.76
20240711090010,178.22
20240711091010,313.55
20240711092010,379.58
20240711093010,601.02
20240711094010,368.76
20240711095010,427
20240711100010,765.42
20240711101010,730.42
20240711102010,668.72
20240711103010,670.04
20240711104010,800.45
20240711105010,848.42
20240711110010,1017.22
20240711111010,818
20240711112010,1051.88
20240711113010,1066.06
20240711114010,1013.04
20240711115010,847.88
20240711120010,983.92
20240711121010,919.93
20240711122010,1007.02
20240711123010,777.76
20240711124010,677.77
20240711125010,810.58
20240711130010,1065.2
20240711131010,599.66
20240711132010,521.92
20240711133010,197.63
20240711134010,112.79
20240711135010,71.9
20240711140010,76.92
20240711141010,48.1
20240711142010,49.73
20240711143010,50.4
20240711144010,45.74
20240711145010,34.29
20240711150010,29.98
20240711151010,25.25
20240711152010,17.19
20240711153010,22.67
20240711154010,25.62
20240711155010,39.72
20240711160010,42.95
20240711161010,68.82
20240711162010,45.04
20240711163010,34.11
20240711164010,29.36
20240711165010,24.88
20240207090017,433.03
20240207091017,641.1
20240207092017,404.06
20240207093017,387.83
20240207094017,336.5
20240207095017,276.63
20240207100017,284.82
20240207101017,415.99
20240207102017,650.16
20240207103017,647.44
20240207104017,425.36
20240207105017,820.57
20240207110017,856.77
20240207111017,521.93
20240207112017,445.02
20240207113017,509.46
20240207114017,459.27
20240207115017,628.96
20240207120017,972.99
20240207121017,1069.59
20240207122017,650.31
20240207123017,705.24
20240207124017,663.7
20240207125017,637.6
20240207130017,640.58
20240207131017,640.08
20240207132017,449.47
20240207133017,445.54
20240207134017,496.05
20240207135017,268.06
20240207140017,184.94
20240207141017,169.64
20240207142017,181.34
20240207143017,115.37
20240207144017,90.66
20240207145017,81.82
20240207150017,64.72
20240207151017,52.9
20240207152017,55.57
20240207153017,64.9
20240207154017,52.57
20240207155017,55.52
20240207160017,51.06
20240207161017,46.52
20240207162017,43.17
20240207163017,32.48
20240207164017,34.69
20240207165017,35.26
20240224090017,192.26
20240224091017,227.35
20240224092017,235.71
20240224093017,285.49
20240224094017,644.52
20240224095017,606.7
20240224100017,610.24
20240224101017,769.27
20240224102017,662.28
20240224103017,768.03
20240224104017,661.74
20240224105017,1155.32
20240224110017,1354.73
20240224111017,1322.8
20240224112017,1270.13
20240224113017,1171.09
20240224114017,555.69
20240224115017,273.11
20240224120017,371.31
20240224121017,694.28
20240224122017,289.84
20240224123017,174.55
20240224124017,147.95
20240224125017,67.41
20240224130017,61.65
20240224131017,44.09
20240224132017,43.49
20240224133017,43.25
20240224134017,56.67
20240224135017,35.75
20240224140017,32.2
20240224141017,38.94
20240224142017,44.08
20240224143017,39.71
20240224144017,41.47
20240224145017,37.06
20240224150017,42.51
20240224151017,39.4
20240224152017,35.96
20240224153017,33.8
20240224154017,35.23
20240224155017,33.72
20240224160017,31.75
20240224161017,31.14
20240224162017,25.48
20240224163017,28.07
20240224164017,28.62
20240224165017,24.55
20240318090017,448.22
20240318091017,441.61
20240318092017,438.3
20240318093017,295.82
20240318094017,345.7
20240318095017,375.94
20240318100017,490.26
20240318101017,457.74
20240318102017,411.86
20240318103017,782.76
20240318104017,1144.7
20240318105017,1099.76
20240318110017,1176.3
20240318111017,1216.59
20240318112017,1227.33
20240318113017,1153.43
20240318114017,1246.02
20240318115017,1280.64
20240318120017,1380.31
20240318121017,1337.17
20240318122017,1359.61
20240318123017,1356.28
20240318124017,1372.64
20240318125017,1277.55
20240318130017,1295.75
20240318131017,1325.45
20240318132017,1378.68
20240318133017,1437.51
20240318134017,1390.83
20240318135017,1406.96
20240318140017,1151.72
20240318141017,1104.89
20240318142017,1319.81
20240318143017,1322.17
20240318144017,1188.21
20240318145017,1087.28
20240318150017,870.44
20240318151017,545.86
20240318152017,306.69
20240318153017,121.24
20240318154017,145.38
20240318155017,148.09
20240318160017,155.62
20240318161017,118.79
20240318162017,81.21
20240318163017,41.67
20240318164017,57.61
20240318165017,58.4
20240509090017,42.14
20240509091017,35.37
20240509092017,47
20240509093017,42.92
20240509094017,47.08
20240509095017,50.81
20240509100017,79.38
20240509101017,82.82
20240509102017,48.44
20240509103017,115.98
20240509104017,291.47
20240509105017,876.88
20240509110017,989.66
20240509111017,892.22
20240509112017,913.45
20240509113017,963.38
20240509114017,915.4
20240509115017,916.24
20240509120017,948.88
20240509121017,660.05
20240509122017,523.59
20240509123017,1239.18
20240509124017,955.06
20240509125017,942.76
20240509130017,995.51
20240509131017,1039.61
20240509132017,1231.92
20240509133017,645.88
20240509134017,534.14
20240509135017,441.18
20240509140017,463.96
20240509141017,330.66
20240509142017,294.26
20240509143017,62.56
20240509144017,33.59
20240509145017,22.6
20240509150017,46.11
20240509151017,24.74
20240509152017,18.97
20240509153017,15.57
20240509154017,7.14
20240509155017,5.36
20240509160017,5.24
20240509161017,2.94
20240509162017,0
20240509163017,0
20240509164017,1.74
20240509165017,4.2
20240602090017,22.73
20240602091017,41.84
20240602092017,48.29
20240602093017,38.77
20240602094017,17.7
20240602095017,23.86
20240602100017,49.81
20240602101017,99.86
20240602102017,153.14
20240602103017,157.17
20240602104017,144.52
20240602105017,193.03
20240602110017,399.29
20240602111017,422.74
20240602112017,445.94
20240602113017,436
20240602114017,448.42
20240602115017,517.27
20240602120017,520.27
20240602121017,146.35
20240602122017,291
20240602123017,146.76
20240602124017,168.82
20240602125017,155.77
20240602130017,135.8
20240602131017,89.23
20240602132017,35.93
20240602133017,47.24
20240602134017,41.8
20240602135017,21.3
20240602140017,15.54
20240602141017,23.23
20240602142017,20.81
20240602143017,14.85
20240602144017,18.02
20240602145017,8.61
20240602150017,0
20240602151017,2.21
20240602152017,0
20240602153017,2.1
20240602154017,4.87
20240602155017,0.15
20240602160017,0
20240602161017,9.8
20240602162017,11.32
20240602163017,5.36
20240602164017,9.14
20240602165017,0
20240604090017,30.79
20240604091017,36.57
20240604092017,35.81
20240604093017,45.1
20240604094017,56.6
20240604095017,79.98
20240604100017,82.67
20240604101017,188.06
20240604102017,435.41
20240604103017,514.89
20240604104017,818.66
20240604105017,912.09
20240604110017,1284.22
20240604111017,1316.59
20240604112017,1329.42
20240604113017,1243.99
20240604114017,1307.01
20240604115017,1135.86
20240604120017,1144.82
20240604121017,912.72
20240604122017,470.87
20240604123017,458.16
20240604124017,448.51
20240604125017,478.31
20240604130017,511.72
20240604131017,454.59
20240604132017,615.46
20240604133017,486.04
20240604134017,256.58
20240604135017,227.14
20240604140017,167.18
20240604141017,89.6
20240604142017,52.83
20240604143017,41.82
20240604144017,34.7
20240604145017,50.47
20240604150017,50.38
20240604151017,32.38
20240604152017,39.42
20240604153017,17.59
20240604154017,19.88
20240604155017,26.74
20240604160017,34.15
20240604161017,24.41
20240604162017,29.73
20240604163017,25.22
20240604164017,7.84
20240604165017,4.52
20240609090017,15.18
20240609091017,89.18
20240609092017,74.1
20240609093017,89.18
20240609094017,101.1
20240609095017,63.24
20240609100017,290.19
20240609101017,359.98
20240609102017,510.01
20240609103017,474.51
20240609104017,389.86
20240609105017,370.5
20240609110017,423.05
20240609111017,409.41
20240609112017,443.22
20240609113017,662.94
20240609114017,762.11
20240609115017,758.23
20240609120017,665.58
20240609121017,410.48
20240609122017,450.68
20240609123017,534.44
20240609124017,569.28
20240609125017,665.28
20240609130017,725.67
20240609131017,452.95
20240609132017,240.24
20240609133017,134.75
20240609134017,152.52
20240609135017,207.49
20240609140017,80.17
20240609141017,74.26
20240609142017,65.53
20240609143017,20.64
20240609144017,54.18
20240609145017,25.43
20240609150017,9.52
20240609151017,3.92
20240609152017,1.52
20240609153017,3.75
20240609154017,4.36
20240609155017,7
20240609160017,4.4
20240609161017,3.35
20240609162017,2.62
20240609163017,0.48
20240609164017,5.34
20240609165017,5.87
20240709090017,25.31
20240709091017,11.82
20240709092017,13.54
20240709093017,9.21
20240709094017,11
20240709095017,2.15
20240709100017,0
20240709101017,11.89
20240709102017,27.11
20240709103017,0
20240709104017,29.34
20240709105017,53.34
20240709110017,87.25
20240709111017,72.89
20240709112017,29.59
20240709113017,19.76
20240709114017,0.9
20240709115017,6.74
20240709120017,23.16
20240709121017,37.47
20240709122017,32.84
20240709123017,33.59
20240709124017,43.78
20240709125017,0
20240709130017,24.53
20240709131017,0
20240709132017,0
20240709133017,0
20240709134017,1.72
20240709135017,14.8
20240709140017,57.84
20240709141017,15.68
20240709142017,15.12
20240709143017,6.38
20240709144017,8.34
20240709145017,9.83
20240709150017,13.96
20240709151017,1.16
20240709152017,0
20240709153017,2.9
20240709154017,9.66
20240709155017,6.08
20240709160017,15.66
20240709161017,10.88
20240709162017,12.03
20240709163017,14.26
20240709164017,7.2
20240709165017,0.94
20240106090001,124.21
20240106091001,482.62
20240106092001,437.21
20240106093001,543.55
20240106094001,503.66
20240106095001,692.88
20240106100001,655.11
20240106101001,654.88
20240106102001,252.06
20240106103001,41.42
20240106104001,78.19
20240106105001,132.6
20240106110001,144.08
20240106111001,499.14
20240106112001,189.18
20240106113001,183.07
20240106114001,166.6
20240106115001,175.1
20240106120001,111.73
20240106121001,103.65
20240106122001,80.4
20240106123001,22.2
20240106124001,27.27
20240106125001,8.74
20240106130001,17.87
20240106131001,8.03
20240106132001,7.58
20240106133001,7.64
20240106134001,18.09
20240106135001,23.31
20240106140001,35.88
20240106141001,39.22
20240106142001,33.11
20240106143001,13.64
20240106144001,5.08
20240106145001,3.08
20240106150001,3.49
20240106151001,2.2
20240106152001,4.37
20240106153001,5.88
20240106154001,11.33
20240106155001,15.95
20240106160001,14.95
20240106161001,15.08
20240106162001,5.85
20240106163001,12.21
20240106164001,5.93
20240106165001,8.35
20240111090001,33.76
20240111091001,8
20240111092001,18.27
20240111093001,37.2
20240111094001,15.46
20240111095001,13.65
20240111100001,11.54
20240111101001,3.61
20240111102001,2.25
20240111103001,5.54
20240111104001,14.14
20240111105001,4.88
20240111110001,5
20240111111001,73.98
20240111112001,67.73
20240111113001,67.34
20240111114001,90.45
20240111115001,95.13
20240111120001,43.72
20240111121001,25.2
20240111122001,0
20240111123001,6.3
20240111124001,1.74
20240111125001,38.3
20240111130001,39.09
20240111131001,9.72
20240111132001,28.59
20240111133001,30.88
20240111134001,21.48
20240111135001,20
20240111140001,14.78
20240111141001,22.56
20240111142001,46.35
20240111143001,45.08
20240111144001,43.15
20240111145001,52.29
20240111150001,65.95
20240111151001,35.01
20240111152001,23.92
20240111153001,39.73
20240111154001,41.27
20240111155001,30.31
20240111160001,23.84
20240111161001,19.27
20240111162001,8.41
20240111163001,7.92
20240111164001,5.64
20240111165001,4.3
20240213090001,458.06
20240213091001,423.89
20240213092001,532.62
20240213093001,370.98
20240213094001,728.59
20240213095001,706.69
20240213100001,954.55
20240213101001,965.22
20240213102001,962.08
20240213103001,885.23
20240213104001,637.82
20240213105001,605.36
20240213110001,664.63
20240213111001,841.44
20240213112001,847.95
20240213113001,630.1
20240213114001,632.08
20240213115001,812.48
20240213120001,583.29
20240213121001,357.64
20240213122001,398.11
20240213123001,169.36
20240213124001,293.34
20240213125001,808.98
20240213130001,272.8
20240213131001,377.33
20240213132001,829.62
20240213133001,841
20240213134001,752.66
20240213135001,877.74
20240213140001,618.69
20240213141001,635.41
20240213142001,483.01
20240213143001,130.73
20240213144001,137.47
20240213145001,125.88
20240213150001,55.56
20240213151001,61
20240213152001,41.53
20240213153001,28.5
20240213154001,26.94
20240213155001,23.2
20240213160001,7.58
20240213161001,12.44
20240213162001,11.28
20240213163001,7.64
20240213164001,40.71
20240213165001,120.24
20240508090001,57.44
20240508091001,29.02
20240508092001,78.57
20240508093001,424.68
20240508094001,449.34
20240508095001,575.45
20240508100001,476.52
20240508101001,444.35
20240508102001,606.2
20240508103001,791.33
20240508104001,1044.96
20240508105001,978.8
20240508110001,1251.99
20240508111001,1230.68
20240508112001,1259.76
20240508113001,1255.63
20240508114001,1244.36
20240508115001,1041.85
20240508120001,1105.19
20240508121001,1091.74
20240508122001,1040.67
20240508123001,780.46
20240508124001,815.4
20240508125001,856.82
20240508130001,834.18
20240508131001,655.26
20240508132001,520.18
20240508133001,443.19
20240508134001,464.4
20240508135001,328.52
20240508140001,63.98
20240508141001,66.72
20240508142001,0
20240508143001,39.84
20240508144001,45.38
20240508145001,72.05
20240508150001,44.2
20240508151001,39.73
20240508152001,27.15
20240508153001,51.78
20240508154001,31.88
20240508155001,18.29
20240508160001,14
20240508161001,12.83
20240508162001,6.82
20240508163001,5.43
20240508164001,28.9
20240508165001,13.64
20240510090001,7.82
20240510091001,3.08
20240510092001,8.72
20240510093001,8.52
20240510094001,14.07
20240510095001,25.63
20240510100001,37.5
20240510101001,41.31
20240510102001,48.18
20240510103001,44.22
20240510104001,24.05
20240510105001,14.18
20240510110001,7.27
20240510111001,40.55
20240510112001,45.26
20240510113001,49.3
20240510114001,31.23
20240510115001,25.48
20240510120001,30.03
20240510121001,14.57
20240510122001,6.51
20240510123001,1.29
20240510124001,1.9
20240510125001,7.46
20240510130001,16.54
20240510131001,6.35
20240510132001,6.02
20240510133001,9.28
20240510134001,1.04
20240510135001,0
20240510140001,1.64
20240510141001,16.25
20240510142001,6.08
=======
20240519163010,3.85
20240519164010,5.22
20240519165010,2.38
20240619090010,316.26
20240619091010,292.35
20240619092010,282.3
20240619093010,336.97
20240619094010,336.85
20240619095010,314.02
20240619100010,347.35
20240619101010,575.17
20240619102010,609.54
20240619103010,692.38
20240619104010,697.46
20240619105010,738.95
20240619110010,940.4
20240619111010,1046.32
20240619112010,1138.17
20240619113010,1239.17
20240619114010,1270.34
20240619115010,1316.02
20240619120010,1276.57
20240619121010,1340.4
20240619122010,1342.11
20240619123010,1196.86
20240619124010,1061.34
20240619125010,942.95
20240619130010,832.78
20240619131010,543.31
20240619132010,418.4
20240619133010,184.16
20240619134010,180.96
20240619135010,105.09
20240619140010,114.25
20240619141010,129.53
20240619142010,167.99
20240619143010,77.36
20240619144010,65.07
20240619145010,70.25
20240619150010,75.2
20240619151010,53.48
20240619152010,57.01
20240619153010,44.37
20240619154010,44.93
20240619155010,39.51
20240619160010,39.35
20240619161010,38.96
20240619162010,45.4
20240619163010,38.49
20240619164010,38.07
20240619165010,40.91
20240711090010,143.31
20240711091010,266.63
20240711092010,319.71
20240711093010,508.37
20240711094010,270.96
20240711095010,375.18
20240711100010,699.53
20240711101010,643.17
20240711102010,651.52
20240711103010,707.99
20240711104010,828.11
20240711105010,881.53
20240711110010,1058.6
20240711111010,853.84
20240711112010,1044.9
20240711113010,1057.2
20240711114010,1062.59
20240711115010,948.04
20240711120010,1044.19
20240711121010,991.96
20240711122010,1069.17
20240711123010,822.42
20240711124010,729.26
20240711125010,825.76
20240711130010,971.79
20240711131010,615.33
20240711132010,489.12
20240711133010,197.41
20240711134010,109.67
20240711135010,75.42
20240711140010,66.91
20240711141010,45.15
20240711142010,40.53
20240711143010,40.09
20240711144010,33.72
20240711145010,23.13
20240711150010,27.51
20240711151010,23.5
20240711152010,19.12
20240711153010,29.04
20240711154010,26.51
20240711155010,51.34
20240711160010,41.45
20240711161010,65.14
20240711162010,48.81
20240711163010,40.18
20240711164010,39.61
20240711165010,43.47
20240207090017,338.63
20240207091017,542.69
20240207092017,326.36
20240207093017,319.8
20240207094017,287.41
20240207095017,260.13
20240207100017,266.02
20240207101017,360.49
20240207102017,568.46
20240207103017,593.3
20240207104017,338.11
20240207105017,714.15
20240207110017,736.36
20240207111017,444.03
20240207112017,344.1
20240207113017,439.58
20240207114017,403.18
20240207115017,614.09
20240207120017,934.39
20240207121017,1062.43
20240207122017,857.61
20240207123017,875.93
20240207124017,792.48
20240207125017,764.73
20240207130017,759.19
20240207131017,722.76
20240207132017,495.41
20240207133017,456.19
20240207134017,497.35
20240207135017,302.63
20240207140017,227.15
20240207141017,187.9
20240207142017,157.49
20240207143017,104.51
20240207144017,86.12
20240207145017,75.05
20240207150017,59.49
20240207151017,53.02
20240207152017,53.01
20240207153017,62.22
20240207154017,52.98
20240207155017,55.9
20240207160017,46.06
20240207161017,43.54
20240207162017,40.1
20240207163017,34.08
20240207164017,35.13
20240207165017,33.98
20240224090017,128.17
20240224091017,158.84
20240224092017,170.44
20240224093017,221.33
20240224094017,492.44
20240224095017,505.45
20240224100017,507.87
20240224101017,617.4
20240224102017,637.92
20240224103017,726.84
20240224104017,677.71
20240224105017,1101.32
20240224110017,1261.41
20240224111017,1248.17
20240224112017,1194.4
20240224113017,1069.8
20240224114017,567.56
20240224115017,345.2
20240224120017,332.95
20240224121017,652.2
20240224122017,278.67
20240224123017,159.37
20240224124017,144.71
20240224125017,75.22
20240224130017,53.46
20240224131017,37.11
20240224132017,34.23
20240224133017,35.99
20240224134017,50.3
20240224135017,38.44
20240224140017,37.5
20240224141017,39.05
20240224142017,35.16
20240224143017,32.09
20240224144017,35.43
20240224145017,27.11
20240224150017,29.35
20240224151017,26.26
20240224152017,23.97
20240224153017,22.53
20240224154017,25.37
20240224155017,23.6
20240224160017,21.16
20240224161017,20.76
20240224162017,16.99
20240224163017,18.71
20240224164017,19.08
20240224165017,17.31
20240318090017,373.64
20240318091017,388.26
20240318092017,411.81
20240318093017,322.05
20240318094017,367.29
20240318095017,440.39
20240318100017,513.71
20240318101017,539.65
20240318102017,514.5
20240318103017,850.06
20240318104017,1065.06
20240318105017,1007.09
20240318110017,1113.91
20240318111017,1159.41
20240318112017,1153.01
20240318113017,1106.35
20240318114017,1228.18
20240318115017,1232.98
20240318120017,1326.22
20240318121017,1321.6
20240318122017,1344.9
20240318123017,1332.72
20240318124017,1343.12
20240318125017,1240.18
20240318130017,1280.86
20240318131017,1319.26
20240318132017,1333.35
20240318133017,1373.96
20240318134017,1312.08
20240318135017,1340.29
20240318140017,1065.03
20240318141017,1044.04
20240318142017,1287.2
20240318143017,1293.84
20240318144017,1173.26
20240318145017,1080.45
20240318150017,927.03
20240318151017,585.96
20240318152017,392.78
20240318153017,206.89
20240318154017,235.77
20240318155017,149.11
20240318160017,173.13
20240318161017,149.08
20240318162017,101.18
20240318163017,76.58
20240318164017,73.21
20240318165017,89.99
20240509090017,28.09
20240509091017,23.58
20240509092017,42.53
20240509093017,28.61
20240509094017,31.39
20240509095017,33.87
20240509100017,52.92
20240509101017,55.21
20240509102017,57.92
20240509103017,98.27
20240509104017,284.6
20240509105017,795.61
20240509110017,966.8
20240509111017,919.11
20240509112017,931.81
20240509113017,978.85
20240509114017,937.83
20240509115017,905.49
20240509120017,935.95
20240509121017,773.41
20240509122017,603.35
20240509123017,1191.54
20240509124017,890.14
20240509125017,863.06
20240509130017,906.96
20240509131017,965.02
20240509132017,1216.31
20240509133017,807.85
20240509134017,623.28
20240509135017,505.15
20240509140017,502.92
20240509141017,365.56
20240509142017,290.56
20240509143017,110.72
20240509144017,25.8
20240509145017,15.07
20240509150017,30.74
20240509151017,21.74
20240509152017,12.65
20240509153017,10.38
20240509154017,4.76
20240509155017,3.57
20240509160017,3.49
20240509161017,1.96
20240509162017,0
20240509163017,0
20240509164017,1.16
20240509165017,2.8
20240602090017,21.52
20240602091017,47.57
20240602092017,56.45
20240602093017,34.68
20240602094017,11.8
20240602095017,15.9
20240602100017,39.75
20240602101017,81.52
20240602102017,113.39
20240602103017,119.63
20240602104017,131.97
20240602105017,181.75
20240602110017,414.71
20240602111017,417.74
20240602112017,380.12
20240602113017,365.63
20240602114017,405.41
20240602115017,495.1
20240602120017,497.06
20240602121017,164.64
20240602122017,271.82
20240602123017,151.57
20240602124017,140.19
20240602125017,144.26
20240602130017,153.41
20240602131017,78.61
20240602132017,51.24
20240602133017,48.17
20240602134017,47.25
20240602135017,21.27
20240602140017,37.09
20240602141017,34.2
20240602142017,25.62
20240602143017,17.32
20240602144017,21.03
20240602145017,5.87
20240602150017,0
20240602151017,2.28
20240602152017,0
20240602153017,1.4
20240602154017,3.25
20240602155017,0.1
20240602160017,0.09
20240602161017,15.25
20240602162017,7.55
20240602163017,3.57
20240602164017,6.09
20240602165017,0
20240604090017,41.42
20240604091017,62.31
20240604092017,65.36
20240604093017,74.94
20240604094017,82.49
20240604095017,115.06
20240604100017,125.64
20240604101017,263.96
20240604102017,468.58
20240604103017,567.69
20240604104017,786.55
20240604105017,889.24
20240604110017,1188.38
20240604111017,1276.73
20240604112017,1246.53
20240604113017,1159.4
20240604114017,1213.41
20240604115017,1068.11
20240604120017,1054.4
20240604121017,891.51
20240604122017,571.12
20240604123017,576.73
20240604124017,538.24
20240604125017,593.42
20240604130017,596.56
20240604131017,484.57
20240604132017,596.5
20240604133017,486.92
20240604134017,273.19
20240604135017,272.05
20240604140017,222.12
20240604141017,121.17
20240604142017,75.04
20240604143017,52.56
20240604144017,41.39
20240604145017,45.98
20240604150017,52.16
20240604151017,43.64
20240604152017,54.87
20240604153017,29.39
20240604154017,35.54
20240604155017,29.98
20240604160017,37.57
20240604161017,25.99
20240604162017,35.48
20240604163017,33.08
20240604164017,16.54
20240604165017,14.04
20240609090017,34.26
20240609091017,90.15
20240609092017,71.35
20240609093017,92.38
20240609094017,98.48
20240609095017,101.19
20240609100017,286.73
20240609101017,351.6
20240609102017,503.31
20240609103017,509.42
20240609104017,388.43
20240609105017,365.9
20240609110017,418.27
20240609111017,454.17
20240609112017,467.36
20240609113017,690.21
20240609114017,765.74
20240609115017,789.41
20240609120017,724
20240609121017,461.49
20240609122017,490.82
20240609123017,574.7
20240609124017,590.6
20240609125017,619.54
20240609130017,622.76
20240609131017,421.2
20240609132017,222.02
20240609133017,132.56
20240609134017,129.25
20240609135017,197.68
20240609140017,85.13
20240609141017,79.03
20240609142017,66.83
20240609143017,36.71
20240609144017,56.63
20240609145017,32.13
20240609150017,12.96
20240609151017,6.93
20240609152017,1.02
20240609153017,6.28
20240609154017,4.93
20240609155017,5.18
20240609160017,4.88
20240609161017,6.71
20240609162017,3.81
20240609163017,1.53
20240609164017,5
20240609165017,8.86
20240709090017,37.17
20240709091017,28.92
20240709092017,33.34
20240709093017,21.12
20240709094017,17.13
20240709095017,28.2
20240709100017,12.51
20240709101017,27.39
20240709102017,47.94
20240709103017,35.06
20240709104017,60.02
20240709105017,90.55
20240709110017,121.16
20240709111017,114.85
20240709112017,69.66
20240709113017,55.69
20240709114017,45.61
20240709115017,34.67
20240709120017,58.84
20240709121017,63.98
20240709122017,63.33
20240709123017,56.96
20240709124017,73.99
20240709125017,29.61
20240709130017,66.46
20240709131017,19.23
20240709132017,23.58
20240709133017,27.32
20240709134017,29.03
20240709135017,52.18
20240709140017,84.73
20240709141017,41.63
20240709142017,47.1
20240709143017,35.82
20240709144017,26.91
20240709145017,32.34
20240709150017,18.93
20240709151017,19.34
20240709152017,22.47
20240709153017,21.21
20240709154017,25.32
20240709155017,20.53
20240709160017,30.49
20240709161017,17.9
20240709162017,20.63
20240709163017,23.66
20240709164017,17.24
20240709165017,10.95
20240106090001,121.77
20240106091001,399.74
20240106092001,401.97
20240106093001,464.31
20240106094001,408.5
20240106095001,615.71
20240106100001,671.88
20240106101001,546.72
20240106102001,278.92
20240106103001,69.92
20240106104001,118.78
20240106105001,120.1
20240106110001,133.99
20240106111001,438.29
20240106112001,190.63
20240106113001,198.42
20240106114001,186.22
20240106115001,186.6
20240106120001,142.21
20240106121001,118.71
20240106122001,100.83
20240106123001,30.29
20240106124001,32.72
20240106125001,13.76
20240106130001,11.91
20240106131001,5.35
20240106132001,5.06
20240106133001,5.1
20240106134001,12.06
20240106135001,15.54
20240106140001,28.47
20240106141001,29.3
20240106142001,23.48
20240106143001,9.1
20240106144001,3.38
20240106145001,2.06
20240106150001,2.33
20240106151001,1.47
20240106152001,2.91
20240106153001,3.92
20240106154001,7.55
20240106155001,10.63
20240106160001,9.97
20240106161001,10.05
20240106162001,3.9
20240106163001,8.14
20240106164001,3.95
20240106165001,5.56
20240111090001,33.11
20240111091001,10.95
20240111092001,16.29
20240111093001,40.5
20240111094001,11.15
20240111095001,23.49
20240111100001,7.69
20240111101001,4.07
20240111102001,4.79
20240111103001,17.92
20240111104001,26.23
20240111105001,20.21
20240111110001,11.91
20240111111001,66.32
20240111112001,52.83
20240111113001,51.87
20240111114001,75.58
20240111115001,76.74
20240111120001,34.14
20240111121001,25.56
20240111122001,0
20240111123001,11.69
20240111124001,7.65
20240111125001,29.51
20240111130001,28.31
20240111131001,9.46
20240111132001,32.39
20240111133001,29.03
20240111134001,25.1
20240111135001,25.38
20240111140001,20.44
20240111141001,30.86
20240111142001,47.71
20240111143001,53.57
20240111144001,42.35
20240111145001,51.19
20240111150001,71.99
20240111151001,38.66
20240111152001,24.69
20240111153001,37.52
20240111154001,46.55
20240111155001,29.27
20240111160001,24.03
20240111161001,17.94
20240111162001,12.49
20240111163001,14.65
20240111164001,11.02
20240111165001,11.37
20240213090001,367.52
20240213091001,362.83
20240213092001,464.76
20240213093001,315.47
20240213094001,617.42
20240213095001,653.97
20240213100001,879.37
20240213101001,907
20240213102001,935.18
20240213103001,827.99
20240213104001,643.93
20240213105001,595.96
20240213110001,726.13
20240213111001,931.89
20240213112001,925.22
20240213113001,659.79
20240213114001,634.81
20240213115001,767.1
20240213120001,583.7
20240213121001,415.41
20240213122001,400.82
20240213123001,211.7
20240213124001,308.53
20240213125001,775.04
20240213130001,283.6
20240213131001,399.77
20240213132001,845.1
20240213133001,869.45
20240213134001,822.09
20240213135001,983.48
20240213140001,674.59
20240213141001,642.8
20240213142001,448.06
20240213143001,159.67
20240213144001,139.18
20240213145001,104.73
20240213150001,59.04
20240213151001,75.56
20240213152001,44.85
20240213153001,28.51
20240213154001,23.32
20240213155001,15.47
20240213160001,5.05
20240213161001,8.29
20240213162001,8.29
20240213163001,5.51
20240213164001,33.66
20240213165001,86.04
20240508090001,85.08
20240508091001,64.82
20240508092001,129.18
20240508093001,370.67
20240508094001,377.71
20240508095001,487.61
20240508100001,460.38
20240508101001,480.1
20240508102001,610.78
20240508103001,772.31
20240508104001,975.23
20240508105001,992.89
20240508110001,1270.75
20240508111001,1258.53
20240508112001,1289.17
20240508113001,1249.99
20240508114001,1236.66
20240508115001,1109.74
20240508120001,1155.02
20240508121001,1150.33
20240508122001,1134.84
20240508123001,880.99
20240508124001,898.01
20240508125001,933.77
20240508130001,905.06
20240508131001,707.66
20240508132001,585.69
20240508133001,492.79
20240508134001,472.67
20240508135001,306.94
20240508140001,136.11
20240508141001,131.78
20240508142001,47.32
20240508143001,86.99
20240508144001,49.52
20240508145001,72.88
20240508150001,50.26
20240508151001,42
20240508152001,32.44
20240508153001,63.86
20240508154001,45.25
20240508155001,44
20240508160001,34.86
20240508161001,29.29
20240508162001,23.65
20240508163001,19.56
20240508164001,34.79
20240508165001,17.45
20240510090001,5.21
20240510091001,2.05
20240510092001,5.82
20240510093001,5.68
20240510094001,9.38
20240510095001,17.09
20240510100001,25
20240510101001,27.54
20240510102001,32.12
20240510103001,29.48
20240510104001,16.45
20240510105001,9.45
20240510110001,4.85
20240510111001,30.22
20240510112001,30.17
20240510113001,40.85
20240510114001,21.94
20240510115001,27.8
20240510120001,26.76
20240510121001,15.57
20240510122001,4.34
20240510123001,0.86
20240510124001,1.26
20240510125001,4.98
20240510130001,12.87
20240510131001,4.23
20240510132001,4.01
20240510133001,6.18
20240510134001,0.69
20240510135001,0
20240510140001,1.09
20240510141001,10.83
20240510142001,4.05
>>>>>>> 5ad4edb873be4b2ff7e7d0a953e88f6c741dee3f
20240510143001,0
20240510144001,0
20240510145001,0
20240510150001,0
<<<<<<< HEAD
20240510151001,1.14
20240510152001,1.99
20240510153001,3.64
20240510154001,2.49
20240510155001,5.77
20240510160001,5.9
20240510161001,3.06
20240510162001,3.04
20240510163001,2.3
20240510164001,1.63
20240510165001,2.57
20240524090001,20.27
20240524091001,13.85
20240524092001,10.6
20240524093001,4.96
20240524094001,9.23
20240524095001,24.43
20240524100001,30.68
20240524101001,32.17
20240524102001,38.01
20240524103001,36.91
20240524104001,50.42
20240524105001,51.8
20240524110001,31.95
20240524111001,35
20240524112001,34.53
20240524113001,37.42
20240524114001,34.44
20240524115001,37.14
20240524120001,122.39
20240524121001,13.31
20240524122001,9.87
20240524123001,412.53
20240524124001,559.54
20240524125001,510.15
20240524130001,439.94
20240524131001,574.41
20240524132001,107.11
20240524133001,532.31
20240524134001,673.72
20240524135001,743.73
20240524140001,92.67
20240524141001,75.67
20240524142001,58.62
20240524143001,37.05
20240524144001,21.56
20240524145001,6.68
20240524150001,2.82
20240524151001,2.73
20240524152001,1.23
20240524153001,6.24
20240524154001,1.54
20240524155001,0.56
20240524160001,0.86
20240524161001,0.08
20240524162001,0.62
20240524163001,1.34
20240524164001,1.41
20240524165001,2.53
20240623090001,22.43
20240623091001,31.01
20240623092001,36.52
20240623093001,25.85
20240623094001,31.16
20240623095001,46.17
20240623100001,89.03
20240623101001,33.96
20240623102001,20.44
20240623103001,0
20240623104001,9.64
20240623105001,4.08
20240623110001,3.52
20240623111001,2.34
20240623112001,7.18
20240623113001,12.08
20240623114001,0
20240623115001,17.07
20240623120001,1.1
20240623121001,8.74
20240623122001,2.4
20240623123001,6.41
20240623124001,13.88
20240623125001,11.51
20240623130001,7.49
20240623131001,3.32
20240623132001,7.37
20240623133001,7.61
20240623134001,3.79
20240623135001,4.66
20240623140001,0.98
20240623141001,1.25
20240623142001,0
20240623143001,1.34
20240623144001,0
20240623145001,3.5
20240623150001,6.56
20240623151001,7.14
20240623152001,0
20240623153001,0.32
20240623154001,0
20240623155001,4.57
20240623160001,4.22
20240623161001,5.2
20240623162001,16.3
20240623163001,0.86
20240623164001,1.64
20240623165001,7.05
20240627090001,21.43
20240627091001,15.49
20240627092001,17.02
20240627093001,29.22
20240627094001,74.12
20240627095001,68.14
20240627100001,47.79
20240627101001,57.39
20240627102001,70.92
20240627103001,48.38
20240627104001,99.23
20240627105001,266.41
20240627110001,411.4
20240627111001,476.2
20240627112001,541.64
20240627113001,478.12
20240627114001,614.4
20240627115001,655.74
20240627120001,1275.44
20240627121001,705.86
20240627122001,495.52
20240627123001,588.06
20240627124001,439.94
20240627125001,612.3
20240627130001,588.86
20240627131001,629.52
20240627132001,424.35
20240627133001,578.28
20240627134001,594.58
20240627135001,405.73
20240627140001,390.74
20240627141001,273.66
20240627142001,108.04
20240627143001,25.83
20240627144001,31.85
20240627145001,34.56
20240627150001,37.28
20240627151001,35.2
20240627152001,38.74
20240627153001,17.61
20240627154001,11.03
20240627155001,13.01
20240627160001,11.3
20240627161001,4.1
20240627162001,6.25
20240627163001,0
20240627164001,0
20240627165001,0
20240713090001,22.45
20240713091001,16.74
20240713092001,22.74
20240713093001,13.06
20240713094001,16.3
20240713095001,53.14
20240713100001,27.87
20240713101001,46.8
20240713102001,47.4
20240713103001,76.65
20240713104001,125.6
20240713105001,872.16
20240713110001,678
20240713111001,737.52
20240713112001,723.58
20240713113001,684.51
20240713114001,752.58
20240713115001,676.5
20240713120001,720.46
20240713121001,522.48
20240713122001,665.28
20240713123001,531.25
20240713124001,512.22
20240713125001,485.35
20240713130001,577.5
20240713131001,382.25
20240713132001,87.87
20240713133001,44.62
20240713134001,2.67
20240713135001,8.4
20240713140001,0
20240713141001,4.34
20240713142001,5.13
20240713143001,2.96
20240713144001,1.65
20240713145001,9.54
20240713150001,13.18
20240713151001,0
20240713152001,5.74
20240713153001,0.98
20240713154001,2.46
20240713155001,4.74
20240713160001,6.8
20240713161001,5.94
20240713162001,4.03
20240713163001,1.46
20240713164001,1.21
20240713165001,1.35
20240715090001,21.36
20240715091001,11.29
20240715092001,19.8
20240715093001,35.11
20240715094001,15.03
20240715095001,11.85
20240715100001,12.05
20240715101001,7.38
20240715102001,6.52
20240715103001,3.27
20240715104001,3.6
20240715105001,1.73
20240715110001,4.7
20240715111001,2.02
20240715112001,9.9
20240715113001,8.01
20240715114001,7.47
20240715115001,6.98
20240715120001,6.15
20240715121001,5.85
20240715122001,6.82
20240715123001,7.88
20240715124001,12.28
20240715125001,7.2
20240715130001,3.88
20240715131001,2.84
20240715132001,3.5
20240715133001,0.72
20240715134001,1.44
20240715135001,1.13
20240715140001,0.76
20240715141001,2.06
20240715142001,4.12
20240715143001,3.67
20240715144001,2.04
20240715145001,0
20240715150001,10.61
20240715151001,0
20240715152001,1.57
20240715153001,0
20240715154001,0
20240715155001,0
20240715160001,6.54
20240715161001,1.99
20240715162001,0.55
20240715163001,0.94
20240715164001,0
20240715165001,1.86
20240927090004,30.02
20240927091004,23.22
20240927092004,9.88
20240927093004,5.58
20240927094004,18.48
20240927095004,22.04
20240927100004,29.68
20240927101004,283.86
20240927102004,388.25
20240927103004,377.22
20240927104004,477.1
20240927105004,636.74
20240927110004,720.18
20240927111004,741.5
20240927112004,793.54
20240927113004,682.42
20240927114004,737.83
20240927115004,730.25
20240927120004,742.53
20240927121004,722.29
20240927122004,639.08
20240927123004,719.34
20240927124004,488.18
20240927125004,359.58
20240927130004,677.74
20240927131004,692.77
20240927132004,680.74
20240927133004,655.56
20240927134004,706.12
20240927135004,711.54
20240927140004,512.1
20240927141004,482.07
20240927142004,138.71
20240927143004,98.75
20240927144004,55.62
20240927145004,123.33
20240927150004,31.14
20240927151004,44.51
20240927152004,30.54
20240927153004,30.41
20240927154004,31.26
20240927155004,16.58
20240927160004,0
20240927161004,1
20240927162004,0
20240927163004,0
20240927164004,0
20240927165004,5.26
20241018090004,14.24
20241018091004,26.95
20241018092004,26.22
20241018093004,38.88
20241018094004,34.21
20241018095004,31.18
20241018100004,44.56
20241018101004,59.48
20241018102004,51.14
20241018103004,47.28
20241018104004,80.06
20241018105004,142.29
20241018110004,64.22
20241018111004,68.84
20241018112004,99.88
20241018113004,86.11
20241018114004,24.48
20241018115004,21.27
20241018120004,35.84
20241018121004,33.99
20241018122004,24.33
20241018123004,24.54
20241018124004,13.82
20241018125004,13
20241018130004,2.58
20241018131004,2.58
20241018132004,5.32
20241018133004,16
20241018134004,0.41
20241018135004,2.35
20241018140004,0.51
20241018141004,3.97
=======
20240510151001,0.76
20240510152001,1.32
20240510153001,2.43
20240510154001,1.66
20240510155001,3.85
20240510160001,3.94
20240510161001,2.04
20240510162001,2.03
20240510163001,1.53
20240510164001,1.09
20240510165001,1.71
20240524090001,13.52
20240524091001,9.23
20240524092001,7.07
20240524093001,3.31
20240524094001,6.16
20240524095001,16.29
20240524100001,20.45
20240524101001,21.45
20240524102001,25.34
20240524103001,24.6
20240524104001,33.61
20240524105001,34.54
20240524110001,21.3
20240524111001,23.34
20240524112001,23.02
20240524113001,24.95
20240524114001,22.96
20240524115001,24.76
20240524120001,81.6
20240524121001,8.88
20240524122001,6.58
20240524123001,320.75
20240524124001,429.49
20240524125001,405.61
20240524130001,363.01
20240524131001,468.11
20240524132001,80.29
20240524133001,434.11
20240524134001,546.49
20240524135001,626.55
20240524140001,67.74
20240524141001,54.7
20240524142001,41.02
20240524143001,24.7
20240524144001,14.37
20240524145001,4.46
20240524150001,1.88
20240524151001,1.82
20240524152001,0.82
20240524153001,4.16
20240524154001,1.03
20240524155001,0.37
20240524160001,0.58
20240524161001,0.05
20240524162001,2.3
20240524163001,1.25
20240524164001,0.94
20240524165001,1.69
20240623090001,14.95
20240623091001,20.67
20240623092001,24.35
20240623093001,17.23
20240623094001,20.77
20240623095001,30.78
20240623100001,59.36
20240623101001,22.64
20240623102001,13.63
20240623103001,0
20240623104001,7.4
20240623105001,2.72
20240623110001,9.62
20240623111001,18.45
20240623112001,23.42
20240623113001,11.22
20240623114001,5.34
20240623115001,27.07
20240623120001,19.38
20240623121001,5.83
20240623122001,2.83
20240623123001,4.27
20240623124001,9.25
20240623125001,7.67
20240623130001,4.99
20240623131001,2.21
20240623132001,4.91
20240623133001,5.07
20240623134001,2.53
20240623135001,12.63
20240623140001,13.07
20240623141001,6.89
20240623142001,6.23
20240623143001,3.05
20240623144001,0.7
20240623145001,11.62
20240623150001,5.29
20240623151001,8.85
20240623152001,4.04
20240623153001,5.45
20240623154001,2.02
20240623155001,3.05
20240623160001,2.82
20240623161001,5.57
20240623162001,19.99
20240623163001,13.11
20240623164001,1.09
20240623165001,18.79
20240627090001,14.29
20240627091001,19.89
20240627092001,41.82
20240627093001,46.82
20240627094001,78.99
20240627095001,92.47
20240627100001,71.08
20240627101001,111.85
20240627102001,73.88
20240627103001,67.56
20240627104001,184.7
20240627105001,296.15
20240627110001,439.21
20240627111001,554.17
20240627112001,594.94
20240627113001,548.38
20240627114001,655.51
20240627115001,827.43
20240627120001,1208.8
20240627121001,810.87
20240627122001,562.13
20240627123001,726.33
20240627124001,491.49
20240627125001,743.56
20240627130001,619.64
20240627131001,761.47
20240627132001,482.29
20240627133001,675.2
20240627134001,739.97
20240627135001,505.81
20240627140001,463.57
20240627141001,335.59
20240627142001,158.08
20240627143001,69.38
20240627144001,61.77
20240627145001,66.01
20240627150001,66.66
20240627151001,64.68
20240627152001,51.94
20240627153001,39.69
20240627154001,38.15
20240627155001,24.16
20240627160001,26.33
20240627161001,3.34
20240627162001,4.17
20240627163001,0
20240627164001,0
20240627165001,0
20240713090001,14.97
20240713091001,17.4
20240713092001,15.16
20240713093001,8.71
20240713094001,10.87
20240713095001,43.7
20240713100001,18.58
20240713101001,44.72
20240713102001,48.74
20240713103001,79.9
20240713104001,110.17
20240713105001,747.45
20240713110001,688.86
20240713111001,733.86
20240713112001,767.09
20240713113001,834.5
20240713114001,856.32
20240713115001,795.04
20240713120001,825.17
20240713121001,593.4
20240713122001,790.88
20240713123001,637.55
20240713124001,577.81
20240713125001,525
20240713130001,573.87
20240713131001,407.37
20240713132001,145.05
20240713133001,62.84
20240713134001,20.65
20240713135001,35.19
20240713140001,20.86
20240713141001,27.2
20240713142001,3.42
20240713143001,4.69
20240713144001,2.23
20240713145001,6.36
20240713150001,8.78
20240713151001,0
20240713152001,3.83
20240713153001,0.87
20240713154001,10.68
20240713155001,9.45
20240713160001,8.76
20240713161001,9.07
20240713162001,3.3
20240713163001,11.73
20240713164001,3.73
20240713165001,9.27
20240715090001,14.24
20240715091001,7.53
20240715092001,13.2
20240715093001,23.41
20240715094001,10.02
20240715095001,7.9
20240715100001,8.03
20240715101001,4.92
20240715102001,4.35
20240715103001,5.23
20240715104001,9.12
20240715105001,9.84
20240715110001,19.5
20240715111001,18.36
20240715112001,16.01
20240715113001,5.34
20240715114001,4.98
20240715115001,4.65
20240715120001,4.1
20240715121001,3.9
20240715122001,4.55
20240715123001,5.25
20240715124001,8.18
20240715125001,4.8
20240715130001,2.59
20240715131001,1.89
20240715132001,2.33
20240715133001,0.48
20240715134001,0.96
20240715135001,0.75
20240715140001,0.51
20240715141001,1.38
20240715142001,2.75
20240715143001,2.45
20240715144001,1.36
20240715145001,0
20240715150001,7.07
20240715151001,0
20240715152001,1.05
20240715153001,0
20240715154001,0
20240715155001,0
20240715160001,4.63
20240715161001,6.03
20240715162001,0.37
20240715163001,4.78
20240715164001,0
20240715165001,1.24
20240927090004,29.5
20240927091004,33.21
20240927092004,25.57
20240927093004,16.02
20240927094004,32.15
20240927095004,38.9
20240927100004,83.23
20240927101004,257.32
20240927102004,333.1
20240927103004,349.14
20240927104004,461.23
20240927105004,654.15
20240927110004,724.1
20240927111004,755.57
20240927112004,762.96
20240927113004,654.06
20240927114004,704.36
20240927115004,689.77
20240927120004,701.83
20240927121004,681.91
20240927122004,612.31
20240927123004,665.03
20240927124004,432.65
20240927125004,331.83
20240927130004,631.11
20240927131004,632.96
20240927132004,623.03
20240927133004,578.61
20240927134004,638.14
20240927135004,615.98
20240927140004,496.77
20240927141004,422.31
20240927142004,171.11
20240927143004,144.96
20240927144004,89.93
20240927145004,156.82
20240927150004,74.14
20240927151004,76.91
20240927152004,48.42
20240927153004,56.7
20240927154004,46.67
20240927155004,44.64
20240927160004,21.25
20240927161004,0.67
20240927162004,0
20240927163004,0
20240927164004,7.22
20240927165004,18.04
20241018090004,9.5
20241018091004,17.97
20241018092004,17.48
20241018093004,25.92
20241018094004,22.81
20241018095004,20.79
20241018100004,29.71
20241018101004,50.1
20241018102004,52.67
20241018103004,42.42
20241018104004,94
20241018105004,147.28
20241018110004,102.27
20241018111004,100
20241018112004,130.4
20241018113004,115.25
20241018114004,53.72
20241018115004,53.26
20241018120004,68.68
20241018121004,63.83
20241018122004,45.56
20241018123004,42.99
20241018124004,28.43
20241018125004,31.51
20241018130004,26.25
20241018131004,14.13
20241018132004,14.68
20241018133004,31.03
20241018134004,9.51
20241018135004,20.54
20241018140004,14.65
20241018141004,16.59
>>>>>>> 5ad4edb873be4b2ff7e7d0a953e88f6c741dee3f
20241018142004,0
20241018143004,0
20241018144004,0
20241018145004,0
20241018150004,0
20241018151004,0
20241018152004,0
20241018153004,0
20241018154004,0
20241018155004,0
20241018160004,0
<<<<<<< HEAD
20241018161004,9.37
20241018162004,14.57
20241018163004,14.6
20241018164004,17.64
20241018165004,24.94
20240918090007,16.25
20240918091007,17.37
20240918092007,34.3
20240918093007,95.86
20240918094007,437.28
20240918095007,508.48
20240918100007,44.4
20240918101007,49.1
20240918102007,40.47
20240918103007,461.22
20240918104007,561.69
20240918105007,95.74
20240918110007,67.72
20240918111007,59.76
20240918112007,13.3
20240918113007,5.08
20240918114007,2.74
20240918115007,0
20240918120007,0
20240918121007,5.34
20240918122007,1.49
20240918123007,0
20240918124007,1.94
20240918125007,6.38
20240918130007,20.62
20240918131007,10.87
20240918132007,78.37
20240918133007,54.63
20240918134007,51.16
20240918135007,13.41
20240918140007,43.97
20240918141007,11.88
=======
20241018161004,6.24
20241018162004,9.71
20241018163004,9.73
20241018164004,11.76
20241018165004,16.63
20240918090007,14.2
20240918091007,21.4
20240918092007,35.97
20240918093007,90.83
20240918094007,336.87
20240918095007,402.8
20240918100007,29.6
20240918101007,64.47
20240918102007,40.39
20240918103007,373.71
20240918104007,453.36
20240918105007,88.79
20240918110007,78.95
20240918111007,57.35
20240918112007,8.87
20240918113007,3.39
20240918114007,1.83
20240918115007,0
20240918120007,0
20240918121007,3.56
20240918122007,0.99
20240918123007,0
20240918124007,1.29
20240918125007,4.26
20240918130007,13.75
20240918131007,7.24
20240918132007,67.54
20240918133007,42.38
20240918134007,34.1
20240918135007,8.94
20240918140007,29.31
20240918141007,7.92
>>>>>>> 5ad4edb873be4b2ff7e7d0a953e88f6c741dee3f
20240918142007,0
20240918143007,0
20240918144007,0
20240918145007,0
20240918150007,0
20240918151007,0
20240918152007,0
20240918153007,0
20240918154007,0
20240918155007,0
20240918160007,0
20240918161007,0
20240918162007,0
20240918163007,0
20240918164007,0
20240918165007,0
<<<<<<< HEAD
20240920090007,1.69
20240920091007,2.84
20240920092007,7.34
20240920093007,7.41
20240920094007,4.22
20240920095007,6.19
20240920100007,3.34
20240920101007,6.86
20240920102007,2.19
20240920103007,9.43
20240920104007,5.35
20240920105007,0.58
20240920110007,0
20240920111007,8.3
20240920112007,7
20240920113007,2.88
20240920114007,0
20240920115007,0
20240920120007,0
20240920121007,0
20240920122007,3.23
20240920123007,3.98
20240920124007,18.73
20240920125007,3.78
20240920130007,15.43
20240920131007,0
20240920132007,1.67
20240920133007,4.43
20240920134007,2.84
20240920135007,0
20240920140007,0
20240920141007,3.45
20240920142007,3.46
20240920143007,3.69
20240920144007,0
20240920145007,5.18
20240920150007,10.03
=======
20240920090007,1.13
20240920091007,1.89
20240920092007,4.89
20240920093007,4.94
20240920094007,2.81
20240920095007,8.04
20240920100007,11.97
20240920101007,27.78
20240920102007,14.87
20240920103007,17.75
20240920104007,9.81
20240920105007,1.62
20240920110007,10
20240920111007,13.7
20240920112007,21.8
20240920113007,18.73
20240920114007,11.51
20240920115007,13.33
20240920120007,12.94
20240920121007,0
20240920122007,3.62
20240920123007,2.65
20240920124007,19.08
20240920125007,5.13
20240920130007,20.21
20240920131007,0
20240920132007,2.24
20240920133007,4.84
20240920134007,1.89
20240920135007,10.07
20240920140007,21.66
20240920141007,21.57
20240920142007,2.86
20240920143007,3.15
20240920144007,7.81
20240920145007,7.34
20240920150007,6.68
>>>>>>> 5ad4edb873be4b2ff7e7d0a953e88f6c741dee3f
20240920151007,0
20240920152007,0
20240920153007,0
20240920154007,0
20240920155007,0
<<<<<<< HEAD
20240920160007,0
=======
20240920160007,0.83
>>>>>>> 5ad4edb873be4b2ff7e7d0a953e88f6c741dee3f
20240920161007,0
20240920162007,0
20240920163007,0
20240920164007,0
20240920165007,0
<<<<<<< HEAD
20241016090007,9.03
20241016091007,6.41
20241016092007,14.27
20241016093007,23.02
20241016094007,22.65
20241016095007,71.73
20241016100007,610.12
20241016101007,689.64
20241016102007,822.59
20241016103007,765.08
20241016104007,780.52
20241016105007,821.09
20241016110007,1180.03
20241016111007,1155.26
20241016112007,1211.56
20241016113007,1212.16
20241016114007,1354.5
20241016115007,1310.76
20241016120007,1304.93
20241016121007,1395.01
20241016122007,1321.91
20241016123007,1162.84
20241016124007,1011.95
20241016125007,1064.21
20241016130007,1189.39
20241016131007,1171.67
20241016132007,1236.54
20241016133007,1075.17
20241016134007,1114.85
20241016135007,555.34
20241016140007,538.56
20241016141007,488.75
20241016142007,473.31
20241016143007,230.46
20241016144007,144.38
20241016145007,107.17
20241016150007,60.7
20241016151007,48.27
20241016152007,14.15
20241016153007,16.4
20241016154007,9.15
20241016155007,2.04
20241016160007,0
20241016161007,0.43
20241016162007,0
20241016163007,0
20241016164007,0
20241016165007,0
20240922090008,68.64
20240922091008,464.53
20240922092008,532.52
20240922093008,48.13
20240922094008,277.5
20240922095008,439.4
20240922100008,429.77
20240922101008,377.2
20240922102008,410.71
20240922103008,417.75
20240922104008,424.02
20240922105008,432.64
20240922110008,505.53
20240922111008,389.5
20240922112008,291.08
20240922113008,163.4
20240922114008,280.86
20240922115008,266.71
20240922120008,256.42
20240922121008,262.94
20240922122008,274.66
20240922123008,202.43
20240922124008,130.32
20240922125008,145.72
20240922130008,140.11
20240922131008,49.62
20240922132008,20
20240922133008,26.44
20240922134008,17.9
20240922135008,15.34
20240922140008,0
20240922141008,2.66
20240922142008,11.25
20240922143008,28.92
20240922144008,16.2
20240922145008,18.86
20240922150008,13.28
20240922151008,13.25
20240922152008,7.47
20240922153008,7.68
20240922154008,6.98
20240922155008,4.7
20240922160008,7.84
20240922161008,14.09
20240922162008,4.9
20240922163008,9.69
20240922164008,6.09
20240922165008,4.43
20240928090008,18.98
20240928091008,14.37
20240928092008,18.86
20240928093008,24.59
20240928094008,20.95
20240928095008,20.56
20240928100008,24.64
20240928101008,53.84
20240928102008,64.84
20240928103008,55.22
20240928104008,78.64
20240928105008,135.44
20240928110008,129.02
20240928111008,702.79
20240928112008,115.36
20240928113008,49.97
20240928114008,98.94
20240928115008,96.58
20240928120008,130.01
20240928121008,138.51
20240928122008,136.62
20240928123008,122.09
20240928124008,158.44
20240928125008,176.64
20240928130008,170.64
20240928131008,194.56
20240928132008,629.7
20240928133008,103.43
20240928134008,53.89
20240928135008,16.27
20240928140008,47.84
20240928141008,31.52
20240928142008,28.56
20240928143008,5.89
20240928144008,5.74
20240928145008,23.63
20240928150008,18.03
20240928151008,7.68
20240928152008,2.27
20240928153008,0
20240928154008,0
20240928155008,0
20240928160008,0
20240928161008,0
20240928162008,0
20240928163008,0.1
20240928164008,0
20240928165008,0
20241011090008,19.04
20241011091008,24.72
20241011092008,15.33
20241011093008,19.53
20241011094008,41.92
20241011095008,7.82
20241011100008,0
20241011101008,0.63
20241011102008,0
20241011103008,0
20241011104008,0
20241011105008,0.66
20241011110008,0
20241011111008,0.89
20241011112008,6.04
20241011113008,2.22
20241011114008,7.66
20241011115008,8.59
20241011120008,8.04
20241011121008,0.48
20241011122008,0
20241011123008,0
20241011124008,1.88
20241011125008,6.07
20241011130008,8.99
20241011131008,3.54
20241011132008,8.66
20241011133008,14.91
20241011134008,22.44
20241011135008,24.66
20241011140008,29.74
20241011141008,14.25
20241011142008,5.47
20241011143008,1.56
20241011144008,0
20241011145008,36.94
20241011150008,11.56
20241011151008,22.63
20241011152008,0
20241011153008,4
20241011154008,1.05
20241011155008,7.88
20241011160008,15.54
20241011161008,14.7
20241011162008,21.01
20241011163008,17.83
20241011164008,21.55
20241011165008,17.14
20241016090008,12.37
20241016091008,11.38
20241016092008,7.38
20241016093008,8.51
20241016094008,9.13
20241016095008,7.48
20241016100008,16.79
20241016101008,17.79
20241016102008,4.24
20241016103008,5.34
20241016104008,9.82
20241016105008,4.08
20241016110008,0
20241016111008,9.92
20241016112008,0
20241016113008,0
20241016114008,0
20241016115008,4.3
20241016120008,5.89
20241016121008,7.93
=======
20241016090007,7.55
20241016091007,5.54
20241016092007,18.08
20241016093007,29.06
20241016094007,35.96
20241016095007,158.19
20241016100007,570.63
20241016101007,650.29
20241016102007,829.25
20241016103007,784.49
20241016104007,790.26
20241016105007,870.17
20241016110007,1103.97
20241016111007,1083.28
20241016112007,1158.69
20241016113007,1217.56
20241016114007,1356.13
20241016115007,1288.66
20241016120007,1311.48
20241016121007,1380.41
20241016122007,1327.46
20241016123007,1216.49
20241016124007,980.89
20241016125007,1034.54
20241016130007,1229.65
20241016131007,1220.18
20241016132007,1264.92
20241016133007,1120.59
20241016134007,1139.03
20241016135007,722.31
20241016140007,619.71
20241016141007,555.37
20241016142007,527.19
20241016143007,328.83
20241016144007,233.6
20241016145007,162.7
20241016150007,112.72
20241016151007,82.61
20241016152007,43.82
20241016153007,58.63
20241016154007,41.99
20241016155007,25.36
20241016160007,22.82
20241016161007,0.96
20241016162007,3.8
20241016163007,16.24
20241016164007,9.68
20241016165007,6.66
20240922090008,85.1
20240922091008,414.57
20240922092008,454.15
20240922093008,84.87
20240922094008,271.3
20240922095008,506.99
20240922100008,422.06
20240922101008,357.4
20240922102008,422.32
20240922103008,454.65
20240922104008,458.95
20240922105008,446.87
20240922110008,510.22
20240922111008,449.54
20240922112008,390.99
20240922113008,222.62
20240922114008,290.36
20240922115008,320.35
20240922120008,279.12
20240922121008,279.43
20240922122008,287.59
20240922123008,252.79
20240922124008,183.99
20240922125008,190.51
20240922130008,161.8
20240922131008,81.11
20240922132008,38.43
20240922133008,40.98
20240922134008,46.39
20240922135008,47.71
20240922140008,28.37
20240922141008,30.5
20240922142008,34.9
20240922143008,45.74
20240922144008,31.17
20240922145008,28.53
20240922150008,24.63
20240922151008,25.1
20240922152008,23.78
20240922153008,22.71
20240922154008,19.87
20240922155008,19.97
20240922160008,18.33
20240922161008,27.67
20240922162008,24.46
20240922163008,29.24
20240922164008,14.02
20240922165008,12.92
20240928090008,16.53
20240928091008,22.95
20240928092008,26.41
20240928093008,33.78
20240928094008,29.97
20240928095008,36.24
20240928100008,86.17
20240928101008,106.57
20240928102008,117.24
20240928103008,101.57
20240928104008,107.43
20240928105008,159.49
20240928110008,176.7
20240928111008,633.01
20240928112008,131.22
20240928113008,97.4
20240928114008,115.6
20240928115008,129.64
20240928120008,159.45
20240928121008,156.86
20240928122008,158.61
20240928123008,126.71
20240928124008,167.11
20240928125008,197.88
20240928130008,177.48
20240928131008,220.54
20240928132008,527.39
20240928133008,150.68
20240928134008,74.69
20240928135008,58.01
20240928140008,68.84
20240928141008,60.06
20240928142008,36.43
20240928143008,8.22
20240928144008,9.49
20240928145008,15.75
20240928150008,12.02
20240928151008,5.12
20240928152008,6.1
20240928153008,4.59
20240928154008,5.99
20240928155008,1.77
20240928160008,14.29
20240928161008,4.01
20240928162008,11.39
20240928163008,9.3
20240928164008,9.42
20240928165008,14.4
20241011090008,29.34
20241011091008,32.97
20241011092008,25.07
20241011093008,32.58
20241011094008,56.38
20241011095008,31.62
20241011100008,18.28
20241011101008,24.25
20241011102008,23.79
20241011103008,27.18
20241011104008,29.86
20241011105008,19.63
20241011110008,26.7
20241011111008,25.59
20241011112008,29.15
20241011113008,22
20241011114008,18.25
20241011115008,21.86
20241011120008,19.42
20241011121008,15.7
20241011122008,14.65
20241011123008,3.2
20241011124008,14.52
20241011125008,10.6
20241011130008,14.69
20241011131008,10.71
20241011132008,12.62
20241011133008,24.77
20241011134008,34.5
20241011135008,30.68
20241011140008,33.91
20241011141008,23.89
20241011142008,15.56
20241011143008,9.56
20241011144008,11.57
20241011145008,53.12
20241011150008,26.56
20241011151008,35.65
20241011152008,7.87
20241011153008,22.23
20241011154008,20.83
20241011155008,31.31
20241011160008,29.03
20241011161008,30.3
20241011162008,43.09
20241011163008,39.15
20241011164008,39.72
20241011165008,30.17
20241016090008,20.67
20241016091008,18.32
20241016092008,13.59
20241016093008,10.98
20241016094008,9.73
20241016095008,5.05
20241016100008,12.21
20241016101008,13.8
20241016102008,3.32
20241016103008,3.56
20241016104008,6.55
20241016105008,2.72
20241016110008,0
20241016111008,11.82
20241016112008,0
20241016113008,0
20241016114008,0
20241016115008,2.86
20241016120008,3.93
20241016121008,5.29
>>>>>>> 5ad4edb873be4b2ff7e7d0a953e88f6c741dee3f
20241016122008,0
20241016123008,0
20241016124008,0
20241016125008,0
<<<<<<< HEAD
20241016130008,2.93
20241016131008,6.34
20241016132008,5.15
20241016133008,0
20241016134008,8.99
20241016135008,9.77
20241016140008,9.4
20241016141008,7.42
20241016142008,8.46
20241016143008,9.38
20241016144008,4.64
20241016145008,6.42
20241016150008,4.96
20241016151008,5.04
20241016152008,7.18
20241016153008,7.95
20241016154008,11.99
20241016155008,11.93
20241016160008,19.22
20241016161008,13.22
20241016162008,8.89
20241016163008,8.21
20241016164008,5.89
20241016165008,5.03
20241018090008,60.7
20241018091008,43.77
20241018092008,42.8
20241018093008,40.89
20241018094008,73.39
20241018095008,384.26
20241018100008,205.93
20241018101008,147.79
20241018102008,185.33
20241018103008,150.4
20241018104008,190.24
20241018105008,188.23
20241018110008,247.6
20241018111008,184.2
20241018112008,227.78
20241018113008,158.88
20241018114008,125.9
20241018115008,132.51
20241018120008,112.52
20241018121008,117.32
20241018122008,116.29
20241018123008,64.2
20241018124008,67.53
20241018125008,72.47
20241018130008,45.91
20241018131008,46.85
20241018132008,31.03
20241018133008,20.7
20241018134008,15.49
20241018135008,25.24
20241018140008,37.48
20241018141008,30.49
20241018142008,16.92
20241018143008,26.15
20241018144008,24.46
20241018145008,21.44
20241018150008,16.96
20241018151008,7.46
20241018152008,10
20241018153008,11.2
20241018154008,11.52
20241018155008,1.77
20241018160008,1.54
20241018161008,0
20241018162008,0
20241018163008,0
20241018164008,0
20241018165008,0
20241028090008,352.81
20241028091008,426.02
20241028092008,492.91
20241028093008,505.71
20241028094008,565.36
20241028095008,458.22
20241028100008,443.28
20241028101008,318.02
20241028102008,67.47
20241028103008,211.18
20241028104008,101.02
20241028105008,107.03
20241028110008,250.72
20241028111008,228.72
20241028112008,208.91
20241028113008,277.62
20241028114008,283.92
20241028115008,142.4
20241028120008,233.54
20241028121008,194.56
20241028122008,192.28
20241028123008,135.68
20241028124008,111.38
20241028125008,150.4
20241028130008,23.44
20241028131008,8.9
20241028132008,3.75
20241028133008,54.38
20241028134008,11.88
20241028135008,0
20241028140008,30.04
20241028141008,7.98
20241028142008,12.73
20241028143008,18.06
20241028144008,17.6
20241028145008,21.89
20241028150008,15.46
20241028151008,8.87
20241028152008,3.42
20241028153008,3.04
20241028154008,11.83
20241028155008,9.84
20241028160008,8.62
20241028161008,10.09
20241028162008,11.53
20241028163008,8.24
20241028164008,7.37
20241028165008,8.9
20240922090009,14.94
20240922091009,11.14
20240922092009,0
20240922093009,8.55
20240922094009,0
20240922095009,0
20240922100009,6.96
20240922101009,2.88
20240922102009,12.36
20240922103009,13.81
20240922104009,28.91
20240922105009,116.5
20240922110009,115.54
20240922111009,140.08
20240922112009,132.04
20240922113009,32.83
20240922114009,65.14
20240922115009,54.32
20240922120009,73.12
20240922121009,287.04
20240922122009,212.8
20240922123009,240.45
20240922124009,268.66
20240922125009,370.28
20240922130009,350.54
20240922131009,412.59
20240922132009,638
20240922133009,141.81
20240922134009,55.97
20240922135009,146.55
20240922140009,200.84
20240922141009,218.7
20240922142009,178.6
20240922143009,65.7
20240922144009,66.2
20240922145009,21.21
20240922150009,27.53
20240922151009,43.42
20240922152009,27.27
20240922153009,17.95
20240922154009,9.83
20240922155009,6.5
20240922160009,2.92
20240922161009,0
20240922162009,5.35
20240922163009,3.28
20240922164009,1.97
20240922165009,0.79
20240928090009,253.44
20240928091009,368.04
20240928092009,367.06
20240928093009,334.28
20240928094009,513.68
20240928095009,597.94
20240928100009,759.8
20240928101009,811.76
20240928102009,930.31
20240928103009,1048.29
20240928104009,1028.31
20240928105009,1189.61
20240928110009,1300.49
20240928111009,1184.87
20240928112009,1315.34
20240928113009,1254.12
20240928114009,1159.78
20240928115009,1213.92
20240928120009,1180.02
20240928121009,1154.24
20240928122009,1064.57
20240928123009,960.34
20240928124009,983.85
20240928125009,930.5
20240928130009,939.64
20240928131009,973.26
20240928132009,1069.44
20240928133009,965.8
20240928134009,912.89
20240928135009,956
20240928140009,1097.62
20240928141009,833.31
20240928142009,699.38
20240928143009,559.73
20240928144009,152.86
20240928145009,110.37
20240928150009,21.7
20240928151009,31.92
20240928152009,6.28
20240928153009,5.54
20240928154009,3.2
20240928155009,12.41
20240928160009,12.47
20240928161009,8.35
20240928162009,12.31
20240928163009,9.99
20240928164009,12.84
20240928165009,9.57
20240920090010,50.58
20240920091010,56.48
20240920092010,78.48
20240920093010,205.27
20240920094010,636.04
20240920095010,760.38
20240920100010,913.12
20240920101010,965.44
20240920102010,681.96
20240920103010,717.56
20240920104010,969.36
20240920105010,1050.38
20240920110010,1270.14
20240920111010,1271.98
20240920112010,1271.97
20240920113010,1250.64
20240920114010,1309.56
20240920115010,1381.12
20240920120010,1490.33
20240920121010,1512.85
20240920122010,1394.41
20240920123010,1384.44
20240920124010,1388.82
20240920125010,1406.9
20240920130010,1425.01
20240920131010,1365.74
20240920132010,1438.45
20240920133010,1368.63
20240920134010,1363.11
20240920135010,1156.74
20240920140010,1223.01
20240920141010,847.52
20240920142010,792.82
20240920143010,505.29
20240920144010,284.01
20240920145010,156.68
20240920150010,55.21
20240920151010,64
20240920152010,44.5
20240920153010,44.3
20240920154010,13.35
20240920155010,8.07
20240920160010,23.64
20240920161010,18.75
20240920162010,20.93
20240920163010,23.04
20240920164010,21.23
20240920165010,4.8
20240928090010,57.44
20240928091010,29.02
20240928092010,78.57
20240928093010,424.68
20240928094010,449.34
20240928095010,575.45
20240928100010,476.52
20240928101010,444.35
20240928102010,606.2
20240928103010,791.33
20240928104010,1044.96
20240928105010,978.8
20240928110010,1251.99
20240928111010,1230.68
20240928112010,1259.76
20240928113010,1255.63
20240928114010,1244.36
20240928115010,1041.85
20240928120010,1105.19
20240928121010,1091.74
20240928122010,1040.67
20240928123010,780.46
20240928124010,815.4
20240928125010,856.82
20240928130010,834.18
20240928131010,655.26
20240928132010,520.18
20240928133010,443.19
20240928134010,464.4
20240928135010,328.52
20240928140010,63.98
20240928141010,66.72
20240928142010,0
20240928143010,39.84
20240928144010,45.38
20240928145010,72.05
20240928150010,44.2
20240928151010,39.73
20240928152010,27.15
20240928153010,51.78
20240928154010,31.88
20240928155010,18.29
20240928160010,14
20240928161010,12.83
20240928162010,6.82
20240928163010,5.43
20240928164010,28.9
20240928165010,13.64
20240919090012,73.66
20240919091012,54
20240919092012,100.74
20240919093012,145.15
20240919094012,238.18
20240919095012,323.13
20240919100012,458.61
20240919101012,417.7
20240919102012,359.81
20240919103012,772.53
20240919104012,1011.51
20240919105012,1028.81
20240919110012,1244.8
20240919111012,1274.64
20240919112012,1291.47
20240919113012,1231.9
20240919114012,1289.73
20240919115012,1337.46
20240919120012,1336.97
20240919121012,1331.3
20240919122012,1353.2
20240919123012,1349.75
20240919124012,1347.27
20240919125012,1258.6
20240919130012,1286.39
20240919131012,1309.99
20240919132012,1349.44
20240919133012,1408.16
20240919134012,1384.17
20240919135012,1403.6
20240919140012,1156.03
20240919141012,1129.72
20240919142012,1342.09
20240919143012,1330.84
20240919144012,1209.08
20240919145012,1101.6
20240919150012,893.55
20240919151012,564.15
20240919152012,236.88
20240919153012,72.3
20240919154012,144.99
20240919155012,23.09
20240919160012,49.36
20240919161012,69.82
20240919162012,27.12
20240919163012,1.06
20240919164012,4.04
20240919165012,9.21
20240923090012,42.28
20240923091012,43.7
20240923092012,114.66
20240923093012,331.94
20240923094012,541.88
20240923095012,822.9
20240923100012,617.14
20240923101012,566.49
20240923102012,733.66
20240923103012,809.12
20240923104012,997.57
20240923105012,1019.98
20240923110012,1405.78
20240923111012,1500.83
20240923112012,1581.45
20240923113012,1532.26
20240923114012,1439.37
20240923115012,1461.76
20240923120012,1538.44
20240923121012,1614.35
20240923122012,1539.24
20240923123012,1474.87
20240923124012,1544.95
20240923125012,1538.12
20240923130012,1577.9
20240923131012,1587.03
20240923132012,1619.9
20240923133012,1521.32
20240923134012,1501.57
20240923135012,1437.23
20240923140012,1525.16
20240923141012,1455.93
20240923142012,1388.7
20240923143012,1389.62
20240923144012,1206.83
20240923145012,1200.56
20240923150012,1021.64
20240923151012,918.94
20240923152012,376.64
20240923153012,197.54
20240923154012,109.9
20240923155012,92.5
20240923160012,81.4
20240923161012,63.01
20240923162012,52.98
20240923163012,27.98
20240923164012,24.61
20240923165012,30.2
20241002090012,19.54
20241002091012,21.76
20241002092012,55.97
20241002093012,193.28
20241002094012,183.47
20241002095012,248.47
20241002100012,335.53
20241002101012,486.02
20241002102012,461.98
20241002103012,693.42
20241002104012,1064.31
20241002105012,1239.81
20241002110012,1421.03
20241002111012,1448.32
20241002112012,1466.14
20241002113012,1472.86
20241002114012,1178.12
20241002115012,1224.11
20241002120012,1222.66
20241002121012,1223.69
20241002122012,1228.34
20241002123012,1282.8
20241002124012,1462.84
20241002125012,1508.15
20241002130012,1512.59
20241002131012,1377.99
20241002132012,1275.43
20241002133012,1383.49
20241002134012,1420.07
20241002135012,1388.59
20241002140012,1296.33
20241002141012,1351.07
20241002142012,1200.82
20241002143012,1357.6
20241002144012,1533.92
20241002145012,1067.91
20241002150012,928.21
20241002151012,479.15
20241002152012,131.52
20241002153012,60.09
20241002154012,60.57
20241002155012,14.81
20241002160012,236.51
20241002161012,36.06
20241002162012,46.82
20241002163012,34.77
20241002164012,46.88
20241002165012,25.61
=======
20241016130008,1.95
20241016131008,4.22
20241016132008,3.43
20241016133008,0
20241016134008,6
20241016135008,14.27
20241016140008,10.52
20241016141008,10.93
20241016142008,14.48
20241016143008,10.6
20241016144008,12.18
20241016145008,15.91
20241016150008,11.57
20241016151008,11.57
20241016152008,11.89
20241016153008,21.16
20241016154008,21.22
20241016155008,21.08
20241016160008,20.55
20241016161008,19.14
20241016162008,18.26
20241016163008,15.67
20241016164008,8.8
20241016165008,8.47
20241018090008,44.02
20241018091008,34.89
20241018092008,28.57
20241018093008,31.53
20241018094008,67.09
20241018095008,301.76
20241018100008,185.05
20241018101008,175.35
20241018102008,191.33
20241018103008,155.55
20241018104008,208.01
20241018105008,201.69
20241018110008,250.56
20241018111008,190.51
20241018112008,210.4
20241018113008,144.52
20241018114008,103.81
20241018115008,124.98
20241018120008,124.5
20241018121008,108.33
20241018122008,99.75
20241018123008,56.1
20241018124008,77.82
20241018125008,76.92
20241018130008,47.41
20241018131008,57.3
20241018132008,34.31
20241018133008,30.4
20241018134008,23.48
20241018135008,37.59
20241018140008,41.44
20241018141008,40.38
20241018142008,17.63
20241018143008,26.73
20241018144008,24.55
20241018145008,21.76
20241018150008,16.75
20241018151008,11.45
20241018152008,17.09
20241018153008,17.48
20241018154008,14.48
20241018155008,5.14
20241018160008,3.15
20241018161008,3.54
20241018162008,4.92
20241018163008,5.94
20241018164008,6.72
20241018165008,6.6
20241028090008,315.33
20241028091008,386
20241028092008,456.64
20241028093008,482.94
20241028094008,543.37
20241028095008,404.88
20241028100008,420.26
20241028101008,311.16
20241028102008,49.19
20241028103008,185.01
20241028104008,101.19
20241028105008,125.09
20241028110008,234.52
20241028111008,231.73
20241028112008,211.46
20241028113008,262.41
20241028114008,282.7
20241028115008,152.76
20241028120008,226.9
20241028121008,179.76
20241028122008,170.72
20241028123008,125.35
20241028124008,113.78
20241028125008,147.21
20241028130008,31.64
20241028131008,15.74
20241028132008,19.21
20241028133008,48.27
20241028134008,42.53
20241028135008,22.31
20241028140008,31.23
20241028141008,21.8
20241028142008,32.36
20241028143008,24.4
20241028144008,22.19
20241028145008,22.29
20241028150008,16.3
20241028151008,5.91
20241028152008,5.05
20241028153008,3.97
20241028154008,7.89
20241028155008,7.34
20241028160008,6.64
20241028161008,6.73
20241028162008,7.69
20241028163008,5.5
20241028164008,4.91
20241028165008,5.94
20240922090009,19.71
20240922091009,22.46
20240922092009,3.18
20240922093009,15.13
20240922094009,0
20240922095009,0
20240922100009,4.64
20240922101009,1.92
20240922102009,12.81
20240922103009,22.58
20240922104009,30.69
20240922105009,99.78
20240922110009,113.68
20240922111009,143.34
20240922112009,138.13
20240922113009,39.65
20240922114009,57.72
20240922115009,62.16
20240922120009,110.56
20240922121009,263.46
20240922122009,224.58
20240922123009,270.15
20240922124009,296.93
20240922125009,395.25
20240922130009,392.78
20240922131009,434.61
20240922132009,618.71
20240922133009,167.88
20240922134009,54.67
20240922135009,155.62
20240922140009,217.55
20240922141009,245.37
20240922142009,188.56
20240922143009,84.93
20240922144009,90.8
20240922145009,47.3
20240922150009,46.11
20240922151009,52.92
20240922152009,49.22
20240922153009,38.92
20240922154009,28.45
20240922155009,22.59
20240922160009,32.21
20240922161009,25.9
20240922162009,23.86
20240922163009,24.47
20240922164009,22.88
20240922165009,23.72
20240928090009,202.29
20240928091009,294.78
20240928092009,331.49
20240928093009,323.23
20240928094009,450.93
20240928095009,518.32
20240928100009,665.04
20240928101009,743.6
20240928102009,834.59
20240928103009,1021.52
20240928104009,1012.15
20240928105009,1167.75
20240928110009,1240.85
20240928111009,1177.05
20240928112009,1325.02
20240928113009,1206.4
20240928114009,1163.98
20240928115009,1199.99
20240928120009,1205.07
20240928121009,1157.19
20240928122009,1028.28
20240928123009,949.52
20240928124009,973.48
20240928125009,918.55
20240928130009,928.26
20240928131009,927.12
20240928132009,993.81
20240928133009,938.32
20240928134009,819.62
20240928135009,852.24
20240928140009,964.61
20240928141009,726.47
20240928142009,606.3
20240928143009,500.53
20240928144009,162.85
20240928145009,102.5
20240928150009,35.89
20240928151009,41.71
20240928152009,17.71
20240928153009,16.43
20240928154009,16.72
20240928155009,14.51
20240928160009,16.85
20240928161009,7.53
20240928162009,10.44
20240928163009,6.66
20240928164009,11.82
20240928165009,10.25
20240920090010,87.78
20240920091010,103.05
20240920092010,98.18
20240920093010,246.69
20240920094010,571.09
20240920095010,698.07
20240920100010,813.93
20240920101010,865.5
20240920102010,747.56
20240920103010,779.93
20240920104010,966.27
20240920105010,1067.3
20240920110010,1250.32
20240920111010,1224.82
20240920112010,1231.34
20240920113010,1240.36
20240920114010,1279.26
20240920115010,1333.68
20240920120010,1391.81
20240920121010,1423.4
20240920122010,1366.55
20240920123010,1352.16
20240920124010,1350.55
20240920125010,1347.39
20240920130010,1374.35
20240920131010,1350.02
20240920132010,1406.75
20240920133010,1377.91
20240920134010,1312.54
20240920135010,1065.5
20240920140010,1081.23
20240920141010,781.18
20240920142010,724.32
20240920143010,486.53
20240920144010,283.97
20240920145010,160.52
20240920150010,99.12
20240920151010,105.26
20240920152010,93.91
20240920153010,101.98
20240920154010,59.53
20240920155010,17.8
20240920160010,58.05
20240920161010,63.4
20240920162010,64.16
20240920163010,53.37
20240920164010,47.89
20240920165010,41.35
20240928090010,85.08
20240928091010,64.82
20240928092010,129.18
20240928093010,370.67
20240928094010,377.71
20240928095010,487.61
20240928100010,460.38
20240928101010,480.1
20240928102010,610.78
20240928103010,772.31
20240928104010,975.23
20240928105010,992.89
20240928110010,1270.75
20240928111010,1258.53
20240928112010,1289.17
20240928113010,1249.99
20240928114010,1236.66
20240928115010,1109.74
20240928120010,1155.02
20240928121010,1150.33
20240928122010,1134.84
20240928123010,880.99
20240928124010,898.01
20240928125010,933.77
20240928130010,905.06
20240928131010,707.66
20240928132010,585.69
20240928133010,492.79
20240928134010,472.67
20240928135010,306.94
20240928140010,136.11
20240928141010,131.78
20240928142010,47.32
20240928143010,86.99
20240928144010,49.52
20240928145010,72.88
20240928150010,50.26
20240928151010,42
20240928152010,32.44
20240928153010,63.86
20240928154010,45.25
20240928155010,44
20240928160010,34.86
20240928161010,29.29
20240928162010,23.65
20240928163010,19.56
20240928164010,34.79
20240928165010,17.45
20240919090012,98.69
20240919091012,91.49
20240919092012,156.04
20240919093012,193.9
20240919094012,277.44
20240919095012,383.51
20240919100012,480.63
20240919101012,485.69
20240919102012,453.28
20240919103012,836.69
20240919104012,950.67
20240919105012,974.91
20240919110012,1162.98
20240919111012,1207.97
20240919112012,1218.39
20240919113012,1202.82
20240919114012,1273.51
20240919115012,1281.5
20240919120012,1306.6
20240919121012,1332.6
20240919122012,1351.32
20240919123012,1341.53
20240919124012,1337.82
20240919125012,1244.45
20240919130012,1289.51
20240919131012,1326.16
20240919132012,1326.25
20240919133012,1364.85
20240919134012,1316.12
20240919135012,1346.88
20240919140012,1067.26
20240919141012,1053.01
20240919142012,1297.37
20240919143012,1290.94
20240919144012,1183.19
20240919145012,1083.43
20240919150012,934.02
20240919151012,592.94
20240919152012,341.28
20240919153012,165.81
20240919154012,232
20240919155012,62.13
20240919160012,101.36
20240919161012,110.09
20240919162012,63.41
20240919163012,41.2
20240919164012,31.46
20240919165012,48.5
20240923090012,51.77
20240923091012,62.77
20240923092012,142.79
20240923093012,295.01
20240923094012,443
20240923095012,685.1
20240923100012,603.64
20240923101012,618.45
20240923102012,758.38
20240923103012,820.35
20240923104012,1000.71
20240923105012,1064.66
20240923110012,1340.67
20240923111012,1444.35
20240923112012,1498.65
20240923113012,1411.89
20240923114012,1373.43
20240923115012,1351.51
20240923120012,1435.11
20240923121012,1495.91
20240923122012,1479.16
20240923123012,1404.19
20240923124012,1455.55
20240923125012,1443.26
20240923130012,1494.21
20240923131012,1487.13
20240923132012,1541.29
20240923133012,1449.73
20240923134012,1438.82
20240923135012,1372.33
20240923140012,1465.28
20240923141012,1407.36
20240923142012,1364.76
20240923143012,1298.51
20240923144012,1167.68
20240923145012,1105.95
20240923150012,983.85
20240923151012,840.35
20240923152012,462.62
20240923153012,244.57
20240923154012,112.28
20240923155012,73.95
20240923160012,87.86
20240923161012,72.27
20240923162012,51.52
20240923163012,42.36
20240923164012,29.6
20240923165012,45
20241002090012,40.95
20241002091012,50.54
20241002092012,73.98
20241002093012,177.67
20241002094012,147.45
20241002095012,234.71
20241002100012,341.43
20241002101012,503.11
20241002102012,563.15
20241002103012,818.41
20241002104012,1113.22
20241002105012,1272.37
20241002110012,1394.14
20241002111012,1473.82
20241002112012,1492.29
20241002113012,1510.15
20241002114012,1174.7
20241002115012,1153
20241002120012,1175.95
20241002121012,1206.69
20241002122012,1203.71
20241002123012,1262.4
20241002124012,1475.76
20241002125012,1521.17
20241002130012,1524.23
20241002131012,1331.97
20241002132012,1274.25
20241002133012,1357.45
20241002134012,1369.65
20241002135012,1309.84
20241002140012,1220.61
20241002141012,1260.79
20241002142012,1137.23
20241002143012,1258.51
20241002144012,1424.02
20241002145012,973.44
20241002150012,837.63
20241002151012,478.7
20241002152012,148.78
20241002153012,77.18
20241002154012,88.75
20241002155012,37.29
20241002160012,218.67
20241002161012,40.89
20241002162012,59.39
20241002163012,59.38
20241002164012,49.08
20241002165012,29.64
>>>>>>> 5ad4edb873be4b2ff7e7d0a953e88f6c741dee3f
