serial_no,power_mw
20240117090001,125.97
20240117091001,102.2
20240117092001,98.97
20240117093001,99.56
20240117094001,129.19
20240117095001,200.54
20240117100001,359.38
20240117101001,375.5
20240117102001,398.94
20240117103001,455.74
20240117104001,479.49
20240117105001,541.71
20240117110001,522.32
20240117111001,576.68
20240117112001,547.89
20240117113001,564.92
20240117114001,540.61
20240117115001,365.54
20240117120001,402.65
20240117121001,464.16
20240117122001,603.5
20240117123001,425.93
20240117124001,364.72
20240117125001,343.7
20240117130001,318.8
20240117131001,192.02
20240117132001,279.09
20240117133001,227.61
20240117134001,240.61
20240117135001,151.55
20240117140001,62.05
20240117141001,81.11
20240117142001,39.53
20240117143001,18.87
20240117144001,26.04
20240117145001,27.5
20240117150001,22.19
20240117151001,26.44
20240117152001,21.05
20240117153001,4.07
20240117154001,2.16
20240117155001,19.61
20240117160001,18.21
20240117161001,23.98
20240117162001,17.94
20240117163001,17.09
20240117164001,40.91
20240117165001,43.09
20240119090001,26.17
20240119091001,37
20240119092001,32.17
20240119093001,26.95
20240119094001,33.58
20240119095001,35.31
20240119100001,32.02
20240119101001,45.9
20240119102001,41.73
20240119103001,38.01
20240119104001,50.28
20240119105001,59.19
20240119110001,97.55
20240119111001,94.32
20240119112001,114.11
20240119113001,71.27
20240119114001,113.24
20240119115001,72.75
20240119120001,47.43
20240119121001,64.76
20240119122001,81.02
20240119123001,71.79
20240119124001,55.26
20240119125001,59.08
20240119130001,78.52
20240119131001,57.53
20240119132001,45.08
20240119133001,40.65
20240119134001,40.78
20240119135001,36.42
20240119140001,0
20240119141001,21.35
20240119142001,27.42
20240119143001,35.46
20240119144001,32.16
20240119145001,76.57
20240119150001,74.44
20240119151001,73.15
20240119152001,62.31
20240119153001,63.45
20240119154001,68.14
20240119155001,54.47
20240119160001,1.36
20240119161001,51.59
20240119162001,47.15
20240119163001,15.21
20240119164001,16.71
20240119165001,13.16
20240224090001,24.81
20240224091001,24.73
20240224092001,34.37
20240224093001,28.96
20240224094001,25.4
20240224095001,22.41
20240224100001,46.38
20240224101001,74.82
20240224102001,78.8
20240224103001,82.56
20240224104001,81.9
20240224105001,57.78
20240224110001,53.68
20240224111001,31.58
20240224112001,57.13
20240224113001,37.77
20240224114001,35.42
20240224115001,23.88
20240224120001,29.03
20240224121001,16.78
20240224122001,31.85
20240224123001,71.37
20240224124001,70.14
20240224125001,70.63
20240224130001,74.02
20240224131001,91.07
20240224132001,87.76
20240224133001,584.69
20240224134001,105.62
20240224135001,43.46
20240224140001,120.31
20240224141001,89.42
20240224142001,87.34
20240224143001,74.33
20240224144001,61.54
20240224145001,73.13
20240224150001,69.26
20240224151001,54.16
20240224152001,50.67
20240224153001,22.69
20240224154001,32.24
20240224155001,34.4
20240224160001,26.76
20240224161001,42.66
20240224162001,36.34
20240224163001,26.72
20240224164001,47.07
20240224165001,32.11
20240226090001,74.61
20240226091001,76.61
20240226092001,75.57
20240226093001,124.46
20240226094001,83.69
20240226095001,125.02
20240226100001,140.62
20240226101001,158.33
20240226102001,146.2
20240226103001,312.61
20240226104001,219.33
20240226105001,297.42
20240226110001,235.21
20240226111001,222.45
20240226112001,247.28
20240226113001,263.75
20240226114001,947.47
20240226115001,960.55
20240226120001,247.51
20240226121001,328.7
20240226122001,314.52
20240226123001,318.93
20240226124001,342.77
20240226125001,978.83
20240226130001,403.2
20240226131001,307.42
20240226132001,273.59
20240226133001,106.07
20240226134001,157.45
20240226135001,172.11
20240226140001,564.21
20240226141001,813.26
20240226142001,674.28
20240226143001,15.02
20240226144001,45.64
20240226145001,55.75
20240226150001,77.23
20240226151001,24.49
20240226152001,64.62
20240226153001,69.71
20240226154001,62.75
20240226155001,47.44
20240226160001,23.46
20240226161001,13.74
20240226162001,15.14
20240226163001,0
20240226164001,0
20240226165001,0
20240327090001,63.87
20240327091001,213.52
20240327092001,192.28
20240327093001,350.41
20240327094001,340.58
20240327095001,451.07
20240327100001,492.41
20240327101001,526.91
20240327102001,549.59
20240327103001,571.17
20240327104001,526.34
20240327105001,676.53
20240327110001,589.79
20240327111001,542.42
20240327112001,557.67
20240327113001,628.59
20240327114001,649.35
20240327115001,1287.68
20240327120001,1300.15
20240327121001,1249.02
20240327122001,977.31
20240327123001,811.1
20240327124001,890.39
20240327125001,1112.79
20240327130001,780.67
20240327131001,385.49
20240327132001,65.9
20240327133001,87.05
20240327134001,66.98
20240327135001,2.56
20240327140001,45.59
20240327141001,99.58
20240327142001,63.54
20240327143001,67.84
20240327144001,77
20240327145001,70.85
20240327150001,64.38
20240327151001,35.08
20240327152001,39.58
20240327153001,42.66
20240327154001,52.33
20240327155001,65.44
20240327160001,68.71
20240327161001,10.59
20240327162001,56.02
20240327163001,43.47
20240327164001,38.19
20240327165001,43.3
20240329090001,74.68
20240329091001,33.71
20240329092001,36.9
20240329093001,75.93
20240329094001,37.03
20240329095001,30.88
20240329100001,31.03
20240329101001,29.05
20240329102001,18.77
20240329103001,4.4
20240329104001,0
20240329105001,0
20240329110001,0
20240329111001,0
20240329112001,0
20240329113001,0
20240329114001,0
20240329115001,9.47
20240329120001,5.3
20240329121001,8.94
20240329122001,21.86
20240329123001,18.75
20240329124001,24.42
20240329125001,0
20240329130001,0
20240329131001,0
20240329132001,0
20240329133001,0
20240329134001,0
20240329135001,0
20240329140001,0
20240329141001,0
20240329142001,0
20240329143001,0
20240329144001,0
20240329145001,0
20240329150001,16.94
20240329151001,0
20240329152001,14.04
20240329153001,0.59
20240329154001,2.97
20240329155001,0
20240329160001,26.97
20240329161001,0
20240329162001,0
20240329163001,8
20240329164001,0
20240329165001,0
20240428090001,29.5
20240428091001,34.69
20240428092001,36.42
20240428093001,16.9
20240428094001,18.06
20240428095001,6.75
20240428100001,9.98
20240428101001,18.43
20240428102001,18.47
20240428103001,14.67
20240428104001,25.08
20240428105001,0
20240428110001,0
20240428111001,0
20240428112001,27.5
20240428113001,21.98
20240428114001,25.24
20240428115001,14.51
20240428120001,21.97
20240428121001,18.02
20240428122001,2.6
20240428123001,19.52
20240428124001,1.86
20240428125001,0
20240428130001,15.36
20240428131001,17.64
20240428132001,26.44
20240428133001,14.02
20240428134001,23.89
20240428135001,4.08
20240428140001,16.72
20240428141001,5.7
20240428142001,17.82
20240428143001,10.25
20240428144001,14.15
20240428145001,10.2
20240428150001,7.16
20240428151001,0
20240428152001,0
20240428153001,0
20240428154001,0
20240428155001,0
20240428160001,55.83
20240428161001,0
20240428162001,6.73
20240428163001,0
20240428164001,3.07
20240428165001,0.09
20240430090001,67.56
20240430091001,64.36
20240430092001,69.49
20240430093001,63.28
20240430094001,102.67
20240430095001,126.77
20240430100001,260.54
20240430101001,333.79
20240430102001,378.12
20240430103001,774.43
20240430104001,844.07
20240430105001,687.97
20240430110001,853.44
20240430111001,410.29
20240430112001,296.41
20240430113001,165.34
20240430114001,278.14
20240430115001,317.93
20240430120001,318.02
20240430121001,350.87
20240430122001,313.03
20240430123001,308.47
20240430124001,250.8
20240430125001,237.58
20240430130001,220.23
20240430131001,56.34
20240430132001,38.23
20240430133001,50.86
20240430134001,36.1
20240430135001,65.93
20240430140001,77.9
20240430141001,60.21
20240430142001,33.41
20240430143001,2.26
20240430144001,0
20240430145001,0
20240430150001,0
20240430151001,0
20240430152001,0
20240430153001,0
20240430154001,0
20240430155001,0
20240430160001,0
20240430161001,0
20240430162001,0
20240430163001,0
20240430164001,4.35
20240430165001,0.43
20240515090001,29.47
20240515091001,42.39
20240515092001,35.33
20240515093001,16.19
20240515094001,16.4
20240515095001,17.79
20240515100001,0
20240515101001,4.75
20240515102001,13.51
20240515103001,5.57
20240515104001,2.05
20240515105001,35.34
20240515110001,57.89
20240515111001,3.74
20240515112001,10.43
20240515113001,14.57
20240515114001,22.68
20240515115001,25.98
20240515120001,18.75
20240515121001,44.33
20240515122001,32
20240515123001,28.31
20240515124001,27.04
20240515125001,29.52
20240515130001,53.16
20240515131001,43.02
20240515132001,22.16
20240515133001,38.54
20240515134001,28.04
20240515135001,18.09
20240515140001,9.87
20240515141001,1.48
20240515142001,6.21
20240515143001,15.19
20240515144001,0.51
20240515145001,24.63
20240515150001,69.05
20240515151001,24.69
20240515152001,37.94
20240515153001,72.6
20240515154001,26.27
20240515155001,43.18
20240515160001,44.18
20240515161001,74.29
20240515162001,69.77
20240515163001,69.48
20240515164001,64.57
20240515165001,59.18
20240520090001,87.93
20240520091001,72.68
20240520092001,73.94
20240520093001,19.23
20240520094001,15.97
20240520095001,8.91
20240520100001,15.81
20240520101001,22.19
20240520102001,95.58
20240520103001,66.74
20240520104001,138.15
20240520105001,159.84
20240520110001,215.13
20240520111001,731.31
20240520112001,879.04
20240520113001,136.63
20240520114001,120.52
20240520115001,122.49
20240520120001,140.75
20240520121001,133.81
20240520122001,142.29
20240520123001,100.31
20240520124001,101.07
20240520125001,71.53
20240520130001,57.52
20240520131001,56.65
20240520132001,61.22
20240520133001,41.68
20240520134001,118.06
20240520135001,112.93
20240520140001,111.41
20240520141001,100.44
20240520142001,102.4
20240520143001,123.51
20240520144001,62.96
20240520145001,45.24
20240520150001,45.73
20240520151001,89.51
20240520152001,47.27
20240520153001,39.44
20240520154001,35.85
20240520155001,61.9
20240520160001,113.16
20240520161001,85.38
20240520162001,34.58
20240520163001,15.03
20240520164001,22.53
20240520165001,33.83
20240613090001,362.95
20240613091001,439.07
20240613092001,469.87
20240613093001,475.73
20240613094001,511.61
20240613095001,854.93
20240613100001,753.19
20240613101001,811.55
20240613102001,932.59
20240613103001,957.84
20240613104001,818.22
20240613105001,1009.24
20240613110001,977.37
20240613111001,884.09
20240613112001,825.75
20240613113001,890.43
20240613114001,1265.63
20240613115001,839.05
20240613120001,1317.06
20240613121001,1271.36
20240613122001,1297.38
20240613123001,1121.34
20240613124001,1063.5
20240613125001,658.94
20240613130001,588.1
20240613131001,608.58
20240613132001,588.59
20240613133001,987.39
20240613134001,1123.27
20240613135001,1061.86
20240613140001,914.54
20240613141001,504.38
20240613142001,532.79
20240613143001,475.63
20240613144001,375.31
20240613145001,344.7
20240613150001,131.34
20240613151001,109.67
20240613152001,131.05
20240613153001,78.34
20240613154001,48.02
20240613155001,39.31
20240613160001,28.91
20240613161001,0
20240613162001,5.46
20240613163001,12.88
20240613164001,15.17
20240613165001,24.4
20240615090001,94.14
20240615091001,46.57
20240615092001,61.15
20240615093001,42.37
20240615094001,36.53
20240615095001,45.72
20240615100001,89.2
20240615101001,97.83
20240615102001,49.87
20240615103001,84.12
20240615104001,52.69
20240615105001,73.27
20240615110001,82.26
20240615111001,68.24
20240615112001,75.75
20240615113001,64.22
20240615114001,73.9
20240615115001,89.76
20240615120001,78.69
20240615121001,100.04
20240615122001,81.21
20240615123001,87.86
20240615124001,55.13
20240615125001,50.44
20240615130001,67.44
20240615131001,44.16
20240615132001,43.89
20240615133001,36.04
20240615134001,20.57
20240615135001,20.27
20240615140001,16.69
20240615141001,7.94
20240615142001,3.64
20240615143001,4.98
20240615144001,0
20240615145001,0
20240615150001,17.19
20240615151001,5.13
20240615152001,22.35
20240615153001,55.02
20240615154001,59.27
20240615155001,67.59
20240615160001,72.65
20240615161001,78.15
20240615162001,74.13
20240615163001,70.84
20240615164001,73.14
20240615165001,18.26
20240703090001,582.55
20240703091001,517.06
20240703092001,486.6
20240703093001,543.03
20240703094001,608.08
20240703095001,461.92
20240703100001,649.16
20240703101001,489.33
20240703102001,835.36
20240703103001,908.43
20240703104001,959.35
20240703105001,910.99
20240703110001,405.97
20240703111001,913.63
20240703112001,432.25
20240703113001,1169.22
20240703114001,1179.31
20240703115001,783.16
20240703120001,863.06
20240703121001,895.14
20240703122001,862.77
20240703123001,821.36
20240703124001,1330.69
20240703125001,814.79
20240703130001,1089.72
20240703131001,917.56
20240703132001,937.69
20240703133001,386.85
20240703134001,342.49
20240703135001,117.9
20240703140001,162.99
20240703141001,104.21
20240703142001,27.16
20240703143001,22.62
20240703144001,44.53
20240703145001,69.81
20240703150001,66.72
20240703151001,57.48
20240703152001,63.96
20240703153001,37.47
20240703154001,53.44
20240703155001,60.91
20240703160001,75.67
20240703161001,55.51
20240703162001,52.46
20240703163001,31.5
20240703164001,29.8
20240703165001,27.62
20240707090001,389.2
20240707091001,381.29
20240707092001,409.45
20240707093001,395.2
20240707094001,202.35
20240707095001,257.11
20240707100001,349.92
20240707101001,567.97
20240707102001,473.43
20240707103001,487.38
20240707104001,529.12
20240707105001,624.2
20240707110001,671.75
20240707111001,532.22
20240707112001,621
20240707113001,1280.95
20240707114001,1233.15
20240707115001,1310.14
20240707120001,1360.07
20240707121001,1345.2
20240707122001,1350.99
20240707123001,1404.14
20240707124001,1208.2
20240707125001,1275.46
20240707130001,1236.61
20240707131001,1183.47
20240707132001,1148.54
20240707133001,1110.64
20240707134001,703.87
20240707135001,502.31
20240707140001,551.54
20240707141001,255.48
20240707142001,107.78
20240707143001,83.13
20240707144001,80.53
20240707145001,33.36
20240707150001,44
20240707151001,15.78
20240707152001,28
20240707153001,15.48
20240707154001,6.73
20240707155001,11.5
20240707160001,24.36
20240707161001,2.96
20240707162001,5.84
20240707163001,7.16
20240707164001,11.67
20240707165001,7.19
20240125090002,141.46
20240125091002,107.33
20240125092002,112.02
20240125093002,98.55
20240125094002,87.51
20240125095002,59.68
20240125100002,87.94
20240125101002,81.65
20240125102002,96.44
20240125103002,103.13
20240125104002,114.38
20240125105002,111.79
20240125110002,130.55
20240125111002,127.11
20240125112002,111.74
20240125113002,109.28
20240125114002,125.95
20240125115002,118.25
20240125120002,114.46
20240125121002,114.57
20240125122002,108.18
20240125123002,101.63
20240125124002,70.07
20240125125002,67.24
20240125130002,99.12
20240125131002,59.13
20240125132002,47.69
20240125133002,43.29
20240125134002,54.26
20240125135002,39.61
20240125140002,41.81
20240125141002,36.08
20240125142002,35.25
20240125143002,37.47
20240125144002,41.3
20240125145002,32.29
20240125150002,90.69
20240125151002,45.21
20240125152002,40.19
20240125153002,30.18
20240125154002,35.31
20240125155002,32.19
20240125160002,38.35
20240125161002,23.41
20240125162002,23.25
20240125163002,20.42
20240125164002,18.23
20240125165002,18.67
20240128090002,37.87
20240128091002,46.83
20240128092002,39.89
20240128093002,56.85
20240128094002,73.99
20240128095002,163.06
20240128100002,72.45
20240128101002,55.29
20240128102002,75.52
20240128103002,72.29
20240128104002,79.68
20240128105002,91.66
20240128110002,90.44
20240128111002,92.36
20240128112002,108.39
20240128113002,145.41
20240128114002,156.98
20240128115002,89.55
20240128120002,68.21
20240128121002,60.78
20240128122002,73.89
20240128123002,73.93
20240128124002,81.12
20240128125002,110.23
20240128130002,102.28
20240128131002,106.98
20240128132002,62.79
20240128133002,53.22
20240128134002,49.76
20240128135002,30.11
20240128140002,24.85
20240128141002,28.49
20240128142002,23.16
20240128143002,10.04
20240128144002,2.77
20240128145002,1.34
20240128150002,0
20240128151002,0
20240128152002,0.16
20240128153002,0.78
20240128154002,0.98
20240128155002,10.59
20240128160002,2.59
20240128161002,3.36
20240128162002,0
20240128163002,0
20240128164002,0
20240128165002,7.82
20240213090002,34.42
20240213091002,18.12
20240213092002,32.67
20240213093002,53.85
20240213094002,5.8
20240213095002,0
20240213100002,117.4
20240213101002,57.02
20240213102002,694.42
20240213103002,157.59
20240213104002,107.17
20240213105002,179.29
20240213110002,184.03
20240213111002,321.89
20240213112002,1023.08
20240213113002,1017.73
20240213114002,1052.67
20240213115002,857.76
20240213120002,881.65
20240213121002,811.62
20240213122002,938.52
20240213123002,938.16
20240213124002,921.11
20240213125002,1211.83
20240213130002,1172.7
20240213131002,1099.18
20240213132002,1044.81
20240213133002,1039.72
20240213134002,1282.41
20240213135002,881.47
20240213140002,938.63
20240213141002,742.78
20240213142002,689.05
20240213143002,305.75
20240213144002,145.09
20240213145002,54.37
20240213150002,48.69
20240213151002,42.97
20240213152002,44.78
20240213153002,39.73
20240213154002,60.38
20240213155002,82.75
20240213160002,60.11
20240213161002,59.57
20240213162002,57.03
20240213163002,17.38
20240213164002,5.38
20240213165002,5.17
20240226090002,111.48
20240226091002,123.22
20240226092002,143.85
20240226093002,760.06
20240226094002,577.92
20240226095002,644.3
20240226100002,506.03
20240226101002,927.79
20240226102002,906.66
20240226103002,921.07
20240226104002,1056.74
20240226105002,842.36
20240226110002,1032.91
20240226111002,1063.81
20240226112002,1216.65
20240226113002,1324.08
20240226114002,1340.57
20240226115002,1379.53
20240226120002,1313.76
20240226121002,1325.99
20240226122002,1321.8
20240226123002,1254.86
20240226124002,1254.21
20240226125002,1063.97
20240226130002,1146.11
20240226131002,1056.31
20240226132002,1243.58
20240226133002,1194.5
20240226134002,1220.68
20240226135002,1132.44
20240226140002,1222.17
20240226141002,1275.96
20240226142002,1228.68
20240226143002,1200.91
20240226144002,1208.57
20240226145002,1146.21
20240226150002,269.66
20240226151002,268.09
20240226152002,107.4
20240226153002,72.25
20240226154002,69.47
20240226155002,32.64
20240226160002,30.09
20240226161002,48.02
20240226162002,58.62
20240226163002,49.65
20240226164002,61.66
20240226165002,77.54
20240319090002,343.96
20240319091002,374.35
20240319092002,385.87
20240319093002,677.98
20240319094002,648.01
20240319095002,776.29
20240319100002,894.62
20240319101002,884.91
20240319102002,766.99
20240319103002,868.94
20240319104002,1056.28
20240319105002,1145.36
20240319110002,1211.2
20240319111002,1260.08
20240319112002,1263.91
20240319113002,1336.18
20240319114002,1309.72
20240319115002,1290.8
20240319120002,1333.81
20240319121002,1313.41
20240319122002,1157.66
20240319123002,1303.72
20240319124002,909.21
20240319125002,1055.19
20240319130002,1074.11
20240319131002,1053.46
20240319132002,1107.95
20240319133002,1062.16
20240319134002,1099.66
20240319135002,752.69
20240319140002,696.85
20240319141002,629.46
20240319142002,548.13
20240319143002,701.28
20240319144002,751.12
20240319145002,561.52
20240319150002,542.1
20240319151002,280.54
20240319152002,225.8
20240319153002,151.01
20240319154002,8.75
20240319155002,28.91
20240319160002,0
20240319161002,0
20240319162002,0
20240319163002,0
20240319164002,0
20240319165002,0
20240427090002,478.89
20240427091002,461
20240427092002,490.38
20240427093002,320.66
20240427094002,716.57
20240427095002,833.27
20240427100002,926.59
20240427101002,855.76
20240427102002,616.56
20240427103002,625.46
20240427104002,1071.8
20240427105002,1121.8
20240427110002,1157.53
20240427111002,1173.84
20240427112002,1188.22
20240427113002,1108.81
20240427114002,1167.79
20240427115002,1250.74
20240427120002,1499.01
20240427121002,1492.64
20240427122002,1302.3
20240427123002,1297.73
20240427124002,1312.01
20240427125002,1316.65
20240427130002,1434.86
20240427131002,1250.14
20240427132002,1242.67
20240427133002,1214.36
20240427134002,1193.87
20240427135002,981.65
20240427140002,1272.88
20240427141002,899.7
20240427142002,817.34
20240427143002,615.22
20240427144002,470.4
20240427145002,234.82
20240427150002,76.1
20240427151002,123.31
20240427152002,187.36
20240427153002,184.72
20240427154002,74.77
20240427155002,29.67
20240427160002,42.51
20240427161002,29.11
20240427162002,38.8
20240427163002,40.77
20240427164002,35.61
20240427165002,17.76
20240508090002,452.31
20240508091002,490.8
20240508092002,567.56
20240508093002,642.17
20240508094002,837.51
20240508095002,416.52
20240508100002,480.53
20240508101002,418.01
20240508102002,376.58
20240508103002,467.8
20240508104002,877.49
20240508105002,870.21
20240508110002,938.94
20240508111002,880.22
20240508112002,1047.45
20240508113002,1282.12
20240508114002,1458.83
20240508115002,1379.54
20240508120002,1358.38
20240508121002,1098.9
20240508122002,1162.95
20240508123002,1132.28
20240508124002,1185.19
20240508125002,1277.45
20240508130002,1281.98
20240508131002,1230.22
20240508132002,1155.41
20240508133002,1071.7
20240508134002,1217.94
20240508135002,990.06
20240508140002,1073.14
20240508141002,1153.93
20240508142002,1019.83
20240508143002,973.29
20240508144002,1126.49
20240508145002,1181.53
20240508150002,1408.22
20240508151002,873.36
20240508152002,787.97
20240508153002,565.88
20240508154002,617.23
20240508155002,95.14
20240508160002,94.84
20240508161002,74.36
20240508162002,62.55
20240508163002,61.08
20240508164002,78.53
20240508165002,111.93
20240705090002,491.39
20240705091002,432.79
20240705092002,393.4
20240705093002,240.73
20240705094002,466.13
20240705095002,736.18
20240705100002,353.99
20240705101002,329.49
20240705102002,486.42
20240705103002,599.49
20240705104002,1140.12
20240705105002,1134.64
20240705110002,1295.63
20240705111002,1359.24
20240705112002,1402.76
20240705113002,1363.89
20240705114002,1285.98
20240705115002,1124.89
20240705120002,1182.56
20240705121002,1150.03
20240705122002,1242.38
20240705123002,1188.74
20240705124002,1203.42
20240705125002,1195.89
20240705130002,1079.46
20240705131002,1147.88
20240705132002,1047.14
20240705133002,998.31
20240705134002,1027.45
20240705135002,1159.77
20240705140002,1158.94
20240705141002,1139.97
20240705142002,1164.04
20240705143002,1130.67
20240705144002,1147.65
20240705145002,1086.82
20240705150002,1076.94
20240705151002,627.38
20240705152002,487.73
20240705153002,304.62
20240705154002,148.54
20240705155002,77.06
20240705160002,98.01
20240705161002,54.24
20240705162002,48.84
20240705163002,33.49
20240705164002,34.43
20240705165002,34.62
20240707090002,410.07
20240707091002,406.63
20240707092002,379.89
20240707093002,478.71
20240707094002,460.32
20240707095002,631.62
20240707100002,872.07
20240707101002,695.52
20240707102002,635.69
20240707103002,495.8
20240707104002,1044.17
20240707105002,1098.02
20240707110002,1186.17
20240707111002,1323.85
20240707112002,1135.45
20240707113002,1319.98
20240707114002,1298.16
20240707115002,1308.6
20240707120002,1211.49
20240707121002,1215.98
20240707122002,1048.89
20240707123002,1037.83
20240707124002,1027.66
20240707125002,1025.55
20240707130002,998.81
20240707131002,1003.86
20240707132002,906.18
20240707133002,971.64
20240707134002,670.38
20240707135002,803.17
20240707140002,773.04
20240707141002,619.21
20240707142002,701.57
20240707143002,634.21
20240707144002,586.35
20240707145002,340.45
20240707150002,129.44
20240707151002,103.96
20240707152002,108.62
20240707153002,175.78
20240707154002,285.23
20240707155002,70.02
20240707160002,51.01
20240707161002,38.59
20240707162002,17.28
20240707163002,25.26
20240707164002,26.54
20240707165002,26.78
20240317090003,413.32
20240317091003,458.39
20240317092003,433.84
20240317093003,581.97
20240317094003,940.06
20240317095003,616.07
20240317100003,193.2
20240317101003,741.8
20240317102003,743.09
20240317103003,781.88
20240317104003,847.65
20240317105003,863.53
20240317110003,996.92
20240317111003,1090.12
20240317112003,1340.96
20240317113003,1360.76
20240317114003,1484.43
20240317115003,1342.03
20240317120003,1451.92
20240317121003,1410.19
20240317122003,1504.72
20240317123003,1496.72
20240317124003,1463.24
20240317125003,1408.06
20240317130003,1469.43
20240317131003,1432.17
20240317132003,1047.68
20240317133003,1221.55
20240317134003,1191.41
20240317135003,1270.23
20240317140003,990.86
20240317141003,1100.17
20240317142003,863.27
20240317143003,730.61
20240317144003,691.27
20240317145003,504.08
20240317150003,501.47
20240317151003,358.72
20240317152003,208.67
20240317153003,119.8
20240317154003,70.64
20240317155003,153.41
20240317160003,90.02
20240317161003,83.97
20240317162003,43.05
20240317163003,46.92
20240317164003,40.16
20240317165003,71.57
20240414090003,19.81
20240414091003,7.19
20240414092003,8.19
20240414093003,6.61
20240414094003,6.97
20240414095003,8.52
20240414100003,10.02
20240414101003,0.1
20240414102003,1.77
20240414103003,1
20240414104003,25.16
20240414105003,30.79
20240414110003,48.14
20240414111003,44.85
20240414112003,37.7
20240414113003,20.49
20240414114003,23.15
20240414115003,23.57
20240414120003,27.47
20240414121003,18.22
20240414122003,20.11
20240414123003,17.13
20240414124003,19.48
20240414125003,5.57
20240414130003,7.61
20240414131003,6.13
20240414132003,3.65
20240414133003,6.13
20240414134003,10.65
20240414135003,11.02
20240414140003,26.26
20240414141003,17.64
20240414142003,19.57
20240414143003,18.92
20240414144003,16.1
20240414145003,21.66
20240414150003,9.62
20240414151003,0
20240414152003,0
20240414153003,0
20240414154003,0
20240414155003,0
20240414160003,0
20240414161003,13.35
20240414162003,8.43
20240414163003,10.59
20240414164003,14.1
20240414165003,13.58
20240524090003,17.51
20240524091003,38.43
20240524092003,25.66
20240524093003,13.7
20240524094003,16.63
20240524095003,15.65
20240524100003,0
20240524101003,0
20240524102003,18.57
20240524103003,20.35
20240524104003,20.61
20240524105003,20.63
20240524110003,18.11
20240524111003,12.26
20240524112003,12.47
20240524113003,18.43
20240524114003,17.04
20240524115003,10.88
20240524120003,4.21
20240524121003,3.42
20240524122003,5.43
20240524123003,0
20240524124003,0
20240524125003,0
20240524130003,0
20240524131003,12.17
20240524132003,12
20240524133003,14.75
20240524134003,13.05
20240524135003,23.54
20240524140003,0
20240524141003,8.15
20240524142003,16.71
20240524143003,19.37
20240524144003,15.71
20240524145003,27.23
20240524150003,31.57
20240524151003,4.09
20240524152003,0
20240524153003,0
20240524154003,5.3
20240524155003,13.18
20240524160003,47.11
20240524161003,42.99
20240524162003,44.7
20240524163003,44.49
20240524164003,43.08
20240524165003,48.32
20240526090003,63.74
20240526091003,220.12
20240526092003,191.93
20240526093003,338.11
20240526094003,340.45
20240526095003,451.07
20240526100003,489.86
20240526101003,526.91
20240526102003,549.59
20240526103003,571.17
20240526104003,525.76
20240526105003,676.53
20240526110003,589.79
20240526111003,542.42
20240526112003,550.47
20240526113003,628.59
20240526114003,659.94
20240526115003,1287.68
20240526120003,1300.15
20240526121003,1249.45
20240526122003,977.31
20240526123003,811.1
20240526124003,890.39
20240526125003,1112.79
20240526130003,780.67
20240526131003,385.49
20240526132003,65.9
20240526133003,87.05
20240526134003,66.85
20240526135003,2.56
20240526140003,45.59
20240526141003,99.75
20240526142003,63.54
20240526143003,67.84
20240526144003,77
20240526145003,70.52
20240526150003,64.38
20240526151003,35.08
20240526152003,39.21
20240526153003,42.29
20240526154003,51.95
20240526155003,65.44
20240526160003,68.71
20240526161003,10.59
20240526162003,56.02
20240526163003,43.47
20240526164003,38.19
20240526165003,43.3
20240603090003,29.5
20240603091003,34.69
20240603092003,36.42
20240603093003,16.9
20240603094003,18.06
20240603095003,6.75
20240603100003,9.98
20240603101003,18.43
20240603102003,18.47
20240603103003,14.67
20240603104003,25.08
20240603105003,0
20240603110003,0
20240603111003,0
20240603112003,27.5
20240603113003,21.98
20240603114003,25.24
20240603115003,14.49
20240603120003,21.97
20240603121003,18.02
20240603122003,2.6
20240603123003,19.52
20240603124003,1.86
20240603125003,0.18
20240603130003,15.36
20240603131003,17.64
20240603132003,26.44
20240603133003,14.02
20240603134003,23.89
20240603135003,4.08
20240603140003,16.72
20240603141003,5.7
20240603142003,17.82
20240603143003,10.25
20240603144003,14.15
20240603145003,10.2
20240603150003,7.16
20240603151003,0
20240603152003,0
20240603153003,0
20240603154003,0
20240603155003,0
20240603160003,55.83
20240603161003,0
20240603162003,6.73
20240603163003,0
20240603164003,3.07
20240603165003,0.09
20240620090003,0
20240620091003,0.77
20240620092003,0
20240620093003,0
20240620094003,0
20240620095003,0
20240620100003,3.14
20240620101003,0
20240620102003,0
20240620103003,0
20240620104003,0
20240620105003,0
20240620110003,0
20240620111003,0
20240620112003,0
20240620113003,0
20240620114003,0
20240620115003,0
20240620120003,0
20240620121003,0
20240620122003,0
20240620123003,0
20240620124003,0
20240620125003,0
20240620130003,0
20240620131003,0
20240620132003,0
20240620133003,0
20240620134003,7.68
20240620135003,26.2
20240620140003,33.54
20240620141003,12.96
20240620142003,11.62
20240620143003,0
20240620144003,0
20240620145003,0
20240620150003,0
20240620151003,0
20240620152003,0
20240620153003,0
20240620154003,0
20240620155003,5.22
20240620160003,20.25
20240620161003,18.77
20240620162003,30.28
20240620163003,16.61
20240620164003,20.01
20240620165003,14.37
20240420090004,67.32
20240420091004,62.8
20240420092004,44.84
20240420093004,42.91
20240420094004,73.38
20240420095004,83.47
20240420100004,53.89
20240420101004,61.57
20240420102004,42.25
20240420103004,54.92
20240420104004,50.71
20240420105004,63.28
20240420110004,57.12
20240420111004,39.23
20240420112004,27.75
20240420113004,26.93
20240420114004,33.24
20240420115004,37.95
20240420120004,39.65
20240420121004,38.09
20240420122004,37.26
20240420123004,39.07
20240420124004,33.96
20240420125004,32.15
20240420130004,132.41
20240420131004,86.36
20240420132004,80.28
20240420133004,129.78
20240420134004,103.29
20240420135004,92.38
20240420140004,85.09
20240420141004,91.06
20240420142004,90.68
20240420143004,38.36
20240420144004,49.84
20240420145004,38.41
20240420150004,32
20240420151004,23.88
20240420152004,17.96
20240420153004,23.26
20240420154004,37.94
20240420155004,24.47
20240420160004,46.98
20240420161004,18.29
20240420162004,6.93
20240420163004,7.93
20240420164004,0.88
20240420165004,10.11
20240422090004,94.49
20240422091004,46.57
20240422092004,60.82
20240422093004,42.37
20240422094004,36.64
20240422095004,45.72
20240422100004,80.37
20240422101004,97.94
20240422102004,50.43
20240422103004,84.12
20240422104004,52.69
20240422105004,72.41
20240422110004,82.26
20240422111004,67.87
20240422112004,75.75
20240422113004,64.22
20240422114004,73.9
20240422115004,100.33
20240422120004,78.69
20240422121004,100.04
20240422122004,80.92
20240422123004,88.15
20240422124004,55.13
20240422125004,50.44
20240422130004,67.44
20240422131004,44.16
20240422132004,43.89
20240422133004,36.04
20240422134004,20.57
20240422135004,20.27
20240422140004,16.69
20240422141004,7.94
20240422142004,3.64
20240422143004,4.98
20240422144004,0
20240422145004,0
20240422150004,17.19
20240422151004,5.13
20240422152004,22.35
20240422153004,55.02
20240422154004,59.27
20240422155004,67.59
20240422160004,72.65
20240422161004,78.15
20240422162004,74.13
20240422163004,70.84
20240422164004,73.14
20240422165004,18.26
20240513090004,436.18
20240513091004,428.88
20240513092004,457.87
20240513093004,296.9
20240513094004,619.76
20240513095004,659.74
20240513100004,376.9
20240513101004,321.32
20240513102004,677.22
20240513103004,706.87
20240513104004,1344.19
20240513105004,1364.29
20240513110004,1226.9
20240513111004,1291.64
20240513112004,1261
20240513113004,1199.28
20240513114004,1282.08
20240513115004,1137.11
20240513120004,1222.4
20240513121004,1245.67
20240513122004,1245.38
20240513123004,1435.01
20240513124004,1424.45
20240513125004,1360.37
20240513130004,1376.53
20240513131004,1409.86
20240513132004,1466.72
20240513133004,1393.87
20240513134004,1295.01
20240513135004,1245.81
20240513140004,1321.22
20240513141004,1304.69
20240513142004,913.29
20240513143004,995.39
20240513144004,1176.71
20240513145004,798.69
20240513150004,828.38
20240513151004,733.47
20240513152004,645.34
20240513153004,594.82
20240513154004,218.12
20240513155004,70.94
20240513160004,71.02
20240513161004,53.5
20240513162004,59.52
20240513163004,53.26
20240513164004,31.16
20240513165004,26.24
20240515090004,491.39
20240515091004,432.79
20240515092004,393.4
20240515093004,240.73
20240515094004,481.45
20240515095004,736.18
20240515100004,353.99
20240515101004,329.49
20240515102004,486.42
20240515103004,597
20240515104004,1140.12
20240515105004,1134.64
20240515110004,1295.63
20240515111004,1359.24
20240515112004,1402.76
20240515113004,1363.89
20240515114004,1285.98
20240515115004,1124.89
20240515120004,1182.56
20240515121004,1150.03
20240515122004,1242.38
20240515123004,1188.74
20240515124004,1201.45
20240515125004,1193.62
20240515130004,1079.36
20240515131004,1147.88
20240515132004,1047.14
20240515133004,995.6
20240515134004,1024.75
20240515135004,1159.77
20240515140004,1158.94
20240515141004,1139.97
20240515142004,1164.04
20240515143004,1145.6
20240515144004,1150.88
20240515145004,1086.82
20240515150004,1076.96
20240515151004,650.19
20240515152004,488.16
20240515153004,304.62
20240515154004,148.54
20240515155004,77.28
20240515160004,98.02
20240515161004,54.24
20240515162004,48.83
20240515163004,33.49
20240515164004,34.43
20240515165004,34.62
20240629090004,78.61
20240629091004,71.73
20240629092004,61.15
20240629093004,63.27
20240629094004,68.55
20240629095004,77.2
20240629100004,87.84
20240629101004,120.13
20240629102004,260.46
20240629103004,506.71
20240629104004,662.9
20240629105004,755.41
20240629110004,778.47
20240629111004,859
20240629112004,677.16
20240629113004,496.94
20240629114004,690.23
20240629115004,639.38
20240629120004,1045.48
20240629121004,727.04
20240629122004,553.57
20240629123004,625.67
20240629124004,483.4
20240629125004,481.88
20240629130004,279.05
20240629131004,142.53
20240629132004,140.49
20240629133004,150.06
20240629134004,74.58
20240629135004,46.98
20240629140004,9.75
20240629141004,0
20240629142004,10.82
20240629143004,0
20240629144004,0.88
20240629145004,0
20240629150004,0
20240629151004,0
20240629152004,0
20240629153004,0
20240629154004,0
20240629155004,0
20240629160004,0
20240629161004,0
20240629162004,0
20240629163004,3.91
20240629164004,1.37
20240629165004,0
20240704090004,90.99
20240704091004,96.38
20240704092004,87.75
20240704093004,113.26
20240704094004,108.74
20240704095004,115.26
20240704100004,107.06
20240704101004,120.65
20240704102004,327.23
20240704103004,363.54
20240704104004,711.1
20240704105004,883.06
20240704110004,1432.9
20240704111004,1504.51
20240704112004,1442.89
20240704113004,1296.14
20240704114004,1389.31
20240704115004,1278.58
20240704120004,1287.48
20240704121004,817.86
20240704122004,329.21
20240704123004,417.19
20240704124004,409.74
20240704125004,492.65
20240704130004,523.55
20240704131004,472.26
20240704132004,771.28
20240704133004,601.7
20240704134004,210.04
20240704135004,180.76
20240704140004,174.09
20240704141004,74.55
20240704142004,54.81
20240704143004,35.26
20240704144004,51.42
20240704145004,70.82
20240704150004,63.73
20240704151004,44.65
20240704152004,41.33
20240704153004,32.42
20240704154004,33.05
20240704155004,31.69
20240704160004,37.13
20240704161004,39.37
20240704162004,45.6
20240704163004,37.2
20240704164004,27.57
20240704165004,27.21
20240509090005,35.05
20240509091005,45.65
20240509092005,36.78
20240509093005,36.97
20240509094005,57.65
20240509095005,62.86
20240509100005,62.14
20240509101005,44.08
20240509102005,67.04
20240509103005,63.98
20240509104005,69.85
20240509105005,83.48
20240509110005,82.84
20240509111005,78.66
20240509112005,76.85
20240509113005,135.2
20240509114005,156.6
20240509115005,89.03
20240509120005,67.89
20240509121005,59.89
20240509122005,73.16
20240509123005,73.76
20240509124005,80.93
20240509125005,110.17
20240509130005,102.15
20240509131005,106.94
20240509132005,62.65
20240509133005,53.13
20240509134005,49.52
20240509135005,30.47
20240509140005,26.55
20240509141005,28.76
20240509142005,23.08
20240509143005,9.95
20240509144005,2.59
20240509145005,1.19
20240509150005,0
20240509151005,0
20240509152005,0
20240509153005,0.48
20240509154005,1.58
20240509155005,11.19
20240509160005,3.18
20240509161005,3.87
20240509162005,0
20240509163005,0
20240509164005,0
20240509165005,7.82
20240514090005,81.41
20240514091005,83.27
20240514092005,99.13
20240514093005,137.94
20240514094005,132.34
20240514095005,139.48
20240514100005,139.87
20240514101005,143.05
20240514102005,94.6
20240514103005,66.09
20240514104005,53.1
20240514105005,71.63
20240514110005,75.3
20240514111005,92.59
20240514112005,104.94
20240514113005,94.9
20240514114005,100.94
20240514115005,103.5
20240514120005,111.44
20240514121005,105.31
20240514122005,89.99
20240514123005,71.76
20240514124005,71.63
20240514125005,72.48
20240514130005,62.59
20240514131005,53.08
20240514132005,48.8
20240514133005,48.08
20240514134005,43.97
20240514135005,45.06
20240514140005,75.76
20240514141005,69.37
20240514142005,69.15
20240514143005,69.23
20240514144005,67.69
20240514145005,67.62
20240514150005,38.64
20240514151005,20.62
20240514152005,18.05
20240514153005,14.51
20240514154005,25.55
20240514155005,28.09
20240514160005,15.41
20240514161005,20.51
20240514162005,20.28
20240514163005,27.39
20240514164005,20.5
20240514165005,20.72
20240615090005,52.64
20240615091005,54.56
20240615092005,46.34
20240615093005,35.21
20240615094005,100.28
20240615095005,98.7
20240615100005,99.45
20240615101005,99.44
20240615102005,102.72
20240615103005,98.75
20240615104005,103.55
20240615105005,112.77
20240615110005,106.89
20240615111005,101.83
20240615112005,97.67
20240615113005,24.05
20240615114005,33.12
20240615115005,28.86
20240615120005,29.69
20240615121005,37.02
20240615122005,59.1
20240615123005,42.61
20240615124005,46.65
20240615125005,54.79
20240615130005,40.15
20240615131005,39.42
20240615132005,37.15
20240615133005,42.43
20240615134005,24.46
20240615135005,28.72
20240615140005,36.44
20240615141005,37.04
20240615142005,34.27
20240615143005,36.26
20240615144005,31.77
20240615145005,17.93
20240615150005,23.79
20240615151005,10.99
20240615152005,12.13
20240615153005,9.99
20240615154005,17.44
20240615155005,11.5
20240615160005,13.33
20240615161005,11.81
20240615162005,7.38
20240615163005,9.45
20240615164005,3.61
20240615165005,4.31
20240620090005,563.93
20240620091005,533.85
20240620092005,297.07
20240620093005,533.49
20240620094005,547.7
20240620095005,692.73
20240620100005,794.3
20240620101005,727.23
20240620102005,584.44
20240620103005,733.1
20240620104005,815.95
20240620105005,1240.94
20240620110005,1314.62
20240620111005,1246.25
20240620112005,1153.52
20240620113005,1158.6
20240620114005,1162.69
20240620115005,1162.53
20240620120005,1207.18
20240620121005,1279.54
20240620122005,1243.61
20240620123005,1300.68
20240620124005,1299.96
20240620125005,1234.45
20240620130005,1242.38
20240620131005,1173.88
20240620132005,1167.2
20240620133005,1052.3
20240620134005,980.19
20240620135005,889.17
20240620140005,799.31
20240620141005,895.97
20240620142005,1122.31
20240620143005,762.02
20240620144005,724.8
20240620145005,246.16
20240620150005,63.93
20240620151005,43.32
20240620152005,12.98
20240620153005,15.73
20240620154005,8.3
20240620155005,17.61
20240620160005,46.81
20240620161005,0
20240620162005,23.27
20240620163005,16.32
20240620164005,30.34
20240620165005,0
20240706090005,96.33
20240706091005,119.69
20240706092005,122.71
20240706093005,123.59
20240706094005,119.08
20240706095005,136.48
20240706100005,360.94
20240706101005,656.27
20240706102005,786.75
20240706103005,812.86
20240706104005,742.12
20240706105005,1016.57
20240706110005,1231.71
20240706111005,1266.37
20240706112005,1265.81
20240706113005,1274.01
20240706114005,1013.05
20240706115005,1196.25
20240706120005,1223.06
20240706121005,1287.99
20240706122005,1258.93
20240706123005,1281.37
20240706124005,1221.95
20240706125005,880.33
20240706130005,871.07
20240706131005,849.25
20240706132005,803.73
20240706133005,268.63
20240706134005,753.34
20240706135005,820.41
20240706140005,252.36
20240706141005,115.34
20240706142005,86.37
20240706143005,118.15
20240706144005,84.14
20240706145005,47.88
20240706150005,47.52
20240706151005,36.3
20240706152005,43.84
20240706153005,43.31
20240706154005,47.7
20240706155005,75.55
20240706160005,51.06
20240706161005,29.34
20240706162005,54.38
20240706163005,11.05
20240706164005,11.39
20240706165005,8.49
20240708090005,88.17
20240708091005,154.2
20240708092005,128.98
20240708093005,121.42
20240708094005,138.83
20240708095005,108.49
20240708100005,363.28
20240708101005,375.31
20240708102005,566.07
20240708103005,595.17
20240708104005,468.11
20240708105005,417.75
20240708110005,504.29
20240708111005,476.41
20240708112005,547.14
20240708113005,627.37
20240708114005,680.11
20240708115005,735.81
20240708120005,778.3
20240708121005,417.34
20240708122005,497.9
20240708123005,461.65
20240708124005,559.08
20240708125005,537.81
20240708130005,684.51
20240708131005,387.13
20240708132005,257.61
20240708133005,148.37
20240708134005,121.22
20240708135005,170.67
20240708140005,97.87
20240708141005,88.15
20240708142005,75.74
20240708143005,64.92
20240708144005,93.51
20240708145005,42.45
20240708150005,26.86
20240708151005,3.57
20240708152005,0
20240708153005,8.38
20240708154005,10.9
20240708155005,8.51
20240708160005,10.89
20240708161005,11.95
20240708162005,9.71
20240708163005,11.34
20240708164005,12.81
20240708165005,12.84
20240520090006,32.58
20240520091006,19.67
20240520092006,21.81
20240520093006,12.03
20240520094006,5.22
20240520095006,5.57
20240520100006,0
20240520101006,0
20240520102006,35
20240520103006,6.55
20240520104006,16.42
20240520105006,21.02
20240520110006,55.13
20240520111006,58.59
20240520112006,35.96
20240520113006,43.49
20240520114006,13.8
20240520115006,23.63
20240520120006,63.44
20240520121006,58.58
20240520122006,54.93
20240520123006,58.87
20240520124006,52.84
20240520125006,13.15
20240520130006,19.18
20240520131006,0
20240520132006,6.85
20240520133006,4.67
20240520134006,0
20240520135006,45.16
20240520140006,79.26
20240520141006,34.04
20240520142006,27.3
20240520143006,20.24
20240520144006,22.77
20240520145006,24.91
20240520150006,74.98
20240520151006,14.74
20240520152006,0
20240520153006,18.94
20240520154006,13.44
20240520155006,7.87
20240520160006,18.13
20240520161006,15.06
20240520162006,13.13
20240520163006,16.23
20240520164006,16.71
20240520165006,12.07
20240527090006,118.37
20240527091006,109.89
20240527092006,120.32
20240527093006,118.57
20240527094006,131.98
20240527095006,219.49
20240527100006,265.89
20240527101006,538.29
20240527102006,442.8
20240527103006,462.09
20240527104006,502
20240527105006,597.62
20240527110006,646.54
20240527111006,509.17
20240527112006,598.83
20240527113006,1275.79
20240527114006,1229.37
20240527115006,1303.52
20240527120006,1344.42
20240527121006,1327.34
20240527122006,1340.18
20240527123006,1398.81
20240527124006,1204.38
20240527125006,1270.89
20240527130006,1230.07
20240527131006,1180.96
20240527132006,1148.87
20240527133006,1108.99
20240527134006,702
20240527135006,503.18
20240527140006,535.94
20240527141006,216.61
20240527142006,52.83
20240527143006,30.75
20240527144006,27.62
20240527145006,7.16
20240527150006,16.61
20240527151006,1.12
20240527152006,12.68
20240527153006,1.72
20240527154006,0
20240527155006,8.11
20240527160006,19.67
20240527161006,1.77
20240527162006,3.01
20240527163006,5.01
20240527164006,5.41
20240527165006,2.98
20240625090006,111.23
20240625091006,88.33
20240625092006,93.05
20240625093006,526.89
20240625094006,356.24
20240625095006,584.97
20240625100006,414.47
20240625101006,426.66
20240625102006,480.2
20240625103006,708.29
20240625104006,1062.09
20240625105006,1068.71
20240625110006,1166.71
20240625111006,1155.12
20240625112006,1143.48
20240625113006,1111.91
20240625114006,1151.3
20240625115006,773.08
20240625120006,813.04
20240625121006,797.95
20240625122006,851.48
20240625123006,509.23
20240625124006,619.13
20240625125006,614.4
20240625130006,573.42
20240625131006,449.88
20240625132006,529.55
20240625133006,430.47
20240625134006,437.17
20240625135006,194.19
20240625140006,0
20240625141006,127.83
20240625142006,0
20240625143006,79.1
20240625144006,81.57
20240625145006,102.18
20240625150006,59.38
20240625151006,49.92
20240625152006,24.01
20240625153006,42.79
20240625154006,27.88
20240625155006,12.61
20240625160006,11.85
20240625161006,8.77
20240625162006,1.43
20240625163006,0
20240625164006,33.91
20240625165006,23.71
20240629090006,90.16
20240629091006,63.75
20240629092006,120.94
20240629093006,155.93
20240629094006,227.65
20240629095006,374.7
20240629100006,283.82
20240629101006,232.67
20240629102006,213.21
20240629103006,664.52
20240629104006,1141.16
20240629105006,1108.6
20240629110006,1131.13
20240629111006,1136.88
20240629112006,1123.95
20240629113006,1146.38
20240629114006,1193.16
20240629115006,1216.16
20240629120006,1272.17
20240629121006,1230.7
20240629122006,1198.32
20240629123006,1242.4
20240629124006,1253.03
20240629125006,1135.42
20240629130006,1197.08
20240629131006,1206.16
20240629132006,1174.88
20240629133006,1380.21
20240629134006,1324.01
20240629135006,1395.71
20240629140006,1131.65
20240629141006,1189.68
20240629142006,1336.27
20240629143006,1366.09
20240629144006,1347.62
20240629145006,1234.57
20240629150006,927.73
20240629151006,442.48
20240629152006,338.12
20240629153006,451.71
20240629154006,565.54
20240629155006,79.26
20240629160006,92.12
20240629161006,46.92
20240629162006,50.91
20240629163006,7.23
20240629164006,9.58
20240629165006,18.8
20240706090006,106.41
20240706091006,106.23
20240706092006,95.83
20240706093006,399.12
20240706094006,378.86
20240706095006,371.89
20240706100006,406.74
20240706101006,388
20240706102006,452.89
20240706103006,360.99
20240706104006,1433.67
20240706105006,1353.51
20240706110006,1547.06
20240706111006,1554.94
20240706112006,1573.9
20240706113006,1624.51
20240706114006,1606.87
20240706115006,1446.5
20240706120006,1440.49
20240706121006,1512.26
20240706122006,864
20240706123006,824.97
20240706124006,114.36
20240706125006,58.53
20240706130006,46.51
20240706131006,42.11
20240706132006,43.11
20240706133006,62.19
20240706134006,53.05
20240706135006,23.55
20240706140006,36.11
20240706141006,6.67
20240706142006,10.86
20240706143006,10.01
20240706144006,12.55
20240706145006,12.18
20240706150006,11.13
20240706151006,12.42
20240706152006,10.64
20240706153006,11.02
20240706154006,9.97
20240706155006,5.81
20240706160006,4.39
20240706161006,3.21
20240706162006,2.75
20240706163006,4.26
20240706164006,3.49
20240706165006,3.14
20240722090006,89.73
20240722091006,71.97
20240722092006,71.9
20240722093006,74.91
20240722094006,86.36
20240722095006,126.63
20240722100006,182.23
20240722101006,662.39
20240722102006,930.23
20240722103006,1193.05
20240722104006,1120.7
20240722105006,1058.23
20240722110006,1345.47
20240722111006,944.23
20240722112006,808.61
20240722113006,1526.07
20240722114006,1529.35
20240722115006,1581.88
20240722120006,1595.76
20240722121006,1585.52
20240722122006,1285.29
20240722123006,1137.57
20240722124006,866.81
20240722125006,1507.25
20240722130006,1505.83
20240722131006,1515.24
20240722132006,1192.25
20240722133006,1215.16
20240722134006,1175.04
20240722135006,760.36
20240722140006,893.09
20240722141006,563.84
20240722142006,349.18
20240722143006,85.3
20240722144006,73.42
20240722145006,54.01
20240722150006,49.79
20240722151006,38.4
20240722152006,39.4
20240722153006,30.24
20240722154006,24
20240722155006,17.31
20240722160006,12.55
20240722161006,17.74
20240722162006,11.43
20240722163006,9.79
20240722164006,0
20240722165006,10.07
20240526090007,83.7
20240526091007,57.1
20240526092007,51.27
20240526093007,51.37
20240526094007,97.26
20240526095007,98.39
20240526100007,106.59
20240526101007,160.95
20240526102007,168.83
20240526103007,152.79
20240526104007,115.92
20240526105007,194.89
20240526110007,192.15
20240526111007,914.25
20240526112007,244.7
20240526113007,145.15
20240526114007,225.88
20240526115007,195.02
20240526120007,205.99
20240526121007,209.98
20240526122007,212.93
20240526123007,204.36
20240526124007,262.85
20240526125007,296.44
20240526130007,258
20240526131007,284.26
20240526132007,807.06
20240526133007,179.06
20240526134007,93.53
20240526135007,46.26
20240526140007,101.12
20240526141007,97.53
20240526142007,87.8
20240526143007,45.6
20240526144007,33.22
20240526145007,46.29
20240526150007,41.68
20240526151007,29.28
20240526152007,28.76
20240526153007,17.93
20240526154007,12.8
20240526155007,12.03
20240526160007,13.22
20240526161007,14.48
20240526162007,7.59
20240526163007,13.43
20240526164007,4.25
20240526165007,8.91
20240612090007,23.81
20240612091007,33.42
20240612092007,31.9
20240612093007,32.99
20240612094007,28.94
20240612095007,30.92
20240612100007,63.64
20240612101007,63.62
20240612102007,66.3
20240612103007,73.7
20240612104007,83.68
20240612105007,83.61
20240612110007,103.77
20240612111007,105.36
20240612112007,128.48
20240612113007,102.44
20240612114007,132.06
20240612115007,162.56
20240612120007,129.62
20240612121007,175.31
20240612122007,318.53
20240612123007,118.14
20240612124007,123.89
20240612125007,136.5
20240612130007,142
20240612131007,99.28
20240612132007,104.4
20240612133007,140.78
20240612134007,72.94
20240612135007,63.91
20240612140007,72
20240612141007,60.44
20240612142007,66.49
20240612143007,13.31
20240612144007,0
20240612145007,0
20240612150007,0
20240612151007,0
20240612152007,0
20240612153007,0
20240612154007,16.71
20240612155007,14.26
20240612160007,16.89
20240612161007,13.77
20240612162007,9.71
20240612163007,7
20240612164007,0
20240612165007,0
20240615090007,111.78
20240615091007,128.32
20240615092007,148.04
20240615093007,762.13
20240615094007,580.74
20240615095007,644.92
20240615100007,506.03
20240615101007,928.08
20240615102007,905.79
20240615103007,919.3
20240615104007,1054.89
20240615105007,875.14
20240615110007,1028.41
20240615111007,1078.69
20240615112007,1216.52
20240615113007,1323.95
20240615114007,1341.23
20240615115007,1380.09
20240615120007,1313.66
20240615121007,1336.67
20240615122007,1322.29
20240615123007,1254.95
20240615124007,1252.99
20240615125007,1061.22
20240615130007,1147.38
20240615131007,1049.46
20240615132007,1257.96
20240615133007,1204.79
20240615134007,1219.7
20240615135007,1131.29
20240615140007,1222.47
20240615141007,1277.98
20240615142007,1230.85
20240615143007,1201.23
20240615144007,1209.02
20240615145007,1146.72
20240615150007,270.12
20240615151007,268.09
20240615152007,107.4
20240615153007,72.43
20240615154007,63.77
20240615155007,27.06
20240615160007,24.39
20240615161007,49.44
20240615162007,58.62
20240615163007,50.08
20240615164007,55.96
20240615165007,77.76
20240717090007,583.87
20240717091007,559.07
20240717092007,621.63
20240717093007,642.64
20240717094007,718.37
20240717095007,876.08
20240717100007,995.36
20240717101007,890.42
20240717102007,695.34
20240717103007,816.23
20240717104007,873.59
20240717105007,1287.21
20240717110007,1342.35
20240717111007,1260.07
20240717112007,1171.98
20240717113007,1177.6
20240717114007,1002.67
20240717115007,1177.1
20240717120007,1037.79
20240717121007,1113.27
20240717122007,1084.85
20240717123007,1145.02
20240717124007,1318.17
20240717125007,1103.75
20240717130007,1106.97
20240717131007,1218.04
20240717132007,1206.65
20240717133007,1102.28
20240717134007,1021.97
20240717135007,908.8
20240717140007,821.39
20240717141007,898.34
20240717142007,1136
20240717143007,810.16
20240717144007,738.01
20240717145007,357.79
20240717150007,197.13
20240717151007,70.66
20240717152007,39.9
20240717153007,30.59
20240717154007,22.77
20240717155007,26.33
20240717160007,72.96
20240717161007,7.24
20240717162007,28.6
20240717163007,23.52
20240717164007,37.45
20240717165007,0
20240124090008,269.09
20240124091008,229.14
20240124092008,214.79
20240124093008,307.49
20240124094008,506.42
20240124095008,870.06
20240124100008,473.93
20240124101008,453.25
20240124102008,593.38
20240124103008,755.08
20240124104008,1122.01
20240124105008,1112.58
20240124110008,1359.08
20240124111008,1430.7
20240124112008,1555.52
20240124113008,1227.77
20240124114008,1164.32
20240124115008,1204.64
20240124120008,1365.11
20240124121008,1579.91
20240124122008,1407.37
20240124123008,1250.4
20240124124008,1350.58
20240124125008,1325.23
20240124130008,1364.45
20240124131008,1392.53
20240124132008,1485.37
20240124133008,1337.05
20240124134008,1266.14
20240124135008,1210.57
20240124140008,1321.51
20240124141008,1193.45
20240124142008,1227.59
20240124143008,1327.91
20240124144008,1136.22
20240124145008,1201.65
20240124150008,1061.9
20240124151008,937.62
20240124152008,611.78
20240124153008,486.91
20240124154008,146.89
20240124155008,116.28
20240124160008,76.91
20240124161008,63.57
20240124162008,51.29
20240124163008,75.49
20240124164008,45.71
20240124165008,52.13
20240128090008,224.67
20240128091008,250.95
20240128092008,195.62
20240128093008,214.15
20240128094008,222.89
20240128095008,557.3
20240128100008,304.33
20240128101008,338.36
20240128102008,475.7
20240128103008,635.46
20240128104008,1180.12
20240128105008,1263.46
20240128110008,1158.01
20240128111008,1274.63
20240128112008,1249.05
20240128113008,1301.27
20240128114008,1426.17
20240128115008,1428.83
20240128120008,1376.79
20240128121008,1148.42
20240128122008,1154.35
20240128123008,1267.46
20240128124008,1256.7
20240128125008,1321.71
20240128130008,1326.08
20240128131008,1217.44
20240128132008,1080.49
20240128133008,1226.81
20240128134008,1392.77
20240128135008,1442.91
20240128140008,1304.07
20240128141008,1368.67
20240128142008,1019.76
20240128143008,706.1
20240128144008,815.53
20240128145008,909.22
20240128150008,830.43
20240128151008,594.67
20240128152008,655.57
20240128153008,444.77
20240128154008,59.91
20240128155008,92.46
20240128160008,21.59
20240128161008,66.63
20240128162008,27.36
20240128163008,27.05
20240128164008,30.56
20240128165008,20.08
20240204090008,114.22
20240204091008,80.47
20240204092008,84.28
20240204093008,70.54
20240204094008,59.54
20240204095008,58.48
20240204100008,70.21
20240204101008,62.94
20240204102008,68.46
20240204103008,74.69
20240204104008,86.53
20240204105008,84.6
20240204110008,102.6
20240204111008,96.18
20240204112008,79.39
20240204113008,81.92
20240204114008,94.78
20240204115008,86.54
20240204120008,87.1
20240204121008,86.61
20240204122008,80.39
20240204123008,73.32
20240204124008,58.35
20240204125008,52.86
20240204130008,66.46
20240204131008,46.06
20240204132008,34.12
20240204133008,30.04
20240204134008,41.07
20240204135008,37.87
20240204140008,38.78
20240204141008,32.45
20240204142008,30.08
20240204143008,33.11
20240204144008,34.3
20240204145008,26.71
20240204150008,75.4
20240204151008,30.67
20240204152008,27.32
20240204153008,15.31
20240204154008,20.15
20240204155008,13.36
20240204160008,21.11
20240204161008,10.72
20240204162008,10.83
20240204163008,8.96
20240204164008,6.41
20240204165008,6.31
20240218090008,102.82
20240218091008,142.8
20240218092008,81.46
20240218093008,114.05
20240218094008,845.8
20240218095008,1099.9
20240218100008,577
20240218101008,354.98
20240218102008,301.07
20240218103008,278.55
20240218104008,427.11
20240218105008,372.49
20240218110008,303.9
20240218111008,423.62
20240218112008,427.44
20240218113008,229.24
20240218114008,336.94
20240218115008,349.63
20240218120008,346.54
20240218121008,1080.62
20240218122008,1028.01
20240218123008,844.62
20240218124008,224.49
20240218125008,221.94
20240218130008,464.12
20240218131008,206.23
20240218132008,214.76
20240218133008,242.86
20240218134008,302.34
20240218135008,254.73
20240218140008,247.92
20240218141008,96.29
20240218142008,45.43
20240218143008,42.73
20240218144008,687.04
20240218145008,742.02
20240218150008,78.28
20240218151008,613
20240218152008,537.95
20240218153008,136.1
20240218154008,92.22
20240218155008,123.71
20240218160008,130.37
20240218161008,62.17
20240218162008,70.59
20240218163008,57.72
20240218164008,29.68
20240218165008,28.11
20240305090008,121.47
20240305091008,113.17
20240305092008,186.78
20240305093008,475.56
20240305094008,570.74
20240305095008,527.74
20240305100008,258.87
20240305101008,134.14
20240305102008,469.9
20240305103008,618.33
20240305104008,1039.8
20240305105008,1094.68
20240305110008,1391.87
20240305111008,1350.58
20240305112008,1295.36
20240305113008,1313.88
20240305114008,1278.45
20240305115008,1250.36
20240305120008,1349.39
20240305121008,1239.99
20240305122008,1281.66
20240305123008,1322.33
20240305124008,1314.73
20240305125008,1363.13
20240305130008,1283.92
20240305131008,989.64
20240305132008,1070.71
20240305133008,1034.9
20240305134008,964.72
20240305135008,950.28
20240305140008,964.94
20240305141008,923.29
20240305142008,673.83
20240305143008,618.91
20240305144008,588.2
20240305145008,631.02
20240305150008,922.29
20240305151008,586.8
20240305152008,324.77
20240305153008,374.42
20240305154008,0
20240305155008,45.07
20240305160008,74.32
20240305161008,13.57
20240305162008,11.19
20240305163008,45.45
20240305164008,37.29
20240305165008,22.31
20240325090008,111.23
20240325091008,88.33
20240325092008,93.05
20240325093008,526.89
20240325094008,356.24
20240325095008,584.97
20240325100008,414.47
20240325101008,426.66
20240325102008,480.2
20240325103008,708.29
20240325104008,1062.09
20240325105008,1068.71
20240325110008,1166.71
20240325111008,1155.12
20240325112008,1143.48
20240325113008,1111.91
20240325114008,1151.3
20240325115008,773.08
20240325120008,813.04
20240325121008,797.95
20240325122008,851.48
20240325123008,509.23
20240325124008,619.13
20240325125008,614.4
20240325130008,573.42
20240325131008,449.88
20240325132008,529.55
20240325133008,430.47
20240325134008,437.17
20240325135008,194.19
20240325140008,0
20240325141008,127.83
20240325142008,0
20240325143008,79.1
20240325144008,81.57
20240325145008,102.18
20240325150008,59.38
20240325151008,49.92
20240325152008,24.01
20240325153008,42.79
20240325154008,27.88
20240325155008,12.61
20240325160008,11.85
20240325161008,8.77
20240325162008,1.43
20240325163008,0
20240325164008,33.91
20240325165008,23.71
20240518090008,74.44
20240518091008,87.7
20240518092008,126.28
20240518093008,271.13
20240518094008,488.98
20240518095008,833.74
20240518100008,439.65
20240518101008,416.56
20240518102008,587.32
20240518103008,703.09
20240518104008,1062.58
20240518105008,1102.46
20240518110008,1323.99
20240518111008,1421.68
20240518112008,1549.82
20240518113008,1405.13
20240518114008,1329.37
20240518115008,1380.96
20240518120008,1536.6
20240518121008,1568.85
20240518122008,1549.65
20240518123008,1406.81
20240518124008,1522.19
20240518125008,1484.27
20240518130008,1524.53
20240518131008,1551.28
20240518132008,1618.56
20240518133008,1510.98
20240518134008,1443.49
20240518135008,1385.6
20240518140008,1457.1
20240518141008,1384.19
20240518142008,1360.66
20240518143008,1322.87
20240518144008,1143.15
20240518145008,1196.62
20240518150008,1039.51
20240518151008,911.73
20240518152008,629.08
20240518153008,474.35
20240518154008,133.52
20240518155008,101.08
20240518160008,61.41
20240518161008,47.73
20240518162008,34.16
20240518163008,58.82
20240518164008,31.15
20240518165008,37.4
20240526090008,97.94
20240526091008,113.07
20240526092008,144.66
20240526093008,203.7
20240526094008,296.29
20240526095008,552.28
20240526100008,584.46
20240526101008,866.9
20240526102008,1050.9
20240526103008,1026.96
20240526104008,1386.35
20240526105008,1439.41
20240526110008,1312.92
20240526111008,1315.8
20240526112008,1383.78
20240526113008,1247.8
20240526114008,1221.09
20240526115008,1068.64
20240526120008,1024.08
20240526121008,1097.11
20240526122008,1083.35
20240526123008,1049.43
20240526124008,1078.13
20240526125008,1094.98
20240526130008,1101.37
20240526131008,997.27
20240526132008,1078.48
20240526133008,911.47
20240526134008,948.88
20240526135008,1017.82
20240526140008,1082.4
20240526141008,1082.77
20240526142008,1043.3
20240526143008,1037.15
20240526144008,805.93
20240526145008,1019.83
20240526150008,910.91
20240526151008,799.85
20240526152008,706.41
20240526153008,802.62
20240526154008,197.45
20240526155008,215.62
20240526160008,253.12
20240526161008,217.17
20240526162008,224.52
20240526163008,202.71
20240526164008,200.96
20240526165008,185.68
20240529090008,81.41
20240529091008,83.27
20240529092008,99.13
20240529093008,137.94
20240529094008,132.34
20240529095008,139.48
20240529100008,139.87
20240529101008,143.05
20240529102008,94.6
20240529103008,66.09
20240529104008,53.1
20240529105008,71.63
20240529110008,75.3
20240529111008,92.59
20240529112008,104.94
20240529113008,94.9
20240529114008,100.94
20240529115008,103.5
20240529120008,111.44
20240529121008,105.31
20240529122008,89.99
20240529123008,71.76
20240529124008,71.63
20240529125008,72.48
20240529130008,62.59
20240529131008,53.08
20240529132008,48.8
20240529133008,48.08
20240529134008,43.97
20240529135008,45.06
20240529140008,75.76
20240529141008,69.37
20240529142008,69.15
20240529143008,69.23
20240529144008,67.69
20240529145008,67.62
20240529150008,38.64
20240529151008,20.62
20240529152008,18.05
20240529153008,14.51
20240529154008,25.55
20240529155008,28.09
20240529160008,15.41
20240529161008,20.51
20240529162008,20.28
20240529163008,27.39
20240529164008,20.5
20240529165008,20.72
20240607090008,721.23
20240607091008,726.15
20240607092008,756.77
20240607093008,773.5
20240607094008,687.16
20240607095008,745.18
20240607100008,96.2
20240607101008,61.66
20240607102008,174.55
20240607103008,329.18
20240607104008,330.74
20240607105008,279.68
20240607110008,761.95
20240607111008,705.81
20240607112008,710.32
20240607113008,328.39
20240607114008,388.95
20240607115008,397.48
20240607120008,446.35
20240607121008,455.8
20240607122008,455.88
20240607123008,370.01
20240607124008,932.35
20240607125008,883.11
20240607130008,701.33
20240607131008,818.72
20240607132008,373.48
20240607133008,302.68
20240607134008,303.11
20240607135008,125.23
20240607140008,91.86
20240607141008,66.43
20240607142008,503.01
20240607143008,187.47
20240607144008,42.46
20240607145008,40.78
20240607150008,31.42
20240607151008,32.25
20240607152008,16.62
20240607153008,14.34
20240607154008,22.57
20240607155008,27.39
20240607160008,48.47
20240607161008,39.31
20240607162008,43.82
20240607163008,51.34
20240607164008,22.03
20240607165008,41.11
20240613090008,98.35
20240613091008,102.01
20240613092008,130.08
20240613093008,755.52
20240613094008,578.55
20240613095008,638.34
20240613100008,503.16
20240613101008,926.5
20240613102008,905.85
20240613103008,919.75
20240613104008,1055.48
20240613105008,842.46
20240613110008,1016.74
20240613111008,1065.95
20240613112008,1218.33
20240613113008,1325.01
20240613114008,1340.97
20240613115008,1380.12
20240613120008,1316.79
20240613121008,1327.53
20240613122008,1322.3
20240613123008,1269.71
20240613124008,1256.01
20240613125008,1055.59
20240613130008,1152.83
20240613131008,1049.45
20240613132008,1241.98
20240613133008,1194.24
20240613134008,1220.73
20240613135008,1129.77
20240613140008,1222.3
20240613141008,1277.85
20240613142008,1227.65
20240613143008,1200.41
20240613144008,1207.25
20240613145008,1145.51
20240613150008,268.13
20240613151008,266.68
20240613152008,95.92
20240613153008,57.85
20240613154008,48.85
20240613155008,14.44
20240613160008,13.95
20240613161008,29.08
20240613162008,40.58
20240613163008,31.06
20240613164008,42.09
20240613165008,56.6
20240628090008,83.29
20240628091008,95.45
20240628092008,120.83
20240628093008,187.26
20240628094008,372.79
20240628095008,665.61
20240628100008,890.58
20240628101008,873.16
20240628102008,588.75
20240628103008,722.03
20240628104008,1134.65
20240628105008,1073.47
20240628110008,1267.74
20240628111008,1412.48
20240628112008,1416.36
20240628113008,1369.56
20240628114008,1509.68
20240628115008,1543.96
20240628120008,1534.45
20240628121008,1522.33
20240628122008,1535.14
20240628123008,1525.31
20240628124008,1522.98
20240628125008,1514.41
20240628130008,1548.38
20240628131008,1602.71
20240628132008,1538.85
20240628133008,1395.61
20240628134008,1511.05
20240628135008,1033.87
20240628140008,981.52
20240628141008,1052.7
20240628142008,964.99
20240628143008,1297.34
20240628144008,1300.89
20240628145008,577.8
20240628150008,1217.93
20240628151008,901.08
20240628152008,601
20240628153008,470.05
20240628154008,77.67
20240628155008,51.2
20240628160008,66.87
20240628161008,25.6
20240628162008,36.45
20240628163008,45.7
20240628164008,47.75
20240628165008,27.89
20240705090008,24.63
20240705091008,18.7
20240705092008,30.99
20240705093008,29.99
20240705094008,25.89
20240705095008,36.89
20240705100008,75.57
20240705101008,96.4
20240705102008,70.02
20240705103008,60.88
20240705104008,36.71
20240705105008,20.95
20240705110008,25.27
20240705111008,23.14
20240705112008,25.44
20240705113008,21.81
20240705114008,23.59
20240705115008,24.76
20240705120008,21.89
20240705121008,20.79
20240705122008,14.5
20240705123008,15.88
20240705124008,11.52
20240705125008,18.56
20240705130008,19.28
20240705131008,3.58
20240705132008,25.37
20240705133008,31.19
20240705134008,29.17
20240705135008,22.8
20240705140008,82.77
20240705141008,63.47
20240705142008,30.9
20240705143008,67.7
20240705144008,76.17
20240705145008,82.23
20240705150008,64.9
20240705151008,35.28
20240705152008,36.98
20240705153008,72.7
20240705154008,16.5
20240705155008,51.76
20240705160008,44.11
20240705161008,43.1
20240705162008,38.39
20240705163008,12.04
20240705164008,7.44
20240705165008,3.71
20240709090008,65.46
20240709091008,78.51
20240709092008,69.75
20240709093008,84.34
20240709094008,628.89
20240709095008,510.44
20240709100008,391.81
20240709101008,398.57
20240709102008,381.87
20240709103008,561.76
20240709104008,486.19
20240709105008,701.11
20240709110008,866.82
20240709111008,827.16
20240709112008,863.78
20240709113008,1340.44
20240709114008,871.41
20240709115008,904.17
20240709120008,944.69
20240709121008,877.6
20240709122008,1327.88
20240709123008,1305.77
20240709124008,1282.56
20240709125008,1298.87
20240709130008,1012.9
20240709131008,1018.48
20240709132008,1201.66
20240709133008,1160.26
20240709134008,1170.96
20240709135008,1148.26
20240709140008,1234.1
20240709141008,927.53
20240709142008,794.98
20240709143008,707.19
20240709144008,207.88
20240709145008,149.93
20240709150008,103.91
20240709151008,53.12
20240709152008,16.23
20240709153008,12.98
20240709154008,16.32
20240709155008,12.49
20240709160008,13.24
20240709161008,2.19
20240709162008,5.12
20240709163008,0
20240709164008,0
20240709165008,0
20240715090008,119.25
20240715091008,118.16
20240715092008,101.82
20240715093008,118.23
20240715094008,149.74
20240715095008,141.36
20240715100008,346.73
20240715101008,627.86
20240715102008,794.33
20240715103008,969.73
20240715104008,933.39
20240715105008,1027.56
20240715110008,1088.48
20240715111008,1049.05
20240715112008,1026.29
20240715113008,1041.46
20240715114008,1072.78
20240715115008,1120.22
20240715120008,1338.74
20240715121008,966.4
20240715122008,949.15
20240715123008,919.56
20240715124008,870.93
20240715125008,401.39
20240715130008,415.79
20240715131008,824.89
20240715132008,171.62
20240715133008,104.05
20240715134008,640.96
20240715135008,493.44
20240715140008,144.26
20240715141008,97.27
20240715142008,75.67
20240715143008,69.73
20240715144008,63.94
20240715145008,64.29
20240715150008,54.34
20240715151008,61.31
20240715152008,52.02
20240715153008,50.92
20240715154008,27.43
20240715155008,29.18
20240715160008,26.3
20240715161008,16.65
20240715162008,16.14
20240715163008,11.61
20240715164008,15.31
20240715165008,15.62
20240719090008,3.85
20240719091008,9.33
20240719092008,10.16
20240719093008,8.87
20240719094008,0
20240719095008,6.97
20240719100008,0
20240719101008,9.6
20240719102008,7.88
20240719103008,5.41
20240719104008,0
20240719105008,24.62
20240719110008,20.07
20240719111008,16.9
20240719112008,6.11
20240719113008,7.77
20240719114008,9.13
20240719115008,8.83
20240719120008,29.61
20240719121008,26.67
20240719122008,27.01
20240719123008,16.05
20240719124008,19.26
20240719125008,0
20240719130008,0
20240719131008,15.33
20240719132008,7.69
20240719133008,17.99
20240719134008,13.52
20240719135008,15.96
20240719140008,10.73
20240719141008,8.14
20240719142008,6.36
20240719143008,3.6
20240719144008,3.93
20240719145008,1.24
20240719150008,0
20240719151008,0
20240719152008,0
20240719153008,0
20240719154008,0
20240719155008,0
20240719160008,0
20240719161008,0
20240719162008,0
20240719163008,0
20240719164008,0
20240719165008,0
20240309090009,0
20240309091009,27.62
20240309092009,16.84
20240309093009,5.03
20240309094009,2.67
20240309095009,0.01
20240309100009,0
20240309101009,0
20240309102009,8.23
20240309103009,7.56
20240309104009,10.69
20240309105009,9.81
20240309110009,4.07
20240309111009,2.11
20240309112009,3.7
20240309113009,7.18
20240309114009,7.52
20240309115009,0
20240309120009,0
20240309121009,0
20240309122009,0
20240309123009,0
20240309124009,0
20240309125009,0
20240309130009,0
20240309131009,2.32
20240309132009,3.72
20240309133009,3.9
20240309134009,2.76
20240309135009,13.82
20240309140009,0
20240309141009,0
20240309142009,4.5
20240309143009,6.58
20240309144009,7.18
20240309145009,17.58
20240309150009,21.59
20240309151009,0
20240309152009,0
20240309153009,0
20240309154009,3.67
20240309155009,11.86
20240309160009,14.59
20240309161009,10.2
20240309162009,11.05
20240309163009,9.5
20240309164009,8.09
20240309165009,12.09
20240314090009,18.83
20240314091009,15.56
20240314092009,12.08
20240314093009,10.93
20240314094009,37.75
20240314095009,4.35
20240314100009,14.22
20240314101009,12.27
20240314102009,33.2
20240314103009,24.4
20240314104009,73.53
20240314105009,42.21
20240314110009,58.29
20240314111009,57.3
20240314112009,729.92
20240314113009,755.8
20240314114009,91.06
20240314115009,851.99
20240314120009,250.49
20240314121009,453.63
20240314122009,863.18
20240314123009,838.2
20240314124009,188.84
20240314125009,27.35
20240314130009,8.28
20240314131009,27.66
20240314132009,16.34
20240314133009,3.43
20240314134009,0
20240314135009,6.56
20240314140009,0
20240314141009,0
20240314142009,0
20240314143009,0
20240314144009,0
20240314145009,0
20240314150009,0
20240314151009,0
20240314152009,0
20240314153009,0
20240314154009,0
20240314155009,0
20240314160009,0
20240314161009,8.68
20240314162009,2.37
20240314163009,4.25
20240314164009,18.15
20240314165009,18.39
20240414090009,10.47
20240414091009,0
20240414092009,15.44
20240414093009,0
20240414094009,5.76
20240414095009,34.66
20240414100009,11.07
20240414101009,33.82
20240414102009,56.56
20240414103009,69.83
20240414104009,77.84
20240414105009,930.92
20240414110009,550.89
20240414111009,573.73
20240414112009,529.41
20240414113009,470.66
20240414114009,601.53
20240414115009,501.6
20240414120009,604.73
20240414121009,480.05
20240414122009,488.69
20240414123009,408.61
20240414124009,381.02
20240414125009,304.14
20240414130009,430.3
20240414131009,377.67
20240414132009,105.88
20240414133009,36.63
20240414134009,3.16
20240414135009,11.23
20240414140009,0
20240414141009,9.05
20240414142009,0
20240414143009,0
20240414144009,0
20240414145009,0
20240414150009,0
20240414151009,0
20240414152009,0
20240414153009,0
20240414154009,0
20240414155009,0
20240414160009,0
20240414161009,0
20240414162009,0
20240414163009,0
20240414164009,0
20240414165009,0
20240506090009,34.21
20240506091009,19.8
20240506092009,11.34
20240506093009,10.42
20240506094009,19.22
20240506095009,1.03
20240506100009,26.38
20240506101009,168.32
20240506102009,241.66
20240506103009,221.33
20240506104009,445.14
20240506105009,599.06
20240506110009,637.15
20240506111009,663.32
20240506112009,728
20240506113009,821.89
20240506114009,888.85
20240506115009,954.35
20240506120009,929.13
20240506121009,912.6
20240506122009,853.16
20240506123009,1005.46
20240506124009,796.46
20240506125009,486.68
20240506130009,893.44
20240506131009,919.76
20240506132009,896.65
20240506133009,870.48
20240506134009,907.31
20240506135009,948.66
20240506140009,793.02
20240506141009,674.5
20240506142009,113.09
20240506143009,55.06
20240506144009,0.71
20240506145009,91.74
20240506150009,0
20240506151009,0
20240506152009,22.78
20240506153009,19.3
20240506154009,0
20240506155009,0
20240506160009,0
20240506161009,0
20240506162009,0
20240506163009,0
20240506164009,0
20240506165009,0
20240526090009,46.73
20240526091009,26.55
20240526092009,76.69
20240526093009,95.29
20240526094009,66.8
20240526095009,58.24
20240526100009,806.83
20240526101009,832.24
20240526102009,957.03
20240526103009,968.91
20240526104009,968.64
20240526105009,973.91
20240526110009,875.17
20240526111009,689.11
20240526112009,666.58
20240526113009,705.86
20240526114009,694.24
20240526115009,565.94
20240526120009,590.11
20240526121009,560.93
20240526122009,539.53
20240526123009,597.42
20240526124009,638.08
20240526125009,697.43
20240526130009,714.33
20240526131009,693
20240526132009,591.62
20240526133009,752.91
20240526134009,917.61
20240526135009,918.71
20240526140009,973.86
20240526141009,953.96
20240526142009,490.98
20240526143009,442.94
20240526144009,129.38
20240526145009,77.21
20240526150009,61.49
20240526151009,17.3
20240526152009,15.18
20240526153009,12.58
20240526154009,13.9
20240526155009,35.47
20240526160009,0
20240526161009,0
20240526162009,0
20240526163009,0
20240526164009,0
20240526165009,0
20240614090009,6.82
20240614091009,34.27
20240614092009,47.29
20240614093009,655.38
20240614094009,90.48
20240614095009,655.68
20240614100009,625.5
20240614101009,884.71
20240614102009,890.89
20240614103009,699.6
20240614104009,713.78
20240614105009,801.89
20240614110009,1269.7
20240614111009,1279.26
20240614112009,1284.81
20240614113009,1265.68
20240614114009,1334.55
20240614115009,1362.55
20240614120009,1308.04
20240614121009,1252.94
20240614122009,952.56
20240614123009,403.11
20240614124009,464.23
20240614125009,898.22
20240614130009,637.65
20240614131009,225.19
20240614132009,155.2
20240614133009,62.04
20240614134009,53.62
20240614135009,25.74
20240614140009,1.84
20240614141009,16.52
20240614142009,18.07
20240614143009,11.24
20240614144009,0
20240614145009,16.04
20240614150009,0
20240614151009,30.11
20240614152009,571.71
20240614153009,0
20240614154009,0
20240614155009,0
20240614160009,26.94
20240614161009,0
20240614162009,0
20240614163009,0
20240614164009,0
20240614165009,0
20240621090009,20.59
20240621091009,0
20240621092009,17.55
20240621093009,8.85
20240621094009,0
20240621095009,0
20240621100009,14.92
20240621101009,44.08
20240621102009,19.85
20240621103009,41.18
20240621104009,28.24
20240621105009,32.95
20240621110009,49.87
20240621111009,39.99
20240621112009,34.78
20240621113009,29.87
20240621114009,25.56
20240621115009,59.73
20240621120009,36.42
20240621121009,60.55
20240621122009,38.73
20240621123009,34.02
20240621124009,30.68
20240621125009,22.02
20240621130009,41.81
20240621131009,31.93
20240621132009,32.42
20240621133009,24.68
20240621134009,6.1
20240621135009,5.03
20240621140009,6.23
20240621141009,0
20240621142009,0
20240621143009,0
20240621144009,0
20240621145009,0
20240621150009,5.23
20240621151009,0
20240621152009,9.76
20240621153009,10.45
20240621154009,13
20240621155009,21.88
20240621160009,25.75
20240621161009,36.74
20240621162009,31.79
20240621163009,25.86
20240621164009,27.25
20240621165009,2.48
20240628090009,25.64
20240628091009,14.72
20240628092009,31.67
20240628093009,646.46
20240628094009,27.04
20240628095009,178.46
20240628100009,734.8
20240628101009,525.5
20240628102009,616.15
20240628103009,663.49
20240628104009,713.36
20240628105009,783.4
20240628110009,817.24
20240628111009,708.58
20240628112009,899.51
20240628113009,895.28
20240628114009,848.5
20240628115009,826.05
20240628120009,931.69
20240628121009,871.41
20240628122009,902.38
20240628123009,793.27
20240628124009,723.03
20240628125009,848.41
20240628130009,1169.09
20240628131009,504.94
20240628132009,324.3
20240628133009,176.46
20240628134009,69.39
20240628135009,40.22
20240628140009,21.68
20240628141009,3.65
20240628142009,6.66
20240628143009,6.13
20240628144009,3.62
20240628145009,8.89
20240628150009,16.45
20240628151009,4.34
20240628152009,3.88
20240628153009,3.86
20240628154009,4.83
20240628155009,20.87
20240628160009,15.93
20240628161009,64.74
20240628162009,29.85
20240628163009,23.12
20240628164009,18.34
20240628165009,11.59
20240717090009,13.99
20240717091009,15.74
20240717092009,14.42
20240717093009,12.36
20240717094009,13.18
20240717095009,18.62
20240717100009,34.61
20240717101009,45.04
20240717102009,90.92
20240717103009,84.55
20240717104009,85.46
20240717105009,82.66
20240717110009,109.79
20240717111009,174.43
20240717112009,939.9
20240717113009,332.78
20240717114009,371.45
20240717115009,290.68
20240717120009,305.22
20240717121009,312.34
20240717122009,266.85
20240717123009,250.59
20240717124009,246.32
20240717125009,179.72
20240717130009,164.99
20240717131009,167.07
20240717132009,252.49
20240717133009,246.71
20240717134009,73.85
20240717135009,29.5
20240717140009,20.78
20240717141009,30.37
20240717142009,20.7
20240717143009,14.07
20240717144009,16.92
20240717145009,11.5
20240717150009,10.67
20240717151009,13.9
20240717152009,9.36
20240717153009,4.82
20240717154009,14.62
20240717155009,0
20240717160009,0
20240717161009,0
20240717162009,0
20240717163009,0
20240717164009,0
20240717165009,0
20240316090010,44.48
20240316091010,55.08
20240316092010,59.54
20240316093010,103.35
20240316094010,97.75
20240316095010,96.11
20240316100010,97.52
20240316101010,102.83
20240316102010,52
20240316103010,45.55
20240316104010,30.22
20240316105010,48.06
20240316110010,30.4
20240316111010,64.99
20240316112010,72.59
20240316113010,65.77
20240316114010,63.71
20240316115010,63.2
20240316120010,70.99
20240316121010,63.7
20240316122010,55.96
20240316123010,49.45
20240316124010,49.32
20240316125010,47.89
20240316130010,38.55
20240316131010,27.05
20240316132010,22.96
20240316133010,22.73
20240316134010,22.5
20240316135010,19.29
20240316140010,38.23
20240316141010,42.66
20240316142010,46.16
20240316143010,47.75
20240316144010,44.93
20240316145010,44.66
20240316150010,21.49
20240316151010,5.37
20240316152010,6.56
20240316153010,3.28
20240316154010,9.71
20240316155010,10.35
20240316160010,4.9
20240316161010,9.48
20240316162010,7.44
20240316163010,12.07
20240316164010,5.85
20240316165010,6.76
20240324090010,766.23
20240324091010,737.19
20240324092010,736.26
20240324093010,738.8
20240324094010,600.97
20240324095010,798.87
20240324100010,672.53
20240324101010,419.82
20240324102010,354.6
20240324103010,336.96
20240324104010,581.03
20240324105010,297.1
20240324110010,262.99
20240324111010,289.77
20240324112010,711.09
20240324113010,702.71
20240324114010,607.81
20240324115010,374.52
20240324120010,468.55
20240324121010,621.98
20240324122010,683.08
20240324123010,635.62
20240324124010,450.43
20240324125010,409.98
20240324130010,376.19
20240324131010,360.33
20240324132010,349.57
20240324133010,326.23
20240324134010,325.72
20240324135010,334.6
20240324140010,330.43
20240324141010,283.84
20240324142010,279.9
20240324143010,174.19
20240324144010,141.57
20240324145010,157.41
20240324150010,32.57
20240324151010,19.78
20240324152010,17.49
20240324153010,19.86
20240324154010,20.6
20240324155010,0
20240324160010,0
20240324161010,0
20240324162010,0
20240324163010,0
20240324164010,0
20240324165010,0
20240412090010,39.96
20240412091010,9.68
20240412092010,13.88
20240412093010,49.62
20240412094010,112.84
20240412095010,135.2
20240412100010,440.47
20240412101010,558.55
20240412102010,704.46
20240412103010,805.71
20240412104010,503.16
20240412105010,556.43
20240412110010,630.7
20240412111010,535.69
20240412112010,535.77
20240412113010,636.37
20240412114010,631.31
20240412115010,552.91
20240412120010,569.1
20240412121010,564.45
20240412122010,620.49
20240412123010,242.33
20240412124010,240.69
20240412125010,233.7
20240412130010,229.27
20240412131010,378.46
20240412132010,384.72
20240412133010,450.45
20240412134010,131.41
20240412135010,112.12
20240412140010,192.79
20240412141010,126.17
20240412142010,12.82
20240412143010,17.29
20240412144010,0
20240412145010,12.79
20240412150010,8.4
20240412151010,8.19
20240412152010,0
20240412153010,0
20240412154010,0
20240412155010,0
20240412160010,0
20240412161010,0
20240412162010,0
20240412163010,6.25
20240412164010,4.5
20240412165010,0
20240419090010,0
20240419091010,0.37
20240419092010,4.8
20240419093010,23.61
20240419094010,0
20240419095010,0
20240419100010,58.59
20240419101010,52.75
20240419102010,477.01
20240419103010,106.82
20240419104010,57.2
20240419105010,152.43
20240419110010,130.3
20240419111010,222.17
20240419112010,882.16
20240419113010,906.53
20240419114010,930.91
20240419115010,783.06
20240419120010,823.51
20240419121010,747.78
20240419122010,877.03
20240419123010,881.59
20240419124010,907.86
20240419125010,1150.7
20240419130010,1113.53
20240419131010,1086.19
20240419132010,1020.09
20240419133010,1008.18
20240419134010,1261.45
20240419135010,861.8
20240419140010,932.33
20240419141010,744.5
20240419142010,698.07
20240419143010,269.54
20240419144010,119.75
20240419145010,33.31
20240419150010,25.35
20240419151010,20.94
20240419152010,18.86
20240419153010,14.69
20240419154010,17.87
20240419155010,42.63
20240419160010,18.4
20240419161010,16.45
20240419162010,8.68
20240419163010,0
20240419164010,0
20240419165010,2.34
20240515090010,92.95
20240515091010,68.84
20240515092010,70.77
20240515093010,66.37
20240515094010,61.09
20240515095010,52.33
20240515100010,142.7
20240515101010,143.45
20240515102010,163.1
20240515103010,175.5
20240515104010,256.82
20240515105010,258.52
20240515110010,289.16
20240515111010,266.73
20240515112010,789.05
20240515113010,292.36
20240515114010,870.76
20240515115010,907.67
20240515120010,699.56
20240515121010,847.63
20240515122010,869.17
20240515123010,370.09
20240515124010,400.94
20240515125010,343.83
20240515130010,287.63
20240515131010,344.51
20240515132010,327.56
20240515133010,301.51
20240515134010,283.47
20240515135010,274.69
20240515140010,207.03
20240515141010,261
20240515142010,697.22
20240515143010,514.42
20240515144010,674.11
20240515145010,586.51
20240515150010,22.63
20240515151010,23.45
20240515152010,0
20240515153010,0
20240515154010,0
20240515155010,12.73
20240515160010,12.87
20240515161010,19.15
20240515162010,18.52
20240515163010,15
20240515164010,0
20240515165010,0
20240526090010,15.97
20240526091010,13.45
20240526092010,42.35
20240526093010,27.96
20240526094010,37.04
20240526095010,120.25
20240526100010,240.65
20240526101010,224.14
20240526102010,335.92
20240526103010,423.83
20240526104010,496.93
20240526105010,787.02
20240526110010,725.09
20240526111010,964.66
20240526112010,1004.12
20240526113010,1005.5
20240526114010,1084.56
20240526115010,1153.81
20240526120010,1247.73
20240526121010,1178.42
20240526122010,1232.76
20240526123010,1259.76
20240526124010,1267.7
20240526125010,1108.49
20240526130010,1139.77
20240526131010,599.91
20240526132010,751.88
20240526133010,734.5
20240526134010,772.27
20240526135010,682.03
20240526140010,651.18
20240526141010,738.32
20240526142010,561.87
20240526143010,604.64
20240526144010,656
20240526145010,308.52
20240526150010,127.82
20240526151010,17.22
20240526152010,28.7
20240526153010,17.3
20240526154010,46.25
20240526155010,0
20240526160010,2.42
20240526161010,0.49
20240526162010,0.28
20240526163010,1.96
20240526164010,0
20240526165010,0
20240617090010,231.35
20240617091010,229.23
20240617092010,377.58
20240617093010,217.05
20240617094010,245.94
20240617095010,455.54
20240617100010,512.14
20240617101010,707.48
20240617102010,383.82
20240617103010,400.98
20240617104010,1073.96
20240617105010,1117.88
20240617110010,1245.5
20240617111010,1168.89
20240617112010,1244.72
20240617113010,1184.21
20240617114010,1265.41
20240617115010,1223.21
20240617120010,1167.9
20240617121010,1216.29
20240617122010,1272.85
20240617123010,1210.94
20240617124010,1164.64
20240617125010,1358.38
20240617130010,1423.03
20240617131010,1324.82
20240617132010,1212
20240617133010,1193.79
20240617134010,1134.43
20240617135010,1305.24
20240617140010,1356.07
20240617141010,1260.94
20240617142010,1110.07
20240617143010,1148.23
20240617144010,869.02
20240617145010,827.94
20240617150010,737.91
20240617151010,453.4
20240617152010,44.85
20240617153010,41.51
20240617154010,21.04
20240617155010,21.86
20240617160010,6.99
20240617161010,0
20240617162010,0
20240617163010,0
20240617164010,0
20240617165010,18.91
20240630090010,79.8
20240630091010,55.81
20240630092010,116.99
20240630093010,537.18
20240630094010,231.72
20240630095010,471.32
20240630100010,731.11
20240630101010,201.89
20240630102010,157.17
20240630103010,546.17
20240630104010,616.6
20240630105010,1101.17
20240630110010,1182.42
20240630111010,772.56
20240630112010,793.9
20240630113010,968.2
20240630114010,972.69
20240630115010,1002.37
20240630120010,963.75
20240630121010,961.49
20240630122010,1002.47
20240630123010,993.43
20240630124010,869.46
20240630125010,891.96
20240630130010,941.92
20240630131010,970.96
20240630132010,939.51
20240630133010,870.42
20240630134010,569.88
20240630135010,979
20240630140010,792.43
20240630141010,841.82
20240630142010,684.58
20240630143010,519.8
20240630144010,414
20240630145010,449.25
20240630150010,376.2
20240630151010,68.99
20240630152010,82.51
20240630153010,76.85
20240630154010,45.86
20240630155010,10.02
20240630160010,0
20240630161010,12.24
20240630162010,0
20240630163010,0.08
20240630164010,0
20240630165010,0
20240714090010,0
20240714091010,17.3
20240714092010,138.83
20240714093010,181.83
20240714094010,533.31
20240714095010,612.72
20240714100010,344.67
20240714101010,242.86
20240714102010,611.69
20240714103010,638.4
20240714104010,1289.54
20240714105010,1292.69
20240714110010,1200.35
20240714111010,1227.44
20240714112010,1233.5
20240714113010,1172.27
20240714114010,1257.13
20240714115010,1099.02
20240714120010,1236.15
20240714121010,1247.34
20240714122010,1254.49
20240714123010,1453.52
20240714124010,1432.06
20240714125010,1353.95
20240714130010,1361.36
20240714131010,1405.81
20240714132010,1454.79
20240714133010,1384.42
20240714134010,1293.51
20240714135010,1239.98
20240714140010,1330.12
20240714141010,1315.22
20240714142010,940.3
20240714143010,1004.36
20240714144010,1169.44
20240714145010,793.94
20240714150010,836.39
20240714151010,721.66
20240714152010,568.82
20240714153010,259.1
20240714154010,83.96
20240714155010,41.05
20240714160010,28.7
20240714161010,35.67
20240714162010,25.7
20240714163010,15.23
20240714164010,6.68
20240714165010,7.57
20240718090010,8.44
20240718091010,5.44
20240718092010,33.82
20240718093010,82.84
20240718094010,86.67
20240718095010,240.44
20240718100010,192.06
20240718101010,393.28
20240718102010,429.44
20240718103010,675.1
20240718104010,1177.53
20240718105010,1239.88
20240718110010,1385.02
20240718111010,1356.1
20240718112010,1367.32
20240718113010,1333.49
20240718114010,1253.86
20240718115010,1268.74
20240718120010,1285.84
20240718121010,1197.72
20240718122010,1237.26
20240718123010,1239.88
20240718124010,1391.58
20240718125010,1455.07
20240718130010,1498.92
20240718131010,1350.36
20240718132010,1257.71
20240718133010,1349.08
20240718134010,1398.48
20240718135010,1386.53
20240718140010,1196.91
20240718141010,1337.95
20240718142010,1206.52
20240718143010,1308.24
20240718144010,1497.42
20240718145010,961.2
20240718150010,846.21
20240718151010,324.74
20240718152010,87.71
20240718153010,30.11
20240718154010,44.76
20240718155010,19.36
20240718160010,320.91
20240718161010,25.2
20240718162010,40.3
20240718163010,31.12
20240718164010,27.73
20240718165010,12.68
20240720090010,0
20240720091010,40.19
20240720092010,37.05
20240720093010,67.17
20240720094010,513.98
20240720095010,538.57
20240720100010,94.73
20240720101010,693.77
20240720102010,719.67
20240720103010,723.1
20240720104010,802.41
20240720105010,833.22
20240720110010,982.3
20240720111010,1072.35
20240720112010,1325.56
20240720113010,1369.97
20240720114010,1489.83
20240720115010,1336.45
20240720120010,1451.13
20240720121010,1416.09
20240720122010,1522.81
20240720123010,1513.94
20240720124010,1474.55
20240720125010,1416.38
20240720130010,1466.99
20240720131010,1444.8
20240720132010,1050.57
20240720133010,1218.16
20240720134010,1191.02
20240720135010,1267.39
20240720140010,984.2
20240720141010,1106.62
20240720142010,855.2
20240720143010,738.98
20240720144010,684.88
20240720145010,475.51
20240720150010,444.76
20240720151010,274.97
20240720152010,170.12
20240720153010,62.75
20240720154010,0
20240720155010,21.78
20240720160010,10.74
20240720161010,46.2
20240720162010,10.99
20240720163010,17.19
20240720164010,16.34
20240720165010,41.2
20240322090011,10.43
20240322091011,55.45
20240322092011,88.3
20240322093011,170.7
20240322094011,485.65
20240322095011,626.83
20240322100011,326.83
20240322101011,208.62
20240322102011,553.22
20240322103011,800.75
20240322104011,1114.42
20240322105011,1200.37
20240322110011,997.88
20240322111011,1056.2
20240322112011,1109.02
20240322113011,1201.19
20240322114011,1242.88
20240322115011,1406.59
20240322120011,1269.69
20240322121011,1349.72
20240322122011,1231.63
20240322123011,1243.11
20240322124011,1260.09
20240322125011,1199.93
20240322130011,1254.43
20240322131011,1133.59
20240322132011,1102.97
20240322133011,1086.71
20240322134011,1174.65
20240322135011,1219.87
20240322140011,1238.26
20240322141011,1212.74
20240322142011,1106.37
20240322143011,1174.38
20240322144011,1105.05
20240322145011,1123.01
20240322150011,806.07
20240322151011,936.82
20240322152011,580.32
20240322153011,191.85
20240322154011,243.09
20240322155011,74.06
20240322160011,17.36
20240322161011,8.52
20240322162011,4.14
20240322163011,0
20240322164011,20.55
20240322165011,34.19
20240327090011,3.43
20240327091011,0
20240327092011,0
20240327093011,37.24
20240327094011,484.72
20240327095011,0
20240327100011,70.68
20240327101011,393.39
20240327102011,162.98
20240327103011,160.81
20240327104011,1256.61
20240327105011,1150.83
20240327110011,1216.69
20240327111011,1271.71
20240327112011,1164.9
20240327113011,1131.26
20240327114011,1123.03
20240327115011,1029.76
20240327120011,1028.91
20240327121011,958.65
20240327122011,1082.85
20240327123011,1079.95
20240327124011,932.24
20240327125011,968.61
20240327130011,905.37
20240327131011,841.3
20240327132011,937.25
20240327133011,881.06
20240327134011,762.49
20240327135011,799.68
20240327140011,925.26
20240327141011,713.24
20240327142011,709.49
20240327143011,268.56
20240327144011,301.2
20240327145011,336.15
20240327150011,316.57
20240327151011,212.92
20240327152011,47.26
20240327153011,18.71
20240327154011,10.01
20240327155011,3.66
20240327160011,0
20240327161011,0
20240327162011,0
20240327163011,0
20240327164011,6.5
20240327165011,0.76
20240413090011,11.57
20240413091011,14.34
20240413092011,11.32
20240413093011,5.23
20240413094011,6.26
20240413095011,637.78
20240413100011,216.61
20240413101011,232.28
20240413102011,395.21
20240413103011,247.44
20240413104011,520.07
20240413105011,1091.18
20240413110011,1106.8
20240413111011,1237.35
20240413112011,1281.9
20240413113011,1231.34
20240413114011,1306.82
20240413115011,1278.78
20240413120011,1414.04
20240413121011,1437.08
20240413122011,1345.15
20240413123011,1269.89
20240413124011,1219.42
20240413125011,1493.41
20240413130011,1259.64
20240413131011,1371.59
20240413132011,1317.94
20240413133011,1324.41
20240413134011,1337.62
20240413135011,1319.58
20240413140011,1242.2
20240413141011,1219.72
20240413142011,862.6
20240413143011,615.14
20240413144011,576.07
20240413145011,137
20240413150011,344.13
20240413151011,73.41
20240413152011,34.23
20240413153011,6.55
20240413154011,0
20240413155011,0
20240413160011,0
20240413161011,7.04
20240413162011,11.31
20240413163011,10.4
20240413164011,32.7
20240413165011,9.11
20240426090011,49.78
20240426091011,41.82
20240426092011,38.4
20240426093011,50.66
20240426094011,60.88
20240426095011,85.69
20240426100011,84.83
20240426101011,65.91
20240426102011,77.69
20240426103011,197.53
20240426104011,254.58
20240426105011,162.67
20240426110011,207.6
20240426111011,174.96
20240426112011,245.84
20240426113011,291.46
20240426114011,353
20240426115011,510.37
20240426120011,779.08
20240426121011,348.31
20240426122011,453.94
20240426123011,366.81
20240426124011,333.26
20240426125011,389.03
20240426130011,184.83
20240426131011,307.41
20240426132011,215.67
20240426133011,129.12
20240426134011,171.14
20240426135011,160.61
20240426140011,118.22
20240426141011,122.04
20240426142011,51.21
20240426143011,63.57
20240426144011,22.81
20240426145011,41.95
20240426150011,39.41
20240426151011,39.23
20240426152011,10.35
20240426153011,11.3
20240426154011,5.89
20240426155011,6.7
20240426160011,12.5
20240426161011,2.01
20240426162011,0
20240426163011,0
20240426164011,0.94
20240426165011,1.02
20240606090011,28.76
20240606091011,3.31
20240606092011,25.83
20240606093011,38.65
20240606094011,193.42
20240606095011,383.82
20240606100011,488.5
20240606101011,496.55
20240606102011,610.26
20240606103011,497.21
20240606104011,637.52
20240606105011,941.86
20240606110011,1068.13
20240606111011,990.34
20240606112011,1017.79
20240606113011,937.13
20240606114011,941.19
20240606115011,893.65
20240606120011,963.08
20240606121011,862.44
20240606122011,826.25
20240606123011,1017.46
20240606124011,1041.59
20240606125011,968.7
20240606130011,789.48
20240606131011,232.91
20240606132011,354.49
20240606133011,670.96
20240606134011,221.21
20240606135011,96.09
20240606140011,87.03
20240606141011,82.68
20240606142011,45.99
20240606143011,81.57
20240606144011,410.87
20240606145011,50.24
20240606150011,51.44
20240606151011,25.1
20240606152011,22.61
20240606153011,11.73
20240606154011,0
20240606155011,4.71
20240606160011,0
20240606161011,0
20240606162011,0
20240606163011,3.43
20240606164011,0
20240606165011,0
20240712090011,25.62
20240712091011,13.79
20240712092011,24.67
20240712093011,29.68
20240712094011,12.08
20240712095011,9.38
20240712100011,11.62
20240712101011,3.33
20240712102011,12.43
20240712103011,6.24
20240712104011,4.35
20240712105011,0
20240712110011,0
20240712111011,6.26
20240712112011,0
20240712113011,0
20240712114011,2.12
20240712115011,0
20240712120011,17.26
20240712121011,0
20240712122011,1.53
20240712123011,1.37
20240712124011,1.22
20240712125011,0
20240712130011,7.93
20240712131011,0
20240712132011,0
20240712133011,2.23
20240712134011,2.21
20240712135011,0
20240712140011,18.54
20240712141011,18.48
20240712142011,13.53
20240712143011,49.04
20240712144011,10.16
20240712145011,11.36
20240712150011,11.81
20240712151011,15.51
20240712152011,9.34
20240712153011,8.45
20240712154011,7.78
20240712155011,0
20240712160011,0
20240712161011,0
20240712162011,0
20240712163011,0
20240712164011,0
20240712165011,0
20240315090012,47.7
20240315091012,48.78
20240315092012,45.12
20240315093012,59.12
20240315094012,79.39
20240315095012,72.84
20240315100012,314.1
20240315101012,650.83
20240315102012,784.31
20240315103012,931.07
20240315104012,876.22
20240315105012,1032.83
20240315110012,1081.68
20240315111012,1033.62
20240315112012,1022.2
20240315113012,1030.44
20240315114012,1058.59
20240315115012,1083.58
20240315120012,1169.1
20240315121012,955.56
20240315122012,959.98
20240315123012,904.76
20240315124012,830.76
20240315125012,378.68
20240315130012,325.02
20240315131012,711.89
20240315132012,146.48
20240315133012,47.85
20240315134012,523.14
20240315135012,369.4
20240315140012,95.58
20240315141012,63.37
20240315142012,50.82
20240315143012,40.78
20240315144012,38.65
20240315145012,38.78
20240315150012,29.33
20240315151012,35.34
20240315152012,25.88
20240315153012,23.94
20240315154012,14.41
20240315155012,17.92
20240315160012,11.31
20240315161012,1.98
20240315162012,3.58
20240315163012,3.07
20240315164012,1.75
20240315165012,0
20240317090012,21.89
20240317091012,22.72
20240317092012,22.46
20240317093012,27.25
20240317094012,41.97
20240317095012,73.43
20240317100012,124.83
20240317101012,625.38
20240317102012,912.05
20240317103012,1181.61
20240317104012,1131.14
20240317105012,1072.51
20240317110012,1341.63
20240317111012,949.13
20240317112012,659.06
20240317113012,1348.93
20240317114012,1353.69
20240317115012,1420.45
20240317120012,1389.23
20240317121012,1417.64
20240317122012,1151.7
20240317123012,1001.37
20240317124012,733.39
20240317125012,1340.91
20240317130012,1338.91
20240317131012,1335.01
20240317132012,1184.5
20240317133012,1203.23
20240317134012,1159.88
20240317135012,694.93
20240317140012,780.42
20240317141012,417.16
20240317142012,263.51
20240317143012,39.58
20240317144012,35.16
20240317145012,26.63
20240317150012,27.8
20240317151012,21.83
20240317152012,16.83
20240317153012,7.69
20240317154012,4.86
20240317155012,0.39
20240317160012,0
20240317161012,0.63
20240317162012,0
20240317163012,0
20240317164012,0
20240317165012,0.55
20240412090012,30.62
20240412091012,45.99
20240412092012,53.98
20240412093012,505.73
20240412094012,73
20240412095012,516.15
20240412100012,516.33
20240412101012,671.9
20240412102012,729.64
20240412103012,736.94
20240412104012,845.28
20240412105012,901.78
20240412110012,999.28
20240412111012,929.92
20240412112012,762.99
20240412113012,819.71
20240412114012,674.53
20240412115012,864.72
20240412120012,846.07
20240412121012,557.08
20240412122012,464.12
20240412123012,199.54
20240412124012,196.54
20240412125012,113.74
20240412130012,83.14
20240412131012,65.64
20240412132012,74.78
20240412133012,46.63
20240412134012,53.28
20240412135012,48.4
20240412140012,52.33
20240412141012,21.18
20240412142012,14.84
20240412143012,1.51
20240412144012,7.03
20240412145012,7.53
20240412150012,14.39
20240412151012,6.49
20240412152012,5.73
20240412153012,5.43
20240412154012,8.89
20240412155012,1.95
20240412160012,6.7
20240412161012,5.34
20240412162012,1.95
20240412163012,2.22
20240412164012,0.43
20240412165012,0.58
20240426090012,0
20240426091012,4.06
20240426092012,8.31
20240426093012,8.45
20240426094012,6.61
20240426095012,15.12
20240426100012,24.42
20240426101012,37.85
20240426102012,34.93
20240426103012,49.31
20240426104012,86.4
20240426105012,191.14
20240426110012,128.45
20240426111012,137.68
20240426112012,159.37
20240426113012,154.31
20240426114012,48.95
20240426115012,42.54
20240426120012,71.67
20240426121012,67.98
20240426122012,48.66
20240426123012,49.08
20240426124012,27.65
20240426125012,26
20240426130012,5.17
20240426131012,5.15
20240426132012,10.65
20240426133012,16.39
20240426134012,0.82
20240426135012,0
20240426140012,0
20240426141012,0
20240426142012,0
20240426143012,0
20240426144012,0
20240426145012,0
20240426150012,0
20240426151012,0
20240426152012,0
20240426153012,0
20240426154012,0
20240426155012,0
20240426160012,0
20240426161012,18.73
20240426162012,29.14
20240426163012,29.19
20240426164012,35.28
20240426165012,40.09
20240521090012,9.8
20240521091012,3.74
20240521092012,0.27
20240521093012,6.13
20240521094012,5.48
20240521095012,1.44
20240521100012,1.59
20240521101012,0
20240521102012,0.65
20240521103012,0
20240521104012,4.26
20240521105012,8.17
20240521110012,5.17
20240521111012,9.8
20240521112012,0.4
20240521113012,0
20240521114012,0
20240521115012,0
20240521120012,0
20240521121012,0
20240521122012,0
20240521123012,0
20240521124012,0
20240521125012,0
20240521130012,0
20240521131012,6.2
20240521132012,12.61
20240521133012,17.55
20240521134012,8.33
20240521135012,16.5
20240521140012,53.75
20240521141012,36.63
20240521142012,46.61
20240521143012,29.03
20240521144012,561.33
20240521145012,521.31
20240521150012,33.85
20240521151012,28.36
20240521152012,8.38
20240521153012,5.71
20240521154012,0
20240521155012,21.22
20240521160012,10.88
20240521161012,0
20240521162012,0
20240521163012,0
20240521164012,0
20240521165012,0
20240619090012,35.08
20240619091012,37.32
20240619092012,34.27
20240619093012,59.41
20240619094012,55.95
20240619095012,69.06
20240619100012,66
20240619101012,78.07
20240619102012,319.53
20240619103012,364.31
20240619104012,714.29
20240619105012,884.89
20240619110012,1368.03
20240619111012,1463.04
20240619112012,1397.55
20240619113012,1294.75
20240619114012,1385.17
20240619115012,1274.71
20240619120012,1285.13
20240619121012,810.27
20240619122012,311.26
20240619123012,384.05
20240619124012,376.4
20240619125012,429.7
20240619130012,454.42
20240619131012,440.55
20240619132012,704.71
20240619133012,502.5
20240619134012,174.63
20240619135012,151.57
20240619140012,137.57
20240619141012,61.19
20240619142012,39.57
20240619143012,26.94
20240619144012,34.63
20240619145012,44.84
20240619150012,46.51
20240619151012,27.99
20240619152012,24.82
20240619153012,16.74
20240619154012,14.18
20240619155012,15.65
20240619160012,18.77
20240619161012,17.92
20240619162012,22.67
20240619163012,20.14
20240619164012,7.1
20240619165012,6.71
20240621090012,61.77
20240621091012,57.16
20240621092012,97.93
20240621093012,355.48
20240621094012,449.15
20240621095012,616.34
20240621100012,630.69
20240621101012,716.21
20240621102012,1060.2
20240621103012,878.99
20240621104012,999.38
20240621105012,1252.79
20240621110012,1499.97
20240621111012,1513.16
20240621112012,1415.89
20240621113012,1270.72
20240621114012,1183.3
20240621115012,1109.21
20240621120012,1049.37
20240621121012,894.21
20240621122012,874.11
20240621123012,962.98
20240621124012,949.88
20240621125012,842.83
20240621130012,1043.87
20240621131012,787.82
20240621132012,731.05
20240621133012,683.36
20240621134012,643.5
20240621135012,611.86
20240621140012,540.81
20240621141012,561.33
20240621142012,562.6
20240621143012,423.65
20240621144012,465.96
20240621145012,90.21
20240621150012,46.94
20240621151012,36.89
20240621152012,29.26
20240621153012,26.74
20240621154012,21.69
20240621155012,1.64
20240621160012,9.85
20240621161012,18.22
20240621162012,6.03
20240621163012,2.51
20240621164012,0
20240621165012,0
20240705090012,44.74
20240705091012,55.09
20240705092012,59.53
20240705093012,100.7
20240705094012,97.24
20240705095012,96.29
20240705100012,97.79
20240705101012,101.04
20240705102012,49.41
20240705103012,37.82
20240705104012,28.64
20240705105012,46.39
20240705110012,30.72
20240705111012,64.57
20240705112012,73.21
20240705113012,64.94
20240705114012,64.03
20240705115012,64.08
20240705120012,67.87
20240705121012,64.8
20240705122012,56.23
20240705123012,49.27
20240705124012,49.14
20240705125012,47.78
20240705130012,37.9
20240705131012,26.52
20240705132012,21.1
20240705133012,20.92
20240705134012,20.54
20240705135012,18.08
20240705140012,36.75
20240705141012,42.99
20240705142012,45.9
20240705143012,47.1
20240705144012,44.77
20240705145012,44.02
20240705150012,17.5
20240705151012,5.24
20240705152012,6.96
20240705153012,3.61
20240705154012,10.09
20240705155012,10.74
20240705160012,5.03
20240705161012,9.61
20240705162012,7.55
20240705163012,11.93
20240705164012,5.37
20240705165012,6.53
20240713090012,29.88
20240713091012,22.29
20240713092012,0
20240713093012,0
20240713094012,0
20240713095012,0
20240713100012,10.39
20240713101012,0
20240713102012,24.72
20240713103012,27.62
20240713104012,47.67
20240713105012,82.93
20240713110012,93.29
20240713111012,97.34
20240713112012,102.83
20240713113012,59.36
20240713114012,43.36
20240713115012,69.11
20240713120012,78.12
20240713121012,254.33
20240713122012,257.85
20240713123012,260.81
20240713124012,282.97
20240713125012,345.48
20240713130012,342.17
20240713131012,377.35
20240713132012,646.9
20240713133012,176.13
20240713134012,111.93
20240713135012,197.56
20240713140012,229.81
20240713141012,303.86
20240713142012,233.95
20240713143012,86.99
20240713144012,80.41
20240713145012,41.35
20240713150012,42.25
20240713151012,44.63
20240713152012,33.32
20240713153012,27.46
20240713154012,18.59
20240713155012,12.99
20240713160012,5.85
20240713161012,0
20240713162012,10.7
20240713163012,6.55
20240713164012,3.94
20240713165012,1.58
20240214090013,17.51
20240214091013,21.39
20240214092013,28.98
20240214093013,88.1
20240214094013,547.89
20240214095013,563.65
20240214100013,266.9
20240214101013,663.62
20240214102013,739.43
20240214103013,668.64
20240214104013,745.63
20240214105013,1082.96
20240214110013,654.03
20240214111013,586.2
20240214112013,718.23
20240214113013,529.38
20240214114013,438.28
20240214115013,483.22
20240214120013,504.16
20240214121013,668.48
20240214122013,739.12
20240214123013,727.15
20240214124013,629.09
20240214125013,785.92
20240214130013,1154.88
20240214131013,1170.35
20240214132013,947.56
20240214133013,952.47
20240214134013,1001.69
20240214135013,989.6
20240214140013,861
20240214141013,714.1
20240214142013,701.2
20240214143013,766.32
20240214144013,801.02
20240214145013,858.93
20240214150013,758.78
20240214151013,270.58
20240214152013,93.04
20240214153013,49.39
20240214154013,38.07
20240214155013,28.08
20240214160013,16.44
20240214161013,9.42
20240214162013,9.57
20240214163013,0
20240214164013,14.5
20240214165013,3.46
20240221090013,16.43
20240221091013,13.76
20240221092013,42.26
20240221093013,27.95
20240221094013,36.94
20240221095013,121.08
20240221100013,240.26
20240221101013,220.26
20240221102013,332.53
20240221103013,422.56
20240221104013,496.39
20240221105013,774.17
20240221110013,727
20240221111013,957.21
20240221112013,997.79
20240221113013,1007.38
20240221114013,1070.05
20240221115013,1150.49
20240221120013,1246.24
20240221121013,1176.25
20240221122013,1227.98
20240221123013,1232.33
20240221124013,1241.9
20240221125013,1084.4
20240221130013,1092.77
20240221131013,579.4
20240221132013,706.78
20240221133013,711.01
20240221134013,753.25
20240221135013,668.88
20240221140013,607.35
20240221141013,718.15
20240221142013,541.21
20240221143013,592.11
20240221144013,648.93
20240221145013,308.76
20240221150013,127.42
20240221151013,16.87
20240221152013,31.63
20240221153013,18.03
20240221154013,49.32
20240221155013,0
20240221160013,2.18
20240221161013,0.6
20240221162013,0.11
20240221163013,2.11
20240221164013,0
20240221165013,0
20240314090013,5.6
20240314091013,24.26
20240314092013,76.52
20240314093013,130.35
20240314094013,367.73
20240314095013,679.56
20240314100013,905.65
20240314101013,888.19
20240314102013,594.96
20240314103013,727.49
20240314104013,1135.43
20240314105013,1075.36
20240314110013,1276.02
20240314111013,1419.6
20240314112013,1437.7
20240314113013,1383.78
20240314114013,1524.23
20240314115013,1562.17
20240314120013,1549.61
20240314121013,1536.33
20240314122013,1551.62
20240314123013,1542.13
20240314124013,1537.99
20240314125013,1517.2
20240314130013,1548.71
20240314131013,1600.98
20240314132013,1541.09
20240314133013,1397.12
20240314134013,1511.03
20240314135013,1047.68
20240314140013,992.58
20240314141013,1056.97
20240314142013,976.58
20240314143013,1304.64
20240314144013,1310.3
20240314145013,604.98
20240314150013,1226.19
20240314151013,909.82
20240314152013,500.52
20240314153013,216.14
20240314154013,76.82
20240314155013,53.8
20240314160013,53.25
20240314161013,20.96
20240314162013,19.07
20240314163013,28.03
20240314164013,30.39
20240314165013,15.72
20240316090013,51.05
20240316091013,42.21
20240316092013,40.27
20240316093013,51.84
20240316094013,61.98
20240316095013,85.85
20240316100013,84.53
20240316101013,63.79
20240316102013,77.62
20240316103013,109.4
20240316104013,181.85
20240316105013,147.22
20240316110013,164.66
20240316111013,159.06
20240316112013,222.88
20240316113013,271.79
20240316114013,335.16
20240316115013,501.46
20240316120013,761.95
20240316121013,339.49
20240316122013,424.28
20240316123013,352.29
20240316124013,320.83
20240316125013,380.17
20240316130013,164.91
20240316131013,287.34
20240316132013,193.62
20240316133013,117.97
20240316134013,160.91
20240316135013,160.09
20240316140013,116.79
20240316141013,123.23
20240316142013,46.86
20240316143013,62.09
20240316144013,16.23
20240316145013,36.28
20240316150013,38.35
20240316151013,39.2
20240316152013,10.21
20240316153013,8.93
20240316154013,4.86
20240316155013,5.69
20240316160013,13.06
20240316161013,0.91
20240316162013,0
20240316163013,0
20240316164013,1.61
20240316165013,1.51
20240328090013,29.83
20240328091013,3.86
20240328092013,26.03
20240328093013,39.14
20240328094013,190.37
20240328095013,382.75
20240328100013,487.49
20240328101013,435.13
20240328102013,602.96
20240328103013,498.79
20240328104013,597.65
20240328105013,944.31
20240328110013,1060.85
20240328111013,976.87
20240328112013,1006.81
20240328113013,943.07
20240328114013,936.25
20240328115013,891.86
20240328120013,960.01
20240328121013,861.14
20240328122013,824.81
20240328123013,1021.93
20240328124013,1043.93
20240328125013,971.29
20240328130013,790.52
20240328131013,228.73
20240328132013,352.03
20240328133013,670.01
20240328134013,220.85
20240328135013,95.65
20240328140013,87.51
20240328141013,83.15
20240328142013,46.33
20240328143013,81.91
20240328144013,411.21
20240328145013,50.48
20240328150013,51.67
20240328151013,25.44
20240328152013,22.95
20240328153013,12.07
20240328154013,0
20240328155013,5.05
20240328160013,0
20240328161013,0
20240328162013,0.15
20240328163013,2.74
20240328164013,0
20240328165013,0
20240412090013,0
20240412091013,1.49
20240412092013,2.9
20240412093013,3.03
20240412094013,0
20240412095013,0
20240412100013,0
20240412101013,0
20240412102013,0
20240412103013,0
20240412104013,0
20240412105013,0
20240412110013,0
20240412111013,0
20240412112013,0
20240412113013,0
20240412114013,0.56
20240412115013,1.68
20240412120013,2.79
20240412121013,0
20240412122013,8.46
20240412123013,4.28
20240412124013,0
20240412125013,0
20240412130013,5.64
20240412131013,6.06
20240412132013,5.26
20240412133013,0.44
20240412134013,3.14
20240412135013,3.96
20240412140013,0
20240412141013,0
20240412142013,0
20240412143013,0
20240412144013,0
20240412145013,0
20240412150013,0
20240412151013,0
20240412152013,0
20240412153013,0
20240412154013,0
20240412155013,0
20240412160013,0
20240412161013,23.28
20240412162013,12.06
20240412163013,10.54
20240412164013,0
20240412165013,0
20240619090013,0
20240619091013,0
20240619092013,0
20240619093013,0
20240619094013,0
20240619095013,0
20240619100013,0
20240619101013,0
20240619102013,0
20240619103013,0
20240619104013,0
20240619105013,0
20240619110013,0
20240619111013,0
20240619112013,0
20240619113013,0
20240619114013,0
20240619115013,0
20240619120013,0
20240619121013,0
20240619122013,0
20240619123013,0
20240619124013,0
20240619125013,0
20240619130013,0
20240619131013,0
20240619132013,0
20240619133013,0
20240619134013,40.51
20240619135013,30.58
20240619140013,40.93
20240619141013,41.7
20240619142013,34.86
20240619143013,17.25
20240619144013,21.53
20240619145013,48.21
20240619150013,48.91
20240619151013,30.1
20240619152013,24.76
20240619153013,34.81
20240619154013,35.16
20240619155013,31.33
20240619160013,37.79
20240619161013,35.84
20240619162013,16.59
20240619163013,19.18
20240619164013,12.8
20240619165013,10.11
20240225090014,34.99
20240225091014,30.13
20240225092014,34.43
20240225093014,40.15
20240225094014,32.85
20240225095014,69.48
20240225100014,82.85
20240225101014,40.79
20240225102014,53.87
20240225103014,48.51
20240225104014,155.98
20240225105014,1026.19
20240225110014,1014.87
20240225111014,934.49
20240225112014,966.85
20240225113014,1086.05
20240225114014,950.09
20240225115014,942.33
20240225120014,1012.39
20240225121014,520.75
20240225122014,470.92
20240225123014,1260.1
20240225124014,1138.24
20240225125014,1094.22
20240225130014,1041.54
20240225131014,1217.08
20240225132014,1219.59
20240225133014,517.59
20240225134014,526.12
20240225135014,391.5
20240225140014,378.81
20240225141014,250.77
20240225142014,267.38
20240225143014,53.53
20240225144014,12.63
20240225145014,0
20240225150014,22.23
20240225151014,9.38
20240225152014,5.19
20240225153014,0
20240225154014,0
20240225155014,0
20240225160014,6.38
20240225161014,5.5
20240225162014,0
20240225163014,0
20240225164014,3.47
20240225165014,8.4
20240227090014,12.58
20240227091014,0
20240227092014,20.82
20240227093014,47.14
20240227094014,60.7
20240227095014,56.49
20240227100014,199.08
20240227101014,511.54
20240227102014,1119.13
20240227103014,1178.09
20240227104014,935.46
20240227105014,610.32
20240227110014,648.98
20240227111014,741.65
20240227112014,834.84
20240227113014,683.99
20240227114014,399.82
20240227115014,547.69
20240227120014,733.37
20240227121014,765.44
20240227122014,730.12
20240227123014,785.41
20240227124014,673.09
20240227125014,717.02
20240227130014,795.85
20240227131014,604.34
20240227132014,633.7
20240227133014,640.58
20240227134014,587.71
20240227135014,576.93
20240227140014,606.95
20240227141014,336.38
20240227142014,276.28
20240227143014,251.66
20240227144014,268.7
20240227145014,111.42
20240227150014,99.43
20240227151014,38.5
20240227152014,15.29
20240227153014,7.94
20240227154014,0.64
20240227155014,0
20240227160014,0.16
20240227161014,0
20240227162014,0
20240227163014,0
20240227164014,0
20240227165014,0
20240327090014,22.76
20240327091014,3.61
20240327092014,1.55
20240327093014,29.5
20240327094014,42.35
20240327095014,19.18
20240327100014,55.05
20240327101014,556.04
20240327102014,787.52
20240327103014,741.15
20240327104014,690.84
20240327105014,742.55
20240327110014,1149.03
20240327111014,1302.9
20240327112014,1344.2
20240327113014,1322.45
20240327114014,1211.46
20240327115014,1308.04
20240327120014,1244.98
20240327121014,1282.55
20240327122014,1192.93
20240327123014,1142.42
20240327124014,903.33
20240327125014,879.7
20240327130014,745.77
20240327131014,282.81
20240327132014,156.2
20240327133014,94.34
20240327134014,59.62
20240327135014,39.77
20240327140014,55.81
20240327141014,38.11
20240327142014,28.73
20240327143014,35.05
20240327144014,19.89
20240327145014,15.27
20240327150014,11.33
20240327151014,1.54
20240327152014,2.05
20240327153014,0
20240327154014,0
20240327155014,0
20240327160014,0
20240327161014,0
20240327162014,0
20240327163014,0
20240327164014,0
20240327165014,0
20240417090014,22.6
20240417091014,32.47
20240417092014,36.49
20240417093014,35.5
20240417094014,35.85
20240417095014,32.67
20240417100014,46.24
20240417101014,41.7
20240417102014,39.85
20240417103014,50.52
20240417104014,72.13
20240417105014,69.91
20240417110014,56.91
20240417111014,48.87
20240417112014,52.4
20240417113014,45.51
20240417114014,32.93
20240417115014,113.23
20240417120014,87.89
20240417121014,134.76
20240417122014,119.63
20240417123014,47.84
20240417124014,174.51
20240417125014,189.12
20240417130014,169.76
20240417131014,32.75
20240417132014,15.78
20240417133014,7.07
20240417134014,6.64
20240417135014,0
20240417140014,0
20240417141014,1.91
20240417142014,5.86
20240417143014,4.36
20240417144014,0.22
20240417145014,2.07
20240417150014,0
20240417151014,0.15
20240417152014,0.17
20240417153014,0
20240417154014,0
20240417155014,2.59
20240417160014,0
20240417161014,0
20240417162014,0
20240417163014,0
20240417164014,0.14
20240417165014,0
20240517090014,6.39
20240517091014,2.64
20240517092014,0
20240517093014,0
20240517094014,5.11
20240517095014,2.94
20240517100014,4.86
20240517101014,29.08
20240517102014,28.89
20240517103014,31.29
20240517104014,42.9
20240517105014,30.15
20240517110014,46.09
20240517111014,25.82
20240517112014,19.67
20240517113014,37.72
20240517114014,79.15
20240517115014,18.06
20240517120014,25.15
20240517121014,22.74
20240517122014,19.61
20240517123014,15.09
20240517124014,13.27
20240517125014,24.21
20240517130014,27.47
20240517131014,22.33
20240517132014,22.02
20240517133014,9.09
20240517134014,20.8
20240517135014,15.05
20240517140014,7.22
20240517141014,14.52
20240517142014,9.49
20240517143014,12.63
20240517144014,13
20240517145014,12.73
20240517150014,18.28
20240517151014,17.13
20240517152014,12.71
20240517153014,11.57
20240517154014,6.14
20240517155014,1.59
20240517160014,1.26
20240517161014,0
20240517162014,5.45
20240517163014,6.45
20240517164014,7.22
20240517165014,0
20240704090014,55.45
20240704091014,52.66
20240704092014,64.78
20240704093014,60.64
20240704094014,80.43
20240704095014,175.37
20240704100014,226.65
20240704101014,483.5
20240704102014,421.66
20240704103014,442.62
20240704104014,487.72
20240704105014,584
20240704110014,629.87
20240704111014,498.27
20240704112014,580.62
20240704113014,1259.12
20240704114014,1219.09
20240704115014,1291.06
20240704120014,1323.62
20240704121014,1304.85
20240704122014,1316.07
20240704123014,1377.24
20240704124014,1208.76
20240704125014,1250.68
20240704130014,1232.69
20240704131014,1194.66
20240704132014,1159.38
20240704133014,1101.17
20240704134014,691.43
20240704135014,493.16
20240704140014,521.28
20240704141014,185.26
20240704142014,17.58
20240704143014,0
20240704144014,0
20240704145014,0
20240704150014,0
20240704151014,0
20240704152014,0
20240704153014,0
20240704154014,0
20240704155014,0
20240704160014,0.38
20240704161014,0
20240704162014,0
20240704163014,0
20240704164014,0
20240704165014,0
20240715090014,45.47
20240715091014,4.94
20240715092014,15.06
20240715093014,12.76
20240715094014,14.17
20240715095014,23.91
20240715100014,2.15
20240715101014,5.89
20240715102014,4.5
20240715103014,7.35
20240715104014,6.41
20240715105014,9.75
20240715110014,9.99
20240715111014,87.3
20240715112014,84.59
20240715113014,88.03
20240715114014,104.87
20240715115014,121.44
20240715120014,68.61
20240715121014,40.81
20240715122014,0
20240715123014,12.6
20240715124014,3.47
20240715125014,9.29
20240715130014,8.67
20240715131014,19.45
20240715132014,31.07
20240715133014,26.4
20240715134014,23.96
20240715135014,26.09
20240715140014,19.41
20240715141014,21.37
20240715142014,54.94
20240715143014,44.54
20240715144014,44.95
20240715145014,54.29
20240715150014,60.52
20240715151014,29.14
20240715152014,17.98
20240715153014,36.96
20240715154014,47.03
20240715155014,32.07
20240715160014,23.33
20240715161014,19.37
20240715162014,10.33
20240715163014,10.58
20240715164014,4.79
20240715165014,2.33
20240215090015,44.74
20240215091015,55.09
20240215092015,59.53
20240215093015,100.7
20240215094015,97.24
20240215095015,96.29
20240215100015,97.79
20240215101015,101.04
20240215102015,49.41
20240215103015,37.82
20240215104015,28.64
20240215105015,46.39
20240215110015,30.72
20240215111015,64.57
20240215112015,73.21
20240215113015,64.94
20240215114015,64.03
20240215115015,64.08
20240215120015,67.87
20240215121015,64.8
20240215122015,56.23
20240215123015,49.27
20240215124015,49.14
20240215125015,47.78
20240215130015,37.9
20240215131015,26.52
20240215132015,21.1
20240215133015,20.92
20240215134015,20.54
20240215135015,18.08
20240215140015,36.75
20240215141015,42.99
20240215142015,45.9
20240215143015,47.1
20240215144015,44.77
20240215145015,44.02
20240215150015,17.5
20240215151015,5.24
20240215152015,6.96
20240215153015,3.61
20240215154015,10.09
20240215155015,10.74
20240215160015,5.03
20240215161015,9.61
20240215162015,7.55
20240215163015,11.93
20240215164015,5.37
20240215165015,6.53
20240218090015,30.61
20240218091015,32.02
20240218092015,42.74
20240218093015,29
20240218094015,27.31
20240218095015,60.96
20240218100015,20.98
20240218101015,78.67
20240218102015,94.95
20240218103015,475.31
20240218104015,149.16
20240218105015,26.88
20240218110015,80.35
20240218111015,99.91
20240218112015,43.07
20240218113015,34.88
20240218114015,104.73
20240218115015,99.21
20240218120015,189.26
20240218121015,108.31
20240218122015,121.67
20240218123015,125.92
20240218124015,266.51
20240218125015,240.71
20240218130015,302.38
20240218131015,283.85
20240218132015,348.82
20240218133015,250.54
20240218134015,227.46
20240218135015,318.21
20240218140015,313.02
20240218141015,318.11
20240218142015,273.49
20240218143015,252.12
20240218144015,105.24
20240218145015,66.24
20240218150015,65.61
20240218151015,83.48
20240218152015,47.99
20240218153015,51.56
20240218154015,40.1
20240218155015,25.76
20240218160015,19.79
20240218161015,43.49
20240218162015,42.89
20240218163015,24.72
20240218164015,16.21
20240218165015,14.39
20240314090015,276.62
20240314091015,455.21
20240314092015,433.7
20240314093015,490.5
20240314094015,514.44
20240314095015,677.29
20240314100015,847.3
20240314101015,937.46
20240314102015,898.29
20240314103015,1027.04
20240314104015,959.08
20240314105015,1221.36
20240314110015,1313.26
20240314111015,1202.76
20240314112015,1276.76
20240314113015,1331.45
20240314114015,1190.58
20240314115015,1184.9
20240314120015,1084.88
20240314121015,1115.65
20240314122015,1095.01
20240314123015,1008.5
20240314124015,968.29
20240314125015,974.91
20240314130015,1020.46
20240314131015,1060.52
20240314132015,1082.61
20240314133015,970.68
20240314134015,949.22
20240314135015,993.68
20240314140015,1094.55
20240314141015,812.03
20240314142015,529.72
20240314143015,437.07
20240314144015,183.24
20240314145015,153.38
20240314150015,33.46
20240314151015,25.59
20240314152015,10.96
20240314153015,4.45
20240314154015,5.28
20240314155015,7.87
20240314160015,8.19
20240314161015,4.03
20240314162015,10.36
20240314163015,4.58
20240314164015,2.48
20240314165015,2.34
20240317090015,231.44
20240317091015,229.03
20240317092015,366.21
20240317093015,216.81
20240317094015,245.83
20240317095015,455.44
20240317100015,514.16
20240317101015,709.39
20240317102015,385.67
20240317103015,402.53
20240317104015,1075.51
20240317105015,1122.58
20240317110015,1247.59
20240317111015,1170.42
20240317112015,1230.29
20240317113015,1174.91
20240317114015,1236.49
20240317115015,1218.8
20240317120015,1165.5
20240317121015,1210.02
20240317122015,1262.5
20240317123015,1195.68
20240317124015,1165.29
20240317125015,1358.39
20240317130015,1411.3
20240317131015,1322.33
20240317132015,1195.56
20240317133015,1192.69
20240317134015,1145.62
20240317135015,1316.55
20240317140015,1364.92
20240317141015,1270.14
20240317142015,1118.95
20240317143015,1156.54
20240317144015,867.99
20240317145015,827.94
20240317150015,734.77
20240317151015,451.59
20240317152015,43.38
20240317153015,36.5
20240317154015,20.12
20240317155015,21.28
20240317160015,6.99
20240317161015,0
20240317162015,0
20240317163015,0
20240317164015,0
20240317165015,18.91
20240412090015,10.44
20240412091015,16.6
20240412092015,52.22
20240412093015,186.76
20240412094015,494.94
20240412095015,656.07
20240412100015,430.82
20240412101015,440.87
20240412102015,368.71
20240412103015,640.22
20240412104015,1023.65
20240412105015,1201.8
20240412110015,1222.67
20240412111015,1245.27
20240412112015,1209.61
20240412113015,1219.23
20240412114015,1215.78
20240412115015,1234.98
20240412120015,1232.3
20240412121015,1338.98
20240412122015,1259.3
20240412123015,1183.81
20240412124015,1156.41
20240412125015,1035.63
20240412130015,1009.99
20240412131015,1011.52
20240412132015,958.18
20240412133015,890.02
20240412134015,771.83
20240412135015,343.51
20240412140015,737.96
20240412141015,375.91
20240412142015,295.27
20240412143015,394.33
20240412144015,326.7
20240412145015,122.87
20240412150015,89.72
20240412151015,199.34
20240412152015,109.68
20240412153015,61.2
20240412154015,96.91
20240412155015,44.4
20240412160015,32.61
20240412161015,40.85
20240412162015,66.66
20240412163015,56.27
20240412164015,38.7
20240412165015,24.27
20240518090015,28.31
20240518091015,83.35
20240518092015,99.27
20240518093015,592.89
20240518094015,240
20240518095015,380.27
20240518100015,279.33
20240518101015,267.53
20240518102015,356.18
20240518103015,533.25
20240518104015,707.83
20240518105015,1074.55
20240518110015,1113.26
20240518111015,1141.61
20240518112015,1072.65
20240518113015,1061.24
20240518114015,1080.12
20240518115015,1116.47
20240518120015,1261.18
20240518121015,1178.6
20240518122015,1215.28
20240518123015,1226.18
20240518124015,1215.72
20240518125015,1184.49
20240518130015,1141.1
20240518131015,1114.4
20240518132015,1005.95
20240518133015,983.76
20240518134015,970.69
20240518135015,941.91
20240518140015,911.19
20240518141015,985.19
20240518142015,1012.99
20240518143015,1023.72
20240518144015,556.16
20240518145015,698.7
20240518150015,666.15
20240518151015,95.29
20240518152015,148.06
20240518153015,92.63
20240518154015,46.51
20240518155015,26.9
20240518160015,33.13
20240518161015,41.12
20240518162015,33.95
20240518163015,27.56
20240518164015,14.05
20240518165015,27.08
20240530090015,22.53
20240530091015,70.2
20240530092015,124.87
20240530093015,260.1
20240530094015,277.34
20240530095015,467.88
20240530100015,461.82
20240530101015,476.05
20240530102015,634.63
20240530103015,761.26
20240530104015,1259.12
20240530105015,1254.36
20240530110015,1100.95
20240530111015,1188.14
20240530112015,1271.12
20240530113015,1223
20240530114015,1255.95
20240530115015,1232.49
20240530120015,1237.63
20240530121015,1223.85
20240530122015,1314.76
20240530123015,1488.04
20240530124015,1467.16
20240530125015,1299.77
20240530130015,1357.06
20240530131015,1097.36
20240530132015,1164.86
20240530133015,1037.35
20240530134015,1221
20240530135015,1157.33
20240530140015,1132.38
20240530141015,1094.22
20240530142015,1086.64
20240530143015,1199.61
20240530144015,1103.08
20240530145015,1126.41
20240530150015,1064.7
20240530151015,1066.63
20240530152015,661.12
20240530153015,279.97
20240530154015,248.47
20240530155015,255.42
20240530160015,144.53
20240530161015,29.18
20240530162015,46.6
20240530163015,26.37
20240530164015,36.52
20240530165015,0
20240605090015,46.39
20240605091015,87
20240605092015,71.71
20240605093015,173.14
20240605094015,449.72
20240605095015,459.74
20240605100015,545
20240605101015,600.36
20240605102015,503.85
20240605103015,784.6
20240605104015,1164.61
20240605105015,1207.62
20240605110015,1304.12
20240605111015,1329.94
20240605112015,1341.23
20240605113015,1264.41
20240605114015,1242.38
20240605115015,1273.44
20240605120015,1350.78
20240605121015,1228.38
20240605122015,1222.54
20240605123015,1234.52
20240605124015,1233.93
20240605125015,1186.37
20240605130015,1199.18
20240605131015,1299.07
20240605132015,1312.92
20240605133015,1078.57
20240605134015,1063.05
20240605135015,1200.26
20240605140015,1015.78
20240605141015,853.72
20240605142015,980.12
20240605143015,1004.21
20240605144015,1180.9
20240605145015,955.42
20240605150015,405.65
20240605151015,244.1
20240605152015,127.36
20240605153015,121.77
20240605154015,73.36
20240605155015,105.95
20240605160015,63.66
20240605161015,57.19
20240605162015,54.69
20240605163015,38.11
20240605164015,48.38
20240605165015,24.62
20240704090015,1.34
20240704091015,4.33
20240704092015,6.47
20240704093015,22.3
20240704094015,268.13
20240704095015,247.08
20240704100015,309.4
20240704101015,379
20240704102015,377.6
20240704103015,542.14
20240704104015,456.56
20240704105015,673.13
20240704110015,849.14
20240704111015,836.87
20240704112015,863.82
20240704113015,1340.75
20240704114015,897.47
20240704115015,916.77
20240704120015,985.51
20240704121015,910.19
20240704122015,1353.07
20240704123015,1320.35
20240704124015,1292.43
20240704125015,1308.54
20240704130015,1012.53
20240704131015,1015.31
20240704132015,1210.9
20240704133015,1165.81
20240704134015,1175.35
20240704135015,1150.71
20240704140015,1240.76
20240704141015,907.66
20240704142015,779.6
20240704143015,694.9
20240704144015,177.93
20240704145015,98.49
20240704150015,70.48
20240704151015,38.1
20240704152015,3
20240704153015,3.89
20240704154015,4.88
20240704155015,4.28
20240704160015,5.4
20240704161015,1.33
20240704162015,3.31
20240704163015,2.93
20240704164015,2.89
20240704165015,2.63
20240316090016,29.83
20240316091016,3.86
20240316092016,26.03
20240316093016,39.14
20240316094016,190.37
20240316095016,382.75
20240316100016,487.49
20240316101016,435.13
20240316102016,602.96
20240316103016,498.79
20240316104016,597.65
20240316105016,944.31
20240316110016,1060.85
20240316111016,976.87
20240316112016,1006.81
20240316113016,943.07
20240316114016,936.25
20240316115016,891.86
20240316120016,960.01
20240316121016,861.14
20240316122016,824.81
20240316123016,1021.93
20240316124016,1043.93
20240316125016,971.29
20240316130016,790.52
20240316131016,228.73
20240316132016,352.03
20240316133016,670.01
20240316134016,220.85
20240316135016,95.65
20240316140016,87.51
20240316141016,83.15
20240316142016,46.33
20240316143016,81.91
20240316144016,411.21
20240316145016,50.48
20240316150016,51.67
20240316151016,25.44
20240316152016,22.95
20240316153016,12.07
20240316154016,0
20240316155016,5.05
20240316160016,0
20240316161016,0
20240316162016,0.15
20240316163016,2.74
20240316164016,0
20240316165016,0
20240322090016,0
20240322091016,40.26
20240322092016,71.93
20240322093016,77.54
20240322094016,35.4
20240322095016,44.28
20240322100016,46.95
20240322101016,95.31
20240322102016,177.51
20240322103016,219.54
20240322104016,217.63
20240322105016,285.81
20240322110016,444.69
20240322111016,507.95
20240322112016,529.51
20240322113016,550.32
20240322114016,609.82
20240322115016,598.94
20240322120016,532.42
20240322121016,240.59
20240322122016,310.8
20240322123016,186.52
20240322124016,180.63
20240322125016,178.48
20240322130016,151.55
20240322131016,110.69
20240322132016,1.59
20240322133016,36.88
20240322134016,36.42
20240322135016,24.55
20240322140016,27.22
20240322141016,36.73
20240322142016,27.05
20240322143016,21.77
20240322144016,20.3
20240322145016,12.11
20240322150016,0
20240322151016,4.42
20240322152016,0
20240322153016,0
20240322154016,0
20240322155016,0
20240322160016,0
20240322161016,19.61
20240322162016,22.64
20240322163016,10.72
20240322164016,18.28
20240322165016,0
20240414090016,10.62
20240414091016,16.17
20240414092016,14.12
20240414093016,10.83
20240414094016,25.79
20240414095016,34.71
20240414100016,42.19
20240414101016,89.19
20240414102016,110.33
20240414103016,491.94
20240414104016,540.1
20240414105016,507.41
20240414110016,623.91
20240414111016,135.79
20240414112016,129.05
20240414113016,132.51
20240414114016,251.17
20240414115016,292.91
20240414120016,295.04
20240414121016,331.08
20240414122016,293.75
20240414123016,272.55
20240414124016,215.69
20240414125016,206.58
20240414130016,207.28
20240414131016,39.84
20240414132016,27.56
20240414133016,37.07
20240414134016,22.68
20240414135016,53.73
20240414140016,68.3
20240414141016,47.47
20240414142016,19.58
20240414143016,0
20240414144016,0
20240414145016,0
20240414150016,0
20240414151016,0
20240414152016,0
20240414153016,0
20240414154016,0
20240414155016,0
20240414160016,0
20240414161016,0
20240414162016,0
20240414163016,0
20240414164016,0
20240414165016,0
20240422090016,36.31
20240422091016,45.78
20240422092016,30.66
20240422093016,31.34
20240422094016,44.67
20240422095016,39.66
20240422100016,42.24
20240422101016,552.67
20240422102016,69.04
20240422103016,64.77
20240422104016,69.55
20240422105016,255.46
20240422110016,271.8
20240422111016,358.26
20240422112016,504.52
20240422113016,491.69
20240422114016,560.18
20240422115016,588.83
20240422120016,780.15
20240422121016,635.64
20240422122016,651.52
20240422123016,625.38
20240422124016,560.51
20240422125016,205.69
20240422130016,243.61
20240422131016,299.09
20240422132016,316.3
20240422133016,271.02
20240422134016,229.33
20240422135016,97.09
20240422140016,7.62
20240422141016,0
20240422142016,5.62
20240422143016,14.73
20240422144016,6.49
20240422145016,8.67
20240422150016,6.3
20240422151016,16.21
20240422152016,0
20240422153016,0
20240422154016,0
20240422155016,0
20240422160016,0
20240422161016,0
20240422162016,0
20240422163016,0
20240422164016,0.37
20240422165016,0
20240513090016,35.03
20240513091016,29.17
20240513092016,27.24
20240513093016,35.36
20240513094016,49.28
20240513095016,17.29
20240513100016,29.76
20240513101016,25.93
20240513102016,26.02
20240513103016,31.32
20240513104016,59.77
20240513105016,50.78
20240513110016,48.49
20240513111016,25.02
20240513112016,28.22
20240513113016,40.64
20240513114016,51.72
20240513115016,37.16
20240513120016,30.26
20240513121016,38.27
20240513122016,33.41
20240513123016,44.3
20240513124016,34.82
20240513125016,24.44
20240513130016,44.34
20240513131016,55.45
20240513132016,33.98
20240513133016,42.52
20240513134016,25.45
20240513135016,27.26
20240513140016,5.06
20240513141016,5.8
20240513142016,7.68
20240513143016,10.62
20240513144016,7.81
20240513145016,7.53
20240513150016,4.44
20240513151016,0
20240513152016,0
20240513153016,0
20240513154016,0
20240513155016,0
20240513160016,0
20240513161016,0
20240513162016,0
20240513163016,0
20240513164016,0
20240513165016,0
20240517090016,39.49
20240517091016,61.58
20240517092016,39.96
20240517093016,64.28
20240517094016,66.44
20240517095016,167.02
20240517100016,801.59
20240517101016,1021.18
20240517102016,984.03
20240517103016,479.3
20240517104016,1020.02
20240517105016,882.34
20240517110016,464.8
20240517111016,404.25
20240517112016,211.92
20240517113016,149.26
20240517114016,281.97
20240517115016,316.94
20240517120016,390.72
20240517121016,373.16
20240517122016,319.14
20240517123016,289.14
20240517124016,294.64
20240517125016,248.77
20240517130016,244.63
20240517131016,215.87
20240517132016,157.8
20240517133016,189.22
20240517134016,172.75
20240517135016,59.17
20240517140016,15.72
20240517141016,11.04
20240517142016,11.16
20240517143016,5.13
20240517144016,0
20240517145016,0
20240517150016,1.92
20240517151016,2.86
20240517152016,4.77
20240517153016,5.23
20240517154016,6.11
20240517155016,7.52
20240517160016,1.37
20240517161016,0
20240517162016,0.97
20240517163016,0.04
20240517164016,0
20240517165016,0
20240519090016,36.33
20240519091016,15.42
20240519092016,24.42
20240519093016,102.5
20240519094016,113.65
20240519095016,298.44
20240519100016,592.94
20240519101016,544.33
20240519102016,552.17
20240519103016,520.79
20240519104016,773.71
20240519105016,716.81
20240519110016,921.09
20240519111016,1192.36
20240519112016,1229.57
20240519113016,1190.46
20240519114016,1193.72
20240519115016,1172.44
20240519120016,1266.48
20240519121016,1276.19
20240519122016,1172.9
20240519123016,1114.55
20240519124016,1166.78
20240519125016,1164.1
20240519130016,1203.1
20240519131016,1152.18
20240519132016,1216.79
20240519133016,1073.48
20240519134016,995.48
20240519135016,1056.57
20240519140016,1033.23
20240519141016,1123.85
20240519142016,1140.02
20240519143016,686.74
20240519144016,523.37
20240519145016,87.42
20240519150016,69.61
20240519151016,58.42
20240519152016,64.59
20240519153016,60.45
20240519154016,63.13
20240519155016,38.41
20240519160016,13.19
20240519161016,33.52
20240519162016,18.03
20240519163016,15.52
20240519164016,13.13
20240519165016,7.98
20240608090016,6.35
20240608091016,6.03
20240608092016,16.9
20240608093016,31.59
20240608094016,57.93
20240608095016,67.61
20240608100016,66.05
20240608101016,702.11
20240608102016,672.28
20240608103016,699.21
20240608104016,134.3
20240608105016,248.24
20240608110016,511.07
20240608111016,320.15
20240608112016,313.03
20240608113016,302.75
20240608114016,289.35
20240608115016,256.41
20240608120016,313.96
20240608121016,124.15
20240608122016,126.55
20240608123016,0
20240608124016,0
20240608125016,0
20240608130016,0
20240608131016,0
20240608132016,0
20240608133016,0
20240608134016,0
20240608135016,0
20240608140016,0
20240608141016,0
20240608142016,0
20240608143016,0
20240608144016,0
20240608145016,0
20240608150016,0
20240608151016,0
20240608152016,0
20240608153016,0
20240608154016,0
20240608155016,0
20240608160016,0
20240608161016,0
20240608162016,0
20240608163016,0
20240608164016,0
20240608165016,4.08
20240629090016,24.75
20240629091016,22.52
20240629092016,9.72
20240629093016,12.52
20240629094016,18.1
20240629095016,31.9
20240629100016,35.81
20240629101016,71.2
20240629102016,236.08
20240629103016,491.36
20240629104016,656.32
20240629105016,748.1
20240629110016,747.59
20240629111016,848.81
20240629112016,665.44
20240629113016,489.89
20240629114016,679.14
20240629115016,626.97
20240629120016,1044
20240629121016,743.32
20240629122016,567.38
20240629123016,633.75
20240629124016,491.65
20240629125016,495.53
20240629130016,292.18
20240629131016,156.44
20240629132016,132.16
20240629133016,144.83
20240629134016,57.06
20240629135016,31.13
20240629140016,7.17
20240629141016,0
20240629142016,0
20240629143016,0
20240629144016,0
20240629145016,0
20240629150016,0
20240629151016,0
20240629152016,0
20240629153016,0
20240629154016,0
20240629155016,0
20240629160016,0
20240629161016,0
20240629162016,0
20240629163016,0
20240629164016,0
20240629165016,0
20240123090017,22.76
20240123091017,3.61
20240123092017,1.55
20240123093017,29.5
20240123094017,42.35
20240123095017,19.18
20240123100017,55.05
20240123101017,556.04
20240123102017,787.52
20240123103017,741.15
20240123104017,690.84
20240123105017,742.55
20240123110017,1149.03
20240123111017,1302.9
20240123112017,1344.2
20240123113017,1322.45
20240123114017,1211.46
20240123115017,1308.04
20240123120017,1244.98
20240123121017,1282.55
20240123122017,1192.93
20240123123017,1142.42
20240123124017,903.33
20240123125017,879.7
20240123130017,745.77
20240123131017,282.81
20240123132017,156.2
20240123133017,94.34
20240123134017,59.62
20240123135017,39.77
20240123140017,55.81
20240123141017,38.11
20240123142017,28.73
20240123143017,35.05
20240123144017,19.89
20240123145017,15.27
20240123150017,11.33
20240123151017,1.54
20240123152017,2.05
20240123153017,0
20240123154017,0
20240123155017,0
20240123160017,0
20240123161017,0
20240123162017,0
20240123163017,0
20240123164017,0
20240123165017,0
20240129090017,35.03
20240129091017,29.17
20240129092017,27.24
20240129093017,35.36
20240129094017,49.28
20240129095017,17.29
20240129100017,29.76
20240129101017,25.93
20240129102017,26.02
20240129103017,31.32
20240129104017,59.77
20240129105017,50.78
20240129110017,48.49
20240129111017,25.02
20240129112017,28.22
20240129113017,40.64
20240129114017,51.72
20240129115017,37.16
20240129120017,30.26
20240129121017,38.27
20240129122017,33.41
20240129123017,44.3
20240129124017,34.82
20240129125017,24.44
20240129130017,44.34
20240129131017,55.45
20240129132017,33.98
20240129133017,42.52
20240129134017,25.45
20240129135017,27.26
20240129140017,5.06
20240129141017,5.8
20240129142017,7.68
20240129143017,10.62
20240129144017,7.81
20240129145017,7.53
20240129150017,4.44
20240129151017,0
20240129152017,0
20240129153017,0
20240129154017,0
20240129155017,0
20240129160017,0
20240129161017,0
20240129162017,0
20240129163017,0
20240129164017,0
20240129165017,0
20240215090017,13.41
20240215091017,15.81
20240215092017,14.5
20240215093017,11.75
20240215094017,13.51
20240215095017,18.85
20240215100017,35.21
20240215101017,39.85
20240215102017,90.23
20240215103017,84.69
20240215104017,85.88
20240215105017,82.94
20240215110017,110.21
20240215111017,174.71
20240215112017,928.58
20240215113017,326.99
20240215114017,369.5
20240215115017,290.56
20240215120017,306.28
20240215121017,313.55
20240215122017,263.48
20240215123017,251.95
20240215124017,243.14
20240215125017,176.72
20240215130017,161.71
20240215131017,166.95
20240215132017,250.19
20240215133017,245.63
20240215134017,72.9
20240215135017,28.69
20240215140017,20.35
20240215141017,29.51
20240215142017,19.77
20240215143017,13.12
20240215144017,16.01
20240215145017,6.85
20240215150017,6.59
20240215151017,10.09
20240215152017,8.86
20240215153017,4.61
20240215154017,13.78
20240215155017,0
20240215160017,0
20240215161017,0
20240215162017,0
20240215163017,0
20240215164017,0
20240215165017,0
20240218090017,276.62
20240218091017,455.21
20240218092017,433.7
20240218093017,490.5
20240218094017,514.44
20240218095017,677.29
20240218100017,847.3
20240218101017,937.46
20240218102017,898.29
20240218103017,1027.04
20240218104017,959.08
20240218105017,1221.36
20240218110017,1313.26
20240218111017,1202.76
20240218112017,1276.76
20240218113017,1331.45
20240218114017,1190.58
20240218115017,1184.9
20240218120017,1084.88
20240218121017,1115.65
20240218122017,1095.01
20240218123017,1008.5
20240218124017,968.29
20240218125017,974.91
20240218130017,1020.46
20240218131017,1060.52
20240218132017,1082.61
20240218133017,970.68
20240218134017,949.22
20240218135017,993.68
20240218140017,1094.55
20240218141017,812.03
20240218142017,529.72
20240218143017,437.07
20240218144017,183.24
20240218145017,153.38
20240218150017,33.46
20240218151017,25.59
20240218152017,10.96
20240218153017,4.45
20240218154017,5.28
20240218155017,7.87
20240218160017,8.19
20240218161017,4.03
20240218162017,10.36
20240218163017,4.58
20240218164017,2.48
20240218165017,2.34
20240305090017,17.51
20240305091017,21.39
20240305092017,28.98
20240305093017,88.1
20240305094017,547.89
20240305095017,563.65
20240305100017,266.9
20240305101017,663.62
20240305102017,739.43
20240305103017,668.64
20240305104017,745.63
20240305105017,1082.96
20240305110017,654.03
20240305111017,586.2
20240305112017,718.23
20240305113017,529.38
20240305114017,438.28
20240305115017,483.22
20240305120017,504.16
20240305121017,668.48
20240305122017,739.12
20240305123017,727.15
20240305124017,629.09
20240305125017,785.92
20240305130017,1154.88
20240305131017,1170.35
20240305132017,947.56
20240305133017,952.47
20240305134017,1001.69
20240305135017,989.6
20240305140017,861
20240305141017,714.1
20240305142017,701.2
20240305143017,766.32
20240305144017,801.02
20240305145017,858.93
20240305150017,758.78
20240305151017,270.58
20240305152017,93.04
20240305153017,49.39
20240305154017,38.07
20240305155017,28.08
20240305160017,16.44
20240305161017,9.42
20240305162017,9.57
20240305163017,0
20240305164017,14.5
20240305165017,3.46
20240309090017,0
20240309091017,17.24
20240309092017,138.54
20240309093017,181.72
20240309094017,533.23
20240309095017,611.91
20240309100017,342.38
20240309101017,243.2
20240309102017,609.29
20240309103017,634.46
20240309104017,1289.43
20240309105017,1292.59
20240309110017,1200.3
20240309111017,1224.47
20240309112017,1231.37
20240309113017,1170.15
20240309114017,1245.8
20240309115017,1098.24
20240309120017,1235.96
20240309121017,1246.49
20240309122017,1254.21
20240309123017,1442.15
20240309124017,1430.11
20240309125017,1341.82
20240309130017,1359.11
20240309131017,1405.35
20240309132017,1442.9
20240309133017,1377.37
20240309134017,1289.55
20240309135017,1235.58
20240309140017,1316.71
20240309141017,1303.57
20240309142017,937.52
20240309143017,1004.25
20240309144017,1169.32
20240309145017,794.07
20240309150017,836.53
20240309151017,723.26
20240309152017,566.69
20240309153017,256.95
20240309154017,80.97
20240309155017,40.27
20240309160017,28.58
20240309161017,35.55
20240309162017,25.59
20240309163017,10.66
20240309164017,1.4
20240309165017,6.81
20240311090017,43.78
20240311091017,35.48
20240311092017,28.99
20240311093017,120.85
20240311094017,150.94
20240311095017,306.97
20240311100017,717.62
20240311101017,633.99
20240311102017,559.02
20240311103017,450.38
20240311104017,1011.22
20240311105017,1014.36
20240311110017,1147.66
20240311111017,1281.88
20240311112017,1123.25
20240311113017,1286.72
20240311114017,1282.58
20240311115017,1304.38
20240311120017,1175.92
20240311121017,1202.88
20240311122017,1087.22
20240311123017,1090.23
20240311124017,1032.13
20240311125017,1026.22
20240311130017,1016.1
20240311131017,1000.71
20240311132017,904.74
20240311133017,947.42
20240311134017,644.07
20240311135017,789.85
20240311140017,764.61
20240311141017,603.43
20240311142017,707.65
20240311143017,618.61
20240311144017,529.42
20240311145017,162.55
20240311150017,56.06
20240311151017,66.75
20240311152017,68.27
20240311153017,49.27
20240311154017,48.47
20240311155017,19.81
20240311160017,6.23
20240311161017,0.33
20240311162017,0.3
20240311163017,12.35
20240311164017,13.44
20240311165017,11.86
20240403090017,16.24
20240403091017,18.23
20240403092017,17.63
20240403093017,55.8
20240403094017,88.15
20240403095017,380.01
20240403100017,235.63
20240403101017,405.82
20240403102017,366.42
20240403103017,780.1
20240403104017,623.28
20240403105017,661.56
20240403110017,1149.9
20240403111017,1132.3
20240403112017,1051.02
20240403113017,1099.58
20240403114017,1059.89
20240403115017,1027.23
20240403120017,1013.04
20240403121017,1037.8
20240403122017,1086.3
20240403123017,1239.97
20240403124017,1261.44
20240403125017,1178.15
20240403130017,1272.32
20240403131017,1100.65
20240403132017,1129.55
20240403133017,821.83
20240403134017,647.49
20240403135017,631.54
20240403140017,760.88
20240403141017,742.56
20240403142017,688.6
20240403143017,338.21
20240403144017,97.78
20240403145017,99.57
20240403150017,32.08
20240403151017,9.29
20240403152017,11.52
20240403153017,9.36
20240403154017,5.97
20240403155017,2.02
20240403160017,0
20240403161017,0
20240403162017,0
20240403163017,0
20240403164017,0
20240403165017,1.92
20240507090017,74.47
20240507091017,70.53
20240507092017,56.16
20240507093017,45.06
20240507094017,82.13
20240507095017,66.78
20240507100017,48.2
20240507101017,50.25
20240507102017,56.78
20240507103017,58.29
20240507104017,65.81
20240507105017,43.62
20240507110017,36.99
20240507111017,16.96
20240507112017,15.68
20240507113017,47.73
20240507114017,47.3
20240507115017,38.89
20240507120017,130.12
20240507121017,710.02
20240507122017,1439.47
20240507123017,977.85
20240507124017,61.29
20240507125017,899.68
20240507130017,200.79
20240507131017,144.25
20240507132017,144
20240507133017,129.94
20240507134017,77.55
20240507135017,50.15
20240507140017,20.37
20240507141017,15.74
20240507142017,7.38
20240507143017,6.66
20240507144017,18.09
20240507145017,7.73
20240507150017,6.09
20240507151017,4.58
20240507152017,3.29
20240507153017,0
20240507154017,0.59
20240507155017,0
20240507160017,0
20240507161017,0
20240507162017,0
20240507163017,0
20240507164017,0
20240507165017,0
20240528090017,29.55
20240528091017,23.06
20240528092017,41.32
20240528093017,53.7
20240528094017,36.24
20240528095017,79.01
20240528100017,0.97
20240528101017,19.67
20240528102017,3.84
20240528103017,139.06
20240528104017,114.16
20240528105017,98.73
20240528110017,88.04
20240528111017,97.62
20240528112017,73.2
20240528113017,107.57
20240528114017,113.36
20240528115017,117.04
20240528120017,83.61
20240528121017,106.61
20240528122017,154.26
20240528123017,71.5
20240528124017,145.67
20240528125017,132.07
20240528130017,87.42
20240528131017,81.32
20240528132017,39.86
20240528133017,35.39
20240528134017,32.28
20240528135017,39.36
20240528140017,36.61
20240528141017,26.84
20240528142017,9.88
20240528143017,21.33
20240528144017,7.53
20240528145017,16.17
20240528150017,17.51
20240528151017,10.84
20240528152017,9.03
20240528153017,6.18
20240528154017,8.53
20240528155017,3.68
20240528160017,0.09
20240528161017,0.39
20240528162017,0
20240528163017,2.87
20240528164017,0.94
20240528165017,0.29
20240614090017,0
20240614091017,0
20240614092017,12.75
20240614093017,88
20240614094017,113.02
20240614095017,49.06
20240614100017,33.66
20240614101017,42.43
20240614102017,119.04
20240614103017,210.27
20240614104017,231.99
20240614105017,611.71
20240614110017,612.34
20240614111017,656.37
20240614112017,526.41
20240614113017,572.44
20240614114017,597.76
20240614115017,698.02
20240614120017,1139.21
20240614121017,1084.86
20240614122017,1160.89
20240614123017,1110.79
20240614124017,1135.9
20240614125017,1104.14
20240614130017,1189.89
20240614131017,582.66
20240614132017,482.93
20240614133017,579
20240614134017,499.66
20240614135017,511.47
20240614140017,657.82
20240614141017,475.72
20240614142017,405.38
20240614143017,292.13
20240614144017,135.04
20240614145017,0
20240614150017,0
20240614151017,0
20240614152017,22.82
20240614153017,15.32
20240614154017,23.18
20240614155017,36.17
20240614160017,21.5
20240614161017,47.86
20240614162017,22.11
20240614163017,32.41
20240614164017,18.96
20240614165017,0
20240619090017,19.84
20240619091017,5.24
20240619092017,8.93
20240619093017,10.33
20240619094017,13.75
20240619095017,53.43
20240619100017,0.63
20240619101017,11.34
20240619102017,63.24
20240619103017,308.58
20240619104017,576.72
20240619105017,701.62
20240619110017,790.03
20240619111017,685.3
20240619112017,688.37
20240619113017,806.02
20240619114017,829.16
20240619115017,761.31
20240619120017,794.88
20240619121017,702.27
20240619122017,638.06
20240619123017,609.25
20240619124017,612.65
20240619125017,766.37
20240619130017,722.93
20240619131017,750.22
20240619132017,756.42
20240619133017,618.63
20240619134017,571.84
20240619135017,387
20240619140017,308.51
20240619141017,149.47
20240619142017,72.79
20240619143017,46.67
20240619144017,44.06
20240619145017,21.7
20240619150017,13.32
20240619151017,6.92
20240619152017,20.16
20240619153017,0
20240619154017,0
20240619155017,0
20240619160017,0
20240619161017,0
20240619162017,0
20240619163017,0
20240619164017,1.05
20240619165017,0.85
20240627090017,9.8
20240627091017,3.74
20240627092017,0.27
20240627093017,6.13
20240627094017,5.48
20240627095017,1.44
20240627100017,1.59
20240627101017,0
20240627102017,0.65
20240627103017,0
20240627104017,4.26
20240627105017,8.17
20240627110017,5.17
20240627111017,9.8
20240627112017,0.4
20240627113017,0
20240627114017,0
20240627115017,0
20240627120017,0
20240627121017,0
20240627122017,0
20240627123017,0
20240627124017,0
20240627125017,0
20240627130017,0
20240627131017,6.2
20240627132017,12.61
20240627133017,17.55
20240627134017,8.33
20240627135017,16.5
20240627140017,53.75
20240627141017,36.63
20240627142017,46.61
20240627143017,29.03
20240627144017,561.33
20240627145017,521.31
20240627150017,33.85
20240627151017,28.36
20240627152017,8.38
20240627153017,5.71
20240627154017,0
20240627155017,21.22
20240627160017,10.88
20240627161017,0
20240627162017,0
20240627163017,0
20240627164017,0
20240627165017,0
20240629090017,34.99
20240629091017,30.13
20240629092017,34.43
20240629093017,40.15
20240629094017,32.85
20240629095017,69.48
20240629100017,82.85
20240629101017,40.79
20240629102017,53.87
20240629103017,48.51
20240629104017,155.98
20240629105017,1026.19
20240629110017,1014.87
20240629111017,934.49
20240629112017,966.85
20240629113017,1086.05
20240629114017,950.09
20240629115017,942.33
20240629120017,1012.39
20240629121017,520.75
20240629122017,470.92
20240629123017,1260.1
20240629124017,1138.24
20240629125017,1094.22
20240629130017,1041.54
20240629131017,1217.08
20240629132017,1219.59
20240629133017,517.59
20240629134017,526.12
20240629135017,391.5
20240629140017,378.81
20240629141017,250.77
20240629142017,267.38
20240629143017,53.53
20240629144017,12.63
20240629145017,0
20240629150017,22.23
20240629151017,9.38
20240629152017,5.19
20240629153017,0
20240629154017,0
20240629155017,0
20240629160017,6.38
20240629161017,5.5
20240629162017,0
20240629163017,0
20240629164017,3.47
20240629165017,8.4
20240704090017,7.28
20240704091017,30.6
20240704092017,46.23
20240704093017,653.1
20240704094017,90.56
20240704095017,653.65
20240704100017,623.25
20240704101017,876.63
20240704102017,885.99
20240704103017,692.69
20240704104017,717.18
20240704105017,801.55
20240704110017,1271.57
20240704111017,1281.14
20240704112017,1286.75
20240704113017,1265.38
20240704114017,1334.05
20240704115017,1364.58
20240704120017,1310.42
20240704121017,1255.22
20240704122017,953.97
20240704123017,405.71
20240704124017,467.2
20240704125017,898
20240704130017,645.38
20240704131017,231.57
20240704132017,154.09
20240704133017,60.6
20240704134017,52.17
20240704135017,23.71
20240704140017,1.98
20240704141017,14.53
20240704142017,15.84
20240704143017,9.02
20240704144017,0
20240704145017,13.79
20240704150017,0
20240704151017,28.15
20240704152017,569.72
20240704153017,0
20240704154017,0
20240704155017,0
20240704160017,25.87
20240704161017,0
20240704162017,0
20240704163017,0
20240704164017,0
20240704165017,0
20240706090017,22.76
20240706091017,3.61
20240706092017,1.55
20240706093017,29.5
20240706094017,42.35
20240706095017,19.18
20240706100017,55.05
20240706101017,556.04
20240706102017,787.52
20240706103017,741.15
20240706104017,690.84
20240706105017,742.55
20240706110017,1149.03
20240706111017,1302.9
20240706112017,1344.2
20240706113017,1322.45
20240706114017,1211.46
20240706115017,1308.04
20240706120017,1244.98
20240706121017,1282.55
20240706122017,1192.93
20240706123017,1142.42
20240706124017,903.33
20240706125017,879.7
20240706130017,745.77
20240706131017,282.81
20240706132017,156.2
20240706133017,94.34
20240706134017,59.62
20240706135017,39.77
20240706140017,55.81
20240706141017,38.11
20240706142017,28.73
20240706143017,35.05
20240706144017,19.89
20240706145017,15.27
20240706150017,11.33
20240706151017,1.54
20240706152017,2.05
20240706153017,0
20240706154017,0
20240706155017,0
20240706160017,0
20240706161017,0
20240706162017,0
20240706163017,0
20240706164017,0
20240706165017,0
20240328090008,276.62
20240328091008,455.21
20240328092008,433.7
20240328093008,490.5
20240328094008,514.44
20240328095008,677.29
20240328100008,847.3
20240328101008,937.46
20240328102008,898.29
20240328103008,1027.04
20240328104008,959.08
20240328105008,1221.36
20240328110008,1313.26
20240328111008,1202.76
20240328112008,1276.76
20240328113008,1331.45
20240328114008,1190.58
20240328115008,1184.9
20240328120008,1084.88
20240328121008,1115.65
20240328122008,1095.01
20240328123008,1008.5
20240328124008,968.29
20240328125008,974.91
20240328130008,1020.46
20240328131008,1060.52
20240328132008,1082.61
20240328133008,970.68
20240328134008,949.22
20240328135008,993.68
20240328140008,1094.55
20240328141008,812.03
20240328142008,529.72
20240328143008,437.07
20240328144008,183.24
20240328145008,153.38
20240328150008,33.46
20240328151008,25.59
20240328152008,10.96
20240328153008,4.45
20240328154008,5.28
20240328155008,7.87
20240328160008,8.19
20240328161008,4.03
20240328162008,10.36
20240328163008,4.58
20240328164008,2.48
20240328165008,2.34
20240508090008,11.37
20240508091008,0.14
20240508092008,0
20240508093008,2.38
20240508094008,0.2
20240508095008,0
20240508100008,0
20240508101008,0
20240508102008,0
20240508103008,0
20240508104008,0
20240508105008,0
20240508110008,0
20240508111008,0
20240508112008,0
20240508113008,0
20240508114008,0
20240508115008,0
20240508120008,33.4
20240508121008,0
20240508122008,0
20240508123008,0
20240508124008,0
20240508125008,0
20240508130008,0
20240508131008,0
20240508132008,13.99
20240508133008,11.8
20240508134008,5.42
20240508135008,3.44
20240508140008,17.29
20240508141008,0
20240508142008,0
20240508143008,0.47
20240508144008,0
20240508145008,0
20240508150008,6.41
20240508151008,2.79
20240508152008,5.26
20240508153008,7.68
20240508154008,15.14
20240508155008,0
20240508160008,0
20240508161008,0
20240508162008,18.22
20240508163008,7.3
20240508164008,6.86
20240508165008,0
20240521090008,10.81
20240521091008,10.57
20240521092008,3.33
20240521093008,17.51
20240521094008,16.18
20240521095008,11.13
20240521100008,0
20240521101008,12.53
20240521102008,8.26
20240521103008,3.21
20240521104008,0
20240521105008,0
20240521110008,16.7
20240521111008,12
20240521112008,17.67
20240521113008,27.76
20240521114008,39.7
20240521115008,34.29
20240521120008,35.52
20240521121008,7.59
20240521122008,1.9
20240521123008,0
20240521124008,0
20240521125008,0
20240521130008,0
20240521131008,0
20240521132008,0
20240521133008,0
20240521134008,0
20240521135008,0
20240521140008,0
20240521141008,0
20240521142008,0
20240521143008,0
20240521144008,0
20240521145008,0
20240521150008,0
20240521151008,8.95
20240521152008,1.56
20240521153008,18.98
20240521154008,12.21
20240521155008,2.72
20240521160008,0
20240521161008,0
20240521162008,0
20240521163008,0
20240521164008,0
20240521165008,0
20240618090008,10.62
20240618091008,16.17
20240618092008,14.12
20240618093008,10.83
20240618094008,25.79
20240618095008,34.71
20240618100008,42.19
20240618101008,89.19
20240618102008,110.33
20240618103008,491.94
20240618104008,540.1
20240618105008,507.41
20240618110008,623.91
20240618111008,135.79
20240618112008,129.05
20240618113008,132.51
20240618114008,251.17
20240618115008,292.91
20240618120008,295.04
20240618121008,331.08
20240618122008,293.75
20240618123008,272.55
20240618124008,215.69
20240618125008,206.58
20240618130008,207.28
20240618131008,39.84
20240618132008,27.56
20240618133008,37.07
20240618134008,22.68
20240618135008,53.73
20240618140008,68.3
20240618141008,47.47
20240618142008,19.58
20240618143008,0
20240618144008,0
20240618145008,0
20240618150008,0
20240618151008,0
20240618152008,0
20240618153008,0
20240618154008,0
20240618155008,0
20240618160008,0
20240618161008,0
20240618162008,0
20240618163008,0
20240618164008,0
20240618165008,0
20240630090008,33.23
20240630091008,35.03
20240630092008,58.22
20240630093008,71.59
20240630094008,77.43
20240630095008,242.19
20240630100008,843.07
20240630101008,674.04
20240630102008,888.22
20240630103008,946.88
20240630104008,916.89
20240630105008,944.49
20240630110008,1343.45
20240630111008,1381.69
20240630112008,1184.02
20240630113008,1107.88
20240630114008,1088.54
20240630115008,1112.54
20240630120008,1181.6
20240630121008,1122.23
20240630122008,1302.06
20240630123008,1285.38
20240630124008,1400.2
20240630125008,1506.72
20240630130008,1587.09
20240630131008,1505.36
20240630132008,1447.24
20240630133008,1426.26
20240630134008,1484.73
20240630135008,1354.91
20240630140008,1342.58
20240630141008,756.58
20240630142008,587.6
20240630143008,169.4
20240630144008,59.04
20240630145008,123.16
20240630150008,113.37
20240630151008,54.15
20240630152008,45.99
20240630153008,27.7
20240630154008,45.53
20240630155008,21.5
20240630160008,12.57
20240630161008,26.03
20240630162008,10.18
20240630163008,10.39
20240630164008,6.81
20240630165008,3.99
20240702090008,73.33
20240702091008,690.04
20240702092008,694.6
20240702093008,703.04
20240702094008,481.04
20240702095008,653.24
20240702100008,460.7
20240702101008,613.19
20240702102008,328.35
20240702103008,25.94
20240702104008,88.95
20240702105008,117.42
20240702110008,116.79
20240702111008,590.18
20240702112008,174.35
20240702113008,161.41
20240702114008,215.56
20240702115008,207.45
20240702120008,167.26
20240702121008,183.83
20240702122008,156.47
20240702123008,44.41
20240702124008,54.55
20240702125008,17.48
20240702130008,6.47
20240702131008,0
20240702132008,0
20240702133008,0
20240702134008,19.88
20240702135008,28.47
20240702140008,54.12
20240702141008,45.25
20240702142008,31.8
20240702143008,10.94
20240702144008,0
20240702145008,0
20240702150008,0
20240702151008,0
20240702152008,0
20240702153008,0
20240702154008,5.39
20240702155008,14.3
20240702160008,11.63
20240702161008,8
20240702162008,3.9
20240702163008,17.12
20240702164008,8.19
20240702165008,13.16
20240812090008,24.47
20240812091008,5.18
20240812092008,74.93
20240812093008,134
20240812094008,232.11
20240812095008,387.67
20240812100008,289.49
20240812101008,239.5
20240812102008,214.28
20240812103008,641.14
20240812104008,1138.79
20240812105008,1102.8
20240812110008,1129.27
20240812111008,1134.15
20240812112008,1131.16
20240812113008,1152.8
20240812114008,1169.11
20240812115008,1217.21
20240812120008,1273.67
20240812121008,1235.53
20240812122008,1202.1
20240812123008,1263.25
20240812124008,1269.06
20240812125008,1142.87
20240812130008,1196.64
20240812131008,1203.05
20240812132008,1180.77
20240812133008,1385.79
20240812134008,1342.62
20240812135008,1410.87
20240812140008,1152.8
20240812141008,1212.02
20240812142008,1353.58
20240812143008,1382.61
20240812144008,1367.34
20240812145008,1243.04
20240812150008,945.76
20240812151008,447.53
20240812152008,245.72
20240812153008,144.6
20240812154008,289.97
20240812155008,46.17
20240812160008,61.66
20240812161008,34.05
20240812162008,33.01
20240812163008,2.12
20240812164008,8.07
20240812165008,18.07
20240828090008,0
20240828091008,39.5
20240828092008,36.44
20240828093008,66.52
20240828094008,452.09
20240828095008,538.07
20240828100008,94.5
20240828101008,694.12
20240828102008,722.09
20240828103008,724.98
20240828104008,804.27
20240828105008,835.19
20240828110008,993.3
20240828111008,1066.22
20240828112008,1330.13
20240828113008,1369.94
20240828114008,1489.79
20240828115008,1334.73
20240828120008,1448.73
20240828121008,1412.62
20240828122008,1518.54
20240828123008,1494.91
20240828124008,1450.21
20240828125008,1400.76
20240828130008,1474.97
20240828131008,1454.83
20240828132008,1055.03
20240828133008,1224.93
20240828134008,1196.68
20240828135008,1279.56
20240828140008,985.9
20240828141008,1116.86
20240828142008,849.21
20240828143008,728.57
20240828144008,691.27
20240828145008,478.16
20240828150008,445.32
20240828151008,274.84
20240828152008,172.31
20240828153008,62.63
20240828154008,0
20240828155008,21.85
20240828160008,10.63
20240828161008,46.04
20240828162008,10.88
20240828163008,13.27
20240828164008,12.14
20240828165008,37.34
20240307090010,13.16
20240307091010,0
20240307092010,30.59
20240307093010,55.86
20240307094010,154.12
20240307095010,260.62
20240307100010,238.49
20240307101010,309.4
20240307102010,334.38
20240307103010,293.63
20240307104010,324.16
20240307105010,314.49
20240307110010,411
20240307111010,411.88
20240307112010,464.13
20240307113010,358.08
20240307114010,449.14
20240307115010,457.21
20240307120010,1231.91
20240307121010,465.28
20240307122010,353.85
20240307123010,441.85
20240307124010,321.23
20240307125010,499.79
20240307130010,458
20240307131010,463.82
20240307132010,334.63
20240307133010,453.09
20240307134010,430.16
20240307135010,334.11
20240307140010,334.56
20240307141010,206.87
20240307142010,104.58
20240307143010,7.03
20240307144010,28.19
20240307145010,38.26
20240307150010,52.93
20240307151010,52.93
20240307152010,56.78
20240307153010,18.72
20240307154010,11.98
20240307155010,7.85
20240307160010,8.66
20240307161010,0
20240307162010,0
20240307163010,0
20240307164010,0
20240307165010,0
20240310090010,12.72
20240310091010,18.76
20240310092010,33.85
20240310093010,12.18
20240310094010,114.5
20240310095010,174.76
20240310100010,156.81
20240310101010,61.58
20240310102010,82.37
20240310103010,95.86
20240310104010,177.74
20240310105010,992.01
20240310110010,557.84
20240310111010,572.63
20240310112010,534.23
20240310113010,460.57
20240310114010,608.27
20240310115010,499.94
20240310120010,606.95
20240310121010,483.61
20240310122010,489.44
20240310123010,402
20240310124010,373.04
20240310125010,314.19
20240310130010,441.52
20240310131010,372.62
20240310132010,114.67
20240310133010,45.48
20240310134010,12.06
20240310135010,20.16
20240310140010,4.23
20240310141010,16.13
20240310142010,0
20240310143010,0
20240310144010,0
20240310145010,0
20240310150010,0
20240310151010,0
20240310152010,0
20240310153010,0
20240310154010,0
20240310155010,0
20240310160010,0
20240310161010,0
20240310162010,0
20240310163010,0
20240310164010,0
20240310165010,0
20240423090010,10.56
20240423091010,4.44
20240423092010,1.04
20240423093010,6.75
20240423094010,6.34
20240423095010,2.06
20240423100010,2.4
20240423101010,0
20240423102010,1.57
20240423103010,0.78
20240423104010,5.64
20240423105010,9.77
20240423110010,6.83
20240423111010,11.11
20240423112010,2.91
20240423113010,0
20240423114010,0
20240423115010,0
20240423120010,0
20240423121010,0
20240423122010,0
20240423123010,0
20240423124010,0
20240423125010,0
20240423130010,0
20240423131010,6.31
20240423132010,13.53
20240423133010,17.65
20240423134010,8.59
20240423135010,17.57
20240423140010,55.5
20240423141010,38.49
20240423142010,47.84
20240423143010,29.61
20240423144010,561.4
20240423145010,522.27
20240423150010,35.02
20240423151010,28.76
20240423152010,8.79
20240423153010,5.83
20240423154010,0
20240423155010,21.22
20240423160010,13.5
20240423161010,0
20240423162010,0
20240423163010,0
20240423164010,0
20240423165010,0
20240519090010,56.35
20240519091010,53.22
20240519092010,39.38
20240519093010,147.13
20240519094010,157.94
20240519095010,173.39
20240519100010,196.84
20240519101010,185.11
20240519102010,331.09
20240519103010,514.28
20240519104010,661.11
20240519105010,748.59
20240519110010,731.2
20240519111010,840.35
20240519112010,678.46
20240519113010,501.78
20240519114010,703.07
20240519115010,641.25
20240519120010,1057.28
20240519121010,746.45
20240519122010,574.6
20240519123010,642.78
20240519124010,497.83
20240519125010,500.93
20240519130010,292.19
20240519131010,160.41
20240519132010,144.86
20240519133010,165
20240519134010,77.83
20240519135010,51.62
20240519140010,21.18
20240519141010,0
20240519142010,5.44
20240519143010,0
20240519144010,4.07
20240519145010,0
20240519150010,0
20240519151010,0
20240519152010,0
20240519153010,0
20240519154010,0
20240519155010,0
20240519160010,0
20240519161010,0
20240519162010,0
20240519163010,9.72
20240519164010,5.28
20240519165010,0
20240619090010,410.87
20240619091010,388.02
20240619092010,392.63
20240619093010,493.27
20240619094010,523.73
20240619095010,510.51
20240619100010,523.81
20240619101010,828.29
20240619102010,846.49
20240619103010,801.15
20240619104010,728.58
20240619105010,747.15
20240619110010,972.28
20240619111010,1142.44
20240619112010,1185.58
20240619113010,1337.18
20240619114010,1219
20240619115010,1312.99
20240619120010,1257.52
20240619121010,1295.25
20240619122010,1193.39
20240619123010,1152.93
20240619124010,907.95
20240619125010,880.48
20240619130010,756.43
20240619131010,314
20240619132010,185.47
20240619133010,134.28
20240619134010,162.19
20240619135010,75.75
20240619140010,91.7
20240619141010,139.99
20240619142010,188.73
20240619143010,58.88
20240619144010,42.88
20240619145010,42.17
20240619150010,45.05
20240619151010,15.19
20240619152010,15.65
20240619153010,11.84
20240619154010,5.67
20240619155010,0.38
20240619160010,0
20240619161010,1.87
20240619162010,0.2
20240619163010,0.24
20240619164010,1.53
20240619165010,5.77
20240711090010,190
20240711091010,314.65
20240711092010,391.83
20240711093010,691.7
20240711094010,424.89
20240711095010,492.81
20240711100010,798.41
20240711101010,647.5
20240711102010,635.96
20240711103010,668.8
20240711104010,733.62
20240711105010,789.35
20240711110010,827.13
20240711111010,715.13
20240711112010,924.47
20240711113010,924.46
20240711114010,856.94
20240711115010,831.72
20240711120010,947.9
20240711121010,875.34
20240711122010,906.85
20240711123010,791.55
20240711124010,723.15
20240711125010,848.91
20240711130010,1170.22
20240711131010,505.85
20240711132010,494.64
20240711133010,233.09
20240711134010,106.16
20240711135010,67.5
20240711140010,36.74
20240711141010,6.77
20240711142010,22.79
20240711143010,23.85
20240711144010,21.41
20240711145010,23.14
20240711150010,32.65
20240711151010,21.17
20240711152010,6.9
20240711153010,17.06
20240711154010,18.21
20240711155010,34.26
20240711160010,33.88
20240711161010,91.15
20240711162010,55.09
20240711163010,35.97
20240711164010,30.91
20240711165010,25.47
20240207090017,448.58
20240207091017,562.01
20240207092017,431.95
20240207093017,364.07
20240207094017,309.44
20240207095017,310.28
20240207100017,306.03
20240207101017,458.67
20240207102017,655.61
20240207103017,637.83
20240207104017,438.11
20240207105017,720.03
20240207110017,782.65
20240207111017,565.19
20240207112017,488.97
20240207113017,507.44
20240207114017,414.69
20240207115017,507.65
20240207120017,842.58
20240207121017,892.14
20240207122017,475.11
20240207123017,613.2
20240207124017,505.48
20240207125017,496.18
20240207130017,461.66
20240207131017,467.03
20240207132017,281.74
20240207133017,227.33
20240207134017,346.08
20240207135017,240.38
20240207140017,252.71
20240207141017,239.57
20240207142017,230.36
20240207143017,110.18
20240207144017,78.66
20240207145017,75.21
20240207150017,43.49
20240207151017,37.29
20240207152017,40.07
20240207153017,34.64
20240207154017,30.24
20240207155017,36.18
20240207160017,39.08
20240207161017,27.69
20240207162017,20.1
20240207163017,8.89
20240207164017,5.19
20240207165017,6.7
20240224090017,208.83
20240224091017,192.4
20240224092017,187.62
20240224093017,225.63
20240224094017,693.4
20240224095017,687.15
20240224100017,587.14
20240224101017,826.7
20240224102017,778.53
20240224103017,863.63
20240224104017,614.51
20240224105017,1169.85
20240224110017,1268.43
20240224111017,1169.18
20240224112017,1185.97
20240224113017,1135.87
20240224114017,548.05
20240224115017,168.18
20240224120017,278.02
20240224121017,601.7
20240224122017,233.52
20240224123017,203.06
20240224124017,183.73
20240224125017,61.48
20240224130017,41.03
20240224131017,30.43
20240224132017,28.06
20240224133017,28.43
20240224134017,38.22
20240224135017,19.65
20240224140017,16.94
20240224141017,14.59
20240224142017,13.28
20240224143017,16.4
20240224144017,16.96
20240224145017,11.94
20240224150017,13.92
20240224151017,14
20240224152017,7.77
20240224153017,4.21
20240224154017,9.95
20240224155017,9.69
20240224160017,4.11
20240224161017,9.62
20240224162017,0
20240224163017,7.49
20240224164017,10.17
20240224165017,9.14
20240318090017,428.38
20240318091017,429.72
20240318092017,421.47
20240318093017,240.44
20240318094017,379.11
20240318095017,444.32
20240318100017,314.46
20240318101017,250.02
20240318102017,232.42
20240318103017,651.17
20240318104017,1184.74
20240318105017,1129.31
20240318110017,972.61
20240318111017,987.12
20240318112017,991.52
20240318113017,977.13
20240318114017,1027.67
20240318115017,1068.24
20240318120017,1281.62
20240318121017,1240.48
20240318122017,1211.78
20240318123017,1270.26
20240318124017,1284.92
20240318125017,1156.77
20240318130017,1213.51
20240318131017,1217.85
20240318132017,1195.75
20240318133017,1397.95
20240318134017,1338.96
20240318135017,1391.6
20240318140017,1132.1
20240318141017,1175.39
20240318142017,1320.08
20240318143017,1355.41
20240318144017,1333.53
20240318145017,1214.12
20240318150017,904.26
20240318151017,417.22
20240318152017,350.61
20240318153017,238.27
20240318154017,290.75
20240318155017,159.49
20240318160017,162.72
20240318161017,71
20240318162017,68.92
20240318163017,32.83
20240318164017,47.07
20240318165017,53.18
20240509090017,34.99
20240509091017,30.13
20240509092017,34.43
20240509093017,40.15
20240509094017,32.85
20240509095017,69.48
20240509100017,82.85
20240509101017,40.79
20240509102017,53.87
20240509103017,48.51
20240509104017,155.98
20240509105017,1026.19
20240509110017,1014.87
20240509111017,934.49
20240509112017,966.85
20240509113017,1086.05
20240509114017,950.09
20240509115017,942.33
20240509120017,1012.39
20240509121017,520.75
20240509122017,470.92
20240509123017,1260.1
20240509124017,1138.24
20240509125017,1094.22
20240509130017,1041.54
20240509131017,1217.08
20240509132017,1219.59
20240509133017,517.59
20240509134017,526.12
20240509135017,391.5
20240509140017,378.81
20240509141017,250.77
20240509142017,267.38
20240509143017,53.53
20240509144017,12.63
20240509145017,0
20240509150017,22.23
20240509151017,9.38
20240509152017,5.19
20240509153017,0
20240509154017,0
20240509155017,0
20240509160017,6.38
20240509161017,5.5
20240509162017,0
20240509163017,0
20240509164017,3.47
20240509165017,8.4
20240602090017,0
20240602091017,40.26
20240602092017,71.93
20240602093017,77.54
20240602094017,35.4
20240602095017,44.28
20240602100017,46.95
20240602101017,95.31
20240602102017,177.51
20240602103017,219.54
20240602104017,217.63
20240602105017,285.81
20240602110017,444.69
20240602111017,507.95
20240602112017,529.51
20240602113017,550.32
20240602114017,609.82
20240602115017,598.94
20240602120017,532.42
20240602121017,240.59
20240602122017,310.8
20240602123017,186.52
20240602124017,180.63
20240602125017,178.48
20240602130017,151.55
20240602131017,110.69
20240602132017,1.59
20240602133017,36.88
20240602134017,36.42
20240602135017,24.55
20240602140017,27.22
20240602141017,36.73
20240602142017,27.05
20240602143017,21.77
20240602144017,20.3
20240602145017,12.11
20240602150017,0
20240602151017,4.42
20240602152017,0
20240602153017,0
20240602154017,0
20240602155017,0
20240602160017,0
20240602161017,19.61
20240602162017,22.64
20240602163017,10.72
20240602164017,18.28
20240602165017,0
20240604090017,35.08
20240604091017,37.32
20240604092017,34.27
20240604093017,59.41
20240604094017,55.95
20240604095017,69.06
20240604100017,66
20240604101017,78.07
20240604102017,319.53
20240604103017,364.31
20240604104017,714.29
20240604105017,884.89
20240604110017,1368.03
20240604111017,1463.04
20240604112017,1397.55
20240604113017,1294.75
20240604114017,1385.17
20240604115017,1274.71
20240604120017,1285.13
20240604121017,810.27
20240604122017,311.26
20240604123017,384.05
20240604124017,376.4
20240604125017,429.7
20240604130017,454.42
20240604131017,440.55
20240604132017,704.71
20240604133017,502.5
20240604134017,174.63
20240604135017,151.57
20240604140017,137.57
20240604141017,61.19
20240604142017,39.57
20240604143017,26.94
20240604144017,34.63
20240604145017,44.84
20240604150017,46.51
20240604151017,27.99
20240604152017,24.82
20240604153017,16.74
20240604154017,14.18
20240604155017,15.65
20240604160017,18.77
20240604161017,17.92
20240604162017,22.67
20240604163017,20.14
20240604164017,7.1
20240604165017,6.71
20240609090017,30.35
20240609091017,87.08
20240609092017,70.6
20240609093017,64.18
20240609094017,82.58
20240609095017,52.99
20240609100017,304.49
20240609101017,322.6
20240609102017,465.48
20240609103017,495.19
20240609104017,430.01
20240609105017,380.94
20240609110017,466.17
20240609111017,440.94
20240609112017,502.11
20240609113017,588.24
20240609114017,653.98
20240609115017,696.78
20240609120017,748.79
20240609121017,404.63
20240609122017,489.48
20240609123017,489.89
20240609124017,541.47
20240609125017,567.17
20240609130017,668.69
20240609131017,361.42
20240609132017,227.8
20240609133017,132.6
20240609134017,105.86
20240609135017,142.75
20240609140017,51.57
20240609141017,59.32
20240609142017,42.61
20240609143017,41.28
20240609144017,51.58
20240609145017,19.22
20240609150017,11.43
20240609151017,0
20240609152017,0
20240609153017,0
20240609154017,2.33
20240609155017,0
20240609160017,1.69
20240609161017,2.33
20240609162017,2.74
20240609163017,0.52
20240609164017,1
20240609165017,2.27
20240709090017,24.31
20240709091017,11.97
20240709092017,15.25
20240709093017,5.87
20240709094017,0
20240709095017,0
20240709100017,0
20240709101017,0
20240709102017,29.38
20240709103017,0
20240709104017,8.62
20240709105017,14.09
20240709110017,51.99
20240709111017,54.44
20240709112017,24.68
20240709113017,32.76
20240709114017,1.79
20240709115017,13.49
20240709120017,46.33
20240709121017,43.6
20240709122017,39.51
20240709123017,41.45
20240709124017,40.96
20240709125017,0
20240709130017,0.13
20240709131017,0
20240709132017,0
20240709133017,0
20240709134017,0
20240709135017,29.59
20240709140017,76.53
20240709141017,21.85
20240709142017,17.35
20240709143017,12.77
20240709144017,16.67
20240709145017,13.03
20240709150017,27.92
20240709151017,2.31
20240709152017,0
20240709153017,0
20240709154017,0
20240709155017,0
20240709160017,0.61
20240709161017,0.17
20240709162017,0
20240709163017,2.54
20240709164017,1.97
20240709165017,0
20240106090001,73.33
20240106091001,690.04
20240106092001,694.6
20240106093001,703.04
20240106094001,481.04
20240106095001,653.24
20240106100001,460.7
20240106101001,613.19
20240106102001,328.35
20240106103001,25.94
20240106104001,88.95
20240106105001,117.42
20240106110001,116.79
20240106111001,590.18
20240106112001,174.35
20240106113001,161.41
20240106114001,215.56
20240106115001,207.45
20240106120001,167.26
20240106121001,183.83
20240106122001,156.47
20240106123001,44.41
20240106124001,54.55
20240106125001,17.48
20240106130001,6.47
20240106131001,0
20240106132001,0
20240106133001,0
20240106134001,19.88
20240106135001,28.47
20240106140001,54.12
20240106141001,45.25
20240106142001,31.8
20240106143001,10.94
20240106144001,0
20240106145001,0
20240106150001,0
20240106151001,0
20240106152001,0
20240106153001,0
20240106154001,5.39
20240106155001,14.3
20240106160001,11.63
20240106161001,8
20240106162001,3.9
20240106163001,17.12
20240106164001,8.19
20240106165001,13.16
20240111090001,45.47
20240111091001,4.94
20240111092001,15.06
20240111093001,12.76
20240111094001,14.17
20240111095001,23.91
20240111100001,2.15
20240111101001,5.89
20240111102001,4.5
20240111103001,7.35
20240111104001,6.41
20240111105001,9.75
20240111110001,9.99
20240111111001,87.3
20240111112001,84.59
20240111113001,88.03
20240111114001,104.87
20240111115001,121.44
20240111120001,68.61
20240111121001,40.81
20240111122001,0
20240111123001,12.6
20240111124001,3.47
20240111125001,9.29
20240111130001,8.67
20240111131001,19.45
20240111132001,31.07
20240111133001,26.4
20240111134001,23.96
20240111135001,26.09
20240111140001,19.41
20240111141001,21.37
20240111142001,54.94
20240111143001,44.54
20240111144001,44.95
20240111145001,54.29
20240111150001,60.52
20240111151001,29.14
20240111152001,17.98
20240111153001,36.96
20240111154001,47.03
20240111155001,32.07
20240111160001,23.33
20240111161001,19.37
20240111162001,10.33
20240111163001,10.58
20240111164001,4.79
20240111165001,2.33
20240213090001,583.64
20240213091001,457.29
20240213092001,527.04
20240213093001,390.41
20240213094001,772.04
20240213095001,699.74
20240213100001,948.26
20240213101001,1025.66
20240213102001,947.15
20240213103001,750.2
20240213104001,546.44
20240213105001,505.29
20240213110001,592.72
20240213111001,785.25
20240213112001,799.88
20240213113001,520.87
20240213114001,585.42
20240213115001,798.35
20240213120001,593.69
20240213121001,327.14
20240213122001,408.89
20240213123001,228.27
20240213124001,260.28
20240213125001,764.73
20240213130001,259.09
20240213131001,256.49
20240213132001,782.2
20240213133001,657.95
20240213134001,596.23
20240213135001,815.09
20240213140001,470.75
20240213141001,559.31
20240213142001,419.07
20240213143001,211.22
20240213144001,181.41
20240213145001,165.19
20240213150001,66.7
20240213151001,45.03
20240213152001,34.71
20240213153001,18.03
20240213154001,19.98
20240213155001,18.75
20240213160001,5.18
20240213161001,5.84
20240213162001,5.64
20240213163001,0.96
20240213164001,43.48
20240213165001,201.85
20240508090001,36.34
20240508091001,19.51
20240508092001,52.31
20240508093001,499.38
20240508094001,348.48
20240508095001,594.5
20240508100001,421.04
20240508101001,432.34
20240508102001,488.75
20240508103001,720.83
20240508104001,1075.01
20240508105001,1084.35
20240508110001,1172.12
20240508111001,1141.4
20240508112001,1150.36
20240508113001,1114.93
20240508114001,1149.71
20240508115001,783.88
20240508120001,817.77
20240508121001,801.84
20240508122001,864.2
20240508123001,527.21
20240508124001,623.64
20240508125001,626.75
20240508130001,592.67
20240508131001,524.02
20240508132001,605.74
20240508133001,438.56
20240508134001,444.23
20240508135001,205.17
20240508140001,0
20240508141001,133.44
20240508142001,0
20240508143001,79.69
20240508144001,81.02
20240508145001,97.88
20240508150001,52.24
20240508151001,45.97
20240508152001,20.3
20240508153001,42.23
20240508154001,30.79
20240508155001,24.37
20240508160001,23.73
20240508161001,20.88
20240508162001,13.63
20240508163001,10.86
20240508164001,36.44
20240508165001,26.73
20240510090001,15.63
20240510091001,6.15
20240510092001,17.45
20240510093001,12.31
20240510094001,18.53
20240510095001,32.7
20240510100001,41.28
20240510101001,40.99
20240510102001,55.26
20240510103001,50.99
20240510104001,31.94
20240510105001,16.02
20240510110001,0
20240510111001,29.76
20240510112001,41.34
20240510113001,45.49
20240510114001,27.22
20240510115001,23.16
20240510120001,33.41
20240510121001,16.17
20240510122001,0.73
20240510123001,0
20240510124001,0
20240510125001,1.54
20240510130001,12.33
20240510131001,4.7
20240510132001,3.27
20240510133001,7.46
20240510134001,2.08
20240510135001,0
20240510140001,0
20240510141001,32.49
20240510142001,11.22
20240510143001,0
20240510144001,0
20240510145001,0
20240510150001,0
20240510151001,0
20240510152001,0
20240510153001,0
20240510154001,0
20240510155001,0
20240510160001,0
20240510161001,0
20240510162001,0
20240510163001,0
20240510164001,0
20240510165001,0
20240524090001,17.57
20240524091001,13.3
20240524092001,11.03
20240524093001,2.32
20240524094001,10.83
20240524095001,23.72
20240524100001,27.24
20240524101001,28.59
20240524102001,34.2
20240524103001,34.05
20240524104001,51.18
20240524105001,51.93
20240524110001,33.49
20240524111001,31.78
20240524112001,35.96
20240524113001,33.44
20240524114001,35.49
20240524115001,27.43
20240524120001,53.47
20240524121001,0
20240524122001,0
20240524123001,640.58
20240524124001,673.46
20240524125001,632.62
20240524130001,583.33
20240524131001,666.76
20240524132001,64.6
20240524133001,657.71
20240524134001,771.8
20240524135001,818.79
20240524140001,53.73
20240524141001,37.66
20240524142001,22.27
20240524143001,17.86
20240524144001,0
20240524145001,0
20240524150001,0.02
20240524151001,2.52
20240524152001,2.46
20240524153001,2.66
20240524154001,0
20240524155001,0
20240524160001,0
20240524161001,0
20240524162001,0
20240524163001,0
20240524164001,0
20240524165001,0
20240623090001,15.57
20240623091001,19.55
20240623092001,34.29
20240623093001,28.19
20240623094001,40.64
20240623095001,46.08
20240623100001,37.47
20240623101001,21.02
20240623102001,16.06
20240623103001,0
20240623104001,0
20240623105001,0
20240623110001,0
20240623111001,0
20240623112001,0
20240623113001,0
20240623114001,0
20240623115001,0
20240623120001,0
20240623121001,0
20240623122001,4.8
20240623123001,5.67
20240623124001,4.09
20240623125001,15.37
20240623130001,14.14
20240623131001,1.25
20240623132001,6.86
20240623133001,0
20240623134001,0
20240623135001,0
20240623140001,0
20240623141001,0.01
20240623142001,0
20240623143001,0
20240623144001,0
20240623145001,0
20240623150001,0
20240623151001,0
20240623152001,0
20240623153001,0
20240623154001,0
20240623155001,0
20240623160001,0
20240623161001,0
20240623162001,0
20240623163001,0
20240623164001,0
20240623165001,0
20240627090001,3.99
20240627091001,0
20240627092001,4.26
20240627093001,30.18
20240627094001,69.83
20240627095001,101.88
20240627100001,78.27
20240627101001,114.78
20240627102001,141.83
20240627103001,96.77
20240627104001,160.46
20240627105001,208.39
20240627110001,387.35
20240627111001,394.9
20240627112001,472.79
20240627113001,355.37
20240627114001,458.2
20240627115001,455.69
20240627120001,1227.86
20240627121001,461.18
20240627122001,348.82
20240627123001,438.29
20240627124001,317.47
20240627125001,495.76
20240627130001,454.24
20240627131001,460.04
20240627132001,330.95
20240627133001,449.46
20240627134001,427.38
20240627135001,316.28
20240627140001,315.42
20240627141001,181.19
20240627142001,78.53
20240627143001,0
20240627144001,13.7
20240627145001,23.78
20240627150001,37.63
20240627151001,37.91
20240627152001,41.76
20240627153001,0
20240627154001,0
20240627155001,0
20240627160001,0
20240627161001,0
20240627162001,0
20240627163001,0
20240627164001,0
20240627165001,0
20240713090001,10.21
20240713091001,0
20240713092001,14.93
20240713093001,0
20240713094001,5.16
20240713095001,34.23
20240713100001,10.49
20240713101001,32.55
20240713102001,55.88
20240713103001,68.97
20240713104001,77.48
20240713105001,930.77
20240713110001,542.5
20240713111001,560.78
20240713112001,529.88
20240713113001,467.64
20240713114001,600.76
20240713115001,500.54
20240713120001,608.19
20240713121001,474.97
20240713122001,492.1
20240713123001,407.18
20240713124001,354.67
20240713125001,305.59
20240713130001,427.95
20240713131001,363.92
20240713132001,100.72
20240713133001,38.79
20240713134001,5.35
20240713135001,12.99
20240713140001,0
20240713141001,8.69
20240713142001,0
20240713143001,0
20240713144001,0
20240713145001,0
20240713150001,0
20240713151001,0
20240713152001,0
20240713153001,0
20240713154001,0
20240713155001,0
20240713160001,0
20240713161001,0
20240713162001,0
20240713163001,0
20240713164001,0
20240713165001,0
20240715090001,31.23
20240715091001,14.24
20240715092001,19.81
20240715093001,33.22
20240715094001,10.97
20240715095001,4.12
20240715100001,7.4
20240715101001,9.96
20240715102001,8.5
20240715103001,0
20240715104001,0
20240715105001,0
20240715110001,0
20240715111001,0
20240715112001,0
20240715113001,0
20240715114001,0
20240715115001,3.72
20240715120001,0
20240715121001,0
20240715122001,9.44
20240715123001,7.97
20240715124001,11.67
20240715125001,0
20240715130001,0
20240715131001,0
20240715132001,0
20240715133001,0
20240715134001,0
20240715135001,0
20240715140001,0
20240715141001,0
20240715142001,0
20240715143001,0
20240715144001,0
20240715145001,0
20240715150001,3.34
20240715151001,0
20240715152001,0
20240715153001,0
20240715154001,0
20240715155001,0
20240715160001,11.33
20240715161001,0
20240715162001,0
20240715163001,0
20240715164001,0
20240715165001,0
20240927090004,34.62
20240927091004,20.22
20240927092004,11.48
20240927093004,11.16
20240927094004,18.04
20240927095004,1.04
20240927100004,25.97
20240927101004,167.86
20240927102004,239.62
20240927103004,221.58
20240927104004,383.23
20240927105004,583.61
20240927110004,616.23
20240927111004,644.57
20240927112004,731.66
20240927113004,806.8
20240927114004,871.11
20240927115004,941.55
20240927120004,921.51
20240927121004,905.27
20240927122004,839.92
20240927123004,984
20240927124004,727.12
20240927125004,372.25
20240927130004,873.59
20240927131004,912.03
20240927132004,883.77
20240927133004,878.12
20240927134004,893.34
20240927135004,945.7
20240927140004,799.8
20240927141004,637.66
20240927142004,26.7
20240927143004,55.76
20240927144004,0.71
20240927145004,92.32
20240927150004,0
20240927151004,0
20240927152004,22.48
20240927153004,18.99
20240927154004,0
20240927155004,0
20240927160004,0
20240927161004,0
20240927162004,0
20240927163004,0
20240927164004,0
20240927165004,0
20241018090004,0
20241018091004,4.06
20241018092004,8.31
20241018093004,8.45
20241018094004,6.61
20241018095004,15.12
20241018100004,24.42
20241018101004,37.85
20241018102004,34.93
20241018103004,49.31
20241018104004,86.4
20241018105004,191.14
20241018110004,128.45
20241018111004,137.68
20241018112004,159.37
20241018113004,154.31
20241018114004,48.95
20241018115004,42.54
20241018120004,71.67
20241018121004,67.98
20241018122004,48.66
20241018123004,49.08
20241018124004,27.65
20241018125004,26
20241018130004,5.17
20241018131004,5.15
20241018132004,10.65
20241018133004,16.39
20241018134004,0.82
20241018135004,0
20241018140004,0
20241018141004,0
20241018142004,0
20241018143004,0
20241018144004,0
20241018145004,0
20241018150004,0
20241018151004,0
20241018152004,0
20241018153004,0
20241018154004,0
20241018155004,0
20241018160004,0
20241018161004,18.73
20241018162004,29.14
20241018163004,29.19
20241018164004,35.28
20241018165004,40.09
20240918090007,13.46
20240918091007,10.61
20240918092007,22.8
20240918093007,72.49
20240918094007,653.54
20240918095007,697.37
20240918100007,63.12
20240918101007,56.8
20240918102007,42.85
20240918103007,605.67
20240918104007,733.47
20240918105007,59.92
20240918110007,30.58
20240918111007,36.03
20240918112007,0
20240918113007,0
20240918114007,0
20240918115007,0
20240918120007,0
20240918121007,0
20240918122007,0
20240918123007,0
20240918124007,0
20240918125007,0
20240918130007,17.36
20240918131007,8.68
20240918132007,88.31
20240918133007,80.69
20240918134007,73.39
20240918135007,20.3
20240918140007,70.72
20240918141007,2.27
20240918142007,0
20240918143007,0
20240918144007,0
20240918145007,0
20240918150007,0
20240918151007,0
20240918152007,0
20240918153007,0
20240918154007,0
20240918155007,0
20240918160007,0
20240918161007,0
20240918162007,0
20240918163007,0
20240918164007,0
20240918165007,0
20240920090007,0
20240920091007,0
20240920092007,1.52
20240920093007,0.52
20240920094007,0.42
20240920095007,0
20240920100007,0
20240920101007,10.65
20240920102007,4.38
20240920103007,7.34
20240920104007,1.39
20240920105007,1.16
20240920110007,0
20240920111007,16.59
20240920112007,14.01
20240920113007,5.75
20240920114007,0
20240920115007,0
20240920120007,0
20240920121007,0
20240920122007,6.47
20240920123007,7.95
20240920124007,37.46
20240920125007,0
20240920130007,30.86
20240920131007,0
20240920132007,0
20240920133007,0
20240920134007,0
20240920135007,0
20240920140007,0
20240920141007,0
20240920142007,0
20240920143007,0
20240920144007,0
20240920145007,0
20240920150007,10.66
20240920151007,0
20240920152007,0
20240920153007,0
20240920154007,0
20240920155007,0
20240920160007,0
20240920161007,0
20240920162007,0
20240920163007,0
20240920164007,0
20240920165007,0
20241016090007,18.05
20241016091007,12.82
20241016092007,28.54
20241016093007,33.03
20241016094007,28.87
20241016095007,32
20241016100007,699.59
20241016101007,826.08
20241016102007,859.75
20241016103007,837.2
20241016104007,888.63
20241016105007,852.27
20241016110007,1165.56
20241016111007,1131.47
20241016112007,1172.63
20241016113007,1330.61
20241016114007,1325.9
20241016115007,1310.57
20241016120007,1285.75
20241016121007,1365.55
20241016122007,1381.9
20241016123007,1266.06
20241016124007,1141.59
20241016125007,1215.83
20241016130007,1226.61
20241016131007,1198.31
20241016132007,1268.35
20241016133007,1112.75
20241016134007,1292.42
20241016135007,573.32
20241016140007,462.73
20241016141007,457.32
20241016142007,468.47
20241016143007,111.86
20241016144007,90.83
20241016145007,68.52
20241016150007,48.22
20241016151007,53.97
20241016152007,28.3
20241016153007,32.8
20241016154007,18.3
20241016155007,4.09
20241016160007,0
20241016161007,0.86
20241016162007,0
20241016163007,0
20241016164007,0
20241016165007,0
20240922090008,54.63
20240922091008,437.63
20240922092008,550.14
20240922093008,43.86
20240922094008,152.85
20240922095008,396.48
20240922100008,323.11
20240922101008,344.52
20240922102008,411.55
20240922103008,320.4
20240922104008,410.4
20240922105008,473.92
20240922110008,489.15
20240922111008,302.44
20240922112008,327.58
20240922113008,221.63
20240922114008,352.7
20240922115008,378.47
20240922120008,349.81
20240922121008,349.34
20240922122008,262.92
20240922123008,200.89
20240922124008,136.4
20240922125008,138.47
20240922130008,134.27
20240922131008,96.92
20240922132008,38
20240922133008,52.88
20240922134008,35.79
20240922135008,20.47
20240922140008,0
20240922141008,5.33
20240922142008,15.74
20240922143008,13.81
20240922144008,3.87
20240922145008,6.35
20240922150008,2.82
20240922151008,4.57
20240922152008,8.33
20240922153008,5.45
20240922154008,4.47
20240922155008,3.38
20240922160008,4.28
20240922161008,0.1
20240922162008,4.35
20240922163008,2.48
20240922164008,1.63
20240922165008,0
20240928090008,29.86
20240928091008,23.66
20240928092008,21.33
20240928093008,23.49
20240928094008,41.91
20240928095008,41.11
20240928100008,49.28
20240928101008,107.69
20240928102008,111.44
20240928103008,102.6
20240928104008,70.69
20240928105008,140.83
20240928110008,131.7
20240928111008,859.37
20240928112008,182.94
20240928113008,99.93
20240928114008,197.88
20240928115008,171
20240928120008,184.42
20240928121008,184.18
20240928122008,184.3
20240928123008,171.5
20240928124008,216.58
20240928125008,233.93
20240928130008,193.13
20240928131008,214.4
20240928132008,745.43
20240928133008,104.04
20240928134008,52.26
20240928135008,11.75
20240928140008,46.23
20240928141008,36.06
20240928142008,52.72
20240928143008,11.78
20240928144008,11.47
20240928145008,25.34
20240928150008,20.22
20240928151008,7.11
20240928152008,4.54
20240928153008,0
20240928154008,0
20240928155008,0
20240928160008,0
20240928161008,0
20240928162008,0
20240928163008,0.21
20240928164008,0
20240928165008,0
20241011090008,15.58
20241011091008,19.71
20241011092008,12.63
20241011093008,5.04
20241011094008,37.97
20241011095008,7.51
20241011100008,0
20241011101008,1.26
20241011102008,0
20241011103008,0
20241011104008,0
20241011105008,1.31
20241011110008,0
20241011111008,1.78
20241011112008,0.9
20241011113008,0
20241011114008,2.71
20241011115008,2.02
20241011120008,1.74
20241011121008,0
20241011122008,0
20241011123008,0
20241011124008,0.37
20241011125008,9.12
20241011130008,10.07
20241011131008,1.57
20241011132008,1.98
20241011133008,10.25
20241011134008,16.19
20241011135008,23.57
20241011140008,23.8
20241011141008,15.39
20241011142008,7.12
20241011143008,2.44
20241011144008,0
20241011145008,20.1
20241011150008,9.15
20241011151008,12.92
20241011152008,0
20241011153008,8
20241011154008,2.11
20241011155008,6.65
20241011160008,20.91
20241011161008,22.26
20241011162008,24.69
20241011163008,22.17
20241011164008,17.48
20241011165008,1.91
20241016090008,24.74
20241016091008,22.75
20241016092008,14.76
20241016093008,17.02
20241016094008,18.27
20241016095008,14.97
20241016100008,33.58
20241016101008,35.58
20241016102008,8.49
20241016103008,10.67
20241016104008,19.64
20241016105008,8.17
20241016110008,0
20241016111008,19.84
20241016112008,0
20241016113008,0
20241016114008,0
20241016115008,8.59
20241016120008,11.79
20241016121008,15.87
20241016122008,0
20241016123008,0
20241016124008,0
20241016125008,0
20241016130008,5.86
20241016131008,12.67
20241016132008,7.52
20241016133008,0
20241016134008,17.99
20241016135008,19.54
20241016140008,18.81
20241016141008,14.83
20241016142008,16.91
20241016143008,18.76
20241016144008,9.27
20241016145008,12.85
20241016150008,9.92
20241016151008,10.07
20241016152008,14.35
20241016153008,15.9
20241016154008,23.98
20241016155008,23.85
20241016160008,38.44
20241016161008,26.44
20241016162008,17.78
20241016163008,16.42
20241016164008,11.79
20241016165008,10.06
20241018090008,62.16
20241018091008,31.15
20241018092008,40.38
20241018093008,36.55
20241018094008,99.06
20241018095008,308.57
20241018100008,275.84
20241018101008,245.16
20241018102008,259.53
20241018103008,239.83
20241018104008,324.35
20241018105008,309.57
20241018110008,337
20241018111008,322.97
20241018112008,367.39
20241018113008,275.92
20241018114008,251.8
20241018115008,265.02
20241018120008,225.03
20241018121008,215.48
20241018122008,202.23
20241018123008,75.37
20241018124008,77.41
20241018125008,51.24
20241018130008,50.46
20241018131008,31.95
20241018132008,22.06
20241018133008,10.75
20241018134008,18.4
20241018135008,23.2
20241018140008,55.16
20241018141008,53.59
20241018142008,23.88
20241018143008,24.53
20241018144008,25.07
20241018145008,21.62
20241018150008,21.24
20241018151008,5.41
20241018152008,7.14
20241018153008,5.54
20241018154008,8.35
20241018155008,3.55
20241018160008,3.09
20241018161008,0
20241018162008,0
20241018163008,0
20241018164008,0
20241018165008,0
20241028090008,275.26
20241028091008,388.1
20241028092008,429.59
20241028093008,454.8
20241028094008,571.27
20241028095008,503.11
20241028100008,386.95
20241028101008,216.17
20241028102008,118.6
20241028103008,265.74
20241028104008,190.86
20241028105008,185.94
20241028110008,302.45
20241028111008,286.53
20241028112008,282.46
20241028113008,408.18
20241028114008,334.18
20241028115008,173.48
20241028120008,346.69
20241028121008,335.36
20241028122008,274.03
20241028123008,165.8
20241028124008,152.41
20241028125008,138.19
20241028130008,17.49
20241028131008,6.12
20241028132008,0.62
20241028133008,29.28
20241028134008,20.43
20241028135008,0
20241028140008,41.01
20241028141008,6.04
20241028142008,5.58
20241028143008,10.2
20241028144008,12.42
20241028145008,13.4
20241028150008,10.85
20241028151008,4.23
20241028152008,0
20241028153008,0.9
20241028154008,8.36
20241028155008,9.26
20241028160008,8.05
20241028161008,7.35
20241028162008,16.79
20241028163008,8.93
20241028164008,11.44
20241028165008,10.17
20240922090009,29.88
20240922091009,22.29
20240922092009,0
20240922093009,0
20240922094009,0
20240922095009,0
20240922100009,10.39
20240922101009,0
20240922102009,24.72
20240922103009,27.62
20240922104009,47.67
20240922105009,82.93
20240922110009,93.29
20240922111009,97.34
20240922112009,102.83
20240922113009,59.36
20240922114009,43.36
20240922115009,69.11
20240922120009,78.12
20240922121009,254.33
20240922122009,257.85
20240922123009,260.81
20240922124009,282.97
20240922125009,345.48
20240922130009,342.17
20240922131009,377.35
20240922132009,646.9
20240922133009,176.13
20240922134009,111.93
20240922135009,197.56
20240922140009,229.81
20240922141009,303.86
20240922142009,233.95
20240922143009,86.99
20240922144009,80.41
20240922145009,41.35
20240922150009,42.25
20240922151009,44.63
20240922152009,33.32
20240922153009,27.46
20240922154009,18.59
20240922155009,12.99
20240922160009,5.85
20240922161009,0
20240922162009,10.7
20240922163009,6.55
20240922164009,3.94
20240922165009,1.58
20240928090009,276.62
20240928091009,455.21
20240928092009,433.7
20240928093009,490.5
20240928094009,514.44
20240928095009,677.29
20240928100009,847.3
20240928101009,937.46
20240928102009,898.29
20240928103009,1027.04
20240928104009,959.08
20240928105009,1221.36
20240928110009,1313.26
20240928111009,1202.76
20240928112009,1276.76
20240928113009,1331.45
20240928114009,1190.58
20240928115009,1184.9
20240928120009,1084.88
20240928121009,1115.65
20240928122009,1095.01
20240928123009,1008.5
20240928124009,968.29
20240928125009,974.91
20240928130009,1020.46
20240928131009,1060.52
20240928132009,1082.61
20240928133009,970.68
20240928134009,949.22
20240928135009,993.68
20240928140009,1094.55
20240928141009,812.03
20240928142009,529.72
20240928143009,437.07
20240928144009,183.24
20240928145009,153.38
20240928150009,33.46
20240928151009,25.59
20240928152009,10.96
20240928153009,4.45
20240928154009,5.28
20240928155009,7.87
20240928160009,8.19
20240928161009,4.03
20240928162009,10.36
20240928163009,4.58
20240928164009,2.48
20240928165009,2.34
20240920090010,43.42
20240920091010,39.9
20240920092010,51.45
20240920093010,129.74
20240920094010,626.77
20240920095010,763.61
20240920100010,889.56
20240920101010,828.71
20240920102010,559.77
20240920103010,586
20240920104010,1037.54
20240920105010,1101.91
20240920110010,1146.39
20240920111010,1151.25
20240920112010,1175.3
20240920113010,1096.5
20240920114010,1157.52
20240920115010,1220.06
20240920120010,1489.26
20240920121010,1496.99
20240920122010,1288
20240920123010,1272.32
20240920124010,1286.29
20240920125010,1285.74
20240920130010,1421.28
20240920131010,1257.73
20240920132010,1229.67
20240920133010,1193.53
20240920134010,1186.58
20240920135010,1003.37
20240920140010,1244.39
20240920141010,864.31
20240920142010,771.59
20240920143010,537.28
20240920144010,351.13
20240920145010,197.73
20240920150010,14.48
20240920151010,20.2
20240920152010,32.96
20240920153010,43.26
20240920154010,16.69
20240920155010,7.97
20240920160010,21.51
20240920161010,10.7
20240920162010,12.49
20240920163010,15.96
20240920164010,22.48
20240920165010,6.8
20240928090010,36.34
20240928091010,19.51
20240928092010,52.31
20240928093010,499.38
20240928094010,348.48
20240928095010,594.5
20240928100010,421.04
20240928101010,432.34
20240928102010,488.75
20240928103010,720.83
20240928104010,1075.01
20240928105010,1084.35
20240928110010,1172.12
20240928111010,1141.4
20240928112010,1150.36
20240928113010,1114.93
20240928114010,1149.71
20240928115010,783.88
20240928120010,817.77
20240928121010,801.84
20240928122010,864.2
20240928123010,527.21
20240928124010,623.64
20240928125010,626.75
20240928130010,592.67
20240928131010,524.02
20240928132010,605.74
20240928133010,438.56
20240928134010,444.23
20240928135010,205.17
20240928140010,0
20240928141010,133.44
20240928142010,0
20240928143010,79.69
20240928144010,81.02
20240928145010,97.88
20240928150010,52.24
20240928151010,45.97
20240928152010,20.3
20240928153010,42.23
20240928154010,30.79
20240928155010,24.37
20240928160010,23.73
20240928161010,20.88
20240928162010,13.63
20240928163010,10.86
20240928164010,36.44
20240928165010,26.73
20240919090012,24.47
20240919091012,5.18
20240919092012,74.93
20240919093012,134
20240919094012,232.11
20240919095012,387.67
20240919100012,289.49
20240919101012,239.5
20240919102012,214.28
20240919103012,641.14
20240919104012,1138.79
20240919105012,1102.8
20240919110012,1129.27
20240919111012,1134.15
20240919112012,1131.16
20240919113012,1152.8
20240919114012,1169.11
20240919115012,1217.21
20240919120012,1273.67
20240919121012,1235.53
20240919122012,1202.1
20240919123012,1263.25
20240919124012,1269.06
20240919125012,1142.87
20240919130012,1196.64
20240919131012,1203.05
20240919132012,1180.77
20240919133012,1385.79
20240919134012,1342.62
20240919135012,1410.87
20240919140012,1152.8
20240919141012,1212.02
20240919142012,1353.58
20240919143012,1382.61
20240919144012,1367.34
20240919145012,1243.04
20240919150012,945.76
20240919151012,447.53
20240919152012,245.72
20240919153012,144.6
20240919154012,289.97
20240919155012,46.17
20240919160012,61.66
20240919161012,34.05
20240919162012,33.01
20240919163012,2.12
20240919164012,8.07
20240919165012,18.07
20240923090012,15.5
20240923091012,26.02
20240923092012,76.96
20240923093012,251.59
20240923094012,475.71
20240923095012,842.88
20240923100012,450.01
20240923101012,431.37
20240923102012,598.81
20240923103012,710.49
20240923104012,1076.17
20240923105012,1116
20240923110012,1326.61
20240923111012,1419.03
20240923112012,1575.57
20240923113012,1425.86
20240923114012,1333.19
20240923115012,1407.97
20240923120012,1559.03
20240923121012,1603.75
20240923122012,1570.41
20240923123012,1435.78
20240923124012,1545.65
20240923125012,1499.09
20240923130012,1543.86
20240923131012,1573.91
20240923132012,1628.5
20240923133012,1522.84
20240923134012,1461.31
20240923135012,1402.08
20240923140012,1481.52
20240923141012,1396.3
20240923142012,1372.57
20240923143012,1328.78
20240923144012,1153.58
20240923145012,1208.65
20240923150012,1048.75
20240923151012,922.5
20240923152012,566.53
20240923153012,210.93
20240923154012,109.53
20240923155012,74.09
20240923160012,56.54
20240923161012,42.97
20240923162012,29.41
20240923163012,39.06
20240923164012,31.08
20240923165012,34.72
20241002090012,8.51
20241002091012,5.36
20241002092012,33.74
20241002093012,82.55
20241002094012,86.33
20241002095012,240.2
20241002100012,191.82
20241002101012,393.01
20241002102012,426.92
20241002103012,674.96
20241002104012,1180.69
20241002105012,1239.86
20241002110012,1384.65
20241002111012,1354.69
20241002112012,1365.61
20241002113012,1332.65
20241002114012,1237.12
20241002115012,1251.61
20241002120012,1268.68
20241002121012,1196.94
20241002122012,1233.01
20241002123012,1222.93
20241002124012,1396.69
20241002125012,1442.06
20241002130012,1487.8
20241002131012,1345.08
20241002132012,1255.15
20241002133012,1332.95
20241002134012,1381.79
20241002135012,1371.11
20241002140012,1196.92
20241002141012,1338.98
20241002142012,1205.81
20241002143012,1308.44
20241002144012,1506.02
20241002145012,961.09
20241002150012,845.78
20241002151012,324.55
20241002152012,86.48
20241002153012,29.25
20241002154012,44.22
20241002155012,18.62
20241002160012,320.13
20241002161012,24.37
20241002162012,40.3
20241002163012,31.12
20241002164012,27.73
20241002165012,12.68
