serial_no,power_mw
20240117090001,206.57
20240117091001,199.28
20240117092001,170.22
20240117093001,138.11
20240117094001,183.08
20240117095001,199.51
20240117100001,257.59
20240117101001,258.48
20240117102001,271.28
20240117103001,232.18
20240117104001,255.75
20240117105001,181.24
20240117110001,188.1
20240117111001,182.47
20240117112001,196.23
20240117113001,176.19
20240117114001,189.52
20240117115001,276.64
20240117120001,190.33
20240117121001,204.76
20240117122001,179.48
20240117123001,244.87
20240117124001,323.53
20240117125001,362.92
20240117130001,374.25
20240117131001,289.41
20240117132001,17.05
20240117133001,111.82
20240117134001,183.84
20240117135001,147.15
20240117140001,169.59
20240117141001,146.27
20240117142001,162.15
20240117143001,149.86
20240117144001,98.14
20240117145001,92.37
20240117150001,92.1
20240117151001,98.95
20240117152001,75.69
20240117153001,54.97
20240117154001,48.55
20240117155001,43.24
20240117160001,42.21
20240117161001,39.2
20240117162001,38.02
20240117163001,54.4
20240117164001,52.53
20240117165001,70.9
20240119090001,38.6
20240119091001,44.36
20240119092001,57.34
20240119093001,70.52
20240119094001,58.65
20240119095001,37.97
20240119100001,18.62
20240119101001,25.67
20240119102001,18.11
20240119103001,21.83
20240119104001,14.98
20240119105001,0
20240119110001,0
20240119111001,10.11
20240119112001,0
20240119113001,0
20240119114001,13.09
20240119115001,17.67
20240119120001,25.76
20240119121001,7.15
20240119122001,38.97
20240119123001,20.05
20240119124001,21.27
20240119125001,27.44
20240119130001,16.36
20240119131001,13.97
20240119132001,0
20240119133001,0
20240119134001,74.63
20240119135001,90.09
20240119140001,61.15
20240119141001,49.7
20240119142001,51.08
20240119143001,41.65
20240119144001,3.65
20240119145001,13.99
20240119150001,20.36
20240119151001,19.99
20240119152001,21.81
20240119153001,40.88
20240119154001,37.15
20240119155001,31.58
20240119160001,40.34
20240119161001,34.02
20240119162001,26.22
20240119163001,23.39
20240119164001,17.96
20240119165001,17.34
20240224090001,39.28
20240224091001,37.51
20240224092001,37.26
20240224093001,42.68
20240224094001,36.8
20240224095001,55.67
20240224100001,113.73
20240224101001,175.26
20240224102001,184.55
20240224103001,167.68
20240224104001,192.19
20240224105001,124.67
20240224110001,63.19
20240224111001,68.1
20240224112001,68.15
20240224113001,47.63
20240224114001,23.2
20240224115001,16.8
20240224120001,19.9
20240224121001,45.44
20240224122001,49.43
20240224123001,184.19
20240224124001,194.75
20240224125001,204.85
20240224130001,195.79
20240224131001,197.76
20240224132001,163.79
20240224133001,280.13
20240224134001,184.16
20240224135001,182.83
20240224140001,201.84
20240224141001,101.92
20240224142001,97.35
20240224143001,75.44
20240224144001,61.17
20240224145001,83.57
20240224150001,33.98
20240224151001,70.8
20240224152001,16.7
20240224153001,9.39
20240224154001,35.63
20240224155001,29.31
20240224160001,11.97
20240224161001,19.85
20240224162001,0
20240224163001,0
20240224164001,0
20240224165001,0.73
20240226090001,90.52
20240226091001,76.95
20240226092001,42.22
20240226093001,93.33
20240226094001,46.32
20240226095001,103.84
20240226100001,161.49
20240226101001,164.26
20240226102001,141.67
20240226103001,149.98
20240226104001,166.99
20240226105001,175.29
20240226110001,176.97
20240226111001,184.1
20240226112001,200.83
20240226113001,206.48
20240226114001,345.08
20240226115001,420.08
20240226120001,291.66
20240226121001,182.78
20240226122001,191.88
20240226123001,216.33
20240226124001,154.59
20240226125001,525.73
20240226130001,338.96
20240226131001,222.89
20240226132001,272.82
20240226133001,277.62
20240226134001,229.81
20240226135001,277.34
20240226140001,390.74
20240226141001,582.65
20240226142001,348.6
20240226143001,107.01
20240226144001,119.06
20240226145001,79.75
20240226150001,77.36
20240226151001,31.36
20240226152001,32.06
20240226153001,27.66
20240226154001,19.73
20240226155001,13.12
20240226160001,3
20240226161001,0
20240226162001,0
20240226163001,0
20240226164001,0
20240226165001,0
20240327090001,110.07
20240327091001,194.88
20240327092001,189.06
20240327093001,304.7
20240327094001,301.93
20240327095001,306.13
20240327100001,216.66
20240327101001,172.29
20240327102001,208.44
20240327103001,210.51
20240327104001,251.5
20240327105001,370.34
20240327110001,444.52
20240327111001,505.16
20240327112001,546.38
20240327113001,599.82
20240327114001,790.03
20240327115001,1314.95
20240327120001,1375.98
20240327121001,1321.29
20240327122001,1177.57
20240327123001,1069.07
20240327124001,1065.33
20240327125001,1111.48
20240327130001,965.81
20240327131001,697.04
20240327132001,397.36
20240327133001,98.94
20240327134001,19.78
20240327135001,30.44
20240327140001,0
20240327141001,58.16
20240327142001,51.32
20240327143001,31.34
20240327144001,31.72
20240327145001,49.51
20240327150001,108.47
20240327151001,35.77
20240327152001,88.01
20240327153001,109.91
20240327154001,8.16
20240327155001,10.47
20240327160001,14.67
20240327161001,0
20240327162001,0
20240327163001,118.6
20240327164001,99.17
20240327165001,80.22
20240329090001,11.44
20240329091001,32.39
20240329092001,38.18
20240329093001,163.19
20240329094001,42.37
20240329095001,37.78
20240329100001,25.14
20240329101001,10.95
20240329102001,9.92
20240329103001,34.01
20240329104001,27.17
20240329105001,26.38
20240329110001,30.42
20240329111001,28.68
20240329112001,45.29
20240329113001,24.36
20240329114001,21.32
20240329115001,15.66
20240329120001,22.57
20240329121001,38.94
20240329122001,35.09
20240329123001,37.54
20240329124001,35.03
20240329125001,43.72
20240329130001,31.33
20240329131001,49.61
20240329132001,10.42
20240329133001,0
20240329134001,6.29
20240329135001,10.37
20240329140001,4.46
20240329141001,8.69
20240329142001,1.41
20240329143001,3.08
20240329144001,4.59
20240329145001,2.66
20240329150001,28.49
20240329151001,0
20240329152001,4.99
20240329153001,11.9
20240329154001,13.3
20240329155001,5.39
20240329160001,2.26
20240329161001,3.69
20240329162001,0.87
20240329163001,1.32
20240329164001,0
20240329165001,2.93
20240428090001,0.34
20240428091001,42.14
20240428092001,50
20240428093001,19.3
20240428094001,20.11
20240428095001,20.67
20240428100001,25
20240428101001,53.44
20240428102001,44.66
20240428103001,43.34
20240428104001,45.39
20240428105001,50.18
20240428110001,16.43
20240428111001,41.41
20240428112001,40.06
20240428113001,41.61
20240428114001,46.31
20240428115001,22.8
20240428120001,27.74
20240428121001,18.5
20240428122001,11.73
20240428123001,41.42
20240428124001,44.46
20240428125001,58.41
20240428130001,60.91
20240428131001,56.11
20240428132001,48.21
20240428133001,51.77
20240428134001,53.48
20240428135001,20.11
20240428140001,10.45
20240428141001,10.22
20240428142001,16.25
20240428143001,16.2
20240428144001,15.26
20240428145001,11.02
20240428150001,9.6
20240428151001,9.27
20240428152001,0
20240428153001,11.91
20240428154001,12.13
20240428155001,18.9
20240428160001,9.7
20240428161001,7.44
20240428162001,5.72
20240428163001,7.21
20240428164001,8.09
20240428165001,7.64
20240430090001,104.37
20240430091001,96.11
20240430092001,81.86
20240430093001,64.42
20240430094001,191.92
20240430095001,179.66
20240430100001,175.14
20240430101001,288.71
20240430102001,310.46
20240430103001,634.5
20240430104001,658.58
20240430105001,517.3
20240430110001,597.36
20240430111001,413.66
20240430112001,258.36
20240430113001,170.4
20240430114001,91.71
20240430115001,57.63
20240430120001,178.37
20240430121001,190.32
20240430122001,198.64
20240430123001,176.03
20240430124001,153.65
20240430125001,174.29
20240430130001,126.08
20240430131001,53.75
20240430132001,37.19
20240430133001,23.03
20240430134001,21.57
20240430135001,6.95
20240430140001,0
20240430141001,7.77
20240430142001,8.98
20240430143001,14.41
20240430144001,10.22
20240430145001,8.13
20240430150001,12.64
20240430151001,8.76
20240430152001,13.5
20240430153001,6.25
20240430154001,4.06
20240430155001,5.23
20240430160001,16.83
20240430161001,1.55
20240430162001,5.67
20240430163001,4.38
20240430164001,2.14
20240430165001,0
20240515090001,37.7
20240515091001,5.89
20240515092001,37.58
20240515093001,3.78
20240515094001,4.5
20240515095001,23.63
20240515100001,0
20240515101001,5.57
20240515102001,22.63
20240515103001,7.12
20240515104001,7.64
20240515105001,7.79
20240515110001,0
20240515111001,0
20240515112001,0
20240515113001,7.56
20240515114001,12.43
20240515115001,19.38
20240515120001,116.92
20240515121001,139.73
20240515122001,117.28
20240515123001,0
20240515124001,48.04
20240515125001,10.61
20240515130001,8.9
20240515131001,31.74
20240515132001,24.93
20240515133001,21.28
20240515134001,23.75
20240515135001,3.91
20240515140001,3.29
20240515141001,10.14
20240515142001,3.36
20240515143001,0
20240515144001,6.09
20240515145001,12.8
20240515150001,16.43
20240515151001,25.6
20240515152001,7.71
20240515153001,3.87
20240515154001,1.59
20240515155001,3.41
20240515160001,7.11
20240515161001,1.14
20240515162001,6.02
20240515163001,21.22
20240515164001,15.2
20240515165001,14.8
20240520090001,170.25
20240520091001,166.37
20240520092001,175.95
20240520093001,29.47
20240520094001,20.07
20240520095001,17.49
20240520100001,25.04
20240520101001,33.38
20240520102001,171.51
20240520103001,138.75
20240520104001,232.03
20240520105001,248.17
20240520110001,238.63
20240520111001,425.98
20240520112001,527.02
20240520113001,206.14
20240520114001,157.36
20240520115001,231.2
20240520120001,233.77
20240520121001,196.64
20240520122001,157.01
20240520123001,161.45
20240520124001,163.03
20240520125001,91.97
20240520130001,93.16
20240520131001,49.95
20240520132001,47.67
20240520133001,17.61
20240520134001,26.55
20240520135001,16.57
20240520140001,0
20240520141001,15.3
20240520142001,10.94
20240520143001,98.95
20240520144001,98.11
20240520145001,92.13
20240520150001,113.47
20240520151001,171.52
20240520152001,97.28
20240520153001,44.11
20240520154001,49.75
20240520155001,55.46
20240520160001,64.26
20240520161001,49.2
20240520162001,26.27
20240520163001,14.28
20240520164001,21.36
20240520165001,19.27
20240613090001,291.99
20240613091001,369.42
20240613092001,387.35
20240613093001,383.19
20240613094001,443.7
20240613095001,489.15
20240613100001,737.53
20240613101001,806.53
20240613102001,826.59
20240613103001,889.35
20240613104001,956.06
20240613105001,1045.91
20240613110001,1106.9
20240613111001,1080.64
20240613112001,1345.65
20240613113001,1278.67
20240613114001,1363.55
20240613115001,1129.02
20240613120001,1294.8
20240613121001,1237.93
20240613122001,1310.94
20240613123001,1272.16
20240613124001,1235.95
20240613125001,1218.61
20240613130001,1160.52
20240613131001,1161.09
20240613132001,1211.36
20240613133001,1142.85
20240613134001,1197.56
20240613135001,1293.63
20240613140001,1181.43
20240613141001,861.77
20240613142001,783.99
20240613143001,777.69
20240613144001,533.32
20240613145001,473.54
20240613150001,297
20240613151001,246.5
20240613152001,236.37
20240613153001,180.7
20240613154001,119.27
20240613155001,93.35
20240613160001,78
20240613161001,51.08
20240613162001,95.34
20240613163001,85.69
20240613164001,61.52
20240613165001,72.3
20240615090001,169
20240615091001,40.94
20240615092001,105.39
20240615093001,110.26
20240615094001,64.7
20240615095001,100.62
20240615100001,178.91
20240615101001,166.66
20240615102001,49.8
20240615103001,41.27
20240615104001,59.75
20240615105001,37.94
20240615110001,61.78
20240615111001,45.96
20240615112001,58.91
20240615113001,46.15
20240615114001,48.91
20240615115001,69.05
20240615120001,70.02
20240615121001,70.63
20240615122001,71.14
20240615123001,65.2
20240615124001,23.07
20240615125001,33.91
20240615130001,17.92
20240615131001,26
20240615132001,20.54
20240615133001,11
20240615134001,0
20240615135001,9.33
20240615140001,14.35
20240615141001,12.18
20240615142001,3.92
20240615143001,0
20240615144001,0
20240615145001,0
20240615150001,14.73
20240615151001,1.34
20240615152001,6.98
20240615153001,4.18
20240615154001,18.53
20240615155001,18.7
20240615160001,26.97
20240615161001,18.37
20240615162001,4.86
20240615163001,6.66
20240615164001,9.6
20240615165001,5.6
20240703090001,414.19
20240703091001,444.22
20240703092001,465.51
20240703093001,413.5
20240703094001,486.94
20240703095001,327.59
20240703100001,755.1
20240703101001,531.88
20240703102001,983.6
20240703103001,954.39
20240703104001,1076.68
20240703105001,1106.71
20240703110001,722.05
20240703111001,1151.91
20240703112001,714.56
20240703113001,992.17
20240703114001,923.15
20240703115001,975.13
20240703120001,970.7
20240703121001,991.62
20240703122001,902.97
20240703123001,977.09
20240703124001,1184.76
20240703125001,933.87
20240703130001,935.55
20240703131001,775.91
20240703132001,797.2
20240703133001,265.77
20240703134001,303.09
20240703135001,112.64
20240703140001,119.31
20240703141001,139.49
20240703142001,65.67
20240703143001,63.17
20240703144001,78.16
20240703145001,75.62
20240703150001,101.25
20240703151001,102.77
20240703152001,66.13
20240703153001,77.93
20240703154001,75.54
20240703155001,88.3
20240703160001,67.82
20240703161001,72.72
20240703162001,61.83
20240703163001,33.32
20240703164001,37.44
20240703165001,47.54
20240707090001,318.18
20240707091001,293.38
20240707092001,271.91
20240707093001,340.11
20240707094001,344.04
20240707095001,487.73
20240707100001,402.26
20240707101001,721.56
20240707102001,489.8
20240707103001,442.15
20240707104001,588.51
20240707105001,781.46
20240707110001,1006.66
20240707111001,782.57
20240707112001,971.17
20240707113001,1258.77
20240707114001,1047.93
20240707115001,1157.23
20240707120001,1290.69
20240707121001,1157.9
20240707122001,1182.13
20240707123001,1157.32
20240707124001,1049.93
20240707125001,1047.9
20240707130001,926.59
20240707131001,850.55
20240707132001,905.87
20240707133001,894.12
20240707134001,890.68
20240707135001,655.04
20240707140001,625.26
20240707141001,476.62
20240707142001,214.4
20240707143001,207.96
20240707144001,159.03
20240707145001,164.56
20240707150001,112.78
20240707151001,119.56
20240707152001,82.71
20240707153001,88.95
20240707154001,66.08
20240707155001,59.24
20240707160001,66.55
20240707161001,52.38
20240707162001,40.5
20240707163001,58.49
20240707164001,56.45
20240707165001,54.46
20240125090002,273.87
20240125091002,245.45
20240125092002,250.79
20240125093002,237.82
20240125094002,210.04
20240125095002,166.56
20240125100002,230.89
20240125101002,255.97
20240125102002,228.99
20240125103002,227.72
20240125104002,259
20240125105002,232.96
20240125110002,226.08
20240125111002,246.14
20240125112002,246.1
20240125113002,231.71
20240125114002,243.57
20240125115002,254.78
20240125120002,244.16
20240125121002,220.9
20240125122002,245.19
20240125123002,244
20240125124002,131.7
20240125125002,115.16
20240125130002,243.14
20240125131002,116.81
20240125132002,83.03
20240125133002,88.92
20240125134002,125.33
20240125135002,117.96
20240125140002,134.71
20240125141002,141.78
20240125142002,133.84
20240125143002,123.33
20240125144002,129.18
20240125145002,156.24
20240125150002,142.32
20240125151002,123.07
20240125152002,110.95
20240125153002,88.3
20240125154002,88.99
20240125155002,81.7
20240125160002,61.22
20240125161002,70.62
20240125162002,75.13
20240125163002,44.39
20240125164002,37
20240125165002,34.53
20240128090002,22.94
20240128091002,60.75
20240128092002,39.57
20240128093002,72.03
20240128094002,57.31
20240128095002,87.48
20240128100002,77.06
20240128101002,61.47
20240128102002,52.69
20240128103002,51.36
20240128104002,44.71
20240128105002,48.07
20240128110002,35.37
20240128111002,72.55
20240128112002,71.4
20240128113002,98.36
20240128114002,142.33
20240128115002,99.24
20240128120002,79.91
20240128121002,66.28
20240128122002,71.82
20240128123002,72.7
20240128124002,58.57
20240128125002,106.65
20240128130002,103.83
20240128131002,97.23
20240128132002,40.43
20240128133002,39.68
20240128134002,29.54
20240128135002,47.12
20240128140002,33.72
20240128141002,43.96
20240128142002,39.82
20240128143002,21.05
20240128144002,17.39
20240128145002,7.74
20240128150002,8.42
20240128151002,4.36
20240128152002,0
20240128153002,2.02
20240128154002,6.34
20240128155002,11.52
20240128160002,11.38
20240128161002,7.15
20240128162002,11.22
20240128163002,14.54
20240128164002,14.92
20240128165002,19.11
20240213090002,9.05
20240213091002,0
20240213092002,31.88
20240213093002,36.3
20240213094002,17.93
20240213095002,9.5
20240213100002,141.74
20240213101002,108.93
20240213102002,455.96
20240213103002,175.23
20240213104002,125.4
20240213105002,278.35
20240213110002,309.64
20240213111002,319.25
20240213112002,813.21
20240213113002,818.13
20240213114002,821.33
20240213115002,715.09
20240213120002,642.22
20240213121002,635.45
20240213122002,679.63
20240213123002,724.94
20240213124002,1202.96
20240213125002,1371.8
20240213130002,1362.33
20240213131002,1364.6
20240213132002,1341.13
20240213133002,1215.53
20240213134002,1343.08
20240213135002,1111.99
20240213140002,1069.65
20240213141002,577.63
20240213142002,705.67
20240213143002,71.71
20240213144002,80.13
20240213145002,62.99
20240213150002,80.18
20240213151002,66.89
20240213152002,43.97
20240213153002,41.99
20240213154002,38.23
20240213155002,75
20240213160002,29.02
20240213161002,28.26
20240213162002,26.95
20240213163002,26.76
20240213164002,16.4
20240213165002,9.91
20240226090002,395.61
20240226091002,423.44
20240226092002,402.29
20240226093002,584.5
20240226094002,602.22
20240226095002,506.38
20240226100002,524.29
20240226101002,610.66
20240226102002,669.21
20240226103002,772.96
20240226104002,718.41
20240226105002,982.05
20240226110002,888.05
20240226111002,1076.69
20240226112002,1063.88
20240226113002,1225.46
20240226114002,1304.64
20240226115002,1477.67
20240226120002,1436.6
20240226121002,1429.03
20240226122002,1392.04
20240226123002,1310.18
20240226124002,1273.37
20240226125002,1328.54
20240226130002,1289.2
20240226131002,1219.71
20240226132002,1198.98
20240226133002,1082.5
20240226134002,1195.56
20240226135002,1196.81
20240226140002,1370.96
20240226141002,1407.79
20240226142002,1381.38
20240226143002,1373.31
20240226144002,1267.35
20240226145002,1175.02
20240226150002,336.23
20240226151002,378.43
20240226152002,309.78
20240226153002,294.96
20240226154002,335.36
20240226155002,219.94
20240226160002,213.74
20240226161002,187.36
20240226162002,195.81
20240226163002,174.71
20240226164002,170.1
20240226165002,216.85
20240319090002,401.58
20240319091002,362.58
20240319092002,426.33
20240319093002,838.89
20240319094002,867.87
20240319095002,880.96
20240319100002,936.06
20240319101002,1189.53
20240319102002,1133.68
20240319103002,1262.74
20240319104002,1321.92
20240319105002,1285.73
20240319110002,1334.88
20240319111002,1490.49
20240319112002,1362.78
20240319113002,1343.18
20240319114002,1397.59
20240319115002,1466.98
20240319120002,1310.08
20240319121002,1386.46
20240319122002,1326.57
20240319123002,1393.32
20240319124002,953.37
20240319125002,1248.88
20240319130002,1280.12
20240319131002,1269.76
20240319132002,1256.5
20240319133002,1198.4
20240319134002,1155.11
20240319135002,1011.02
20240319140002,895.81
20240319141002,835.4
20240319142002,723.78
20240319143002,1061.3
20240319144002,986.79
20240319145002,803.85
20240319150002,742.87
20240319151002,631.44
20240319152002,321.76
20240319153002,243.38
20240319154002,128.66
20240319155002,200.54
20240319160002,116.04
20240319161002,92.73
20240319162002,86
20240319163002,58.56
20240319164002,47.91
20240319165002,39.06
20240427090002,386.72
20240427091002,414.71
20240427092002,439.1
20240427093002,551.78
20240427094002,854.73
20240427095002,929.41
20240427100002,1047.78
20240427101002,1144
20240427102002,1043.38
20240427103002,1052.16
20240427104002,1093.9
20240427105002,1146.76
20240427110002,1464.79
20240427111002,1440.63
20240427112002,1429.22
20240427113002,1470.15
20240427114002,1501.9
20240427115002,1590.44
20240427120002,1541.57
20240427121002,1573.96
20240427122002,1543.86
20240427123002,1552.59
20240427124002,1538.85
20240427125002,1559.79
20240427130002,1454.59
20240427131002,1446.32
20240427132002,1634.54
20240427133002,1531.42
20240427134002,1580.14
20240427135002,1332.83
20240427140002,1223.83
20240427141002,907.88
20240427142002,906.58
20240427143002,535.16
20240427144002,320.05
20240427145002,204.72
20240427150002,233.4
20240427151002,287.14
20240427152002,320.67
20240427153002,268.08
20240427154002,161.71
20240427155002,105.08
20240427160002,127.86
20240427161002,130.99
20240427162002,117.38
20240427163002,121.02
20240427164002,112.13
20240427165002,72.05
20240508090002,364.02
20240508091002,404.51
20240508092002,493.89
20240508093002,528.3
20240508094002,574.36
20240508095002,479.68
20240508100002,341.65
20240508101002,461.91
20240508102002,586.28
20240508103002,526.04
20240508104002,995.31
20240508105002,1029.31
20240508110002,971.94
20240508111002,1170.66
20240508112002,1243.11
20240508113002,1247.62
20240508114002,1392.68
20240508115002,1543.25
20240508120002,1643.92
20240508121002,1409.03
20240508122002,1503.97
20240508123002,1535.91
20240508124002,1460.51
20240508125002,1398.82
20240508130002,1430.22
20240508131002,1398.02
20240508132002,1427.85
20240508133002,1402.38
20240508134002,1335.27
20240508135002,1372.07
20240508140002,1371.85
20240508141002,1312.48
20240508142002,1106.44
20240508143002,991.91
20240508144002,1245.76
20240508145002,1153.3
20240508150002,1162.84
20240508151002,739.07
20240508152002,237.94
20240508153002,28.35
20240508154002,162.07
20240508155002,251.29
20240508160002,242.99
20240508161002,135.44
20240508162002,98.7
20240508163002,69.11
20240508164002,100.42
20240508165002,118.28
20240705090002,442.94
20240705091002,450.15
20240705092002,477.37
20240705093002,624.64
20240705094002,800.55
20240705095002,932.33
20240705100002,926.46
20240705101002,840
20240705102002,923.87
20240705103002,1138.44
20240705104002,1035.15
20240705105002,983.89
20240705110002,1376.34
20240705111002,1483.09
20240705112002,1548.95
20240705113002,1346.23
20240705114002,1371.48
20240705115002,1369.97
20240705120002,1485.04
20240705121002,1461.43
20240705122002,1535.99
20240705123002,1423.7
20240705124002,1377.44
20240705125002,1381.14
20240705130002,1320.39
20240705131002,1339.53
20240705132002,1394.52
20240705133002,1446.47
20240705134002,1494.62
20240705135002,1523.28
20240705140002,1413.82
20240705141002,1425.56
20240705142002,1419.43
20240705143002,1361.79
20240705144002,1375.81
20240705145002,1193.41
20240705150002,826.53
20240705151002,541.1
20240705152002,441
20240705153002,360.74
20240705154002,333.86
20240705155002,244.82
20240705160002,217.73
20240705161002,198.85
20240705162002,137.52
20240705163002,157.53
20240705164002,104.89
20240705165002,141.13
20240707090002,448.68
20240707091002,447.87
20240707092002,440.88
20240707093002,454.62
20240707094002,463.66
20240707095002,598.22
20240707100002,600.7
20240707101002,488.45
20240707102002,647.05
20240707103002,741.56
20240707104002,906.51
20240707105002,880.64
20240707110002,1165.27
20240707111002,1313.59
20240707112002,1297.03
20240707113002,1517.26
20240707114002,1442.92
20240707115002,1456.9
20240707120002,1422.84
20240707121002,1368.31
20240707122002,1310.51
20240707123002,1372.99
20240707124002,1369.99
20240707125002,1364.87
20240707130002,1337.64
20240707131002,1302.27
20240707132002,1271.35
20240707133002,1204.26
20240707134002,1206.18
20240707135002,1184.84
20240707140002,1208.73
20240707141002,1034.98
20240707142002,593.45
20240707143002,576.14
20240707144002,414.44
20240707145002,335.71
20240707150002,174.07
20240707151002,182.83
20240707152002,244.57
20240707153002,276.41
20240707154002,334.82
20240707155002,150.33
20240707160002,154.16
20240707161002,163.92
20240707162002,77.68
20240707163002,78.29
20240707164002,73.33
20240707165002,54.05
20240317090003,382.68
20240317091003,432.68
20240317092003,408.57
20240317093003,525.82
20240317094003,522.25
20240317095003,525.1
20240317100003,412.24
20240317101003,531.45
20240317102003,518.06
20240317103003,783.48
20240317104003,975.22
20240317105003,1201.78
20240317110003,1057.57
20240317111003,1236.39
20240317112003,1514.27
20240317113003,1468.45
20240317114003,1379.99
20240317115003,1511.77
20240317120003,1476.49
20240317121003,1442.48
20240317122003,1433.49
20240317123003,1470.86
20240317124003,1412.22
20240317125003,1371.29
20240317130003,1412
20240317131003,1461.19
20240317132003,1199.67
20240317133003,1212.31
20240317134003,1258.91
20240317135003,1291.69
20240317140003,1182.78
20240317141003,1162.15
20240317142003,760.94
20240317143003,640.99
20240317144003,649.06
20240317145003,475.63
20240317150003,433.4
20240317151003,469.55
20240317152003,367.32
20240317153003,181.03
20240317154003,168.93
20240317155003,251.89
20240317160003,219.09
20240317161003,214.51
20240317162003,153.48
20240317163003,203.31
20240317164003,166.41
20240317165003,138.48
20240414090003,0
20240414091003,0
20240414092003,4.42
20240414093003,3.58
20240414094003,2.54
20240414095003,4.37
20240414100003,19.63
20240414101003,3.78
20240414102003,3.19
20240414103003,3.61
20240414104003,3.97
20240414105003,15.9
20240414110003,38.56
20240414111003,43.01
20240414112003,39.07
20240414113003,46.59
20240414114003,46.76
20240414115003,27.35
20240414120003,47.19
20240414121003,34.97
20240414122003,49.86
20240414123003,46.19
20240414124003,42.57
20240414125003,12.45
20240414130003,17.5
20240414131003,18.84
20240414132003,20.3
20240414133003,9.96
20240414134003,19.69
20240414135003,3.49
20240414140003,0
20240414141003,4.84
20240414142003,5.76
20240414143003,4.77
20240414144003,5.33
20240414145003,2.75
20240414150003,20.1
20240414151003,23.05
20240414152003,19.53
20240414153003,17.61
20240414154003,20.41
20240414155003,18.52
20240414160003,18.5
20240414161003,14.87
20240414162003,14.45
20240414163003,17.05
20240414164003,19.89
20240414165003,30.02
20240524090003,17.79
20240524091003,11.01
20240524092003,4.83
20240524093003,12.63
20240524094003,17.26
20240524095003,19.07
20240524100003,10.37
20240524101003,12.73
20240524102003,13.29
20240524103003,2.19
20240524104003,1.05
20240524105003,15.94
20240524110003,10.75
20240524111003,8.42
20240524112003,14.11
20240524113003,19.5
20240524114003,23.3
20240524115003,55.37
20240524120003,49.87
20240524121003,50.5
20240524122003,46.6
20240524123003,19.17
20240524124003,14.28
20240524125003,14.85
20240524130003,13.23
20240524131003,8.31
20240524132003,4.79
20240524133003,4.11
20240524134003,7.83
20240524135003,8.69
20240524140003,0
20240524141003,8.04
20240524142003,5.84
20240524143003,3.03
20240524144003,13.08
20240524145003,15.53
20240524150003,9.46
20240524151003,10.59
20240524152003,0
20240524153003,0
20240524154003,0
20240524155003,0.86
20240524160003,1
20240524161003,10.63
20240524162003,12.94
20240524163003,8.54
20240524164003,8.17
20240524165003,0.68
20240526090003,109.31
20240526091003,196.56
20240526092003,183.9
20240526093003,296.27
20240526094003,301.93
20240526095003,300.19
20240526100003,216.82
20240526101003,172.29
20240526102003,208.44
20240526103003,210.51
20240526104003,247.75
20240526105003,370.34
20240526110003,444.52
20240526111003,505.16
20240526112003,546.38
20240526113003,599.82
20240526114003,791.87
20240526115003,1314.95
20240526120003,1375.98
20240526121003,1321.29
20240526122003,1177.57
20240526123003,1069.07
20240526124003,1064.81
20240526125003,1111.48
20240526130003,965.81
20240526131003,697.04
20240526132003,397.36
20240526133003,98.94
20240526134003,19.78
20240526135003,30.44
20240526140003,0
20240526141003,57.17
20240526142003,51.32
20240526143003,31.34
20240526144003,31.72
20240526145003,49.52
20240526150003,108.47
20240526151003,35.77
20240526152003,88.01
20240526153003,109.91
20240526154003,8.16
20240526155003,10.47
20240526160003,14.67
20240526161003,0
20240526162003,0
20240526163003,118.6
20240526164003,99.17
20240526165003,80.22
20240603090003,0.34
20240603091003,42.14
20240603092003,50
20240603093003,19.3
20240603094003,20.11
20240603095003,20.56
20240603100003,25
20240603101003,53.27
20240603102003,44.66
20240603103003,43.34
20240603104003,45.39
20240603105003,49.63
20240603110003,17.29
20240603111003,41.41
20240603112003,44.21
20240603113003,40.93
20240603114003,46.31
20240603115003,22.96
20240603120003,27.74
20240603121003,18.5
20240603122003,12.62
20240603123003,41.42
20240603124003,44.46
20240603125003,54.26
20240603130003,60.91
20240603131003,56.31
20240603132003,47.95
20240603133003,51.81
20240603134003,53.62
20240603135003,20.13
20240603140003,10.45
20240603141003,10.22
20240603142003,16.29
20240603143003,16.33
20240603144003,15.26
20240603145003,11.02
20240603150003,9.6
20240603151003,9.27
20240603152003,0
20240603153003,11.91
20240603154003,12.13
20240603155003,18.86
20240603160003,9.7
20240603161003,7.44
20240603162003,5.72
20240603163003,7.21
20240603164003,8.09
20240603165003,7.64
20240620090003,0
20240620091003,6.54
20240620092003,3.11
20240620093003,6.53
20240620094003,5.24
20240620095003,2.73
20240620100003,0
20240620101003,0.33
20240620102003,3.39
20240620103003,11.71
20240620104003,9.09
20240620105003,8.72
20240620110003,0
20240620111003,11.08
20240620112003,10.1
20240620113003,18.86
20240620114003,5.48
20240620115003,0
20240620120003,12.63
20240620121003,41.23
20240620122003,20.13
20240620123003,13.95
20240620124003,9.55
20240620125003,10.6
20240620130003,2.77
20240620131003,5.05
20240620132003,0
20240620133003,6.79
20240620134003,0.53
20240620135003,3.94
20240620140003,0
20240620141003,2.95
20240620142003,0
20240620143003,0.63
20240620144003,2.43
20240620145003,2.82
20240620150003,3.32
20240620151003,14.43
20240620152003,7.14
20240620153003,11.4
20240620154003,7.42
20240620155003,11.68
20240620160003,6.48
20240620161003,1.37
20240620162003,0
20240620163003,4.77
20240620164003,0
20240620165003,2.05
20240420090004,42.18
20240420091004,53.73
20240420092004,25.12
20240420093004,33.73
20240420094004,69.8
20240420095004,91.49
20240420100004,64.44
20240420101004,86.18
20240420102004,80.16
20240420103004,85.49
20240420104004,73.3
20240420105004,73.2
20240420110004,55.72
20240420111004,54.82
20240420112004,72.96
20240420113004,60.16
20240420114004,62.25
20240420115004,52.51
20240420120004,59.35
20240420121004,52.69
20240420122004,55.22
20240420123004,52.77
20240420124004,55.1
20240420125004,65.05
20240420130004,176
20240420131004,173.25
20240420132004,174.81
20240420133004,175.61
20240420134004,184.79
20240420135004,174.59
20240420140004,162.05
20240420141004,166.12
20240420142004,173.34
20240420143004,52.8
20240420144004,100.64
20240420145004,51.4
20240420150004,41.87
20240420151004,47.29
20240420152004,43.3
20240420153004,49.61
20240420154004,49.97
20240420155004,52.89
20240420160004,40.33
20240420161004,36.79
20240420162004,10.77
20240420163004,11.13
20240420164004,19.98
20240420165004,24.67
20240422090004,175.12
20240422091004,45
20240422092004,101.96
20240422093004,110.26
20240422094004,66.61
20240422095004,88.39
20240422100004,178.91
20240422101004,172.78
20240422102004,69.66
20240422103004,40.95
20240422104004,59.75
20240422105004,42.82
20240422110004,61.78
20240422111004,45.83
20240422112004,57.41
20240422113004,43.45
20240422114004,48.54
20240422115004,69.05
20240422120004,69.71
20240422121004,82.18
20240422122004,67.87
20240422123004,72.32
20240422124004,23.07
20240422125004,33.91
20240422130004,17.92
20240422131004,26
20240422132004,20.11
20240422133004,11.45
20240422134004,0
20240422135004,9.43
20240422140004,14.35
20240422141004,12.18
20240422142004,3.92
20240422143004,0
20240422144004,0
20240422145004,0
20240422150004,14.73
20240422151004,1.55
20240422152004,6.98
20240422153004,4.18
20240422154004,18.53
20240422155004,18.75
20240422160004,26.97
20240422161004,18.37
20240422162004,4.86
20240422163004,6.66
20240422164004,9.6
20240422165004,5.61
20240513090004,443.5
20240513091004,422.18
20240513092004,472.51
20240513093004,689.12
20240513094004,678.42
20240513095004,850.6
20240513100004,689.32
20240513101004,611.06
20240513102004,565.55
20240513103004,853.51
20240513104004,934.86
20240513105004,900.66
20240513110004,1127.55
20240513111004,1247.38
20240513112004,1244.55
20240513113004,1283.18
20240513114004,1220.62
20240513115004,983.17
20240513120004,1067.39
20240513121004,1146.25
20240513122004,1474.9
20240513123004,1522.62
20240513124004,1576.56
20240513125004,1682.54
20240513130004,1551.86
20240513131004,1465.51
20240513132004,1560.6
20240513133004,1621.92
20240513134004,1401.83
20240513135004,1333.62
20240513140004,1406.2
20240513141004,1352.53
20240513142004,1024.75
20240513143004,1132.39
20240513144004,1055.59
20240513145004,821.57
20240513150004,779.37
20240513151004,745.54
20240513152004,491.09
20240513153004,152.28
20240513154004,242.09
20240513155004,179.21
20240513160004,165.38
20240513161004,121.33
20240513162004,121.09
20240513163004,116.49
20240513164004,92.8
20240513165004,81.35
20240515090004,442.94
20240515091004,450.15
20240515092004,477.37
20240515093004,624.64
20240515094004,800.75
20240515095004,932.33
20240515100004,926.2
20240515101004,840
20240515102004,923.85
20240515103004,1114.25
20240515104004,1035.15
20240515105004,983.89
20240515110004,1376.34
20240515111004,1482.89
20240515112004,1548.95
20240515113004,1346.23
20240515114004,1371.48
20240515115004,1369.97
20240515120004,1485.04
20240515121004,1461.29
20240515122004,1535.85
20240515123004,1421.19
20240515124004,1355.72
20240515125004,1362.14
20240515130004,1321.15
20240515131004,1339.53
20240515132004,1393.95
20240515133004,1447.61
20240515134004,1494.84
20240515135004,1526.2
20240515140004,1417.23
20240515141004,1428.82
20240515142004,1422.73
20240515143004,1370.89
20240515144004,1376.06
20240515145004,1172.3
20240515150004,849.44
20240515151004,540.99
20240515152004,441
20240515153004,360.74
20240515154004,329.67
20240515155004,248.21
20240515160004,215.56
20240515161004,196.19
20240515162004,134.89
20240515163004,157.53
20240515164004,104.89
20240515165004,141.13
20240629090004,71.76
20240629091004,44.63
20240629092004,47.29
20240629093004,63.31
20240629094004,48.34
20240629095004,39.76
20240629100004,67.77
20240629101004,148.06
20240629102004,258.26
20240629103004,659.08
20240629104004,634.75
20240629105004,839.86
20240629110004,896.28
20240629111004,885.06
20240629112004,648.34
20240629113004,654.15
20240629114004,626.65
20240629115004,1031.68
20240629120004,1057.47
20240629121004,619.73
20240629122004,486
20240629123004,437.95
20240629124004,387.36
20240629125004,293.02
20240629130004,289.36
20240629131004,326.93
20240629132004,108.18
20240629133004,57.18
20240629134004,22.77
20240629135004,32.91
20240629140004,30.37
20240629141004,29.34
20240629142004,36.58
20240629143004,14.94
20240629144004,7.8
20240629145004,35.85
20240629150004,29.33
20240629151004,3.99
20240629152004,15.25
20240629153004,0
20240629154004,9.6
20240629155004,9.18
20240629160004,3.14
20240629161004,7.13
20240629162004,5.81
20240629163004,4.84
20240629164004,1.41
20240629165004,0
20240704090004,29.01
20240704091004,40.29
20240704092004,42.13
20240704093004,33.84
20240704094004,58.83
20240704095004,92.42
20240704100004,102.31
20240704101004,308.45
20240704102004,561.47
20240704103004,675.63
20240704104004,931.39
20240704105004,949.66
20240704110004,1213.41
20240704111004,1180.79
20240704112004,1271.41
20240704113004,1200.06
20240704114004,1233.22
20240704115004,1002.36
20240704120004,1009.74
20240704121004,1020.72
20240704122004,635.62
20240704123004,537.06
20240704124004,525.46
20240704125004,529.08
20240704130004,571.1
20240704131004,466.87
20240704132004,537.97
20240704133004,481.45
20240704134004,345.75
20240704135004,309.69
20240704140004,201.29
20240704141004,130.42
20240704142004,91.46
20240704143004,80.39
20240704144004,47.71
20240704145004,59.9
20240704150004,62.38
20240704151004,67.6
20240704152004,85.02
20240704153004,52.45
20240704154004,62.33
20240704155004,73.25
20240704160004,84.88
20240704161004,65.04
20240704162004,71.7
20240704163004,43.24
20240704164004,18.71
20240704165004,14.04
20240509090005,40.59
20240509091005,69.21
20240509092005,48.18
20240509093005,68.06
20240509094005,59.68
20240509095005,53.33
20240509100005,47.75
20240509101005,56.14
20240509102005,53.54
20240509103005,50.4
20240509104005,54.73
20240509105005,57.12
20240509110005,49.17
20240509111005,71.84
20240509112005,53.62
20240509113005,86.2
20240509114005,136.79
20240509115005,101.21
20240509120005,81.57
20240509121005,69.76
20240509122005,74.39
20240509123005,71.05
20240509124005,59.79
20240509125005,104.98
20240509130005,97.95
20240509131005,96.33
20240509132005,41.19
20240509133005,42.1
20240509134005,31.85
20240509135005,47.29
20240509140005,34.39
20240509141005,44.75
20240509142005,40.72
20240509143005,21.48
20240509144005,14.12
20240509145005,8.45
20240509150005,8.83
20240509151005,4.54
20240509152005,0
20240509153005,2.27
20240509154005,6.22
20240509155005,11.59
20240509160005,11.99
20240509161005,8.09
20240509162005,11.59
20240509163005,14.72
20240509164005,15.01
20240509165005,19.31
20240514090005,40.11
20240514091005,42.37
20240514092005,34.77
20240514093005,37.85
20240514094005,81.33
20240514095005,142.83
20240514100005,96.82
20240514101005,81.34
20240514102005,75.44
20240514103005,50.53
20240514104005,39.26
20240514105005,61.81
20240514110005,5.72
20240514111005,90.35
20240514112005,52.26
20240514113005,61.31
20240514114005,60.44
20240514115005,55.26
20240514120005,54.53
20240514121005,56.02
20240514122005,41.83
20240514123005,40.2
20240514124005,38.73
20240514125005,40.47
20240514130005,47.26
20240514131005,47.67
20240514132005,48.78
20240514133005,51.54
20240514134005,53.09
20240514135005,50.65
20240514140005,43.66
20240514141005,51.57
20240514142005,53.82
20240514143005,50.22
20240514144005,45.8
20240514145005,44.24
20240514150005,47.71
20240514151005,18.25
20240514152005,11.18
20240514153005,10.12
20240514154005,46.62
20240514155005,48.51
20240514160005,23.13
20240514161005,18.4
20240514162005,15.73
20240514163005,15.16
20240514164005,17.78
20240514165005,18.34
20240615090005,39.64
20240615091005,49.63
20240615092005,54.84
20240615093005,41.09
20240615094005,38.86
20240615095005,37.34
20240615100005,61.6
20240615101005,62.9
20240615102005,59.16
20240615103005,51.3
20240615104005,55.55
20240615105005,44.33
20240615110005,41.41
20240615111005,52.3
20240615112005,52.75
20240615113005,27.05
20240615114005,49.25
20240615115005,52.03
20240615120005,50.39
20240615121005,43.81
20240615122005,37.2
20240615123005,37.52
20240615124005,36.99
20240615125005,33.88
20240615130005,53.74
20240615131005,57.86
20240615132005,38.85
20240615133005,33.79
20240615134005,36.69
20240615135005,39.37
20240615140005,26.53
20240615141005,42.1
20240615142005,37.56
20240615143005,41.4
20240615144005,35.34
20240615145005,6.3
20240615150005,5.95
20240615151005,3.61
20240615152005,0
20240615153005,0
20240615154005,0
20240615155005,0
20240615160005,0.59
20240615161005,0
20240615162005,0
20240615163005,0
20240615164005,2.07
20240615165005,6.56
20240620090005,359.95
20240620091005,281.04
20240620092005,208.44
20240620093005,278.12
20240620094005,306.71
20240620095005,480.97
20240620100005,524.27
20240620101005,519.28
20240620102005,693.76
20240620103005,837.67
20240620104005,912.7
20240620105005,1027.82
20240620110005,1249.56
20240620111005,1436.14
20240620112005,1361.88
20240620113005,1297.88
20240620114005,1383.91
20240620115005,1331.14
20240620120005,1347.86
20240620121005,1231.56
20240620122005,1290.23
20240620123005,1414.21
20240620124005,1435.81
20240620125005,1349.95
20240620130005,1279.26
20240620131005,1157.23
20240620132005,1225.42
20240620133005,1246.43
20240620134005,1114.09
20240620135005,1080.88
20240620140005,1153.65
20240620141005,1050.62
20240620142005,1131.05
20240620143005,1076.29
20240620144005,557.62
20240620145005,183.7
20240620150005,128.6
20240620151005,66.49
20240620152005,70.42
20240620153005,75.27
20240620154005,59.27
20240620155005,18.76
20240620160005,81.58
20240620161005,6.32
20240620162005,7.45
20240620163005,30.49
20240620164005,0
20240620165005,14.91
20240706090005,18.67
20240706091005,76.91
20240706092005,81.96
20240706093005,46.55
20240706094005,36.84
20240706095005,120.22
20240706100005,440.97
20240706101005,673.79
20240706102005,791.23
20240706103005,832.84
20240706104005,758.47
20240706105005,992.29
20240706110005,1473.22
20240706111005,1393.55
20240706112005,1298.7
20240706113005,1265.6
20240706114005,964.48
20240706115005,1228.57
20240706120005,1167.81
20240706121005,1374.61
20240706122005,1295.01
20240706123005,1305.02
20240706124005,1283.98
20240706125005,1161.38
20240706130005,1206.62
20240706131005,1136.29
20240706132005,961.09
20240706133005,499.31
20240706134005,642.83
20240706135005,580.13
20240706140005,222.55
20240706141005,124.09
20240706142005,106.09
20240706143005,138.12
20240706144005,87.97
20240706145005,95.16
20240706150005,85.96
20240706151005,57.87
20240706152005,59.18
20240706153005,52.9
20240706154005,54.57
20240706155005,50.45
20240706160005,35.85
20240706161005,24.63
20240706162005,5.56
20240706163005,8.97
20240706164005,9.46
20240706165005,15.29
20240708090005,1.11
20240708091005,94.26
20240708092005,80.46
20240708093005,116.85
20240708094005,122.76
20240708095005,77.02
20240708100005,279.44
20240708101005,401.23
20240708102005,559.3
20240708103005,458.15
20240708104005,347.14
20240708105005,358.46
20240708110005,377.75
20240708111005,372.51
20240708112005,378.06
20240708113005,731.87
20240708114005,872.05
20240708115005,820.83
20240708120005,586.89
20240708121005,421.64
20240708122005,417.1
20240708123005,584.02
20240708124005,601.03
20240708125005,768.6
20240708130005,787.07
20240708131005,548.19
20240708132005,256.97
20240708133005,142.23
20240708134005,206.27
20240708135005,277.96
20240708140005,116.78
20240708141005,97.15
20240708142005,97.35
20240708143005,17.62
20240708144005,75.25
20240708145005,77.12
20240708150005,30.17
20240708151005,31.52
20240708152005,16.4
20240708153005,19.7
20240708154005,18.77
20240708155005,25.37
20240708160005,18.87
20240708161005,12.64
20240708162005,9.74
20240708163005,6.35
20240708164005,13.85
20240708165005,8.87
20240520090006,28.87
20240520091006,15.9
20240520092006,16.89
20240520093006,18.38
20240520094006,30.54
20240520095006,12.24
20240520100006,0
20240520101006,29.61
20240520102006,28.67
20240520103006,4.14
20240520104006,56.19
20240520105006,100
20240520110006,127.85
20240520111006,96.69
20240520112006,41.02
20240520113006,16.69
20240520114006,0
20240520115006,1.26
20240520120006,6.22
20240520121006,42.08
20240520122006,38.99
20240520123006,39.78
20240520124006,60.08
20240520125006,0
20240520130006,59.59
20240520131006,0
20240520132006,0
20240520133006,0.53
20240520134006,16.46
20240520135006,1.96
20240520140006,49.53
20240520141006,19.99
20240520142006,19.43
20240520143006,0
20240520144006,2.77
20240520145006,10.93
20240520150006,0
20240520151006,1.33
20240520152006,3.8
20240520153006,10.84
20240520154006,24.25
20240520155006,15.66
20240520160006,30.29
20240520161006,24.22
20240520162006,26.02
20240520163006,29.15
20240520164006,15.43
20240520165006,4.64
20240527090006,80.67
20240527091006,52.33
20240527092006,47.51
20240527093006,122.05
20240527094006,182.31
20240527095006,414.38
20240527100006,362.05
20240527101006,755.28
20240527102006,552
20240527103006,474.16
20240527104006,631.01
20240527105006,819.97
20240527110006,1065.39
20240527111006,831.29
20240527112006,1008
20240527113006,1278.54
20240527114006,1072.24
20240527115006,1181.83
20240527120006,1323.97
20240527121006,1176
20240527122006,1203.98
20240527123006,1180.76
20240527124006,1082.28
20240527125006,1071.2
20240527130006,971.43
20240527131006,902.32
20240527132006,930.96
20240527133006,903.79
20240527134006,914.71
20240527135006,659.24
20240527140006,620.13
20240527141006,408.05
20240527142006,153.79
20240527143006,109.71
20240527144006,57.54
20240527145006,88.61
20240527150006,49.23
20240527151006,49.18
20240527152006,28.63
20240527153006,37.29
20240527154006,32.87
20240527155006,30.9
20240527160006,24.56
20240527161006,22.05
20240527162006,12.03
20240527163006,16.59
20240527164006,12.69
20240527165006,9.03
20240625090006,80.6
20240625091006,43.47
20240625092006,111.51
20240625093006,356.9
20240625094006,555.62
20240625095006,558.4
20240625100006,534.96
20240625101006,457.48
20240625102006,724.62
20240625103006,862.97
20240625104006,1016.12
20240625105006,874.46
20240625110006,1340.29
20240625111006,1329.22
20240625112006,1369.16
20240625113006,1396.33
20240625114006,1339
20240625115006,1299.81
20240625120006,1392.61
20240625121006,1381.64
20240625122006,1217.14
20240625123006,1033.7
20240625124006,1007.15
20240625125006,1086.89
20240625130006,1075.68
20240625131006,790.22
20240625132006,437.97
20240625133006,451.32
20240625134006,483.74
20240625135006,447.25
20240625140006,134.64
20240625141006,5.05
20240625142006,5.3
20240625143006,0
20240625144006,20.8
20240625145006,58.33
20240625150006,68.36
20240625151006,69.97
20240625152006,45.42
20240625153006,94.34
20240625154006,39.47
20240625155006,15.57
20240625160006,7.49
20240625161006,7.62
20240625162006,0
20240625163006,0
20240625164006,22.72
20240625165006,2
20240629090006,125.14
20240629091006,107.07
20240629092006,132.05
20240629093006,162.48
20240629094006,257.74
20240629095006,265.25
20240629100006,633.91
20240629101006,596.85
20240629102006,502.29
20240629103006,900.64
20240629104006,882.99
20240629105006,953.9
20240629110006,1359.33
20240629111006,1413.97
20240629112006,1450.81
20240629113006,1310.16
20240629114006,1410.35
20240629115006,1461.42
20240629120006,1403.99
20240629121006,1430.79
20240629122006,1507.69
20240629123006,1439.96
20240629124006,1429.2
20240629125006,1378.04
20240629130006,1375.91
20240629131006,1416.45
20240629132006,1516.81
20240629133006,1429.76
20240629134006,1424.3
20240629135006,1394.91
20240629140006,1159.26
20240629141006,1046.94
20240629142006,1327.68
20240629143006,1278.57
20240629144006,1049.92
20240629145006,962.15
20240629150006,843.24
20240629151006,682.91
20240629152006,231.19
20240629153006,0
20240629154006,0
20240629155006,1.86
20240629160006,54.24
20240629161006,140.76
20240629162006,56.12
20240629163006,3.84
20240629164006,4.51
20240629165006,9.89
20240706090006,65.24
20240706091006,49.55
20240706092006,29.71
20240706093006,49.86
20240706094006,24.01
20240706095006,13.28
20240706100006,63.87
20240706101006,68.03
20240706102006,432.34
20240706103006,344.62
20240706104006,1430.01
20240706105006,1373.08
20240706110006,1580.83
20240706111006,1548.98
20240706112006,1548.19
20240706113006,1616.12
20240706114006,1615.38
20240706115006,1430.7
20240706120006,1417.96
20240706121006,1521.23
20240706122006,846.21
20240706123006,864.16
20240706124006,104.54
20240706125006,51.95
20240706130006,34.38
20240706131006,41.44
20240706132006,50.73
20240706133006,76.17
20240706134006,60.28
20240706135006,19.28
20240706140006,9.73
20240706141006,13.17
20240706142006,11.12
20240706143006,13.29
20240706144006,8.42
20240706145006,4.36
20240706150006,3.86
20240706151006,4.23
20240706152006,3.65
20240706153006,4.35
20240706154006,2.24
20240706155006,1.06
20240706160006,0
20240706161006,1.1
20240706162006,0.77
20240706163006,0.29
20240706164006,0
20240706165006,0
20240722090006,23.49
20240722091006,37.94
20240722092006,25.35
20240722093006,24.86
20240722094006,63.94
20240722095006,140.6
20240722100006,129.26
20240722101006,669.05
20240722102006,1016.05
20240722103006,833.4
20240722104006,977.15
20240722105006,1138.38
20240722110006,1239.45
20240722111006,1000.38
20240722112006,1122.41
20240722113006,1607.17
20240722114006,1579.56
20240722115006,1578.08
20240722120006,1612.81
20240722121006,1675.35
20240722122006,1278.7
20240722123006,1147.36
20240722124006,1111.32
20240722125006,1608.09
20240722130006,1636.91
20240722131006,1578.53
20240722132006,1200.92
20240722133006,1140.65
20240722134006,1096.63
20240722135006,892.16
20240722140006,1000.92
20240722141006,805.86
20240722142006,189.2
20240722143006,100.03
20240722144006,64.23
20240722145006,81.76
20240722150006,87.6
20240722151006,40.98
20240722152006,54.12
20240722153006,18.76
20240722154006,20.37
20240722155006,16.92
20240722160006,17.74
20240722161006,14.33
20240722162006,9.22
20240722163006,6.04
20240722164006,0
20240722165006,3.62
20240526090007,43.85
20240526091007,28.54
20240526092007,34.73
20240526093007,87.58
20240526094007,91.97
20240526095007,87.35
20240526100007,108.27
20240526101007,115.89
20240526102007,132.09
20240526103007,123.86
20240526104007,225.29
20240526105007,264.92
20240526110007,258.03
20240526111007,549.26
20240526112007,176.34
20240526113007,122.06
20240526114007,24.94
20240526115007,32.12
20240526120007,96.28
20240526121007,109.2
20240526122007,130.95
20240526123007,106.18
20240526124007,257.16
20240526125007,232.95
20240526130007,249.77
20240526131007,290.16
20240526132007,544.14
20240526133007,231.19
20240526134007,94.91
20240526135007,63.93
20240526140007,195.66
20240526141007,181.48
20240526142007,59.99
20240526143007,47.65
20240526144007,23.87
20240526145007,45.72
20240526150007,39.17
20240526151007,29
20240526152007,17.57
20240526153007,10
20240526154007,11.32
20240526155007,5.25
20240526160007,5.58
20240526161007,2.7
20240526162007,0
20240526163007,0
20240526164007,0
20240526165007,0
20240612090007,1.14
20240612091007,35
20240612092007,37.07
20240612093007,50.42
20240612094007,51.32
20240612095007,53.96
20240612100007,170.31
20240612101007,165.82
20240612102007,171.49
20240612103007,164.37
20240612104007,184.62
20240612105007,188.9
20240612110007,187.32
20240612111007,193.02
20240612112007,236.07
20240612113007,201.44
20240612114007,265.39
20240612115007,244.8
20240612120007,247.81
20240612121007,234.02
20240612122007,430.27
20240612123007,252.33
20240612124007,257.64
20240612125007,281.63
20240612130007,226.7
20240612131007,191.66
20240612132007,212.79
20240612133007,231.46
20240612134007,121.23
20240612135007,122.04
20240612140007,48.75
20240612141007,40.72
20240612142007,40.91
20240612143007,32.44
20240612144007,1.69
20240612145007,0.29
20240612150007,28.15
20240612151007,28.96
20240612152007,38.16
20240612153007,3.75
20240612154007,2
20240612155007,3.61
20240612160007,1.21
20240612161007,4.03
20240612162007,0
20240612163007,0
20240612164007,0
20240612165007,0
20240615090007,379.93
20240615091007,449.13
20240615092007,422.37
20240615093007,628.24
20240615094007,613.63
20240615095007,522.99
20240615100007,543.96
20240615101007,630.97
20240615102007,708.64
20240615103007,804.23
20240615104007,765.55
20240615105007,1105.33
20240615110007,891.86
20240615111007,1086.91
20240615112007,1085.92
20240615113007,1250.22
20240615114007,1332.38
20240615115007,1501.5
20240615120007,1441.25
20240615121007,1453.7
20240615122007,1417.28
20240615123007,1346.52
20240615124007,1318.96
20240615125007,1315.85
20240615130007,1307.23
20240615131007,1224.67
20240615132007,1230.42
20240615133007,1121.36
20240615134007,1187.79
20240615135007,1193.62
20240615140007,1391.61
20240615141007,1453.01
20240615142007,1422.31
20240615143007,1407.3
20240615144007,1268.71
20240615145007,1161.06
20240615150007,330.22
20240615151007,387.66
20240615152007,302.18
20240615153007,266.07
20240615154007,319.58
20240615155007,204.4
20240615160007,201.57
20240615161007,187.98
20240615162007,194.95
20240615163007,182.29
20240615164007,176.43
20240615165007,226.19
20240717090007,489.04
20240717091007,581.32
20240717092007,540.76
20240717093007,738.23
20240717094007,751.37
20240717095007,864.82
20240717100007,810.39
20240717101007,955.86
20240717102007,984.4
20240717103007,1077.66
20240717104007,1165.76
20240717105007,1233.71
20240717110007,1344.63
20240717111007,1552.65
20240717112007,1443.03
20240717113007,1367.21
20240717114007,1376.69
20240717115007,1335.69
20240717120007,1323.61
20240717121007,1209.3
20240717122007,1273.41
20240717123007,1393.28
20240717124007,1481.89
20240717125007,1305.38
20240717130007,1222.98
20240717131007,1207.31
20240717132007,1254.11
20240717133007,1301.07
20240717134007,1194.98
20240717135007,1107.46
20240717140007,1151.94
20240717141007,1039.22
20240717142007,1107.27
20240717143007,1049.62
20240717144007,553.89
20240717145007,325.12
20240717150007,325.08
20240717151007,148.85
20240717152007,146.4
20240717153007,138.17
20240717154007,100.79
20240717155007,43.84
20240717160007,93.48
20240717161007,8.33
20240717162007,14.89
20240717163007,42.67
20240717164007,0
20240717165007,25.91
20240124090008,446.63
20240124091008,460.14
20240124092008,513.54
20240124093008,612.01
20240124094008,747.55
20240124095008,916.66
20240124100008,869.75
20240124101008,754.74
20240124102008,920.83
20240124103008,1087.75
20240124104008,1078.89
20240124105008,934.17
20240124110008,1538.52
20240124111008,1579.58
20240124112008,1584.71
20240124113008,1571.08
20240124114008,1477.88
20240124115008,1451.42
20240124120008,1445.32
20240124121008,1632.26
20240124122008,1453.21
20240124123008,1446.38
20240124124008,1523.77
20240124125008,1553.73
20240124130008,1585.09
20240124131008,1574.07
20240124132008,1586.89
20240124133008,1490.3
20240124134008,1512.36
20240124135008,1456.87
20240124140008,1559.96
20240124141008,1518.43
20240124142008,1387.12
20240124143008,1462.28
20240124144008,1246.96
20240124145008,1219.74
20240124150008,1031.9
20240124151008,958.89
20240124152008,326.02
20240124153008,340.4
20240124154008,272.55
20240124155008,224.77
20240124160008,228.47
20240124161008,203.57
20240124162008,197.11
20240124163008,136.91
20240124164008,93.43
20240124165008,92.06
20240128090008,396.18
20240128091008,453.2
20240128092008,474.15
20240128093008,606.16
20240128094008,602.88
20240128095008,535.88
20240128100008,632.84
20240128101008,647.72
20240128102008,748.52
20240128103008,865.16
20240128104008,1090.42
20240128105008,1172.36
20240128110008,1212.9
20240128111008,1415.51
20240128112008,1545.3
20240128113008,1570.47
20240128114008,1416.65
20240128115008,1452.63
20240128120008,1477.83
20240128121008,1322.74
20240128122008,1350.05
20240128123008,1474.76
20240128124008,1513.08
20240128125008,1564.73
20240128130008,1434.8
20240128131008,1488.67
20240128132008,1471.96
20240128133008,1484.06
20240128134008,1356.72
20240128135008,1571.94
20240128140008,1342.24
20240128141008,1443.67
20240128142008,1233.08
20240128143008,980.51
20240128144008,692.53
20240128145008,799.41
20240128150008,549.19
20240128151008,526.07
20240128152008,568.86
20240128153008,206.53
20240128154008,227.04
20240128155008,262.52
20240128160008,224.53
20240128161008,229.92
20240128162008,124.85
20240128163008,132.66
20240128164008,87.08
20240128165008,78.86
20240204090008,50.31
20240204091008,26.12
20240204092008,33.72
20240204093008,28.54
20240204094008,25.47
20240204095008,31.03
20240204100008,28.64
20240204101008,46.33
20240204102008,38.26
20240204103008,27.79
20240204104008,78.93
20240204105008,71.46
20240204110008,70
20240204111008,81.7
20240204112008,62.86
20240204113008,27.38
20240204114008,32.51
20240204115008,67.79
20240204120008,72.55
20240204121008,71.47
20240204122008,35.12
20240204123008,41.28
20240204124008,25.39
20240204125008,26.95
20240204130008,54.26
20240204131008,15.77
20240204132008,2.32
20240204133008,7.96
20240204134008,24.31
20240204135008,23.21
20240204140008,29.65
20240204141008,20.72
20240204142008,15.02
20240204143008,9.94
20240204144008,12.88
20240204145008,15.83
20240204150008,15.55
20240204151008,14.58
20240204152008,15.4
20240204153008,9.78
20240204154008,10.4
20240204155008,8.79
20240204160008,6.38
20240204161008,10.3
20240204162008,10.11
20240204163008,9.02
20240204164008,7.24
20240204165008,6.54
20240218090008,20.85
20240218091008,100.73
20240218092008,42.98
20240218093008,76.36
20240218094008,517.55
20240218095008,562.52
20240218100008,362.55
20240218101008,599.95
20240218102008,582.59
20240218103008,553.21
20240218104008,576.06
20240218105008,557.94
20240218110008,488.21
20240218111008,532.16
20240218112008,418.1
20240218113008,169.57
20240218114008,113.21
20240218115008,184.07
20240218120008,278.24
20240218121008,595.74
20240218122008,785.43
20240218123008,806
20240218124008,331.76
20240218125008,262.87
20240218130008,635.11
20240218131008,304.53
20240218132008,353.81
20240218133008,382.07
20240218134008,212.88
20240218135008,173
20240218140008,195.13
20240218141008,50.49
20240218142008,30.12
20240218143008,47.08
20240218144008,582.38
20240218145008,757.53
20240218150008,82.88
20240218151008,693.23
20240218152008,418.82
20240218153008,75.78
20240218154008,30.86
20240218155008,68.7
20240218160008,27.04
20240218161008,32.94
20240218162008,29.83
20240218163008,43.28
20240218164008,40.65
20240218165008,26.79
20240305090008,78.52
20240305091008,12.39
20240305092008,43.79
20240305093008,449.99
20240305094008,787.48
20240305095008,763.43
20240305100008,610.52
20240305101008,646.09
20240305102008,636.05
20240305103008,819.24
20240305104008,986.27
20240305105008,1105.61
20240305110008,1482.83
20240305111008,1535.91
20240305112008,1449.61
20240305113008,1525.2
20240305114008,1445.68
20240305115008,1489.63
20240305120008,1437.95
20240305121008,1349.55
20240305122008,1354.29
20240305123008,1343.2
20240305124008,1420.33
20240305125008,1562.03
20240305130008,1440.6
20240305131008,1390.47
20240305132008,1342.91
20240305133008,1340.64
20240305134008,1352.8
20240305135008,1228.05
20240305140008,1220.96
20240305141008,1204.72
20240305142008,948.9
20240305143008,879.6
20240305144008,651.82
20240305145008,655.06
20240305150008,758.18
20240305151008,659.61
20240305152008,150.45
20240305153008,65.69
20240305154008,34.63
20240305155008,37.77
20240305160008,48.27
20240305161008,8.3
20240305162008,38.92
20240305163008,25.1
20240305164008,35.53
20240305165008,43
20240325090008,78.53
20240325091008,38.53
20240325092008,104.83
20240325093008,349.97
20240325094008,550.19
20240325095008,556.4
20240325100008,532.01
20240325101008,456.35
20240325102008,723.65
20240325103008,861.83
20240325104008,1014.92
20240325105008,873.26
20240325110008,1331.86
20240325111008,1319.97
20240325112008,1369.16
20240325113008,1396.33
20240325114008,1339
20240325115008,1299.81
20240325120008,1392.61
20240325121008,1381.64
20240325122008,1217.14
20240325123008,1033.7
20240325124008,1007.15
20240325125008,1086.89
20240325130008,1075.68
20240325131008,786.51
20240325132008,434.61
20240325133008,447.82
20240325134008,484.56
20240325135008,451.87
20240325140008,127.97
20240325141008,0
20240325142008,0
20240325143008,0
20240325144008,9.73
20240325145008,46.22
20240325150008,36.17
20240325151008,33.49
20240325152008,34
20240325153008,61.34
20240325154008,32.97
20240325155008,12.21
20240325160008,4.26
20240325161008,4.78
20240325162008,0
20240325163008,0
20240325164008,21.35
20240325165008,0.56
20240518090008,69.06
20240518091008,61.37
20240518092008,152.36
20240518093008,412.29
20240518094008,608.04
20240518095008,802.91
20240518100008,784.26
20240518101008,701.61
20240518102008,868.5
20240518103008,907.76
20240518104008,918.97
20240518105008,923.96
20240518110008,1484.96
20240518111008,1582.63
20240518112008,1587.34
20240518113008,1638.66
20240518114008,1545.54
20240518115008,1515.56
20240518120008,1517.86
20240518121008,1624.94
20240518122008,1508.08
20240518123008,1513.95
20240518124008,1544.26
20240518125008,1577.16
20240518130008,1611.94
20240518131008,1600.15
20240518132008,1611.31
20240518133008,1519.8
20240518134008,1541.84
20240518135008,1472.38
20240518140008,1568.81
20240518141008,1515.56
20240518142008,1404.83
20240518143008,1450.46
20240518144008,1260.08
20240518145008,1192.46
20240518150008,994.52
20240518151008,915.39
20240518152008,186.74
20240518153008,184.14
20240518154008,110.26
20240518155008,110.9
20240518160008,106.27
20240518161008,83.04
20240518162008,76.55
20240518163008,16.89
20240518164008,18.14
20240518165008,25.69
20240526090008,71.02
20240526091008,0
20240526092008,0
20240526093008,51.94
20240526094008,320.32
20240526095008,259.2
20240526100008,352.57
20240526101008,779.12
20240526102008,654.4
20240526103008,864.24
20240526104008,979.98
20240526105008,1070
20240526110008,1400.85
20240526111008,1265.51
20240526112008,1336.1
20240526113008,1217.61
20240526114008,1156.97
20240526115008,1168.77
20240526120008,1125.01
20240526121008,1163.85
20240526122008,1101.97
20240526123008,1147.37
20240526124008,1119.85
20240526125008,1134.96
20240526130008,1161.89
20240526131008,1122.62
20240526132008,1125.08
20240526133008,1118.8
20240526134008,1207.28
20240526135008,1163.64
20240526140008,1164.21
20240526141008,1181.97
20240526142008,1199.61
20240526143008,1073.29
20240526144008,854.21
20240526145008,923.89
20240526150008,845.12
20240526151008,443.43
20240526152008,431.72
20240526153008,0
20240526154008,0
20240526155008,0
20240526160008,0
20240526161008,0
20240526162008,0
20240526163008,0
20240526164008,0
20240526165008,0
20240529090008,18.09
20240529091008,32.41
20240529092008,26.58
20240529093008,35.83
20240529094008,72.75
20240529095008,133.72
20240529100008,94.48
20240529101008,79.92
20240529102008,71.53
20240529103008,48.91
20240529104008,30.63
20240529105008,31.06
20240529110008,0
20240529111008,78.62
20240529112008,40.21
20240529113008,50.13
20240529114008,49.74
20240529115008,45.88
20240529120008,46.18
20240529121008,47.37
20240529122008,31.24
20240529123008,30.77
20240529124008,27.97
20240529125008,30.88
20240529130008,28.22
20240529131008,14.11
20240529132008,8.82
20240529133008,10.1
20240529134008,12.26
20240529135008,8.37
20240529140008,4.34
20240529141008,11.64
20240529142008,15.59
20240529143008,10.46
20240529144008,5.87
20240529145008,4.79
20240529150008,8
20240529151008,0.91
20240529152008,0
20240529153008,0
20240529154008,4.02
20240529155008,6.69
20240529160008,6.71
20240529161008,6.06
20240529162008,3.93
20240529163008,2.88
20240529164008,5.52
20240529165008,7.35
20240607090008,601.26
20240607091008,587.84
20240607092008,578.63
20240607093008,564.99
20240607094008,407.74
20240607095008,460.6
20240607100008,27.14
20240607101008,0
20240607102008,92.45
20240607103008,126.57
20240607104008,151.32
20240607105008,271.62
20240607110008,1049.58
20240607111008,790.75
20240607112008,838.86
20240607113008,433.33
20240607114008,350.01
20240607115008,490.27
20240607120008,446.39
20240607121008,341.01
20240607122008,394.65
20240607123008,629.81
20240607124008,803.3
20240607125008,805.66
20240607130008,805.7
20240607131008,820.13
20240607132008,212.84
20240607133008,2.44
20240607134008,80.74
20240607135008,57.15
20240607140008,96.51
20240607141008,54.55
20240607142008,587.79
20240607143008,148.42
20240607144008,34.91
20240607145008,32.01
20240607150008,32.91
20240607151008,27.62
20240607152008,22.49
20240607153008,29.77
20240607154008,41.52
20240607155008,35.38
20240607160008,6.62
20240607161008,46.85
20240607162008,24.31
20240607163008,1.35
20240607164008,0
20240607165008,17.73
20240613090008,117.2
20240613091008,186.24
20240613092008,161.64
20240613093008,380.49
20240613094008,431.75
20240613095008,397.9
20240613100008,520.91
20240613101008,580.31
20240613102008,635.11
20240613103008,724.23
20240613104008,693.65
20240613105008,948.7
20240613110008,830.23
20240613111008,1014.08
20240613112008,1038.28
20240613113008,1220.51
20240613114008,1297.89
20240613115008,1461.4
20240613120008,1414.61
20240613121008,1398.93
20240613122008,1379.35
20240613123008,1299.43
20240613124008,1261.02
20240613125008,1302.28
20240613130008,1282.39
20240613131008,1214.66
20240613132008,1169.85
20240613133008,1052.07
20240613134008,1181.08
20240613135008,1187.13
20240613140008,1367.59
20240613141008,1394.12
20240613142008,1367.1
20240613143008,1370.78
20240613144008,1260.06
20240613145008,1161.41
20240613150008,331.45
20240613151008,268.84
20240613152008,159.48
20240613153008,76.21
20240613154008,100.22
20240613155008,66.55
20240613160008,72.94
20240613161008,23.19
20240613162008,34.65
20240613163008,40.09
20240613164008,42.63
20240613165008,88.63
20240628090008,19.03
20240628091008,63.35
20240628092008,47.11
20240628093008,197.66
20240628094008,500.94
20240628095008,640.84
20240628100008,870.35
20240628101008,841.48
20240628102008,752.04
20240628103008,819.1
20240628104008,1048.61
20240628105008,1027.46
20240628110008,1328.67
20240628111008,1437.99
20240628112008,1469.98
20240628113008,1393.04
20240628114008,1541.59
20240628115008,1492.44
20240628120008,1434.34
20240628121008,1435.89
20240628122008,1437.4
20240628123008,1430.55
20240628124008,1468.7
20240628125008,1436.27
20240628130008,1391.84
20240628131008,1545.74
20240628132008,1426.27
20240628133008,1325.45
20240628134008,1389.87
20240628135008,1083.44
20240628140008,1120.01
20240628141008,1255.24
20240628142008,1336.58
20240628143008,1414.54
20240628144008,1133.41
20240628145008,1091.54
20240628150008,1230.13
20240628151008,987.08
20240628152008,180.56
20240628153008,106.19
20240628154008,97.43
20240628155008,94.03
20240628160008,113.53
20240628161008,99.95
20240628162008,109.16
20240628163008,69.27
20240628164008,47.76
20240628165008,49.42
20240705090008,1.6
20240705091008,0.83
20240705092008,5.98
20240705093008,8.66
20240705094008,7.76
20240705095008,12.85
20240705100008,38.84
20240705101008,54.77
20240705102008,52
20240705103008,0
20240705104008,29.48
20240705105008,9.93
20240705110008,4.54
20240705111008,4.18
20240705112008,0
20240705113008,0
20240705114008,0
20240705115008,0
20240705120008,9.03
20240705121008,9.67
20240705122008,0
20240705123008,0
20240705124008,9.95
20240705125008,25.74
20240705130008,27.79
20240705131008,24.87
20240705132008,33.51
20240705133008,32.01
20240705134008,16.1
20240705135008,49.02
20240705140008,135.22
20240705141008,61.29
20240705142008,66.98
20240705143008,63.4
20240705144008,79.75
20240705145008,85.08
20240705150008,69.51
20240705151008,50.96
20240705152008,41.53
20240705153008,16.59
20240705154008,12.81
20240705155008,16.96
20240705160008,26.5
20240705161008,11.49
20240705162008,8.26
20240705163008,0
20240705164008,0
20240705165008,0
20240709090008,56.07
20240709091008,46.28
20240709092008,53.63
20240709093008,8.2
20240709094008,364.51
20240709095008,296.46
20240709100008,313.1
20240709101008,343.57
20240709102008,485.09
20240709103008,684.85
20240709104008,701.22
20240709105008,722.86
20240709110008,1171.43
20240709111008,1170.03
20240709112008,1041.65
20240709113008,1293.29
20240709114008,1315.99
20240709115008,1341.38
20240709120008,1371.16
20240709121008,1413.69
20240709122008,1369.59
20240709123008,1222.53
20240709124008,1281.46
20240709125008,1226.93
20240709130008,1280.87
20240709131008,1260.08
20240709132008,1296.26
20240709133008,1181.7
20240709134008,1218.24
20240709135008,1266.76
20240709140008,1227.88
20240709141008,921.04
20240709142008,749.83
20240709143008,753.57
20240709144008,259.32
20240709145008,50.83
20240709150008,108.65
20240709151008,79.83
20240709152008,67.48
20240709153008,13.34
20240709154008,10.38
20240709155008,0
20240709160008,6.29
20240709161008,2.89
20240709162008,2.83
20240709163008,2.15
20240709164008,2.05
20240709165008,1.67
20240715090008,26.77
20240715091008,26.51
20240715092008,16.82
20240715093008,13.08
20240715094008,25.38
20240715095008,74.21
20240715100008,336.39
20240715101008,669.92
20240715102008,1011.14
20240715103008,805.27
20240715104008,788.35
20240715105008,858.08
20240715110008,1029.49
20240715111008,1039.3
20240715112008,1008.27
20240715113008,993.28
20240715114008,969.73
20240715115008,1325.16
20240715120008,1299.58
20240715121008,872.49
20240715122008,975.24
20240715123008,823.19
20240715124008,964.03
20240715125008,516.78
20240715130008,706.86
20240715131008,758.17
20240715132008,182.65
20240715133008,95.74
20240715134008,532.96
20240715135008,494.57
20240715140008,204.36
20240715141008,121.27
20240715142008,43.89
20240715143008,26.04
20240715144008,10.69
20240715145008,0
20240715150008,5.08
20240715151008,12.43
20240715152008,0
20240715153008,22.55
20240715154008,13.87
20240715155008,14.62
20240715160008,0.63
20240715161008,10.06
20240715162008,11.79
20240715163008,8.84
20240715164008,3.29
20240715165008,0
20240719090008,10.56
20240719091008,7.02
20240719092008,2.99
20240719093008,0.52
20240719094008,0
20240719095008,0.44
20240719100008,15.38
20240719101008,14.81
20240719102008,13.42
20240719103008,10.26
20240719104008,10.75
20240719105008,20.67
20240719110008,53.41
20240719111008,13.29
20240719112008,15.56
20240719113008,8.74
20240719114008,12.2
20240719115008,19.95
20240719120008,16.43
20240719121008,14.9
20240719122008,18.45
20240719123008,15.43
20240719124008,14.05
20240719125008,15.81
20240719130008,14.96
20240719131008,11.87
20240719132008,2.38
20240719133008,1.75
20240719134008,0
20240719135008,0
20240719140008,11.63
20240719141008,0
20240719142008,0
20240719143008,0
20240719144008,0
20240719145008,0
20240719150008,1.9
20240719151008,6.34
20240719152008,6.15
20240719153008,6.06
20240719154008,8.2
20240719155008,4.18
20240719160008,3.1
20240719161008,2.34
20240719162008,3.61
20240719163008,0.57
20240719164008,0.42
20240719165008,0
20240309090009,10.99
20240309091009,1.78
20240309092009,0
20240309093009,3.89
20240309094009,2.51
20240309095009,10.25
20240309100009,7.13
20240309101009,8.96
20240309102009,7.26
20240309103009,2.7
20240309104009,2.93
20240309105009,8.4
20240309110009,0
20240309111009,0
20240309112009,5.7
20240309113009,10.5
20240309114009,8.96
20240309115009,20.92
20240309120009,15.33
20240309121009,15.45
20240309122009,10.02
20240309123009,9.44
20240309124009,6.01
20240309125009,8.1
20240309130009,6.57
20240309131009,1.27
20240309132009,0.35
20240309133009,0.35
20240309134009,4.25
20240309135009,5.06
20240309140009,0
20240309141009,4.02
20240309142009,2.19
20240309143009,0
20240309144009,12.63
20240309145009,14.29
20240309150009,9.21
20240309151009,11.4
20240309152009,0
20240309153009,0
20240309154009,0
20240309155009,0
20240309160009,0
20240309161009,6.67
20240309162009,9.49
20240309163009,3.93
20240309164009,3.45
20240309165009,0
20240314090009,3.98
20240314091009,11.86
20240314092009,12.59
20240314093009,15.66
20240314094009,39.3
20240314095009,15.08
20240314100009,25.02
20240314101009,25.77
20240314102009,29.97
20240314103009,46.39
20240314104009,86.41
20240314105009,65.31
20240314110009,42.15
20240314111009,231.45
20240314112009,610.71
20240314113009,682.21
20240314114009,102.68
20240314115009,596.16
20240314120009,67.37
20240314121009,618.36
20240314122009,804.29
20240314123009,668.73
20240314124009,253.33
20240314125009,84.03
20240314130009,67.34
20240314131009,68.37
20240314132009,72.82
20240314133009,44.93
20240314134009,29.32
20240314135009,20.67
20240314140009,11.23
20240314141009,23.98
20240314142009,9.34
20240314143009,2.13
20240314144009,3.24
20240314145009,0
20240314150009,16.29
20240314151009,0
20240314152009,0
20240314153009,0
20240314154009,5.77
20240314155009,13.5
20240314160009,23.2
20240314161009,22.85
20240314162009,18.92
20240314163009,9.06
20240314164009,12.48
20240314165009,14.95
20240414090009,31.63
20240414091009,29.73
20240414092009,27.97
20240414093009,24.16
20240414094009,25.92
20240414095009,70.56
20240414100009,43.87
20240414101009,58.82
20240414102009,38.62
20240414103009,72.02
20240414104009,152.71
20240414105009,783.13
20240414110009,796.71
20240414111009,800.52
20240414112009,869.65
20240414113009,849.2
20240414114009,840.92
20240414115009,786.12
20240414120009,775.65
20240414121009,540.49
20240414122009,843.16
20240414123009,649.3
20240414124009,673.03
20240414125009,654.8
20240414130009,756.4
20240414131009,423.6
20240414132009,57.92
20240414133009,47.24
20240414134009,0
20240414135009,0
20240414140009,0
20240414141009,0
20240414142009,10.11
20240414143009,5.74
20240414144009,3.38
20240414145009,19.55
20240414150009,26.38
20240414151009,0
20240414152009,11.98
20240414153009,2.94
20240414154009,5.06
20240414155009,9.82
20240414160009,12.89
20240414161009,11.82
20240414162009,8.09
20240414163009,2.86
20240414164009,2.73
20240414165009,3.1
20240506090009,23.03
20240506091009,27.5
20240506092009,10.04
20240506093009,0
20240506094009,21.2
20240506095009,45.84
20240506100009,36.02
20240506101009,365.06
20240506102009,514.29
20240506103009,530.49
20240506104009,644.44
20240506105009,781.14
20240506110009,844.57
20240506111009,832.35
20240506112009,781.39
20240506113009,501.47
20240506114009,520.52
20240506115009,434.87
20240506120009,489.66
20240506121009,457.64
20240506122009,375.43
20240506123009,406.66
20240506124009,239.97
20240506125009,343.41
20240506130009,435.98
20240506131009,429.51
20240506132009,434.7
20240506133009,395.35
20240506134009,480.02
20240506135009,474.35
20240506140009,248.19
20240506141009,331.12
20240506142009,271.39
20240506143009,141.61
20240506144009,113.81
20240506145009,157.67
20240506150009,64.65
20240506151009,91.68
20240506152009,37.49
20240506153009,41.46
20240506154009,63.13
20240506155009,33.11
20240506160009,0
20240506161009,2.12
20240506162009,0
20240506163009,0
20240506164009,0
20240506165009,10.35
20240526090009,29.32
20240526091009,62.1
20240526092009,86.17
20240526093009,128.83
20240526094009,108.07
20240526095009,116.96
20240526100009,771.81
20240526101009,603.39
20240526102009,646.35
20240526103009,772.49
20240526104009,947.22
20240526105009,894.75
20240526110009,745.69
20240526111009,1085.04
20240526112009,1011.33
20240526113009,965.95
20240526114009,1047.47
20240526115009,1095.77
20240526120009,1114.2
20240526121009,1147.88
20240526122009,1152.91
20240526123009,1157.3
20240526124009,1130.49
20240526125009,1168.43
20240526130009,1128.71
20240526131009,1159.61
20240526132009,1080.25
20240526133009,1156.9
20240526134009,1181.64
20240526135009,1154.32
20240526140009,1047.78
20240526141009,1111.24
20240526142009,627.32
20240526143009,706.91
20240526144009,479.67
20240526145009,263.3
20240526150009,133.28
20240526151009,87.31
20240526152009,64.66
20240526153009,67.64
20240526154009,56.78
20240526155009,71.34
20240526160009,68.84
20240526161009,37.11
20240526162009,37.48
20240526163009,32.29
20240526164009,11.18
20240526165009,0
20240614090009,13.49
20240614091009,75.04
20240614092009,14.95
20240614093009,393.95
20240614094009,157.97
20240614095009,696.22
20240614100009,669.57
20240614101009,799.73
20240614102009,654.46
20240614103009,701.48
20240614104009,681.86
20240614105009,707.42
20240614110009,1214.98
20240614111009,1313.66
20240614112009,1271.03
20240614113009,1010.38
20240614114009,1340.93
20240614115009,1053.88
20240614120009,1224.67
20240614121009,1264.99
20240614122009,823.66
20240614123009,540.06
20240614124009,523.57
20240614125009,786.93
20240614130009,733.92
20240614131009,185.67
20240614132009,151.84
20240614133009,239.26
20240614134009,86.75
20240614135009,38.54
20240614140009,31.28
20240614141009,29.69
20240614142009,18.64
20240614143009,27.9
20240614144009,0
20240614145009,43.13
20240614150009,29.59
20240614151009,35.69
20240614152009,294.84
20240614153009,29.43
20240614154009,47.73
20240614155009,0
20240614160009,32.41
20240614161009,35.3
20240614162009,2.47
20240614163009,8.53
20240614164009,15.15
20240614165009,10.73
20240621090009,26.67
20240621091009,26.06
20240621092009,36.41
20240621093009,27.97
20240621094009,36.47
20240621095009,16.26
20240621100009,20.52
20240621101009,26.65
20240621102009,16.79
20240621103009,9.56
20240621104009,31.65
20240621105009,16.81
20240621110009,37.65
20240621111009,18.2
20240621112009,42.16
20240621113009,29.32
20240621114009,26.34
20240621115009,29.24
20240621120009,41.55
20240621121009,32.93
20240621122009,34.03
20240621123009,28.66
20240621124009,20.52
20240621125009,27.19
20240621130009,16.68
20240621131009,18.53
20240621132009,15.83
20240621133009,4.81
20240621134009,0.19
20240621135009,10.22
20240621140009,17.72
20240621141009,8.38
20240621142009,0.24
20240621143009,0
20240621144009,0
20240621145009,0
20240621150009,3.18
20240621151009,2.77
20240621152009,9.5
20240621153009,7.63
20240621154009,21.93
20240621155009,22.75
20240621160009,30.58
20240621161009,22.08
20240621162009,9.17
20240621163009,10.39
20240621164009,11.97
20240621165009,7.55
20240628090009,36.24
20240628091009,5.11
20240628092009,32
20240628093009,315.25
20240628094009,73.84
20240628095009,70.7
20240628100009,505.99
20240628101009,657.83
20240628102009,630.64
20240628103009,610.35
20240628104009,695.32
20240628105009,830.49
20240628110009,1106.05
20240628111009,900.73
20240628112009,1075.07
20240628113009,1105.2
20240628114009,1095.82
20240628115009,834.27
20240628120009,1004.61
20240628121009,955.06
20240628122009,1100.91
20240628123009,815.58
20240628124009,668.34
20240628125009,773.93
20240628130009,973.6
20240628131009,717.2
20240628132009,428.03
20240628133009,87.96
20240628134009,55.06
20240628135009,23.92
20240628140009,60.23
20240628141009,26.9
20240628142009,13.54
20240628143009,10.75
20240628144009,11.83
20240628145009,12.43
20240628150009,10.29
20240628151009,12.45
20240628152009,9.53
20240628153009,7.28
20240628154009,3.88
20240628155009,11.81
20240628160009,9.59
20240628161009,12.84
20240628162009,12.52
20240628163009,11.12
20240628164009,8.75
20240628165009,5.65
20240717090009,18.64
20240717091009,5.91
20240717092009,3.23
20240717093009,3.98
20240717094009,22.49
20240717095009,20.36
20240717100009,41.63
20240717101009,39.57
20240717102009,108.41
20240717103009,105.01
20240717104009,171.03
20240717105009,197.1
20240717110009,292.91
20240717111009,213.6
20240717112009,809.69
20240717113009,281.21
20240717114009,189.06
20240717115009,288.24
20240717120009,327.11
20240717121009,228.91
20240717122009,220.71
20240717123009,249.75
20240717124009,219.82
20240717125009,245.18
20240717130009,210.55
20240717131009,170.36
20240717132009,8.83
20240717133009,25.18
20240717134009,33.37
20240717135009,27.13
20240717140009,36.17
20240717141009,38.54
20240717142009,26.91
20240717143009,17.25
20240717144009,13.5
20240717145009,10.76
20240717150009,13.35
20240717151009,11.16
20240717152009,13.66
20240717153009,13.97
20240717154009,23.59
20240717155009,14.38
20240717160009,25.98
20240717161009,10.75
20240717162009,8.77
20240717163009,7.31
20240717164009,4.94
20240717165009,6.32
20240316090010,21.96
20240316091010,34.01
20240316092010,26
20240316093010,38.66
20240316094010,77.65
20240316095010,139.49
20240316100010,109.48
20240316101010,83.53
20240316102010,73.09
20240316103010,40.21
20240316104010,17.68
20240316105010,13.43
20240316110010,0
20240316111010,52.45
20240316112010,25.9
20240316113010,63.29
20240316114010,61.67
20240316115010,58.26
20240316120010,50.83
20240316121010,60.3
20240316122010,37.64
20240316123010,31.45
20240316124010,34.45
20240316125010,36.14
20240316130010,33.4
20240316131010,18.47
20240316132010,9.97
20240316133010,11.79
20240316134010,17.89
20240316135010,12.62
20240316140010,0
20240316141010,10.22
20240316142010,14.46
20240316143010,14.35
20240316144010,6.05
20240316145010,5.28
20240316150010,7.9
20240316151010,1.29
20240316152010,0
20240316153010,0.92
20240316154010,4.49
20240316155010,6.09
20240316160010,6.07
20240316161010,5.24
20240316162010,4.02
20240316163010,2.96
20240316164010,6.06
20240316165010,7.75
20240324090010,458.44
20240324091010,468.44
20240324092010,500.7
20240324093010,551.15
20240324094010,204.64
20240324095010,812.12
20240324100010,732.39
20240324101010,485.22
20240324102010,438.5
20240324103010,472.5
20240324104010,245.04
20240324105010,218
20240324110010,281.1
20240324111010,339.56
20240324112010,693.51
20240324113010,750.18
20240324114010,590.17
20240324115010,334.92
20240324120010,318.84
20240324121010,540.67
20240324122010,586.9
20240324123010,578.54
20240324124010,519.71
20240324125010,460.11
20240324130010,424.17
20240324131010,472.32
20240324132010,420.73
20240324133010,404.17
20240324134010,416.08
20240324135010,333.32
20240324140010,311.95
20240324141010,317.34
20240324142010,308.7
20240324143010,206.36
20240324144010,28.71
20240324145010,39.3
20240324150010,44.2
20240324151010,44.03
20240324152010,43.3
20240324153010,35.75
20240324154010,27.6
20240324155010,24.9
20240324160010,27.06
20240324161010,19.54
20240324162010,9.96
20240324163010,12.53
20240324164010,11.8
20240324165010,11.98
20240412090010,17.12
20240412091010,22.26
20240412092010,17.45
20240412093010,45.59
20240412094010,91.65
20240412095010,154.34
20240412100010,502.72
20240412101010,506.33
20240412102010,544.51
20240412103010,597.46
20240412104010,456.35
20240412105010,527.68
20240412110010,647.3
20240412111010,753.59
20240412112010,817.92
20240412113010,713.8
20240412114010,715.1
20240412115010,724.43
20240412120010,750.29
20240412121010,718.6
20240412122010,476.91
20240412123010,267.48
20240412124010,285.53
20240412125010,240.05
20240412130010,220.33
20240412131010,222.49
20240412132010,209.64
20240412133010,237.03
20240412134010,26.02
20240412135010,0
20240412140010,0
20240412141010,46.25
20240412142010,17.62
20240412143010,19.86
20240412144010,5.68
20240412145010,0
20240412150010,0
20240412151010,0
20240412152010,0
20240412153010,0
20240412154010,0
20240412155010,8.42
20240412160010,10.91
20240412161010,3.51
20240412162010,5.26
20240412163010,3.51
20240412164010,2.04
20240412165010,4.95
20240419090010,0
20240419091010,1.11
20240419092010,0
20240419093010,25.12
20240419094010,0
20240419095010,0
20240419100010,74.86
20240419101010,102.44
20240419102010,452.47
20240419103010,169.5
20240419104010,123.41
20240419105010,260
20240419110010,272.2
20240419111010,227.5
20240419112010,672.36
20240419113010,731.05
20240419114010,751.79
20240419115010,682.71
20240419120010,644.3
20240419121010,636.53
20240419122010,639.36
20240419123010,722.8
20240419124010,1200.21
20240419125010,1344.3
20240419130010,1339.13
20240419131010,1386.68
20240419132010,1340.19
20240419133010,1214.37
20240419134010,1340.09
20240419135010,1113.56
20240419140010,1076.05
20240419141010,574.45
20240419142010,687.44
20240419143010,69.37
20240419144010,74.76
20240419145010,33.96
20240419150010,42.11
20240419151010,29.83
20240419152010,8.41
20240419153010,2.26
20240419154010,1.02
20240419155010,63.13
20240419160010,0.3
20240419161010,0
20240419162010,0
20240419163010,11.04
20240419164010,5.08
20240419165010,2.86
20240515090010,188.78
20240515091010,118.77
20240515092010,82.4
20240515093010,82.92
20240515094010,70.05
20240515095010,37.11
20240515100010,176.54
20240515101010,171.02
20240515102010,183.77
20240515103010,176.73
20240515104010,256.42
20240515105010,227.47
20240515110010,281.33
20240515111010,317.46
20240515112010,557.41
20240515113010,296.43
20240515114010,901.72
20240515115010,934.31
20240515120010,514.19
20240515121010,756.2
20240515122010,764.94
20240515123010,478.63
20240515124010,400.05
20240515125010,329.06
20240515130010,268.11
20240515131010,416.18
20240515132010,399.91
20240515133010,461.57
20240515134010,443.47
20240515135010,308.47
20240515140010,270.51
20240515141010,462.32
20240515142010,467.6
20240515143010,235.09
20240515144010,385.59
20240515145010,420.77
20240515150010,35.75
20240515151010,47.72
20240515152010,21.86
20240515153010,0
20240515154010,0
20240515155010,0
20240515160010,0
20240515161010,0
20240515162010,15.88
20240515163010,0
20240515164010,0
20240515165010,0
20240526090010,33.03
20240526091010,52.05
20240526092010,38.17
20240526093010,151.25
20240526094010,58.3
20240526095010,72.38
20240526100010,109.01
20240526101010,87.87
20240526102010,159.78
20240526103010,339.88
20240526104010,677.46
20240526105010,996.38
20240526110010,1022.35
20240526111010,1343.1
20240526112010,1283.41
20240526113010,1346.09
20240526114010,1450.78
20240526115010,1463.73
20240526120010,1565.4
20240526121010,1530.25
20240526122010,1647
20240526123010,1636.12
20240526124010,1506.44
20240526125010,1464.27
20240526130010,1538.22
20240526131010,1283.53
20240526132010,1328.78
20240526133010,1414.06
20240526134010,1413.04
20240526135010,1388.07
20240526140010,1143.49
20240526141010,947.54
20240526142010,724.43
20240526143010,748.06
20240526144010,740.95
20240526145010,156.36
20240526150010,52.52
20240526151010,36.61
20240526152010,39.04
20240526153010,20.68
20240526154010,32.66
20240526155010,38.47
20240526160010,2.29
20240526161010,5.64
20240526162010,9.9
20240526163010,5.38
20240526164010,0
20240526165010,0
20240617090010,189.5
20240617091010,215.53
20240617092010,315.11
20240617093010,269.69
20240617094010,454.36
20240617095010,509.79
20240617100010,448.11
20240617101010,756.38
20240617102010,633.78
20240617103010,651.34
20240617104010,1073.62
20240617105010,981.95
20240617110010,1360.4
20240617111010,1386.92
20240617112010,1367.04
20240617113010,1423.84
20240617114010,1394.77
20240617115010,1403.1
20240617120010,1396.33
20240617121010,1370.75
20240617122010,1416.49
20240617123010,1405.55
20240617124010,1312.89
20240617125010,1409.91
20240617130010,1398.98
20240617131010,1426.31
20240617132010,1430.78
20240617133010,1352.51
20240617134010,1328.73
20240617135010,1396.26
20240617140010,1476.74
20240617141010,1295.07
20240617142010,1164.58
20240617143010,1020.22
20240617144010,866.83
20240617145010,1047.3
20240617150010,726.7
20240617151010,438.48
20240617152010,62.21
20240617153010,31.44
20240617154010,0
20240617155010,0
20240617160010,0
20240617161010,24.01
20240617162010,3.54
20240617163010,0
20240617164010,51.25
20240617165010,48.95
20240630090010,127.14
20240630091010,55.72
20240630092010,52.75
20240630093010,181.6
20240630094010,483.64
20240630095010,436.2
20240630100010,644.42
20240630101010,523.29
20240630102010,600.25
20240630103010,633.71
20240630104010,693.22
20240630105010,826.83
20240630110010,1130.85
20240630111010,1110.19
20240630112010,1229.64
20240630113010,1191.22
20240630114010,1212.01
20240630115010,1319.12
20240630120010,1192.81
20240630121010,1201.51
20240630122010,1335.59
20240630123010,1283.1
20240630124010,1366.93
20240630125010,1330.54
20240630130010,1248.73
20240630131010,1237.11
20240630132010,1116.47
20240630133010,1289.03
20240630134010,952.86
20240630135010,1295.27
20240630140010,1066.37
20240630141010,956.85
20240630142010,673.84
20240630143010,645.33
20240630144010,513.4
20240630145010,576.9
20240630150010,486.5
20240630151010,89.08
20240630152010,8.37
20240630153010,26.66
20240630154010,0
20240630155010,0
20240630160010,44.42
20240630161010,65.61
20240630162010,43.11
20240630163010,44.74
20240630164010,21.79
20240630165010,19.44
20240714090010,71.45
20240714091010,19.25
20240714092010,116.57
20240714093010,443.01
20240714094010,436.44
20240714095010,626.66
20240714100010,478.45
20240714101010,380.02
20240714102010,361.07
20240714103010,657.94
20240714104010,680.23
20240714105010,713.65
20240714110010,1074.88
20240714111010,1195.91
20240714112010,1262.6
20240714113010,1270.42
20240714114010,1205.6
20240714115010,955.55
20240714120010,1081.88
20240714121010,1170.14
20240714122010,1454.17
20240714123010,1530.14
20240714124010,1586.59
20240714125010,1685.91
20240714130010,1523.3
20240714131010,1437.74
20240714132010,1536.16
20240714133010,1603.01
20240714134010,1376.5
20240714135010,1303.82
20240714140010,1378.32
20240714141010,1335.01
20240714142010,1029.17
20240714143010,1101.52
20240714144010,1043.21
20240714145010,783.86
20240714150010,760.21
20240714151010,671.98
20240714152010,352.51
20240714153010,75.71
20240714154010,72.83
20240714155010,82.85
20240714160010,52.06
20240714161010,33.66
20240714162010,39.11
20240714163010,25.07
20240714164010,16.03
20240714165010,1.95
20240718090010,31.85
20240718091010,40.07
20240718092010,78.22
20240718093010,304.43
20240718094010,280.95
20240718095010,257.08
20240718100010,479.17
20240718101010,580.35
20240718102010,500.96
20240718103010,712.7
20240718104010,948.25
20240718105010,1239.96
20240718110010,1447.88
20240718111010,1542.37
20240718112010,1566.52
20240718113010,1612.91
20240718114010,1118.97
20240718115010,1196.45
20240718120010,1176.78
20240718121010,1250.51
20240718122010,1263.22
20240718123010,1358.7
20240718124010,1550.44
20240718125010,1590.54
20240718130010,1555.11
20240718131010,1434.1
20240718132010,1320.09
20240718133010,1449.91
20240718134010,1446.3
20240718135010,1392.84
20240718140010,1404.57
20240718141010,1363.21
20240718142010,1223.33
20240718143010,1402.99
20240718144010,1563.75
20240718145010,1179.97
20240718150010,1015.49
20240718151010,642.04
20240718152010,185.65
20240718153010,94.78
20240718154010,81.61
20240718155010,12.19
20240718160010,154.71
20240718161010,48.85
20240718162010,53.43
20240718163010,38.5
20240718164010,66.1
20240718165010,38.62
20240720090010,52.16
20240720091010,67.65
20240720092010,13.43
20240720093010,331.68
20240720094010,318.95
20240720095010,456.71
20240720100010,385.39
20240720101010,500.44
20240720102010,498.77
20240720103010,623.57
20240720104010,852.12
20240720105010,1105.23
20240720110010,1075.07
20240720111010,1246.56
20240720112010,1536.59
20240720113010,1478.71
20240720114010,1371.44
20240720115010,1486.99
20240720120010,1462.57
20240720121010,1467.59
20240720122010,1431.95
20240720123010,1469.39
20240720124010,1411.01
20240720125010,1374.55
20240720130010,1412.35
20240720131010,1465.81
20240720132010,1201.21
20240720133010,1215.83
20240720134010,1238.36
20240720135010,1270.3
20240720140010,1102.49
20240720141010,1177.82
20240720142010,715.36
20240720143010,607.59
20240720144010,617.98
20240720145010,446.81
20240720150010,380.02
20240720151010,342.89
20240720152010,246.19
20240720153010,61.18
20240720154010,45.07
20240720155010,101.99
20240720160010,99.59
20240720161010,113.44
20240720162010,45.63
20240720163010,114.44
20240720164010,99.86
20240720165010,66.42
20240322090011,71.18
20240322091011,73.61
20240322092011,42.44
20240322093011,324.68
20240322094011,536.68
20240322095011,652.8
20240322100011,863.26
20240322101011,664.02
20240322102011,722.06
20240322103011,920.56
20240322104011,940.36
20240322105011,995.16
20240322110011,1227.57
20240322111011,1247.95
20240322112011,1160.06
20240322113011,1229.5
20240322114011,1235.04
20240322115011,1300.62
20240322120011,1411.06
20240322121011,1370.45
20240322122011,1338.18
20240322123011,1328.72
20240322124011,1265.44
20240322125011,1308.36
20240322130011,1283.98
20240322131011,1304.02
20240322132011,1294.34
20240322133011,1323.04
20240322134011,1302.69
20240322135011,1302.42
20240322140011,1171.7
20240322141011,1233.44
20240322142011,1262.25
20240322143011,1211.73
20240322144011,1221.94
20240322145011,1275.83
20240322150011,991.31
20240322151011,853.58
20240322152011,243.18
20240322153011,39.41
20240322154011,160.13
20240322155011,104.81
20240322160011,35.33
20240322161011,25.09
20240322162011,41.99
20240322163011,77.91
20240322164011,132.39
20240322165011,110.96
20240327090011,49.4
20240327091011,30.1
20240327092011,20.76
20240327093011,0
20240327094011,0
20240327095011,189.65
20240327100011,64.07
20240327101011,460.98
20240327102011,359.56
20240327103011,552.62
20240327104011,873.19
20240327105011,1021.75
20240327110011,1372.96
20240327111011,1317.27
20240327112011,1205.21
20240327113011,1393.6
20240327114011,1360.43
20240327115011,1186.08
20240327120011,1080.42
20240327121011,972.01
20240327122011,1367.53
20240327123011,1141.07
20240327124011,724.55
20240327125011,984.15
20240327130011,874.36
20240327131011,713.07
20240327132011,601.78
20240327133011,622.61
20240327134011,559.59
20240327135011,843.33
20240327140011,843.28
20240327141011,695.89
20240327142011,664.17
20240327143011,352.57
20240327144011,469.71
20240327145011,439.7
20240327150011,374.76
20240327151011,172.21
20240327152011,80.46
20240327153011,71.25
20240327154011,64.75
20240327155011,43.69
20240327160011,56.68
20240327161011,29.52
20240327162011,4.38
20240327163011,20.68
20240327164011,15.44
20240327165011,18.58
20240413090011,27.54
20240413091011,9.32
20240413092011,5.57
20240413093011,0
20240413094011,9.72
20240413095011,173.2
20240413100011,598.65
20240413101011,575.54
20240413102011,409.1
20240413103011,240.77
20240413104011,479.9
20240413105011,1174.82
20240413110011,1202.48
20240413111011,1388.53
20240413112011,1505.75
20240413113011,1395.99
20240413114011,1329.45
20240413115011,1360.82
20240413120011,1494.59
20240413121011,1618.3
20240413122011,1488.73
20240413123011,1492.93
20240413124011,1385.84
20240413125011,1524.1
20240413130011,1308.85
20240413131011,1487.23
20240413132011,1477.61
20240413133011,1484.02
20240413134011,1489.05
20240413135011,1288.12
20240413140011,1276.56
20240413141011,1340.76
20240413142011,906.39
20240413143011,635.93
20240413144011,490.82
20240413145011,270.19
20240413150011,238.2
20240413151011,0
20240413152011,0
20240413153011,0
20240413154011,0
20240413155011,21.99
20240413160011,0
20240413161011,14.14
20240413162011,0.34
20240413163011,0
20240413164011,0
20240413165011,0
20240426090011,83.1
20240426091011,55
20240426092011,38.45
20240426093011,68.39
20240426094011,86.43
20240426095011,94.04
20240426100011,154
20240426101011,105.62
20240426102011,135.19
20240426103011,210.01
20240426104011,271.03
20240426105011,242.88
20240426110011,265.29
20240426111011,315.14
20240426112011,403.46
20240426113011,505.08
20240426114011,471.88
20240426115011,611.49
20240426120011,796.58
20240426121011,621.35
20240426122011,485.13
20240426123011,266.51
20240426124011,343.71
20240426125011,479.14
20240426130011,276.38
20240426131011,198.51
20240426132011,58.9
20240426133011,164.7
20240426134011,103.64
20240426135011,191.93
20240426140011,99.55
20240426141011,181.41
20240426142011,11.96
20240426143011,60.58
20240426144011,24.1
20240426145011,9.8
20240426150011,18.55
20240426151011,0
20240426152011,17.94
20240426153011,16.07
20240426154011,0
20240426155011,0
20240426160011,0
20240426161011,0
20240426162011,0
20240426163011,3.66
20240426164011,0
20240426165011,0
20240606090011,7.32
20240606091011,30.65
20240606092011,29.92
20240606093011,88.08
20240606094011,172.3
20240606095011,168.44
20240606100011,369.72
20240606101011,342.9
20240606102011,503.44
20240606103011,516.07
20240606104011,750.8
20240606105011,1076.87
20240606110011,1310.45
20240606111011,1271.29
20240606112011,1157.11
20240606113011,1073.05
20240606114011,934.71
20240606115011,810.42
20240606120011,894.12
20240606121011,853.71
20240606122011,850.2
20240606123011,949.66
20240606124011,989.31
20240606125011,872.64
20240606130011,838.16
20240606131011,390.75
20240606132011,555.38
20240606133011,791.62
20240606134011,270.9
20240606135011,324.16
20240606140011,217.98
20240606141011,207.33
20240606142011,140.45
20240606143011,125.42
20240606144011,254.86
20240606145011,107.71
20240606150011,81.67
20240606151011,67.55
20240606152011,50.87
20240606153011,45.93
20240606154011,58.63
20240606155011,40.45
20240606160011,54.06
20240606161011,41.37
20240606162011,48.98
20240606163011,47.78
20240606164011,37.82
20240606165011,0
20240712090011,18.95
20240712091011,1.25
20240712092011,6.45
20240712093011,23.64
20240712094011,17.1
20240712095011,7.5
20240712100011,8.49
20240712101011,12.22
20240712102011,22.86
20240712103011,32.57
20240712104011,24.18
20240712105011,28.33
20240712110011,7.07
20240712111011,20.74
20240712112011,0
20240712113011,2.36
20240712114011,5.3
20240712115011,2.96
20240712120011,6.47
20240712121011,4.61
20240712122011,9.74
20240712123011,0
20240712124011,3.29
20240712125011,0.79
20240712130011,0
20240712131011,3.11
20240712132011,6.93
20240712133011,8.89
20240712134011,0.91
20240712135011,0
20240712140011,0
20240712141011,3.87
20240712142011,0
20240712143011,2.13
20240712144011,0
20240712145011,1.37
20240712150011,0
20240712151011,0
20240712152011,0
20240712153011,0
20240712154011,0
20240712155011,0
20240712160011,0
20240712161011,0
20240712162011,0
20240712163011,0
20240712164011,0
20240712165011,0
20240315090012,27.18
20240315091012,25.86
20240315092012,18.03
20240315093012,15.88
20240315094012,28.67
20240315095012,76.27
20240315100012,339.76
20240315101012,751.69
20240315102012,1015.89
20240315103012,844.23
20240315104012,778.34
20240315105012,896.68
20240315110012,1087.9
20240315111012,1063.25
20240315112012,1041
20240315113012,1038.99
20240315114012,991.92
20240315115012,1298.62
20240315120012,1316.15
20240315121012,899.33
20240315122012,993.76
20240315123012,847.86
20240315124012,949.82
20240315125012,561
20240315130012,766.75
20240315131012,774.77
20240315132012,236.17
20240315133012,94.65
20240315134012,536.15
20240315135012,475.28
20240315140012,171.19
20240315141012,97.47
20240315142012,34.5
20240315143012,25.16
20240315144012,6.98
20240315145012,0
20240315150012,2.12
20240315151012,10.59
20240315152012,0
20240315153012,19.57
20240315154012,14.1
20240315155012,14.27
20240315160012,0.24
20240315161012,9.61
20240315162012,11.41
20240315163012,8.52
20240315164012,2.95
20240315165012,0
20240317090012,17.13
20240317091012,9.38
20240317092012,1.93
20240317093012,5.84
20240317094012,59.84
20240317095012,118.95
20240317100012,100.58
20240317101012,836.56
20240317102012,1073.01
20240317103012,961.02
20240317104012,1176.6
20240317105012,1262.36
20240317110012,1267.4
20240317111012,1078.54
20240317112012,1117.32
20240317113012,1589.46
20240317114012,1563.66
20240317115012,1538.67
20240317120012,1591.31
20240317121012,1660.89
20240317122012,1283.43
20240317123012,1144.03
20240317124012,1126.91
20240317125012,1618.07
20240317130012,1647.65
20240317131012,1577.21
20240317132012,1288.77
20240317133012,1194.07
20240317134012,1145.91
20240317135012,942.2
20240317140012,1032.99
20240317141012,807.28
20240317142012,187.52
20240317143012,79.68
20240317144012,43.32
20240317145012,53.41
20240317150012,53.69
20240317151012,17.26
20240317152012,30.32
20240317153012,0
20240317154012,0.8
20240317155012,5.96
20240317160012,7.78
20240317161012,5.04
20240317162012,3.93
20240317163012,5.31
20240317164012,0
20240317165012,2.53
20240412090012,26.34
20240412091012,13.19
20240412092012,32.6
20240412093012,261.72
20240412094012,76.06
20240412095012,194.69
20240412100012,163.63
20240412101012,274.4
20240412102012,393.71
20240412103012,423.68
20240412104012,669.54
20240412105012,754.68
20240412110012,703.43
20240412111012,627.68
20240412112012,505.12
20240412113012,620.7
20240412114012,648.35
20240412115012,982.76
20240412120012,804.34
20240412121012,558.09
20240412122012,568.84
20240412123012,102.74
20240412124012,110.65
20240412125012,74.52
20240412130012,125.44
20240412131012,138.24
20240412132012,49.85
20240412133012,93.76
20240412134012,10.18
20240412135012,0
20240412140012,16.07
20240412141012,14.21
20240412142012,1.16
20240412143012,22.46
20240412144012,16.48
20240412145012,0
20240412150012,13.44
20240412151012,8.92
20240412152012,0
20240412153012,0.44
20240412154012,31.74
20240412155012,0
20240412160012,0.71
20240412161012,0
20240412162012,0
20240412163012,0
20240412164012,1.38
20240412165012,0
20240426090012,28.49
20240426091012,49.84
20240426092012,44.13
20240426093012,69.31
20240426094012,61.81
20240426095012,47.24
20240426100012,64.71
20240426101012,81.12
20240426102012,67.35
20240426103012,45.26
20240426104012,73.73
20240426105012,93.44
20240426110012,0
20240426111012,0
20240426112012,40.38
20240426113012,17.91
20240426114012,0
20240426115012,0
20240426120012,0
20240426121012,0
20240426122012,0
20240426123012,0
20240426124012,0
20240426125012,0
20240426130012,0
20240426131012,0
20240426132012,0
20240426133012,15.61
20240426134012,0
20240426135012,4.7
20240426140012,1.02
20240426141012,7.94
20240426142012,0
20240426143012,0
20240426144012,0
20240426145012,0
20240426150012,0
20240426151012,0
20240426152012,0
20240426153012,0
20240426154012,0
20240426155012,0
20240426160012,0
20240426161012,0
20240426162012,0
20240426163012,0
20240426164012,0
20240426165012,9.79
20240521090012,0.09
20240521091012,3.75
20240521092012,4.57
20240521093012,1.83
20240521094012,3.73
20240521095012,4.06
20240521100012,5.52
20240521101012,6.5
20240521102012,2.05
20240521103012,3.79
20240521104012,11.16
20240521105012,13.94
20240521110012,21.09
20240521111012,20.06
20240521112012,14.38
20240521113012,13.44
20240521114012,9.54
20240521115012,19.06
20240521120012,4.57
20240521121012,9.04
20240521122012,2.23
20240521123012,3.4
20240521124012,5.39
20240521125012,6.11
20240521130012,10.99
20240521131012,9.67
20240521132012,9.23
20240521133012,20.56
20240521134012,14.7
20240521135012,17.07
20240521140012,39.21
20240521141012,20.98
20240521142012,49.85
20240521143012,48.31
20240521144012,293.5
20240521145012,136.53
20240521150012,32.93
20240521151012,5.52
20240521152012,9.01
20240521153012,18.5
20240521154012,13.99
20240521155012,5.22
20240521160012,0
20240521161012,0
20240521162012,0
20240521163012,0
20240521164012,0
20240521165012,0
20240619090012,26.5
20240619091012,35.82
20240619092012,37.35
20240619093012,30.79
20240619094012,57.25
20240619095012,90.9
20240619100012,99.35
20240619101012,298.06
20240619102012,551.29
20240619103012,665.47
20240619104012,923.03
20240619105012,939.29
20240619110012,1200.42
20240619111012,1170.14
20240619112012,1261.29
20240619113012,1193.23
20240619114012,1228.85
20240619115012,997.01
20240619120012,1004.51
20240619121012,1015.17
20240619122012,630.48
20240619123012,532.28
20240619124012,520.62
20240619125012,526.93
20240619130012,569.03
20240619131012,468.62
20240619132012,526.22
20240619133012,469.59
20240619134012,338.53
20240619135012,302.71
20240619140012,196.8
20240619141012,118.01
20240619142012,66.08
20240619143012,56.7
20240619144012,34.76
20240619145012,56.09
20240619150012,54.25
20240619151012,36.77
20240619152012,54.01
20240619153012,18.43
20240619154012,25.58
20240619155012,37.83
20240619160012,49.52
20240619161012,30.89
20240619162012,36.79
20240619163012,30.29
20240619164012,8.59
20240619165012,2.32
20240621090012,215.72
20240621091012,195.36
20240621092012,228.15
20240621093012,564.48
20240621094012,715.22
20240621095012,783.67
20240621100012,733.23
20240621101012,736.79
20240621102012,916.49
20240621103012,1020.53
20240621104012,1164.21
20240621105012,1298.73
20240621110012,1664.96
20240621111012,1640.35
20240621112012,1511.21
20240621113012,1245.76
20240621114012,1438.36
20240621115012,1413.45
20240621120012,970.71
20240621121012,876.67
20240621122012,803.55
20240621123012,993.44
20240621124012,879.51
20240621125012,821.12
20240621130012,879.61
20240621131012,974.29
20240621132012,847.16
20240621133012,801.96
20240621134012,773.59
20240621135012,847.31
20240621140012,444.36
20240621141012,793.52
20240621142012,821.53
20240621143012,695.46
20240621144012,539.25
20240621145012,100.22
20240621150012,37.83
20240621151012,17.84
20240621152012,14.01
20240621153012,0
20240621154012,0
20240621155012,0
20240621160012,5.86
20240621161012,0
20240621162012,0
20240621163012,9.92
20240621164012,13.38
20240621165012,2.98
20240705090012,18.09
20240705091012,32.41
20240705092012,26.58
20240705093012,35.83
20240705094012,72.75
20240705095012,133.72
20240705100012,94.48
20240705101012,79.92
20240705102012,71.53
20240705103012,48.91
20240705104012,30.63
20240705105012,31.06
20240705110012,0
20240705111012,78.62
20240705112012,40.21
20240705113012,50.13
20240705114012,49.74
20240705115012,45.88
20240705120012,46.18
20240705121012,47.37
20240705122012,31.24
20240705123012,30.77
20240705124012,27.97
20240705125012,30.88
20240705130012,28.22
20240705131012,14.11
20240705132012,8.82
20240705133012,10.1
20240705134012,12.26
20240705135012,8.37
20240705140012,4.34
20240705141012,11.64
20240705142012,15.59
20240705143012,10.46
20240705144012,5.87
20240705145012,4.79
20240705150012,8
20240705151012,0.91
20240705152012,0
20240705153012,0
20240705154012,4.02
20240705155012,6.69
20240705160012,6.71
20240705161012,6.06
20240705162012,3.93
20240705163012,2.88
20240705164012,5.52
20240705165012,7.35
20240713090012,0
20240713091012,0
20240713092012,0
20240713093012,17.1
20240713094012,0
20240713095012,0
20240713100012,3.54
20240713101012,5.75
20240713102012,0
20240713103012,0
20240713104012,10.14
20240713105012,150.06
20240713110012,137.79
20240713111012,182.83
20240713112012,161.24
20240713113012,6.29
20240713114012,86.92
20240713115012,39.53
20240713120012,68.13
20240713121012,319.76
20240713122012,167.75
20240713123012,220.09
20240713124012,254.34
20240713125012,395.08
20240713130012,358.92
20240713131012,447.83
20240713132012,629.1
20240713133012,107.49
20240713134012,0
20240713135012,95.54
20240713140012,171.88
20240713141012,133.53
20240713142012,123.24
20240713143012,44.41
20240713144012,52
20240713145012,1.07
20240713150012,12.81
20240713151012,42.22
20240713152012,21.22
20240713153012,8.44
20240713154012,1.07
20240713155012,0
20240713160012,0
20240713161012,0
20240713162012,0
20240713163012,0
20240713164012,0
20240713165012,0
20240214090013,104.78
20240214091013,73.71
20240214092013,79.93
20240214093013,75.08
20240214094013,760.53
20240214095013,808.35
20240214100013,534.89
20240214101013,672.6
20240214102013,768.57
20240214103013,733.07
20240214104013,1006.69
20240214105013,928.24
20240214110013,1206.09
20240214111013,1090.45
20240214112013,1147.96
20240214113013,1055.97
20240214114013,1105.98
20240214115013,1085.61
20240214120013,1021.63
20240214121013,1049.73
20240214122013,928.52
20240214123013,979.37
20240214124013,1058.74
20240214125013,1012.04
20240214130013,997.92
20240214131013,1129.4
20240214132013,957.52
20240214133013,965.59
20240214134013,933.83
20240214135013,1107.97
20240214140013,1035.68
20240214141013,1012.5
20240214142013,858.35
20240214143013,968.57
20240214144013,916.58
20240214145013,1009.92
20240214150013,804.56
20240214151013,0
20240214152013,20.91
20240214153013,49.59
20240214154013,81.71
20240214155013,56.6
20240214160013,61.05
20240214161013,34.66
20240214162013,36.82
20240214163013,12
20240214164013,33.35
20240214165013,21.42
20240221090013,33.85
20240221091013,52.98
20240221092013,39.48
20240221093013,147.26
20240221094013,46.72
20240221095013,55.98
20240221100013,96.05
20240221101013,82.84
20240221102013,155.65
20240221103013,335.85
20240221104013,675.38
20240221105013,996.65
20240221110013,1024.7
20240221111013,1342.91
20240221112013,1283.31
20240221113013,1346.12
20240221114013,1450.68
20240221115013,1467.67
20240221120013,1569.37
20240221121013,1534.22
20240221122013,1646.59
20240221123013,1611.68
20240221124013,1518.07
20240221125013,1474.83
20240221130013,1546.16
20240221131013,1292.57
20240221132013,1334.47
20240221133013,1364
20240221134013,1391.84
20240221135013,1379.82
20240221140013,1142.79
20240221141013,940.83
20240221142013,733.04
20240221143013,762.81
20240221144013,754.47
20240221145013,157.73
20240221150013,55.09
20240221151013,41.14
20240221152013,38.01
20240221153013,19.1
20240221154013,33.93
20240221155013,38.56
20240221160013,4
20240221161013,6.5
20240221162013,10.69
20240221163013,6.26
20240221164013,0
20240221165013,0
20240314090013,19.03
20240314091013,63.35
20240314092013,47.11
20240314093013,197.66
20240314094013,500.94
20240314095013,640.84
20240314100013,870.35
20240314101013,841.48
20240314102013,752.04
20240314103013,819.1
20240314104013,1048.61
20240314105013,1027.46
20240314110013,1328.67
20240314111013,1437.99
20240314112013,1469.98
20240314113013,1393.04
20240314114013,1541.59
20240314115013,1492.44
20240314120013,1434.34
20240314121013,1435.89
20240314122013,1437.4
20240314123013,1430.55
20240314124013,1468.7
20240314125013,1436.27
20240314130013,1391.84
20240314131013,1545.74
20240314132013,1426.27
20240314133013,1325.45
20240314134013,1389.87
20240314135013,1083.44
20240314140013,1120.01
20240314141013,1255.24
20240314142013,1336.58
20240314143013,1414.54
20240314144013,1133.41
20240314145013,1091.54
20240314150013,1230.13
20240314151013,987.08
20240314152013,180.56
20240314153013,106.19
20240314154013,97.43
20240314155013,94.03
20240314160013,113.53
20240314161013,99.95
20240314162013,109.16
20240314163013,69.27
20240314164013,47.76
20240314165013,49.42
20240316090013,89.83
20240316091013,61.49
20240316092013,37.07
20240316093013,75.18
20240316094013,83.59
20240316095013,85.3
20240316100013,139.03
20240316101013,74.58
20240316102013,137.76
20240316103013,172.61
20240316104013,212.02
20240316105013,185.31
20240316110013,218.85
20240316111013,229.41
20240316112013,303.21
20240316113013,353.03
20240316114013,384.08
20240316115013,528.06
20240316120013,741.92
20240316121013,529.54
20240316122013,380.14
20240316123013,168.02
20240316124013,221.98
20240316125013,364.16
20240316130013,196.44
20240316131013,134.2
20240316132013,15.72
20240316133013,110.37
20240316134013,65.77
20240316135013,177.37
20240316140013,87.62
20240316141013,165.1
20240316142013,18.43
20240316143013,75.85
20240316144013,29.85
20240316145013,18.95
20240316150013,26.99
20240316151013,0
20240316152013,21.35
20240316153013,15.3
20240316154013,0
20240316155013,0
20240316160013,0
20240316161013,0
20240316162013,0
20240316163013,2.4
20240316164013,0
20240316165013,0
20240328090013,26.04
20240328091013,35.57
20240328092013,29.69
20240328093013,87.65
20240328094013,163.14
20240328095013,163.68
20240328100013,364.99
20240328101013,336.92
20240328102013,374.11
20240328103013,452.59
20240328104013,578.06
20240328105013,956.18
20240328110013,1355.51
20240328111013,1343
20240328112013,1221.6
20240328113013,1126.01
20240328114013,909.13
20240328115013,875.77
20240328120013,981.68
20240328121013,923.1
20240328122013,920.4
20240328123013,963.95
20240328124013,993.93
20240328125013,912.26
20240328130013,892.4
20240328131013,390.65
20240328132013,626.22
20240328133013,842.94
20240328134013,319.37
20240328135013,326.73
20240328140013,220.9
20240328141013,210.19
20240328142013,143.3
20240328143013,128.34
20240328144013,257.78
20240328145013,109.45
20240328150013,84.2
20240328151013,70.22
20240328152013,53.61
20240328153013,48.63
20240328154013,61.39
20240328155013,43.15
20240328160013,54.25
20240328161013,41.36
20240328162013,51.89
20240328163013,50.69
20240328164013,40.79
20240328165013,0
20240412090013,14.81
20240412091013,27.29
20240412092013,23.68
20240412093013,14.52
20240412094013,13.18
20240412095013,13.63
20240412100013,15.83
20240412101013,16.8
20240412102013,13.91
20240412103013,14.29
20240412104013,11.91
20240412105013,8.94
20240412110013,10.76
20240412111013,15.47
20240412112013,17.82
20240412113013,12.02
20240412114013,18.09
20240412115013,16.45
20240412120013,19.54
20240412121013,5.01
20240412122013,7.35
20240412123013,14.53
20240412124013,4.78
20240412125013,8.33
20240412130013,10.63
20240412131013,6.28
20240412132013,11.26
20240412133013,11.59
20240412134013,5.64
20240412135013,6.13
20240412140013,2.57
20240412141013,7.82
20240412142013,1.62
20240412143013,3.79
20240412144013,0
20240412145013,0
20240412150013,0
20240412151013,0
20240412152013,0
20240412153013,0
20240412154013,0
20240412155013,0
20240412160013,3.22
20240412161013,8.02
20240412162013,12.53
20240412163013,6.51
20240412164013,25.49
20240412165013,23.75
20240619090013,0
20240619091013,4.12
20240619092013,0
20240619093013,0
20240619094013,0
20240619095013,0
20240619100013,4.35
20240619101013,0.63
20240619102013,0
20240619103013,0
20240619104013,0.7
20240619105013,0
20240619110013,2.31
20240619111013,0
20240619112013,7.65
20240619113013,12.8
20240619114013,8.15
20240619115013,5.14
20240619120013,13.58
20240619121013,5.04
20240619122013,4.33
20240619123013,6.09
20240619124013,8.68
20240619125013,11.94
20240619130013,17.23
20240619131013,31.3
20240619132013,0
20240619133013,0
20240619134013,49.52
20240619135013,36.16
20240619140013,44.93
20240619141013,55.2
20240619142013,43.34
20240619143013,46.27
20240619144013,65.94
20240619145013,97.73
20240619150013,33
20240619151013,0
20240619152013,0
20240619153013,0
20240619154013,0
20240619155013,0
20240619160013,38.99
20240619161013,20.38
20240619162013,0
20240619163013,0
20240619164013,0
20240619165013,0
20240225090014,49.28
20240225091014,40.61
20240225092014,59.57
20240225093014,45.68
20240225094014,61.32
20240225095014,32.14
20240225100014,75.91
20240225101014,124.85
20240225102014,43.02
20240225103014,183.46
20240225104014,426.96
20240225105014,727.58
20240225110014,964.45
20240225111014,849.95
20240225112014,860.05
20240225113014,840.71
20240225114014,880.72
20240225115014,890.16
20240225120014,885.37
20240225121014,799.34
20240225122014,576.26
20240225123014,1218.26
20240225124014,771.87
20240225125014,791.31
20240225130014,949.48
20240225131014,862.13
20240225132014,1244.25
20240225133014,774.18
20240225134014,542.16
20240225135014,490.87
20240225140014,549.1
20240225141014,410.56
20240225142014,321.15
20240225143014,71.6
20240225144014,54.56
20240225145014,45.2
20240225150014,69.99
20240225151014,40.1
20240225152014,32.76
20240225153014,31.15
20240225154014,14.29
20240225155014,10.71
20240225160014,4.1
20240225161014,0.39
20240225162014,0
20240225163014,0
20240225164014,0
20240225165014,0
20240227090014,65.4
20240227091014,54.06
20240227092014,71.54
20240227093014,76.25
20240227094014,106.52
20240227095014,70.41
20240227100014,43.89
20240227101014,752.17
20240227102014,894.85
20240227103014,888.04
20240227104014,790.71
20240227105014,697.14
20240227110014,900.28
20240227111014,820.42
20240227112014,866.56
20240227113014,885.03
20240227114014,608
20240227115014,914.33
20240227120014,1249.38
20240227121014,1283.57
20240227122014,1296.31
20240227123014,1277.11
20240227124014,1197.63
20240227125014,1296
20240227130014,1147.32
20240227131014,972.3
20240227132014,1025.93
20240227133014,1083.76
20240227134014,967.39
20240227135014,837.54
20240227140014,943.52
20240227141014,685.37
20240227142014,497.59
20240227143014,467.66
20240227144014,408.1
20240227145014,422.35
20240227150014,338.82
20240227151014,84.72
20240227152014,46.08
20240227153014,31.12
20240227154014,32.93
20240227155014,20.78
20240227160014,29.46
20240227161014,12.36
20240227162014,11.36
20240227163014,6.95
20240227164014,7.92
20240227165014,6.93
20240327090014,40.96
20240327091014,21.25
20240327092014,20.51
20240327093014,0
20240327094014,46.1
20240327095014,1.88
20240327100014,44.9
20240327101014,287.99
20240327102014,429.53
20240327103014,694.36
20240327104014,656.71
20240327105014,616.62
20240327110014,972.88
20240327111014,1046.73
20240327112014,1095.63
20240327113014,1138.52
20240327114014,1291.29
20240327115014,1282.71
20240327120014,1299.77
20240327121014,1389.36
20240327122014,1429.93
20240327123014,1220.92
20240327124014,1191.38
20240327125014,1121.72
20240327130014,930.61
20240327131014,572.12
20240327132014,397.65
20240327133014,93.39
20240327134014,107.72
20240327135014,74.52
20240327140014,85.45
20240327141014,52.86
20240327142014,49.32
20240327143014,66.84
20240327144014,36.52
20240327145014,16.61
20240327150014,22.53
20240327151014,17.39
20240327152014,14.99
20240327153014,14
20240327154014,10.63
20240327155014,13.33
20240327160014,11.88
20240327161014,9.99
20240327162014,8.25
20240327163014,0.2
20240327164014,4.44
20240327165014,7.1
20240417090014,21.06
20240417091014,40.31
20240417092014,42.22
20240417093014,50.08
20240417094014,44.77
20240417095014,67.16
20240417100014,58.35
20240417101014,65.37
20240417102014,78.42
20240417103014,92.08
20240417104014,100.25
20240417105014,125.41
20240417110014,95.79
20240417111014,90.73
20240417112014,80.55
20240417113014,70.73
20240417114014,64.45
20240417115014,96.19
20240417120014,74.81
20240417121014,83.43
20240417122014,99.51
20240417123014,48.68
20240417124014,42.56
20240417125014,84.85
20240417130014,44.78
20240417131014,17.43
20240417132014,10.29
20240417133014,19.51
20240417134014,17.99
20240417135014,21.11
20240417140014,24.55
20240417141014,13.79
20240417142014,9.49
20240417143014,4.7
20240417144014,1.41
20240417145014,0
20240417150014,0.1
20240417151014,0
20240417152014,4.12
20240417153014,3.33
20240417154014,2.16
20240417155014,3.3
20240417160014,3.86
20240417161014,0.35
20240417162014,0.98
20240417163014,2.15
20240417164014,18.89
20240417165014,26.98
20240517090014,18.92
20240517091014,18.94
20240517092014,16.53
20240517093014,15.97
20240517094014,19.46
20240517095014,5.36
20240517100014,27.81
20240517101014,52.32
20240517102014,40.13
20240517103014,26.79
20240517104014,46.76
20240517105014,21.6
20240517110014,19.42
20240517111014,20.42
20240517112014,0
20240517113014,19.72
20240517114014,58.81
20240517115014,51.55
20240517120014,0
20240517121014,6.61
20240517122014,0
20240517123014,0
20240517124014,0.38
20240517125014,7.94
20240517130014,10.68
20240517131014,20.69
20240517132014,18.41
20240517133014,15.18
20240517134014,20.77
20240517135014,23.61
20240517140014,22.89
20240517141014,29.14
20240517142014,23.05
20240517143014,24.86
20240517144014,23.1
20240517145014,20.76
20240517150014,25.09
20240517151014,21.4
20240517152014,13.33
20240517153014,14.46
20240517154014,8.33
20240517155014,11.28
20240517160014,13.49
20240517161014,10.56
20240517162014,9.07
20240517163014,7.22
20240517164014,7.57
20240517165014,5.64
20240704090014,80.2
20240704091014,52.74
20240704092014,47.9
20240704093014,122.26
20240704094014,182.71
20240704095014,414.63
20240704100014,362.47
20240704101014,755.65
20240704102014,552.32
20240704103014,473.01
20240704104014,631.77
20240704105014,820.21
20240704110014,1065.72
20240704111014,831.29
20240704112014,1008.28
20240704113014,1279.05
20240704114014,1073.9
20240704115014,1182.22
20240704120014,1324.42
20240704121014,1176.39
20240704122014,1205.22
20240704123014,1181.53
20240704124014,1083.66
20240704125014,1071.42
20240704130014,971.9
20240704131014,903.06
20240704132014,931.74
20240704133014,904.33
20240704134014,913.52
20240704135014,659.25
20240704140014,620.67
20240704141014,406.74
20240704142014,136.85
20240704143014,92.01
20240704144014,31.98
20240704145014,77.23
20240704150014,36.62
20240704151014,37.45
20240704152014,18.27
20240704153014,25.55
20240704154014,21.87
20240704155014,22.94
20240704160014,20.17
20240704161014,19.76
20240704162014,9.29
20240704163014,12.73
20240704164014,10.53
20240704165014,8.76
20240715090014,22.06
20240715091014,11.05
20240715092014,21.49
20240715093014,61.65
20240715094014,16.75
20240715095014,3.39
20240715100014,20.92
20240715101014,1.34
20240715102014,0
20240715103014,3.73
20240715104014,21.88
20240715105014,0
20240715110014,0
20240715111014,60.66
20240715112014,50.87
20240715113014,46.64
20240715114014,76.03
20240715115014,68.82
20240715120014,18.82
20240715121014,9.58
20240715122014,0
20240715123014,0
20240715124014,0
20240715125014,67.31
20240715130014,69.52
20240715131014,0
20240715132014,26.12
20240715133014,35.36
20240715134014,19.01
20240715135014,13.92
20240715140014,10.15
20240715141014,23.74
20240715142014,37.76
20240715143014,45.63
20240715144014,41.34
20240715145014,50.29
20240715150014,71.37
20240715151014,40.88
20240715152014,29.87
20240715153014,42.49
20240715154014,35.51
20240715155014,28.55
20240715160014,24.35
20240715161014,19.17
20240715162014,6.49
20240715163014,5.25
20240715164014,6.48
20240715165014,6.26
20240215090015,18.09
20240215091015,32.41
20240215092015,26.58
20240215093015,35.83
20240215094015,72.75
20240215095015,133.72
20240215100015,94.48
20240215101015,79.92
20240215102015,71.53
20240215103015,48.91
20240215104015,30.63
20240215105015,31.06
20240215110015,0
20240215111015,78.62
20240215112015,40.21
20240215113015,50.13
20240215114015,49.74
20240215115015,45.88
20240215120015,46.18
20240215121015,47.37
20240215122015,31.24
20240215123015,30.77
20240215124015,27.97
20240215125015,30.88
20240215130015,28.22
20240215131015,14.11
20240215132015,8.82
20240215133015,10.1
20240215134015,12.26
20240215135015,8.37
20240215140015,4.34
20240215141015,11.64
20240215142015,15.59
20240215143015,10.46
20240215144015,5.87
20240215145015,4.79
20240215150015,8
20240215151015,0.91
20240215152015,0
20240215153015,0
20240215154015,4.02
20240215155015,6.69
20240215160015,6.71
20240215161015,6.06
20240215162015,3.93
20240215163015,2.88
20240215164015,5.52
20240215165015,7.35
20240218090015,61.42
20240218091015,32.27
20240218092015,30.39
20240218093015,23.94
20240218094015,32.54
20240218095015,106.93
20240218100015,83.75
20240218101015,73.47
20240218102015,163.37
20240218103015,369.35
20240218104015,280.24
20240218105015,155.02
20240218110015,119.71
20240218111015,78.01
20240218112015,0
20240218113015,0
20240218114015,33.44
20240218115015,82.02
20240218120015,241.86
20240218121015,133.43
20240218122015,131.3
20240218123015,58.01
20240218124015,141.71
20240218125015,149.71
20240218130015,291.85
20240218131015,372.76
20240218132015,192.44
20240218133015,64.92
20240218134015,67.61
20240218135015,214.06
20240218140015,60.29
20240218141015,210.49
20240218142015,31.9
20240218143015,0
20240218144015,94.8
20240218145015,2.5
20240218150015,0
20240218151015,0
20240218152015,0
20240218153015,3.31
20240218154015,0
20240218155015,0
20240218160015,0
20240218161015,0
20240218162015,0
20240218163015,0
20240218164015,0
20240218165015,0
20240314090015,230.25
20240314091015,280.87
20240314092015,300.42
20240314093015,178.06
20240314094015,512.92
20240314095015,518.59
20240314100015,672.3
20240314101015,686.06
20240314102015,962.33
20240314103015,1069.54
20240314104015,1097.54
20240314105015,1157.85
20240314110015,1287.73
20240314111015,1166.98
20240314112015,1353.91
20240314113015,1176.78
20240314114015,1128.97
20240314115015,1242.94
20240314120015,1275.16
20240314121015,1192.82
20240314122015,1034.12
20240314123015,912.19
20240314124015,999.41
20240314125015,886.09
20240314130015,858.83
20240314131015,885.99
20240314132015,1056.28
20240314133015,960.92
20240314134015,876.56
20240314135015,918.33
20240314140015,1100.68
20240314141015,854.59
20240314142015,869.05
20240314143015,682.39
20240314144015,122.48
20240314145015,67.36
20240314150015,9.94
20240314151015,38.25
20240314152015,1.61
20240314153015,6.63
20240314154015,1.11
20240314155015,16.95
20240314160015,16.75
20240314161015,12.66
20240314162015,14.26
20240314163015,15.4
20240314164015,23.19
20240314165015,16.8
20240317090015,186.91
20240317091015,212.12
20240317092015,310.54
20240317093015,269.06
20240317094015,453.94
20240317095015,509.72
20240317100015,448.07
20240317101015,755.91
20240317102015,633.91
20240317103015,650.91
20240317104015,1073.53
20240317105015,982.06
20240317110015,1361.35
20240317111015,1387.59
20240317112015,1371.44
20240317113015,1428.24
20240317114015,1399.17
20240317115015,1407.5
20240317120015,1400.7
20240317121015,1375.32
20240317122015,1421.16
20240317123015,1306.59
20240317124015,1308.08
20240317125015,1329.66
20240317130015,1402.05
20240317131015,1421.56
20240317132015,1429.84
20240317133015,1351.17
20240317134015,1328.1
20240317135015,1398.19
20240317140015,1476.74
20240317141015,1295.07
20240317142015,1164.6
20240317143015,1020.22
20240317144015,866.83
20240317145015,1047.31
20240317150015,729.58
20240317151015,441.46
20240317152015,65.16
20240317153015,31.96
20240317154015,0
20240317155015,0
20240317160015,0
20240317161015,19.81
20240317162015,0
20240317163015,0
20240317164015,51.23
20240317165015,49.26
20240412090015,0
20240412091015,0
20240412092015,31.78
20240412093015,301.34
20240412094015,799.59
20240412095015,924.36
20240412100015,992.52
20240412101015,977.53
20240412102015,864.91
20240412103015,953.94
20240412104015,829.45
20240412105015,851.43
20240412110015,1271.86
20240412111015,1177.84
20240412112015,1206.23
20240412113015,1202.44
20240412114015,1347.87
20240412115015,1199.87
20240412120015,1174.02
20240412121015,1392.53
20240412122015,1343.45
20240412123015,1271.68
20240412124015,1271.5
20240412125015,1238.54
20240412130015,1128.84
20240412131015,1142.18
20240412132015,1248.02
20240412133015,1306.4
20240412134015,1150.09
20240412135015,1003.5
20240412140015,1208.86
20240412141015,885.76
20240412142015,566.78
20240412143015,415.7
20240412144015,448.01
20240412145015,115.65
20240412150015,61.47
20240412151015,72.78
20240412152015,57.45
20240412153015,79.74
20240412154015,58.68
20240412155015,36.28
20240412160015,74.65
20240412161015,47.42
20240412162015,58.03
20240412163015,64.68
20240412164015,50.22
20240412165015,42.03
20240518090015,60.12
20240518091015,88.9
20240518092015,153.19
20240518093015,358.54
20240518094015,433.13
20240518095015,258.49
20240518100015,605.71
20240518101015,613.95
20240518102015,535.91
20240518103015,653.55
20240518104015,927.87
20240518105015,1022.71
20240518110015,1351.04
20240518111015,1257.05
20240518112015,1278.93
20240518113015,1332.01
20240518114015,1221.25
20240518115015,1343.88
20240518120015,1347.94
20240518121015,1310.1
20240518122015,1374.27
20240518123015,1281.99
20240518124015,1368.54
20240518125015,1423.35
20240518130015,1397.12
20240518131015,1415.03
20240518132015,1270.76
20240518133015,1247.78
20240518134015,1206.92
20240518135015,1176.58
20240518140015,1228.38
20240518141015,1282.72
20240518142015,1345.32
20240518143015,1291.58
20240518144015,796.63
20240518145015,681.03
20240518150015,544.95
20240518151015,370.09
20240518152015,132.9
20240518153015,116.72
20240518154015,74.28
20240518155015,80.62
20240518160015,100.06
20240518161015,31.32
20240518162015,61.7
20240518163015,89.55
20240518164015,84.58
20240518165015,10.72
20240530090015,11.97
20240530091015,69.26
20240530092015,89.11
20240530093015,393.46
20240530094015,268.33
20240530095015,269.52
20240530100015,542.21
20240530101015,646.55
20240530102015,675.87
20240530103015,868.01
20240530104015,975.06
20240530105015,965.52
20240530110015,1242.11
20240530111015,1337.8
20240530112015,1257.09
20240530113015,1241.45
20240530114015,1309.99
20240530115015,1236.84
20240530120015,1357.83
20240530121015,1231.45
20240530122015,1375.28
20240530123015,1367.18
20240530124015,1476.37
20240530125015,1350.49
20240530130015,1377.82
20240530131015,1329.51
20240530132015,1290.27
20240530133015,1302.22
20240530134015,1493.87
20240530135015,1426.35
20240530140015,1411.95
20240530141015,1367.23
20240530142015,1372.88
20240530143015,1467.1
20240530144015,1352.51
20240530145015,1325.88
20240530150015,1283.41
20240530151015,918.5
20240530152015,488.11
20240530153015,117.45
20240530154015,107.85
20240530155015,15.85
20240530160015,64.05
20240530161015,80.46
20240530162015,66.76
20240530163015,0
20240530164015,51.08
20240530165015,54.15
20240605090015,50.4
20240605091015,89.18
20240605092015,79.6
20240605093015,302.37
20240605094015,602.2
20240605095015,714.8
20240605100015,734.02
20240605101015,730.64
20240605102015,857.86
20240605103015,915.36
20240605104015,941.59
20240605105015,1044.62
20240605110015,1452.99
20240605111015,1487.55
20240605112015,1431.1
20240605113015,1431.12
20240605114015,1416.98
20240605115015,1281.15
20240605120015,1323.91
20240605121015,1256.26
20240605122015,1284.87
20240605123015,1310.5
20240605124015,1357.33
20240605125015,1361.57
20240605130015,1318.01
20240605131015,1293.42
20240605132015,1275.11
20240605133015,1155.3
20240605134015,1017.28
20240605135015,1208.42
20240605140015,1059.38
20240605141015,690.2
20240605142015,664.71
20240605143015,770.6
20240605144015,1094.14
20240605145015,570.09
20240605150015,219.66
20240605151015,134.92
20240605152015,46.6
20240605153015,12.53
20240605154015,58.91
20240605155015,75.11
20240605160015,21.36
20240605161015,0
20240605162015,38.94
20240605163015,65.08
20240605164015,129.46
20240605165015,91.02
20240704090015,56.07
20240704091015,46.28
20240704092015,53.63
20240704093015,8.2
20240704094015,364.51
20240704095015,296.46
20240704100015,313.1
20240704101015,343.57
20240704102015,485.09
20240704103015,684.85
20240704104015,701.22
20240704105015,722.86
20240704110015,1171.43
20240704111015,1170.03
20240704112015,1041.65
20240704113015,1293.29
20240704114015,1315.99
20240704115015,1341.38
20240704120015,1371.16
20240704121015,1413.69
20240704122015,1369.59
20240704123015,1222.53
20240704124015,1281.46
20240704125015,1226.93
20240704130015,1280.87
20240704131015,1260.08
20240704132015,1296.26
20240704133015,1181.7
20240704134015,1218.24
20240704135015,1266.76
20240704140015,1227.88
20240704141015,921.04
20240704142015,749.83
20240704143015,753.57
20240704144015,259.32
20240704145015,50.83
20240704150015,108.65
20240704151015,79.83
20240704152015,67.48
20240704153015,13.34
20240704154015,10.38
20240704155015,0
20240704160015,6.29
20240704161015,2.89
20240704162015,2.83
20240704163015,2.15
20240704164015,2.05
20240704165015,1.67
20240316090016,26.04
20240316091016,35.57
20240316092016,29.69
20240316093016,87.65
20240316094016,163.14
20240316095016,163.68
20240316100016,364.99
20240316101016,336.92
20240316102016,374.11
20240316103016,452.59
20240316104016,578.06
20240316105016,956.18
20240316110016,1355.51
20240316111016,1343
20240316112016,1221.6
20240316113016,1126.01
20240316114016,909.13
20240316115016,875.77
20240316120016,981.68
20240316121016,923.1
20240316122016,920.4
20240316123016,963.95
20240316124016,993.93
20240316125016,912.26
20240316130016,892.4
20240316131016,390.65
20240316132016,626.22
20240316133016,842.94
20240316134016,319.37
20240316135016,326.73
20240316140016,220.9
20240316141016,210.19
20240316142016,143.3
20240316143016,128.34
20240316144016,257.78
20240316145016,109.45
20240316150016,84.2
20240316151016,70.22
20240316152016,53.61
20240316153016,48.63
20240316154016,61.39
20240316155016,43.15
20240316160016,54.25
20240316161016,41.36
20240316162016,51.89
20240316163016,50.69
20240316164016,40.79
20240316165016,0
20240322090016,45.46
20240322091016,43.42
20240322092016,24.64
20240322093016,0
20240322094016,0
20240322095016,3.43
20240322100016,52.67
20240322101016,104.41
20240322102016,128.78
20240322103016,94.8
20240322104016,71.41
20240322105016,100.25
20240322110016,353.89
20240322111016,337.52
20240322112016,362.37
20240322113016,321.68
20240322114016,287.03
20240322115016,435.6
20240322120016,508.12
20240322121016,52.12
20240322122016,271.19
20240322123016,107
20240322124016,157.02
20240322125016,133.06
20240322130016,120.04
20240322131016,67.77
20240322132016,70.27
20240322133016,57.6
20240322134016,47.17
20240322135016,18.06
20240322140016,3.85
20240322141016,9.73
20240322142016,14.57
20240322143016,7.93
20240322144016,15.74
20240322145016,5.11
20240322150016,0
20240322151016,0
20240322152016,0
20240322153016,4.21
20240322154016,9.74
20240322155016,0.3
20240322160016,0
20240322161016,0
20240322162016,0
20240322163016,0
20240322164016,0
20240322165016,0
20240414090016,17.88
20240414091016,25.57
20240414092016,24.89
20240414093016,25.81
20240414094016,38.38
20240414095016,47.04
20240414100016,51.31
20240414101016,109.84
20240414102016,119.08
20240414103016,529.23
20240414104016,537.02
20240414105016,324.71
20240414110016,510.84
20240414111016,209.04
20240414112016,117.94
20240414113016,95.26
20240414114016,87.8
20240414115016,55.02
20240414120016,95.36
20240414121016,111.52
20240414122016,109.61
20240414123016,93.37
20240414124016,62.57
20240414125016,82.24
20240414130016,63.63
20240414131016,31
20240414132016,31.7
20240414133016,17.01
20240414134016,14.11
20240414135016,0
20240414140016,0
20240414141016,8.99
20240414142016,10.33
20240414143016,12.23
20240414144016,11.06
20240414145016,9.8
20240414150016,12.66
20240414151016,9.34
20240414152016,13.65
20240414153016,7.7
20240414154016,4.4
20240414155016,9.15
20240414160016,20.86
20240414161016,5.57
20240414162016,9.6
20240414163016,8.22
20240414164016,6.04
20240414165016,3.23
20240422090016,57.88
20240422091016,53.01
20240422092016,65.67
20240422093016,73.03
20240422094016,112.34
20240422095016,116.91
20240422100016,133.15
20240422101016,358.77
20240422102016,228.61
20240422103016,174.35
20240422104016,194.4
20240422105016,412.07
20240422110016,518.09
20240422111016,517.19
20240422112016,556.87
20240422113016,537.06
20240422114016,547.05
20240422115016,500.68
20240422120016,542.01
20240422121016,492.2
20240422122016,394.2
20240422123016,414.79
20240422124016,264.64
20240422125016,244.26
20240422130016,245.86
20240422131016,202.34
20240422132016,251.2
20240422133016,275.76
20240422134016,267.85
20240422135016,264.17
20240422140016,20.35
20240422141016,40.07
20240422142016,9.26
20240422143016,22.49
20240422144016,22.25
20240422145016,16.53
20240422150016,11.87
20240422151016,12.86
20240422152016,11.2
20240422153016,10.61
20240422154016,11.82
20240422155016,6.78
20240422160016,6.73
20240422161016,5.36
20240422162016,3.52
20240422163016,3.06
20240422164016,3.39
20240422165016,6.61
20240513090016,15.98
20240513091016,18.4
20240513092016,27.76
20240513093016,28.18
20240513094016,42.92
20240513095016,58.59
20240513100016,66.82
20240513101016,49.43
20240513102016,47.01
20240513103016,46.74
20240513104016,35.89
20240513105016,32.25
20240513110016,31.08
20240513111016,11.64
20240513112016,15.45
20240513113016,7.5
20240513114016,11.72
20240513115016,10.01
20240513120016,2.18
20240513121016,12.09
20240513122016,10.85
20240513123016,8.49
20240513124016,9.87
20240513125016,0
20240513130016,18.44
20240513131016,14.76
20240513132016,20.69
20240513133016,0
20240513134016,0
20240513135016,0
20240513140016,0
20240513141016,22.15
20240513142016,0
20240513143016,6.49
20240513144016,7.69
20240513145016,7.64
20240513150016,7.1
20240513151016,5.4
20240513152016,0
20240513153016,0
20240513154016,0
20240513155016,0
20240513160016,2.23
20240513161016,0
20240513162016,0
20240513163016,5.92
20240513164016,8.04
20240513165016,7.58
20240517090016,26.98
20240517091016,91.98
20240517092016,38.08
20240517093016,49.56
20240517094016,93.2
20240517095016,404.62
20240517100016,591.11
20240517101016,722.23
20240517102016,774.1
20240517103016,579.12
20240517104016,804.08
20240517105016,789.54
20240517110016,672.05
20240517111016,570.01
20240517112016,408.41
20240517113016,45.42
20240517114016,131.92
20240517115016,194.1
20240517120016,319.08
20240517121016,303.1
20240517122016,172.36
20240517123016,160.11
20240517124016,135.27
20240517125016,117.54
20240517130016,143.29
20240517131016,59.61
20240517132016,44.5
20240517133016,75.09
20240517134016,71.58
20240517135016,51.44
20240517140016,7.63
20240517141016,24.37
20240517142016,19.15
20240517143016,8.09
20240517144016,9.93
20240517145016,4.32
20240517150016,4.38
20240517151016,0.9
20240517152016,1.63
20240517153016,0
20240517154016,0
20240517155016,8.09
20240517160016,0.61
20240517161016,0
20240517162016,1.9
20240517163016,2.95
20240517164016,0.46
20240517165016,1.64
20240519090016,143.68
20240519091016,96.24
20240519092016,129.15
20240519093016,192.77
20240519094016,214.89
20240519095016,484.79
20240519100016,669.79
20240519101016,928.76
20240519102016,882.61
20240519103016,891.61
20240519104016,1054.69
20240519105016,1044.62
20240519110016,1182.87
20240519111016,1451.4
20240519112016,1358.77
20240519113016,1403.57
20240519114016,1416.08
20240519115016,1377.14
20240519120016,1405.91
20240519121016,1354.48
20240519122016,1371.18
20240519123016,1350.21
20240519124016,1429.07
20240519125016,1515.51
20240519130016,1475.92
20240519131016,1428.09
20240519132016,1432.84
20240519133016,1449.98
20240519134016,1391.1
20240519135016,1204.16
20240519140016,1203.54
20240519141016,1260.3
20240519142016,1059.3
20240519143016,719.78
20240519144016,363.51
20240519145016,179.7
20240519150016,122.73
20240519151016,61.43
20240519152016,87.66
20240519153016,80.98
20240519154016,128.38
20240519155016,34.96
20240519160016,55.87
20240519161016,50.37
20240519162016,26.34
20240519163016,67.14
20240519164016,50.64
20240519165016,48.44
20240608090016,6.57
20240608091016,11.32
20240608092016,29.46
20240608093016,36.74
20240608094016,26.31
20240608095016,26
20240608100016,77.35
20240608101016,270.68
20240608102016,187.67
20240608103016,264.91
20240608104016,123.23
20240608105016,123.7
20240608110016,712.33
20240608111016,264.88
20240608112016,240.45
20240608113016,222.61
20240608114016,273.91
20240608115016,264.85
20240608120016,234.41
20240608121016,24.79
20240608122016,33.76
20240608123016,10.24
20240608124016,9.09
20240608125016,10.74
20240608130016,8.82
20240608131016,12.59
20240608132016,1.22
20240608133016,6.03
20240608134016,1.87
20240608135016,4.55
20240608140016,4.42
20240608141016,0
20240608142016,0
20240608143016,20.47
20240608144016,30.36
20240608145016,29.03
20240608150016,34.86
20240608151016,13.81
20240608152016,9.01
20240608153016,1.48
20240608154016,1.2
20240608155016,0
20240608160016,4.71
20240608161016,1.27
20240608162016,0
20240608163016,3.47
20240608164016,0
20240608165016,9.09
20240629090016,67.29
20240629091016,37.24
20240629092016,41.59
20240629093016,58.19
20240629094016,45.68
20240629095016,37.36
20240629100016,64.89
20240629101016,150.77
20240629102016,260.62
20240629103016,661.56
20240629104016,637.03
20240629105016,839.85
20240629110016,896.38
20240629111016,885.7
20240629112016,649.26
20240629113016,652.54
20240629114016,623.68
20240629115016,1032.65
20240629120016,1054.6
20240629121016,621.16
20240629122016,487.72
20240629123016,438.83
20240629124016,388.25
20240629125016,293.5
20240629130016,290.53
20240629131016,328.17
20240629132016,96.18
20240629133016,20.78
20240629134016,0
20240629135016,0
20240629140016,14.53
20240629141016,12.79
20240629142016,2.34
20240629143016,2.34
20240629144016,0
20240629145016,24.93
20240629150016,18.14
20240629151016,0
20240629152016,2.53
20240629153016,0
20240629154016,0
20240629155016,3.66
20240629160016,0
20240629161016,2.45
20240629162016,4.69
20240629163016,2.89
20240629164016,0
20240629165016,0
20240123090017,40.96
20240123091017,21.25
20240123092017,20.51
20240123093017,0
20240123094017,46.1
20240123095017,1.88
20240123100017,44.9
20240123101017,287.99
20240123102017,429.53
20240123103017,694.36
20240123104017,656.71
20240123105017,616.62
20240123110017,972.88
20240123111017,1046.73
20240123112017,1095.63
20240123113017,1138.52
20240123114017,1291.29
20240123115017,1282.71
20240123120017,1299.77
20240123121017,1389.36
20240123122017,1429.93
20240123123017,1220.92
20240123124017,1191.38
20240123125017,1121.72
20240123130017,930.61
20240123131017,572.12
20240123132017,397.65
20240123133017,93.39
20240123134017,107.72
20240123135017,74.52
20240123140017,85.45
20240123141017,52.86
20240123142017,49.32
20240123143017,66.84
20240123144017,36.52
20240123145017,16.61
20240123150017,22.53
20240123151017,17.39
20240123152017,14.99
20240123153017,14
20240123154017,10.63
20240123155017,13.33
20240123160017,11.88
20240123161017,9.99
20240123162017,8.25
20240123163017,0.2
20240123164017,4.44
20240123165017,7.1
20240129090017,15.98
20240129091017,18.4
20240129092017,27.76
20240129093017,28.18
20240129094017,42.92
20240129095017,58.59
20240129100017,66.82
20240129101017,49.43
20240129102017,47.01
20240129103017,46.74
20240129104017,35.89
20240129105017,32.25
20240129110017,31.08
20240129111017,11.64
20240129112017,15.45
20240129113017,7.5
20240129114017,11.72
20240129115017,10.01
20240129120017,2.18
20240129121017,12.09
20240129122017,10.85
20240129123017,8.49
20240129124017,9.87
20240129125017,0
20240129130017,18.44
20240129131017,14.76
20240129132017,20.69
20240129133017,0
20240129134017,0
20240129135017,0
20240129140017,0
20240129141017,22.15
20240129142017,0
20240129143017,6.49
20240129144017,7.69
20240129145017,7.64
20240129150017,7.1
20240129151017,5.4
20240129152017,0
20240129153017,0
20240129154017,0
20240129155017,0
20240129160017,2.23
20240129161017,0
20240129162017,0
20240129163017,5.92
20240129164017,8.04
20240129165017,7.58
20240215090017,7.19
20240215091017,9.06
20240215092017,9.85
20240215093017,8.27
20240215094017,10.8
20240215095017,15.22
20240215100017,38.37
20240215101017,43.51
20240215102017,96.75
20240215103017,99.09
20240215104017,158.14
20240215105017,188.67
20240215110017,299.84
20240215111017,217.68
20240215112017,795.4
20240215113017,278.93
20240215114017,193.16
20240215115017,305.1
20240215120017,334.42
20240215121017,247.72
20240215122017,251.06
20240215123017,244.29
20240215124017,226.47
20240215125017,258.3
20240215130017,222.77
20240215131017,169.45
20240215132017,16.9
20240215133017,27.94
20240215134017,33.55
20240215135017,28.65
20240215140017,37.83
20240215141017,40.62
20240215142017,27.78
20240215143017,17.19
20240215144017,13.19
20240215145017,9.48
20240215150017,12.06
20240215151017,11.55
20240215152017,13.1
20240215153017,14.13
20240215154017,23.65
20240215155017,14.36
20240215160017,26.45
20240215161017,11.16
20240215162017,8.74
20240215163017,7.23
20240215164017,4.47
20240215165017,5.99
20240218090017,230.25
20240218091017,280.87
20240218092017,300.42
20240218093017,178.06
20240218094017,512.92
20240218095017,518.59
20240218100017,672.3
20240218101017,686.06
20240218102017,962.33
20240218103017,1069.54
20240218104017,1097.54
20240218105017,1157.85
20240218110017,1287.73
20240218111017,1166.98
20240218112017,1353.91
20240218113017,1176.78
20240218114017,1128.97
20240218115017,1242.94
20240218120017,1275.16
20240218121017,1192.82
20240218122017,1034.12
20240218123017,912.19
20240218124017,999.41
20240218125017,886.09
20240218130017,858.83
20240218131017,885.99
20240218132017,1056.28
20240218133017,960.92
20240218134017,876.56
20240218135017,918.33
20240218140017,1100.68
20240218141017,854.59
20240218142017,869.05
20240218143017,682.39
20240218144017,122.48
20240218145017,67.36
20240218150017,9.94
20240218151017,38.25
20240218152017,1.61
20240218153017,6.63
20240218154017,1.11
20240218155017,16.95
20240218160017,16.75
20240218161017,12.66
20240218162017,14.26
20240218163017,15.4
20240218164017,23.19
20240218165017,16.8
20240305090017,104.78
20240305091017,73.71
20240305092017,79.93
20240305093017,75.08
20240305094017,760.53
20240305095017,808.35
20240305100017,534.89
20240305101017,672.6
20240305102017,768.57
20240305103017,733.07
20240305104017,1006.69
20240305105017,928.24
20240305110017,1206.09
20240305111017,1090.45
20240305112017,1147.96
20240305113017,1055.97
20240305114017,1105.98
20240305115017,1085.61
20240305120017,1021.63
20240305121017,1049.73
20240305122017,928.52
20240305123017,979.37
20240305124017,1058.74
20240305125017,1012.04
20240305130017,997.92
20240305131017,1129.4
20240305132017,957.52
20240305133017,965.59
20240305134017,933.83
20240305135017,1107.97
20240305140017,1035.68
20240305141017,1012.5
20240305142017,858.35
20240305143017,968.57
20240305144017,916.58
20240305145017,1009.92
20240305150017,804.56
20240305151017,0
20240305152017,20.91
20240305153017,49.59
20240305154017,81.71
20240305155017,56.6
20240305160017,61.05
20240305161017,34.66
20240305162017,36.82
20240305163017,12
20240305164017,33.35
20240305165017,21.42
20240309090017,70.16
20240309091017,17.01
20240309092017,115.6
20240309093017,442.59
20240309094017,436.1
20240309095017,626.74
20240309100017,478.45
20240309101017,380.02
20240309102017,361.15
20240309103017,658.48
20240309104017,678.98
20240309105017,714.01
20240309110017,1075.51
20240309111017,1196.53
20240309112017,1263.06
20240309113017,1270.45
20240309114017,1205.64
20240309115017,955.59
20240309120017,1081.92
20240309121017,1170.29
20240309122017,1452.19
20240309123017,1505.43
20240309124017,1576
20240309125017,1678
20240309130017,1523.71
20240309131017,1448.47
20240309132017,1534.61
20240309133017,1604.01
20240309134017,1394.56
20240309135017,1310.64
20240309140017,1396.47
20240309141017,1323.1
20240309142017,1015.28
20240309143017,1101.06
20240309144017,1042.43
20240309145017,782.88
20240309150017,756.63
20240309151017,666.14
20240309152017,346.21
20240309153017,72.31
20240309154017,72.5
20240309155017,83.29
20240309160017,52.43
20240309161017,32.08
20240309162017,33.64
20240309163017,19.6
20240309164017,14.65
20240309165017,2.82
20240311090017,85.56
20240311091017,57.86
20240311092017,37.27
20240311093017,39.75
20240311094017,49.1
20240311095017,261.48
20240311100017,402.87
20240311101017,373.14
20240311102017,406.91
20240311103017,549.68
20240311104017,785.34
20240311105017,723.44
20240311110017,1115.21
20240311111017,1247.33
20240311112017,1286.32
20240311113017,1479.84
20240311114017,1416.59
20240311115017,1416.42
20240311120017,1387.19
20240311121017,1332.62
20240311122017,1286.81
20240311123017,1344.81
20240311124017,1361.39
20240311125017,1355.64
20240311130017,1321.94
20240311131017,1282.38
20240311132017,1259.12
20240311133017,1178.87
20240311134017,1166.12
20240311135017,1162.11
20240311140017,1154.99
20240311141017,985.66
20240311142017,568.34
20240311143017,506.04
20240311144017,271.71
20240311145017,122.87
20240311150017,8.53
20240311151017,21.6
20240311152017,55.73
20240311153017,50.02
20240311154017,66.13
20240311155017,15.23
20240311160017,6.69
20240311161017,14.32
20240311162017,0
20240311163017,0
20240311164017,6.54
20240311165017,0
20240403090017,48.11
20240403091017,32.99
20240403092017,35.52
20240403093017,52.38
20240403094017,402.36
20240403095017,649.56
20240403100017,331.69
20240403101017,153.7
20240403102017,318.29
20240403103017,527.29
20240403104017,737.91
20240403105017,758.39
20240403110017,1053.78
20240403111017,989.2
20240403112017,1070.38
20240403113017,1029.29
20240403114017,926.16
20240403115017,974.05
20240403120017,918.81
20240403121017,1052.18
20240403122017,1084.64
20240403123017,1192.36
20240403124017,1192.29
20240403125017,1165.62
20240403130017,1103.99
20240403131017,1200.17
20240403132017,1138.5
20240403133017,788.38
20240403134017,694.86
20240403135017,764.97
20240403140017,748.17
20240403141017,734.28
20240403142017,585.54
20240403143017,326.34
20240403144017,43.17
20240403145017,73.1
20240403150017,50.37
20240403151017,0
20240403152017,0.99
20240403153017,14.27
20240403154017,7.78
20240403155017,0
20240403160017,1.79
20240403161017,1.65
20240403162017,0
20240403163017,0
20240403164017,0
20240403165017,0
20240507090017,74.23
20240507091017,72.38
20240507092017,51.66
20240507093017,47.39
20240507094017,75.28
20240507095017,70.15
20240507100017,47.57
20240507101017,46.74
20240507102017,62.7
20240507103017,56.54
20240507104017,68.46
20240507105017,34.45
20240507110017,36.8
20240507111017,13.87
20240507112017,16.05
20240507113017,44.01
20240507114017,37.07
20240507115017,37.84
20240507120017,125.32
20240507121017,714.74
20240507122017,1438.71
20240507123017,977.06
20240507124017,56.51
20240507125017,895.49
20240507130017,202.76
20240507131017,144.53
20240507132017,143.69
20240507133017,125.22
20240507134017,80.58
20240507135017,48.9
20240507140017,19.18
20240507141017,12.02
20240507142017,3.46
20240507143017,2.82
20240507144017,11.08
20240507145017,2.76
20240507150017,0.6
20240507151017,1.68
20240507152017,5.15
20240507153017,0.89
20240507154017,0.11
20240507155017,0.16
20240507160017,0.31
20240507161017,0.52
20240507162017,0
20240507163017,0
20240507164017,0
20240507165017,0
20240528090017,28.06
20240528091017,25.78
20240528092017,40
20240528093017,35.14
20240528094017,64.76
20240528095017,48.75
20240528100017,17.44
20240528101017,14.28
20240528102017,28.32
20240528103017,92.24
20240528104017,72.81
20240528105017,90.5
20240528110017,71.56
20240528111017,73.33
20240528112017,49.18
20240528113017,80.19
20240528114017,81
20240528115017,93.37
20240528120017,90.57
20240528121017,76.48
20240528122017,69.06
20240528123017,74.46
20240528124017,110.81
20240528125017,68.21
20240528130017,101.35
20240528131017,58.45
20240528132017,61.35
20240528133017,15.21
20240528134017,14.86
20240528135017,24.74
20240528140017,71.99
20240528141017,22.14
20240528142017,12.83
20240528143017,13.86
20240528144017,0
20240528145017,0
20240528150017,0
20240528151017,0
20240528152017,0
20240528153017,0
20240528154017,0
20240528155017,0
20240528160017,0
20240528161017,0
20240528162017,0
20240528163017,0
20240528164017,0
20240528165017,0.33
20240614090017,21.39
20240614091017,33.95
20240614092017,38.32
20240614093017,62.14
20240614094017,71.4
20240614095017,50.08
20240614100017,50.63
20240614101017,0
20240614102017,0
20240614103017,0
20240614104017,484.83
20240614105017,626.48
20240614110017,684.09
20240614111017,747.22
20240614112017,701.27
20240614113017,810.82
20240614114017,812.26
20240614115017,936.69
20240614120017,1156.54
20240614121017,1162.75
20240614122017,1132.2
20240614123017,1177.42
20240614124017,1181.28
20240614125017,1217.69
20240614130017,1216.72
20240614131017,1031.86
20240614132017,1018.08
20240614133017,1070.06
20240614134017,1009.23
20240614135017,925.69
20240614140017,752.07
20240614141017,691.3
20240614142017,632.56
20240614143017,484.13
20240614144017,0
20240614145017,0
20240614150017,0
20240614151017,0
20240614152017,0
20240614153017,0
20240614154017,1.65
20240614155017,2.32
20240614160017,0
20240614161017,40.8
20240614162017,40.97
20240614163017,32.58
20240614164017,11.76
20240614165017,3.28
20240619090017,47.19
20240619091017,51.27
20240619092017,32.74
20240619093017,42.46
20240619094017,17.8
20240619095017,58.81
20240619100017,63.28
20240619101017,84.6
20240619102017,148.32
20240619103017,508.07
20240619104017,786.55
20240619105017,785.82
20240619110017,810.91
20240619111017,915.54
20240619112017,965.5
20240619113017,957.41
20240619114017,1040.39
20240619115017,1205.03
20240619120017,1126.41
20240619121017,1177.88
20240619122017,1104.52
20240619123017,1016.62
20240619124017,1097.7
20240619125017,1128.98
20240619130017,1211.82
20240619131017,1269.11
20240619132017,1044.66
20240619133017,1026.3
20240619134017,691.25
20240619135017,652.11
20240619140017,455.89
20240619141017,409.83
20240619142017,233.47
20240619143017,160.01
20240619144017,118.52
20240619145017,124.04
20240619150017,86.61
20240619151017,61.12
20240619152017,48.37
20240619153017,19.46
20240619154017,29.28
20240619155017,31.43
20240619160017,18.59
20240619161017,17.51
20240619162017,4.45
20240619163017,8.65
20240619164017,5.44
20240619165017,0
20240627090017,0.09
20240627091017,3.75
20240627092017,4.57
20240627093017,1.83
20240627094017,3.73
20240627095017,4.06
20240627100017,5.52
20240627101017,6.5
20240627102017,2.05
20240627103017,3.79
20240627104017,11.16
20240627105017,13.94
20240627110017,21.09
20240627111017,20.06
20240627112017,14.38
20240627113017,13.44
20240627114017,9.54
20240627115017,19.06
20240627120017,4.57
20240627121017,9.04
20240627122017,2.23
20240627123017,3.4
20240627124017,5.39
20240627125017,6.11
20240627130017,10.99
20240627131017,9.67
20240627132017,9.23
20240627133017,20.56
20240627134017,14.7
20240627135017,17.07
20240627140017,39.21
20240627141017,20.98
20240627142017,49.85
20240627143017,48.31
20240627144017,293.5
20240627145017,136.53
20240627150017,32.93
20240627151017,5.52
20240627152017,9.01
20240627153017,18.5
20240627154017,13.99
20240627155017,5.22
20240627160017,0
20240627161017,0
20240627162017,0
20240627163017,0
20240627164017,0
20240627165017,0
20240629090017,49.28
20240629091017,40.61
20240629092017,59.57
20240629093017,45.68
20240629094017,61.32
20240629095017,32.14
20240629100017,75.91
20240629101017,124.85
20240629102017,43.02
20240629103017,183.46
20240629104017,426.96
20240629105017,727.58
20240629110017,964.45
20240629111017,849.95
20240629112017,860.05
20240629113017,840.71
20240629114017,880.72
20240629115017,890.16
20240629120017,885.37
20240629121017,799.34
20240629122017,576.26
20240629123017,1218.26
20240629124017,771.87
20240629125017,791.31
20240629130017,949.48
20240629131017,862.13
20240629132017,1244.25
20240629133017,774.18
20240629134017,542.16
20240629135017,490.87
20240629140017,549.1
20240629141017,410.56
20240629142017,321.15
20240629143017,71.6
20240629144017,54.56
20240629145017,45.2
20240629150017,69.99
20240629151017,40.1
20240629152017,32.76
20240629153017,31.15
20240629154017,14.29
20240629155017,10.71
20240629160017,4.1
20240629161017,0.39
20240629162017,0
20240629163017,0
20240629164017,0
20240629165017,0
20240704090017,15.44
20240704091017,73.14
20240704092017,48.99
20240704093017,401.49
20240704094017,184.27
20240704095017,709.51
20240704100017,712.28
20240704101017,854.8
20240704102017,704.77
20240704103017,720.77
20240704104017,700.34
20240704105017,736.64
20240704110017,1262.59
20240704111017,1364.15
20240704112017,1315.11
20240704113017,1042.8
20240704114017,1370.51
20240704115017,1080.72
20240704120017,1279.56
20240704121017,1314.3
20240704122017,876.41
20240704123017,590.26
20240704124017,547.21
20240704125017,810.1
20240704130017,781.28
20240704131017,228.42
20240704132017,157.96
20240704133017,240.31
20240704134017,86.49
20240704135017,38.67
20240704140017,32
20240704141017,30.12
20240704142017,18.68
20240704143017,28.16
20240704144017,0
20240704145017,41.12
20240704150017,27.48
20240704151017,36.08
20240704152017,295.09
20240704153017,29.36
20240704154017,47.5
20240704155017,0
20240704160017,32.36
20240704161017,35.06
20240704162017,2.27
20240704163017,8.62
20240704164017,15.1
20240704165017,10.67
20240706090017,40.96
20240706091017,21.25
20240706092017,20.51
20240706093017,0
20240706094017,46.1
20240706095017,1.88
20240706100017,44.9
20240706101017,287.99
20240706102017,429.53
20240706103017,694.36
20240706104017,656.71
20240706105017,616.62
20240706110017,972.88
20240706111017,1046.73
20240706112017,1095.63
20240706113017,1138.52
20240706114017,1291.29
20240706115017,1282.71
20240706120017,1299.77
20240706121017,1389.36
20240706122017,1429.93
20240706123017,1220.92
20240706124017,1191.38
20240706125017,1121.72
20240706130017,930.61
20240706131017,572.12
20240706132017,397.65
20240706133017,93.39
20240706134017,107.72
20240706135017,74.52
20240706140017,85.45
20240706141017,52.86
20240706142017,49.32
20240706143017,66.84
20240706144017,36.52
20240706145017,16.61
20240706150017,22.53
20240706151017,17.39
20240706152017,14.99
20240706153017,14
20240706154017,10.63
20240706155017,13.33
20240706160017,11.88
20240706161017,9.99
20240706162017,8.25
20240706163017,0.2
20240706164017,4.44
20240706165017,7.1
20240328090008,230.25
20240328091008,280.87
20240328092008,300.42
20240328093008,178.06
20240328094008,512.92
20240328095008,518.59
20240328100008,672.3
20240328101008,686.06
20240328102008,962.33
20240328103008,1069.54
20240328104008,1097.54
20240328105008,1157.85
20240328110008,1287.73
20240328111008,1166.98
20240328112008,1353.91
20240328113008,1176.78
20240328114008,1128.97
20240328115008,1242.94
20240328120008,1275.16
20240328121008,1192.82
20240328122008,1034.12
20240328123008,912.19
20240328124008,999.41
20240328125008,886.09
20240328130008,858.83
20240328131008,885.99
20240328132008,1056.28
20240328133008,960.92
20240328134008,876.56
20240328135008,918.33
20240328140008,1100.68
20240328141008,854.59
20240328142008,869.05
20240328143008,682.39
20240328144008,122.48
20240328145008,67.36
20240328150008,9.94
20240328151008,38.25
20240328152008,1.61
20240328153008,6.63
20240328154008,1.11
20240328155008,16.95
20240328160008,16.75
20240328161008,12.66
20240328162008,14.26
20240328163008,15.4
20240328164008,23.19
20240328165008,16.8
20240508090008,16.72
20240508091008,8.75
20240508092008,8.3
20240508093008,0.92
20240508094008,14.95
20240508095008,10.73
20240508100008,2.86
20240508101008,2.48
20240508102008,9.17
20240508103008,8.22
20240508104008,5.32
20240508105008,2.47
20240508110008,0
20240508111008,1.98
20240508112008,1.28
20240508113008,0
20240508114008,13.34
20240508115008,0
20240508120008,35.4
20240508121008,38.34
20240508122008,13.24
20240508123008,19.36
20240508124008,28.1
20240508125008,32.88
20240508130008,29.08
20240508131008,8.92
20240508132008,0
20240508133008,10.86
20240508134008,11.24
20240508135008,4.06
20240508140008,13.32
20240508141008,2.62
20240508142008,8.12
20240508143008,11.5
20240508144008,5.8
20240508145008,0
20240508150008,0
20240508151008,14.35
20240508152008,12.22
20240508153008,4.17
20240508154008,10.65
20240508155008,4.65
20240508160008,4.44
20240508161008,1.62
20240508162008,12.48
20240508163008,4.22
20240508164008,0
20240508165008,22.92
20240521090008,8.84
20240521091008,13.33
20240521092008,9.75
20240521093008,18.65
20240521094008,23.7
20240521095008,18.55
20240521100008,30.19
20240521101008,16.49
20240521102008,12.72
20240521103008,4.46
20240521104008,0.58
20240521105008,0
20240521110008,0
20240521111008,5.44
20240521112008,4.85
20240521113008,7.62
20240521114008,8.44
20240521115008,10.36
20240521120008,5.29
20240521121008,6.74
20240521122008,10.86
20240521123008,10.29
20240521124008,14.77
20240521125008,12.32
20240521130008,8.82
20240521131008,3.7
20240521132008,7.59
20240521133008,9.2
20240521134008,2.74
20240521135008,0
20240521140008,3.4
20240521141008,0
20240521142008,1.48
20240521143008,2.04
20240521144008,0
20240521145008,4.19
20240521150008,4.44
20240521151008,6.67
20240521152008,2
20240521153008,2.72
20240521154008,0.57
20240521155008,0
20240521160008,5.52
20240521161008,0
20240521162008,0
20240521163008,0
20240521164008,0.28
20240521165008,0.08
20240618090008,17.88
20240618091008,25.57
20240618092008,24.89
20240618093008,25.81
20240618094008,38.38
20240618095008,47.04
20240618100008,51.31
20240618101008,109.84
20240618102008,119.08
20240618103008,529.23
20240618104008,537.02
20240618105008,324.71
20240618110008,510.84
20240618111008,209.04
20240618112008,117.94
20240618113008,95.26
20240618114008,87.8
20240618115008,55.02
20240618120008,95.36
20240618121008,111.52
20240618122008,109.61
20240618123008,93.37
20240618124008,62.57
20240618125008,82.24
20240618130008,63.63
20240618131008,31
20240618132008,31.7
20240618133008,17.01
20240618134008,14.11
20240618135008,0
20240618140008,0
20240618141008,8.99
20240618142008,10.33
20240618143008,12.23
20240618144008,11.06
20240618145008,9.8
20240618150008,12.66
20240618151008,9.34
20240618152008,13.65
20240618153008,7.7
20240618154008,4.4
20240618155008,9.15
20240618160008,20.86
20240618161008,5.57
20240618162008,9.6
20240618163008,8.22
20240618164008,6.04
20240618165008,3.23
20240630090008,36.28
20240630091008,53.9
20240630092008,86.99
20240630093008,149.33
20240630094008,149.23
20240630095008,409.57
20240630100008,770.25
20240630101008,828.14
20240630102008,957.4
20240630103008,949.28
20240630104008,896.79
20240630105008,1049.01
20240630110008,1169.52
20240630111008,1211.11
20240630112008,1192.28
20240630113008,1084.32
20240630114008,1076.51
20240630115008,1188.82
20240630120008,1215.05
20240630121008,1153.98
20240630122008,1500.53
20240630123008,1501.51
20240630124008,1414.37
20240630125008,1522.85
20240630130008,1545.38
20240630131008,1479.41
20240630132008,1400.56
20240630133008,1387.93
20240630134008,1405
20240630135008,1306.88
20240630140008,1176.81
20240630141008,899.99
20240630142008,483.11
20240630143008,379.21
20240630144008,176.61
20240630145008,188.06
20240630150008,113.6
20240630151008,57.07
20240630152008,54.05
20240630153008,0
20240630154008,40.36
20240630155008,49.06
20240630160008,16.01
20240630161008,40.86
20240630162008,30.84
20240630163008,0
20240630164008,23.98
20240630165008,22.7
20240702090008,175.08
20240702091008,275.19
20240702092008,179.82
20240702093008,384.06
20240702094008,526.29
20240702095008,732.53
20240702100008,849.52
20240702101008,696.58
20240702102008,175.77
20240702103008,56.89
20240702104008,67.43
20240702105008,147.77
20240702110008,171.36
20240702111008,408.1
20240702112008,204.01
20240702113008,204.74
20240702114008,117.63
20240702115008,142.76
20240702120008,56.2
20240702121008,23.46
20240702122008,4.33
20240702123008,0
20240702124008,0
20240702125008,0
20240702130008,29.26
20240702131008,16.06
20240702132008,15.17
20240702133008,15.29
20240702134008,16.31
20240702135008,18.15
20240702140008,17.64
20240702141008,33.19
20240702142008,34.42
20240702143008,16.35
20240702144008,10.15
20240702145008,6.17
20240702150008,6.98
20240702151008,4.41
20240702152008,8.74
20240702153008,11.77
20240702154008,17.27
20240702155008,17.59
20240702160008,18.27
20240702161008,22.16
20240702162008,7.8
20240702163008,7.3
20240702164008,3.67
20240702165008,3.53
20240812090008,122.85
20240812091008,102.82
20240812092008,126.55
20240812093008,156.3
20240812094008,244.25
20240812095008,258.59
20240812100008,627.73
20240812101008,595.9
20240812102008,505.34
20240812103008,903.92
20240812104008,884.23
20240812105008,954.82
20240812110008,1360.33
20240812111008,1415.13
20240812112008,1451.79
20240812113008,1311
20240812114008,1410.35
20240812115008,1457.71
20240812120008,1400.28
20240812121008,1427.08
20240812122008,1504.3
20240812123008,1436.25
20240812124008,1425.48
20240812125008,1374.33
20240812130008,1376.15
20240812131008,1416.94
20240812132008,1518.12
20240812133008,1430.53
20240812134008,1425.72
20240812135008,1396.33
20240812140008,1159.26
20240812141008,1047.41
20240812142008,1330.59
20240812143008,1279.06
20240812144008,1050.82
20240812145008,960.15
20240812150008,841.33
20240812151008,680.77
20240812152008,228.03
20240812153008,0
20240812154008,0
20240812155008,0
20240812160008,37.06
20240812161008,105.6
20240812162008,21.23
20240812163008,0
20240812164008,0
20240812165008,0.36
20240828090008,47.85
20240828091008,64.06
20240828092008,11.38
20240828093008,329.63
20240828094008,318.29
20240828095008,456.79
20240828100008,385.47
20240828101008,500.44
20240828102008,498.36
20240828103008,622.94
20240828104008,852.84
20240828105008,1105.61
20240828110008,1075.07
20240828111008,1246.56
20240828112008,1536.45
20240828113008,1478.71
20240828114008,1371.44
20240828115008,1490.93
20240828120008,1466.51
20240828121008,1433.92
20240828122008,1418.07
20240828123008,1462.57
20240828124008,1406.15
20240828125008,1374.22
20240828130008,1425.72
20240828131008,1469.36
20240828132008,1206.37
20240828133008,1220.79
20240828134008,1277.19
20240828135008,1289.87
20240828140008,1134.06
20240828141008,1137.2
20240828142008,732.46
20240828143008,593.77
20240828144008,616.63
20240828145008,447.99
20240828150008,378.87
20240828151008,347.72
20240828152008,247.97
20240828153008,55.35
20240828154008,39.1
20240828155008,105.58
20240828160008,101.27
20240828161008,113.61
20240828162008,39.61
20240828163008,108.41
20240828164008,97.87
20240828165008,66.54
20240307090010,28.42
20240307091010,87.14
20240307092010,185.84
20240307093010,174.94
20240307094010,226.31
20240307095010,194.29
20240307100010,173.18
20240307101010,143.28
20240307102010,80.61
20240307103010,100.72
20240307104010,193.73
20240307105010,315.02
20240307110010,436.04
20240307111010,491.5
20240307112010,530.41
20240307113010,562.64
20240307114010,720.97
20240307115010,843.9
20240307120010,1285.81
20240307121010,956.93
20240307122010,644.62
20240307123010,740.83
20240307124010,564.21
20240307125010,733.14
20240307130010,725.1
20240307131010,801.26
20240307132010,519.02
20240307133010,709.05
20240307134010,763.58
20240307135010,547.89
20240307140010,517.17
20240307141010,418.43
20240307142010,189.58
20240307143010,61
20240307144010,40.77
20240307145010,33.16
20240307150010,27.32
20240307151010,22.67
20240307152010,25.39
20240307153010,24.67
20240307154010,36.07
20240307155010,39.71
20240307160010,35.98
20240307161010,23.97
20240307162010,5.32
20240307163010,0
20240307164010,0
20240307165010,0
20240310090010,79.73
20240310091010,144.87
20240310092010,149.39
20240310093010,140.95
20240310094010,163.2
20240310095010,214.17
20240310100010,196.18
20240310101010,178.16
20240310102010,163.98
20240310103010,193.42
20240310104010,334.89
20240310105010,886.9
20240310110010,728.75
20240310111010,797.59
20240310112010,915.69
20240310113010,849.97
20240310114010,952.59
20240310115010,786.79
20240310120010,785.8
20240310121010,606.55
20240310122010,791.2
20240310123010,665.29
20240310124010,681.61
20240310125010,683.13
20240310130010,710.9
20240310131010,406.53
20240310132010,71.15
20240310133010,31.16
20240310134010,0
20240310135010,0
20240310140010,0
20240310141010,0
20240310142010,0
20240310143010,0
20240310144010,0
20240310145010,10.25
20240310150010,16.73
20240310151010,0
20240310152010,2.97
20240310153010,0
20240310154010,0
20240310155010,1.21
20240310160010,5.35
20240310161010,3.91
20240310162010,2.21
20240310163010,0
20240310164010,0
20240310165010,0
20240423090010,0
20240423091010,3.19
20240423092010,4.5
20240423093010,1.68
20240423094010,4.05
20240423095010,4.25
20240423100010,5.42
20240423101010,6.37
20240423102010,3.37
20240423103010,5.86
20240423104010,10.76
20240423105010,7.84
20240423110010,16.47
20240423111010,12.43
20240423112010,13.62
20240423113010,14.22
20240423114010,8.68
20240423115010,18.7
20240423120010,11.06
20240423121010,8.95
20240423122010,2.11
20240423123010,3.24
20240423124010,5.63
20240423125010,6.39
20240423130010,10.75
20240423131010,9.55
20240423132010,8.92
20240423133010,20.28
20240423134010,14.95
20240423135010,17.36
20240423140010,38.96
20240423141010,20.71
20240423142010,49.51
20240423143010,48.04
20240423144010,293.55
20240423145010,136.55
20240423150010,32.82
20240423151010,5.15
20240423152010,8.57
20240423153010,18.2
20240423154010,13.46
20240423155010,2.03
20240423160010,0
20240423161010,0
20240423162010,0
20240423163010,0
20240423164010,0
20240423165010,0
20240519090010,215.97
20240519091010,175.91
20240519092010,199.22
20240519093010,248.35
20240519094010,236.85
20240519095010,246.69
20240519100010,266.06
20240519101010,314.16
20240519102010,340.01
20240519103010,617.97
20240519104010,606.91
20240519105010,812.85
20240519110010,894.44
20240519111010,871.59
20240519112010,564.46
20240519113010,677.26
20240519114010,644.52
20240519115010,1045.16
20240519120010,1092.29
20240519121010,648.72
20240519122010,512.28
20240519123010,494.21
20240519124010,413.11
20240519125010,350.86
20240519130010,297.39
20240519131010,341.22
20240519132010,97.02
20240519133010,35.92
20240519134010,0
20240519135010,0
20240519140010,26.53
20240519141010,5.13
20240519142010,0
20240519143010,0
20240519144010,0
20240519145010,18.35
20240519150010,11.43
20240519151010,0
20240519152010,0
20240519153010,0
20240519154010,0
20240519155010,0
20240519160010,0
20240519161010,0
20240519162010,0
20240519163010,0
20240519164010,0
20240519165010,0
20240619090010,394.67
20240619091010,328.99
20240619092010,317.3
20240619093010,357.72
20240619094010,333.27
20240619095010,324.69
20240619100010,261.13
20240619101010,465.34
20240619102010,489.04
20240619103010,662.81
20240619104010,619.3
20240619105010,591.74
20240619110010,893.3
20240619111010,1007.34
20240619112010,1044.67
20240619113010,1147.92
20240619114010,1257.6
20240619115010,1314.1
20240619120010,1307.28
20240619121010,1398.42
20240619122010,1486.25
20240619123010,1246.24
20240619124010,1217.99
20240619125010,1088.99
20240619130010,904.26
20240619131010,588.65
20240619132010,460.16
20240619133010,147.79
20240619134010,240.71
20240619135010,131.26
20240619140010,145.32
20240619141010,171.28
20240619142010,242.96
20240619143010,121.77
20240619144010,102.69
20240619145010,94.11
20240619150010,119.82
20240619151010,87.31
20240619152010,96
20240619153010,71.44
20240619154010,73.28
20240619155010,70.93
20240619160010,69.8
20240619161010,74.8
20240619162010,77.56
20240619163010,58.28
20240619164010,64.61
20240619165010,65.75
20240711090010,166.43
20240711091010,312.45
20240711092010,367.33
20240711093010,510.34
20240711094010,312.63
20240711095010,361.18
20240711100010,732.44
20240711101010,813.35
20240711102010,701.49
20240711103010,671.28
20240711104010,867.29
20240711105010,907.49
20240711110010,1207.31
20240711111010,920.87
20240711112010,1179.29
20240711113010,1207.66
20240711114010,1169.14
20240711115010,864.05
20240711120010,1019.93
20240711121010,964.53
20240711122010,1107.19
20240711123010,763.96
20240711124010,632.39
20240711125010,772.24
20240711130010,960.18
20240711131010,693.48
20240711132010,549.2
20240711133010,162.17
20240711134010,119.42
20240711135010,76.3
20240711140010,117.1
20240711141010,89.44
20240711142010,76.67
20240711143010,76.95
20240711144010,70.08
20240711145010,45.44
20240711150010,27.31
20240711151010,29.32
20240711152010,27.48
20240711153010,28.29
20240711154010,33.03
20240711155010,45.18
20240711160010,52.02
20240711161010,46.49
20240711162010,34.99
20240711163010,32.26
20240711164010,27.8
20240711165010,24.29
20240207090017,417.48
20240207091017,720.19
20240207092017,376.16
20240207093017,411.59
20240207094017,363.57
20240207095017,242.98
20240207100017,263.61
20240207101017,373.31
20240207102017,644.71
20240207103017,657.06
20240207104017,412.62
20240207105017,921.1
20240207110017,930.89
20240207111017,478.67
20240207112017,401.07
20240207113017,511.47
20240207114017,503.85
20240207115017,750.27
20240207120017,1103.4
20240207121017,1247.03
20240207122017,825.5
20240207123017,797.28
20240207124017,821.92
20240207125017,779.03
20240207130017,819.51
20240207131017,813.13
20240207132017,617.19
20240207133017,663.75
20240207134017,646.03
20240207135017,295.75
20240207140017,117.16
20240207141017,99.72
20240207142017,132.32
20240207143017,120.55
20240207144017,102.66
20240207145017,88.44
20240207150017,85.95
20240207151017,68.51
20240207152017,71.07
20240207153017,95.16
20240207154017,74.9
20240207155017,74.86
20240207160017,63.03
20240207161017,65.36
20240207162017,66.23
20240207163017,56.07
20240207164017,64.19
20240207165017,63.81
20240224090017,175.69
20240224091017,262.3
20240224092017,283.79
20240224093017,345.35
20240224094017,595.64
20240224095017,526.26
20240224100017,633.35
20240224101017,711.83
20240224102017,546.02
20240224103017,672.43
20240224104017,708.96
20240224105017,1140.79
20240224110017,1441.03
20240224111017,1476.42
20240224112017,1354.29
20240224113017,1206.31
20240224114017,563.34
20240224115017,378.04
20240224120017,464.6
20240224121017,786.86
20240224122017,346.16
20240224123017,146.04
20240224124017,112.18
20240224125017,73.34
20240224130017,82.27
20240224131017,57.76
20240224132017,58.93
20240224133017,58.08
20240224134017,75.13
20240224135017,51.86
20240224140017,47.46
20240224141017,63.29
20240224142017,74.89
20240224143017,63.02
20240224144017,65.98
20240224145017,62.17
20240224150017,71.1
20240224151017,64.79
20240224152017,64.15
20240224153017,63.39
20240224154017,60.51
20240224155017,57.74
20240224160017,59.38
20240224161017,52.66
20240224162017,50.97
20240224163017,48.64
20240224164017,47.07
20240224165017,39.96
20240318090017,468.06
20240318091017,453.5
20240318092017,455.13
20240318093017,351.2
20240318094017,312.28
20240318095017,307.57
20240318100017,666.07
20240318101017,665.47
20240318102017,591.3
20240318103017,914.34
20240318104017,1104.66
20240318105017,1070.2
20240318110017,1379.98
20240318111017,1446.06
20240318112017,1463.14
20240318113017,1329.74
20240318114017,1464.37
20240318115017,1493.04
20240318120017,1479
20240318121017,1433.87
20240318122017,1507.44
20240318123017,1442.29
20240318124017,1460.37
20240318125017,1398.32
20240318130017,1377.99
20240318131017,1433.06
20240318132017,1561.61
20240318133017,1477.08
20240318134017,1442.7
20240318135017,1422.32
20240318140017,1171.34
20240318141017,1034.4
20240318142017,1319.54
20240318143017,1288.93
20240318144017,1042.89
20240318145017,960.44
20240318150017,836.62
20240318151017,674.51
20240318152017,262.77
20240318153017,4.2
20240318154017,0
20240318155017,136.69
20240318160017,148.52
20240318161017,166.58
20240318162017,93.5
20240318163017,50.52
20240318164017,68.16
20240318165017,63.62
20240509090017,49.28
20240509091017,40.61
20240509092017,59.57
20240509093017,45.68
20240509094017,61.32
20240509095017,32.14
20240509100017,75.91
20240509101017,124.85
20240509102017,43.02
20240509103017,183.46
20240509104017,426.96
20240509105017,727.58
20240509110017,964.45
20240509111017,849.95
20240509112017,860.05
20240509113017,840.71
20240509114017,880.72
20240509115017,890.16
20240509120017,885.37
20240509121017,799.34
20240509122017,576.26
20240509123017,1218.26
20240509124017,771.87
20240509125017,791.31
20240509130017,949.48
20240509131017,862.13
20240509132017,1244.25
20240509133017,774.18
20240509134017,542.16
20240509135017,490.87
20240509140017,549.1
20240509141017,410.56
20240509142017,321.15
20240509143017,71.6
20240509144017,54.56
20240509145017,45.2
20240509150017,69.99
20240509151017,40.1
20240509152017,32.76
20240509153017,31.15
20240509154017,14.29
20240509155017,10.71
20240509160017,4.1
20240509161017,0.39
20240509162017,0
20240509163017,0
20240509164017,0
20240509165017,0
20240602090017,45.46
20240602091017,43.42
20240602092017,24.64
20240602093017,0
20240602094017,0
20240602095017,3.43
20240602100017,52.67
20240602101017,104.41
20240602102017,128.78
20240602103017,94.8
20240602104017,71.41
20240602105017,100.25
20240602110017,353.89
20240602111017,337.52
20240602112017,362.37
20240602113017,321.68
20240602114017,287.03
20240602115017,435.6
20240602120017,508.12
20240602121017,52.12
20240602122017,271.19
20240602123017,107
20240602124017,157.02
20240602125017,133.06
20240602130017,120.04
20240602131017,67.77
20240602132017,70.27
20240602133017,57.6
20240602134017,47.17
20240602135017,18.06
20240602140017,3.85
20240602141017,9.73
20240602142017,14.57
20240602143017,7.93
20240602144017,15.74
20240602145017,5.11
20240602150017,0
20240602151017,0
20240602152017,0
20240602153017,4.21
20240602154017,9.74
20240602155017,0.3
20240602160017,0
20240602161017,0
20240602162017,0
20240602163017,0
20240602164017,0
20240602165017,0
20240604090017,26.5
20240604091017,35.82
20240604092017,37.35
20240604093017,30.79
20240604094017,57.25
20240604095017,90.9
20240604100017,99.35
20240604101017,298.06
20240604102017,551.29
20240604103017,665.47
20240604104017,923.03
20240604105017,939.29
20240604110017,1200.42
20240604111017,1170.14
20240604112017,1261.29
20240604113017,1193.23
20240604114017,1228.85
20240604115017,997.01
20240604120017,1004.51
20240604121017,1015.17
20240604122017,630.48
20240604123017,532.28
20240604124017,520.62
20240604125017,526.93
20240604130017,569.03
20240604131017,468.62
20240604132017,526.22
20240604133017,469.59
20240604134017,338.53
20240604135017,302.71
20240604140017,196.8
20240604141017,118.01
20240604142017,66.08
20240604143017,56.7
20240604144017,34.76
20240604145017,56.09
20240604150017,54.25
20240604151017,36.77
20240604152017,54.01
20240604153017,18.43
20240604154017,25.58
20240604155017,37.83
20240604160017,49.52
20240604161017,30.89
20240604162017,36.79
20240604163017,30.29
20240604164017,8.59
20240604165017,2.32
20240609090017,0
20240609091017,91.29
20240609092017,77.61
20240609093017,114.17
20240609094017,119.63
20240609095017,73.48
20240609100017,275.89
20240609101017,397.35
20240609102017,554.54
20240609103017,453.83
20240609104017,349.7
20240609105017,360.06
20240609110017,379.93
20240609111017,377.88
20240609112017,384.34
20240609113017,737.64
20240609114017,870.24
20240609115017,819.68
20240609120017,582.38
20240609121017,416.33
20240609122017,411.87
20240609123017,578.99
20240609124017,597.09
20240609125017,763.4
20240609130017,782.65
20240609131017,544.48
20240609132017,252.67
20240609133017,136.9
20240609134017,199.18
20240609135017,272.23
20240609140017,108.78
20240609141017,89.21
20240609142017,88.45
20240609143017,0
20240609144017,56.78
20240609145017,31.64
20240609150017,7.61
20240609151017,7.85
20240609152017,3.05
20240609153017,7.5
20240609154017,6.4
20240609155017,14
20240609160017,7.12
20240609161017,4.37
20240609162017,2.49
20240609163017,0.43
20240609164017,9.67
20240609165017,9.47
20240709090017,26.32
20240709091017,11.66
20240709092017,11.82
20240709093017,12.56
20240709094017,22
20240709095017,4.3
20240709100017,0
20240709101017,23.79
20240709102017,24.84
20240709103017,0
20240709104017,50.06
20240709105017,92.6
20240709110017,122.5
20240709111017,91.35
20240709112017,34.51
20240709113017,6.76
20240709114017,0
20240709115017,0
20240709120017,0
20240709121017,31.33
20240709122017,26.17
20240709123017,25.73
20240709124017,46.61
20240709125017,0
20240709130017,48.93
20240709131017,0
20240709132017,0
20240709133017,0
20240709134017,3.43
20240709135017,0
20240709140017,39.15
20240709141017,9.5
20240709142017,12.89
20240709143017,0
20240709144017,0
20240709145017,6.63
20240709150017,0
20240709151017,0
20240709152017,0
20240709153017,5.8
20240709154017,19.33
20240709155017,12.17
20240709160017,30.71
20240709161017,21.58
20240709162017,24.06
20240709163017,25.99
20240709164017,12.44
20240709165017,1.89
20240106090001,175.08
20240106091001,275.19
20240106092001,179.82
20240106093001,384.06
20240106094001,526.29
20240106095001,732.53
20240106100001,849.52
20240106101001,696.58
20240106102001,175.77
20240106103001,56.89
20240106104001,67.43
20240106105001,147.77
20240106110001,171.36
20240106111001,408.1
20240106112001,204.01
20240106113001,204.74
20240106114001,117.63
20240106115001,142.76
20240106120001,56.2
20240106121001,23.46
20240106122001,4.33
20240106123001,0
20240106124001,0
20240106125001,0
20240106130001,29.26
20240106131001,16.06
20240106132001,15.17
20240106133001,15.29
20240106134001,16.31
20240106135001,18.15
20240106140001,17.64
20240106141001,33.19
20240106142001,34.42
20240106143001,16.35
20240106144001,10.15
20240106145001,6.17
20240106150001,6.98
20240106151001,4.41
20240106152001,8.74
20240106153001,11.77
20240106154001,17.27
20240106155001,17.59
20240106160001,18.27
20240106161001,22.16
20240106162001,7.8
20240106163001,7.3
20240106164001,3.67
20240106165001,3.53
20240111090001,22.06
20240111091001,11.05
20240111092001,21.49
20240111093001,61.65
20240111094001,16.75
20240111095001,3.39
20240111100001,20.92
20240111101001,1.34
20240111102001,0
20240111103001,3.73
20240111104001,21.88
20240111105001,0
20240111110001,0
20240111111001,60.66
20240111112001,50.87
20240111113001,46.64
20240111114001,76.03
20240111115001,68.82
20240111120001,18.82
20240111121001,9.58
20240111122001,0
20240111123001,0
20240111124001,0
20240111125001,67.31
20240111130001,69.52
20240111131001,0
20240111132001,26.12
20240111133001,35.36
20240111134001,19.01
20240111135001,13.92
20240111140001,10.15
20240111141001,23.74
20240111142001,37.76
20240111143001,45.63
20240111144001,41.34
20240111145001,50.29
20240111150001,71.37
20240111151001,40.88
20240111152001,29.87
20240111153001,42.49
20240111154001,35.51
20240111155001,28.55
20240111160001,24.35
20240111161001,19.17
20240111162001,6.49
20240111163001,5.25
20240111164001,6.48
20240111165001,6.26
20240213090001,332.47
20240213091001,390.49
20240213092001,538.2
20240213093001,351.55
20240213094001,685.14
20240213095001,713.64
20240213100001,960.83
20240213101001,904.78
20240213102001,977.01
20240213103001,1020.26
20240213104001,729.2
20240213105001,705.42
20240213110001,736.54
20240213111001,897.64
20240213112001,896.02
20240213113001,739.33
20240213114001,678.74
20240213115001,826.62
20240213120001,572.88
20240213121001,388.13
20240213122001,387.33
20240213123001,110.45
20240213124001,326.39
20240213125001,853.22
20240213130001,286.51
20240213131001,498.17
20240213132001,877.05
20240213133001,1024.05
20240213134001,909.08
20240213135001,940.39
20240213140001,766.63
20240213141001,711.51
20240213142001,546.95
20240213143001,50.24
20240213144001,93.53
20240213145001,86.58
20240213150001,44.43
20240213151001,76.97
20240213152001,48.35
20240213153001,38.98
20240213154001,33.91
20240213155001,27.66
20240213160001,9.97
20240213161001,19.03
20240213162001,16.91
20240213163001,14.31
20240213164001,37.94
20240213165001,38.62
20240508090001,78.53
20240508091001,38.53
20240508092001,104.83
20240508093001,349.97
20240508094001,550.19
20240508095001,556.4
20240508100001,532.01
20240508101001,456.35
20240508102001,723.65
20240508103001,861.83
20240508104001,1014.92
20240508105001,873.26
20240508110001,1331.86
20240508111001,1319.97
20240508112001,1369.16
20240508113001,1396.33
20240508114001,1339
20240508115001,1299.81
20240508120001,1392.61
20240508121001,1381.64
20240508122001,1217.14
20240508123001,1033.7
20240508124001,1007.15
20240508125001,1086.89
20240508130001,1075.68
20240508131001,786.51
20240508132001,434.61
20240508133001,447.82
20240508134001,484.56
20240508135001,451.87
20240508140001,127.97
20240508141001,0
20240508142001,0
20240508143001,0
20240508144001,9.73
20240508145001,46.22
20240508150001,36.17
20240508151001,33.49
20240508152001,34
20240508153001,61.34
20240508154001,32.97
20240508155001,12.21
20240508160001,4.26
20240508161001,4.78
20240508162001,0
20240508163001,0
20240508164001,21.35
20240508165001,0.56
20240510090001,0
20240510091001,0
20240510092001,0
20240510093001,4.73
20240510094001,9.61
20240510095001,18.56
20240510100001,33.72
20240510101001,41.63
20240510102001,41.1
20240510103001,37.44
20240510104001,16.16
20240510105001,12.34
20240510110001,14.54
20240510111001,51.34
20240510112001,49.18
20240510113001,53.12
20240510114001,35.24
20240510115001,27.81
20240510120001,26.65
20240510121001,12.97
20240510122001,12.29
20240510123001,2.58
20240510124001,3.79
20240510125001,13.39
20240510130001,20.75
20240510131001,7.99
20240510132001,8.77
20240510133001,11.09
20240510134001,0
20240510135001,0
20240510140001,3.28
20240510141001,0
20240510142001,0.94
20240510143001,0
20240510144001,0
20240510145001,0
20240510150001,0
20240510151001,2.28
20240510152001,3.97
20240510153001,7.28
20240510154001,4.98
20240510155001,11.54
20240510160001,11.81
20240510161001,6.11
20240510162001,6.08
20240510163001,4.59
20240510164001,3.26
20240510165001,5.14
20240524090001,22.98
20240524091001,14.39
20240524092001,10.17
20240524093001,7.6
20240524094001,7.64
20240524095001,25.14
20240524100001,34.12
20240524101001,35.76
20240524102001,41.81
20240524103001,39.76
20240524104001,49.65
20240524105001,51.68
20240524110001,30.41
20240524111001,38.23
20240524112001,33.09
20240524113001,41.4
20240524114001,33.39
20240524115001,46.86
20240524120001,191.32
20240524121001,26.63
20240524122001,19.73
20240524123001,184.48
20240524124001,445.61
20240524125001,387.69
20240524130001,296.54
20240524131001,482.06
20240524132001,149.61
20240524133001,406.9
20240524134001,575.64
20240524135001,668.67
20240524140001,131.62
20240524141001,113.68
20240524142001,94.98
20240524143001,56.24
20240524144001,43.11
20240524145001,13.37
20240524150001,5.62
20240524151001,2.94
20240524152001,0
20240524153001,9.82
20240524154001,3.09
20240524155001,1.12
20240524160001,1.73
20240524161001,0.16
20240524162001,1.25
20240524163001,2.68
20240524164001,2.81
20240524165001,5.06
20240623090001,29.29
20240623091001,42.46
20240623092001,38.76
20240623093001,23.51
20240623094001,21.67
20240623095001,46.26
20240623100001,140.6
20240623101001,46.9
20240623102001,24.82
20240623103001,0
20240623104001,19.29
20240623105001,8.16
20240623110001,7.03
20240623111001,4.67
20240623112001,14.35
20240623113001,24.16
20240623114001,0
20240623115001,34.14
20240623120001,2.21
20240623121001,17.48
20240623122001,0
20240623123001,7.15
20240623124001,23.67
20240623125001,7.65
20240623130001,0.84
20240623131001,5.38
20240623132001,7.88
20240623133001,15.21
20240623134001,7.58
20240623135001,9.31
20240623140001,1.96
20240623141001,2.49
20240623142001,0
20240623143001,2.69
20240623144001,0
20240623145001,7.01
20240623150001,13.12
20240623151001,14.27
20240623152001,0
20240623153001,0.63
20240623154001,0
20240623155001,9.14
20240623160001,8.45
20240623161001,10.41
20240623162001,32.6
20240623163001,1.73
20240623164001,3.27
20240623165001,14.1
20240627090001,38.87
20240627091001,30.98
20240627092001,29.79
20240627093001,28.25
20240627094001,78.42
20240627095001,34.41
20240627100001,17.31
20240627101001,0
20240627102001,0
20240627103001,0
20240627104001,37.99
20240627105001,324.44
20240627110001,435.44
20240627111001,557.51
20240627112001,610.49
20240627113001,600.88
20240627114001,770.6
20240627115001,855.79
20240627120001,1323.02
20240627121001,950.53
20240627122001,642.22
20240627123001,737.82
20240627124001,562.42
20240627125001,728.84
20240627130001,723.49
20240627131001,799.01
20240627132001,517.75
20240627133001,707.09
20240627134001,761.78
20240627135001,495.18
20240627140001,466.07
20240627141001,366.14
20240627142001,137.56
20240627143001,51.66
20240627144001,50
20240627145001,45.35
20240627150001,36.94
20240627151001,32.5
20240627152001,35.71
20240627153001,35.22
20240627154001,22.06
20240627155001,26.01
20240627160001,22.61
20240627161001,8.19
20240627162001,12.5
20240627163001,0
20240627164001,0
20240627165001,0
20240713090001,34.69
20240713091001,33.48
20240713092001,30.55
20240713093001,26.13
20240713094001,27.45
20240713095001,72.04
20240713100001,45.24
20240713101001,61.04
20240713102001,38.92
20240713103001,84.33
20240713104001,173.72
20240713105001,813.54
20240713110001,813.49
20240713111001,914.26
20240713112001,917.29
20240713113001,901.38
20240713114001,904.4
20240713115001,852.47
20240713120001,832.73
20240713121001,569.99
20240713122001,838.46
20240713123001,655.32
20240713124001,669.77
20240713125001,665.11
20240713130001,727.06
20240713131001,400.58
20240713132001,75.02
20240713133001,50.46
20240713134001,0
20240713135001,3.81
20240713140001,0
20240713141001,0
20240713142001,10.26
20240713143001,5.92
20240713144001,3.29
20240713145001,19.07
20240713150001,26.35
20240713151001,0
20240713152001,11.49
20240713153001,1.95
20240713154001,4.93
20240713155001,9.47
20240713160001,13.6
20240713161001,11.89
20240713162001,8.06
20240713163001,2.92
20240713164001,2.42
20240713165001,2.71
20240715090001,11.48
20240715091001,8.34
20240715092001,19.8
20240715093001,37
20240715094001,19.09
20240715095001,19.58
20240715100001,16.7
20240715101001,4.79
20240715102001,4.54
20240715103001,6.54
20240715104001,7.19
20240715105001,3.46
20240715110001,9.39
20240715111001,4.04
20240715112001,19.81
20240715113001,16.01
20240715114001,14.95
20240715115001,10.24
20240715120001,12.3
20240715121001,11.7
20240715122001,4.2
20240715123001,7.78
20240715124001,12.88
20240715125001,14.41
20240715130001,7.77
20240715131001,5.67
20240715132001,7
20240715133001,1.44
20240715134001,2.87
20240715135001,2.26
20240715140001,1.53
20240715141001,4.13
20240715142001,8.24
20240715143001,7.35
20240715144001,4.08
20240715145001,0
20240715150001,17.87
20240715151001,0
20240715152001,3.14
20240715153001,0
20240715154001,0
20240715155001,0
20240715160001,1.76
20240715161001,3.98
20240715162001,1.1
20240715163001,1.89
20240715164001,0
20240715165001,3.73
20240927090004,25.42
20240927091004,26.22
20240927092004,8.28
20240927093004,0
20240927094004,18.93
20240927095004,43.03
20240927100004,33.39
20240927101004,399.87
20240927102004,536.88
20240927103004,532.86
20240927104004,570.97
20240927105004,689.86
20240927110004,824.13
20240927111004,838.42
20240927112004,855.41
20240927113004,558.04
20240927114004,604.55
20240927115004,518.95
20240927120004,563.55
20240927121004,539.31
20240927122004,438.23
20240927123004,454.67
20240927124004,249.24
20240927125004,346.9
20240927130004,481.88
20240927131004,473.51
20240927132004,477.7
20240927133004,432.99
20240927134004,518.91
20240927135004,477.38
20240927140004,224.39
20240927141004,326.48
20240927142004,250.71
20240927143004,141.75
20240927144004,110.54
20240927145004,154.35
20240927150004,62.27
20240927151004,89.01
20240927152004,38.59
20240927153004,41.82
20240927154004,62.52
20240927155004,33.16
20240927160004,0
20240927161004,2
20240927162004,0
20240927163004,0
20240927164004,0
20240927165004,10.52
20241018090004,28.49
20241018091004,49.84
20241018092004,44.13
20241018093004,69.31
20241018094004,61.81
20241018095004,47.24
20241018100004,64.71
20241018101004,81.12
20241018102004,67.35
20241018103004,45.26
20241018104004,73.73
20241018105004,93.44
20241018110004,0
20241018111004,0
20241018112004,40.38
20241018113004,17.91
20241018114004,0
20241018115004,0
20241018120004,0
20241018121004,0
20241018122004,0
20241018123004,0
20241018124004,0
20241018125004,0
20241018130004,0
20241018131004,0
20241018132004,0
20241018133004,15.61
20241018134004,0
20241018135004,4.7
20241018140004,1.02
20241018141004,7.94
20241018142004,0
20241018143004,0
20241018144004,0
20241018145004,0
20241018150004,0
20241018151004,0
20241018152004,0
20241018153004,0
20241018154004,0
20241018155004,0
20241018160004,0
20241018161004,0
20241018162004,0
20241018163004,0
20241018164004,0
20241018165004,9.79
20240918090007,19.04
20240918091007,24.13
20240918092007,45.8
20240918093007,119.23
20240918094007,221.02
20240918095007,319.58
20240918100007,25.68
20240918101007,41.41
20240918102007,38.09
20240918103007,316.78
20240918104007,389.91
20240918105007,131.55
20240918110007,104.86
20240918111007,83.49
20240918112007,26.61
20240918113007,10.17
20240918114007,5.48
20240918115007,0
20240918120007,0
20240918121007,10.67
20240918122007,2.98
20240918123007,0
20240918124007,3.87
20240918125007,12.77
20240918130007,23.88
20240918131007,13.05
20240918132007,68.43
20240918133007,28.58
20240918134007,28.92
20240918135007,6.51
20240918140007,17.21
20240918141007,21.5
20240918142007,0
20240918143007,0
20240918144007,0
20240918145007,0
20240918150007,0
20240918151007,0
20240918152007,0
20240918153007,0
20240918154007,0
20240918155007,0
20240918160007,0
20240918161007,0
20240918162007,0
20240918163007,0
20240918164007,0
20240918165007,0
20240920090007,3.38
20240920091007,5.68
20240920092007,13.16
20240920093007,14.3
20240920094007,8.02
20240920095007,12.38
20240920100007,6.68
20240920101007,3.06
20240920102007,0
20240920103007,11.52
20240920104007,9.31
20240920105007,0
20240920110007,0
20240920111007,0
20240920112007,0
20240920113007,0
20240920114007,0
20240920115007,0
20240920120007,0
20240920121007,0
20240920122007,0
20240920123007,0
20240920124007,0
20240920125007,7.56
20240920130007,0
20240920131007,0
20240920132007,3.33
20240920133007,8.86
20240920134007,5.68
20240920135007,0
20240920140007,0
20240920141007,6.9
20240920142007,6.91
20240920143007,7.39
20240920144007,0
20240920145007,10.36
20240920150007,9.39
20240920151007,0
20240920152007,0
20240920153007,0
20240920154007,0
20240920155007,0
20240920160007,0
20240920161007,0
20240920162007,0
20240920163007,0
20240920164007,0
20240920165007,0
20241016090007,0
20241016091007,0
20241016092007,0
20241016093007,13.01
20241016094007,16.43
20241016095007,111.46
20241016100007,520.65
20241016101007,553.21
20241016102007,785.43
20241016103007,692.95
20241016104007,672.4
20241016105007,789.91
20241016110007,1194.49
20241016111007,1179.05
20241016112007,1250.49
20241016113007,1093.72
20241016114007,1383.1
20241016115007,1310.96
20241016120007,1324.12
20241016121007,1424.46
20241016122007,1261.92
20241016123007,1059.61
20241016124007,882.32
20241016125007,912.59
20241016130007,1152.17
20241016131007,1145.03
20241016132007,1204.73
20241016133007,1037.59
20241016134007,937.28
20241016135007,537.35
20241016140007,614.38
20241016141007,520.18
20241016142007,478.15
20241016143007,349.05
20241016144007,197.93
20241016145007,145.82
20241016150007,73.18
20241016151007,42.58
20241016152007,0
20241016153007,0
20241016154007,0
20241016155007,0
20241016160007,0
20241016161007,0
20241016162007,0
20241016163007,0
20241016164007,0
20241016165007,0
20240922090008,82.65
20240922091008,491.43
20240922092008,514.89
20240922093008,52.41
20240922094008,402.16
20240922095008,482.31
20240922100008,536.43
20240922101008,409.87
20240922102008,409.87
20240922103008,515.1
20240922104008,437.65
20240922105008,391.35
20240922110008,521.92
20240922111008,476.55
20240922112008,254.58
20240922113008,105.17
20240922114008,209.01
20240922115008,154.95
20240922120008,163.04
20240922121008,176.55
20240922122008,286.4
20240922123008,203.97
20240922124008,124.23
20240922125008,152.98
20240922130008,145.94
20240922131008,2.31
20240922132008,1.99
20240922133008,0
20240922134008,0
20240922135008,10.22
20240922140008,0
20240922141008,0
20240922142008,6.77
20240922143008,44.04
20240922144008,28.52
20240922145008,31.36
20240922150008,23.73
20240922151008,21.93
20240922152008,6.61
20240922153008,9.91
20240922154008,9.49
20240922155008,6.01
20240922160008,11.4
20240922161008,28.07
20240922162008,5.45
20240922163008,16.89
20240922164008,10.55
20240922165008,8.87
20240928090008,8.11
20240928091008,5.07
20240928092008,16.4
20240928093008,25.7
20240928094008,0
20240928095008,0
20240928100008,0
20240928101008,0
20240928102008,18.25
20240928103008,7.84
20240928104008,86.59
20240928105008,130.05
20240928110008,126.35
20240928111008,546.21
20240928112008,47.77
20240928113008,0
20240928114008,0
20240928115008,22.15
20240928120008,75.61
20240928121008,92.84
20240928122008,88.93
20240928123008,72.67
20240928124008,100.29
20240928125008,119.35
20240928130008,148.15
20240928131008,174.72
20240928132008,513.97
20240928133008,102.82
20240928134008,55.52
20240928135008,20.79
20240928140008,49.46
20240928141008,26.99
20240928142008,4.41
20240928143008,0
20240928144008,0
20240928145008,21.92
20240928150008,15.84
20240928151008,8.25
20240928152008,0
20240928153008,0
20240928154008,0
20240928155008,0
20240928160008,0
20240928161008,0
20240928162008,0
20240928163008,0
20240928164008,0
20240928165008,0
20241011090008,22.5
20241011091008,29.73
20241011092008,18.03
20241011093008,34.02
20241011094008,45.88
20241011095008,8.13
20241011100008,0
20241011101008,0
20241011102008,0
20241011103008,0
20241011104008,0
20241011105008,0
20241011110008,0
20241011111008,0
20241011112008,11.17
20241011113008,4.45
20241011114008,12.61
20241011115008,15.15
20241011120008,14.35
20241011121008,0.97
20241011122008,0
20241011123008,0
20241011124008,3.39
20241011125008,3.03
20241011130008,7.91
20241011131008,5.5
20241011132008,15.35
20241011133008,19.57
20241011134008,28.68
20241011135008,25.75
20241011140008,35.67
20241011141008,13.12
20241011142008,3.83
20241011143008,0.68
20241011144008,0
20241011145008,53.78
20241011150008,13.97
20241011151008,32.34
20241011152008,0
20241011153008,0
20241011154008,0
20241011155008,9.12
20241011160008,10.17
20241011161008,7.14
20241011162008,17.33
20241011163008,13.48
20241011164008,25.62
20241011165008,32.37
20241016090008,0
20241016091008,0
20241016092008,0
20241016093008,0
20241016094008,0
20241016095008,0
20241016100008,0
20241016101008,0
20241016102008,0
20241016103008,0
20241016104008,0
20241016105008,0
20241016110008,0
20241016111008,0
20241016112008,0
20241016113008,0
20241016114008,0
20241016115008,0
20241016120008,0
20241016121008,0
20241016122008,0
20241016123008,0
20241016124008,0
20241016125008,0
20241016130008,0
20241016131008,0
20241016132008,2.78
20241016133008,0
20241016134008,0
20241016135008,0
20241016140008,0
20241016141008,0
20241016142008,0
20241016143008,0
20241016144008,0
20241016145008,0
20241016150008,0
20241016151008,0
20241016152008,0
20241016153008,0
20241016154008,0
20241016155008,0
20241016160008,0
20241016161008,0
20241016162008,0
20241016163008,0
20241016164008,0
20241016165008,0
20241018090008,59.24
20241018091008,56.4
20241018092008,45.21
20241018093008,45.24
20241018094008,47.72
20241018095008,459.96
20241018100008,136.02
20241018101008,50.42
20241018102008,111.13
20241018103008,60.98
20241018104008,56.12
20241018105008,66.89
20241018110008,158.2
20241018111008,45.42
20241018112008,88.18
20241018113008,41.84
20241018114008,0
20241018115008,0
20241018120008,0
20241018121008,19.15
20241018122008,30.35
20241018123008,53.02
20241018124008,57.65
20241018125008,93.69
20241018130008,41.35
20241018131008,61.75
20241018132008,40.01
20241018133008,30.66
20241018134008,12.58
20241018135008,27.29
20241018140008,19.81
20241018141008,7.39
20241018142008,9.96
20241018143008,27.77
20241018144008,23.86
20241018145008,21.27
20241018150008,12.68
20241018151008,9.52
20241018152008,12.87
20241018153008,16.85
20241018154008,14.68
20241018155008,0
20241018160008,0
20241018161008,0
20241018162008,0
20241018163008,0
20241018164008,0
20241018165008,0
20241028090008,430.36
20241028091008,463.93
20241028092008,556.23
20241028093008,556.61
20241028094008,559.44
20241028095008,413.34
20241028100008,499.61
20241028101008,419.88
20241028102008,16.34
20241028103008,156.62
20241028104008,11.18
20241028105008,28.12
20241028110008,199
20241028111008,170.92
20241028112008,135.36
20241028113008,147.07
20241028114008,233.65
20241028115008,111.32
20241028120008,120.38
20241028121008,53.75
20241028122008,110.54
20241028123008,105.55
20241028124008,70.35
20241028125008,162.62
20241028130008,29.39
20241028131008,11.69
20241028132008,6.88
20241028133008,79.48
20241028134008,3.32
20241028135008,0
20241028140008,19.08
20241028141008,9.92
20241028142008,19.88
20241028143008,25.91
20241028144008,22.79
20241028145008,30.38
20241028150008,20.08
20241028151008,13.5
20241028152008,6.85
20241028153008,5.18
20241028154008,15.3
20241028155008,10.43
20241028160008,9.18
20241028161008,12.83
20241028162008,6.27
20241028163008,7.56
20241028164008,3.3
20241028165008,7.64
20240922090009,0
20240922091009,0
20240922092009,0
20240922093009,17.1
20240922094009,0
20240922095009,0
20240922100009,3.54
20240922101009,5.75
20240922102009,0
20240922103009,0
20240922104009,10.14
20240922105009,150.06
20240922110009,137.79
20240922111009,182.83
20240922112009,161.24
20240922113009,6.29
20240922114009,86.92
20240922115009,39.53
20240922120009,68.13
20240922121009,319.76
20240922122009,167.75
20240922123009,220.09
20240922124009,254.34
20240922125009,395.08
20240922130009,358.92
20240922131009,447.83
20240922132009,629.1
20240922133009,107.49
20240922134009,0
20240922135009,95.54
20240922140009,171.88
20240922141009,133.53
20240922142009,123.24
20240922143009,44.41
20240922144009,52
20240922145009,1.07
20240922150009,12.81
20240922151009,42.22
20240922152009,21.22
20240922153009,8.44
20240922154009,1.07
20240922155009,0
20240922160009,0
20240922161009,0
20240922162009,0
20240922163009,0
20240922164009,0
20240922165009,0
20240928090009,230.25
20240928091009,280.87
20240928092009,300.42
20240928093009,178.06
20240928094009,512.92
20240928095009,518.59
20240928100009,672.3
20240928101009,686.06
20240928102009,962.33
20240928103009,1069.54
20240928104009,1097.54
20240928105009,1157.85
20240928110009,1287.73
20240928111009,1166.98
20240928112009,1353.91
20240928113009,1176.78
20240928114009,1128.97
20240928115009,1242.94
20240928120009,1275.16
20240928121009,1192.82
20240928122009,1034.12
20240928123009,912.19
20240928124009,999.41
20240928125009,886.09
20240928130009,858.83
20240928131009,885.99
20240928132009,1056.28
20240928133009,960.92
20240928134009,876.56
20240928135009,918.33
20240928140009,1100.68
20240928141009,854.59
20240928142009,869.05
20240928143009,682.39
20240928144009,122.48
20240928145009,67.36
20240928150009,9.94
20240928151009,38.25
20240928152009,1.61
20240928153009,6.63
20240928154009,1.11
20240928155009,16.95
20240928160009,16.75
20240928161009,12.66
20240928162009,14.26
20240928163009,15.4
20240928164009,23.19
20240928165009,16.8
20240920090010,57.75
20240920091010,73.06
20240920092010,105.52
20240920093010,280.8
20240920094010,645.31
20240920095010,757.16
20240920100010,936.69
20240920101010,1102.18
20240920102010,804.16
20240920103010,849.12
20240920104010,901.19
20240920105010,998.85
20240920110010,1393.89
20240920111010,1392.71
20240920112010,1368.65
20240920113010,1404.79
20240920114010,1461.6
20240920115010,1542.17
20240920120010,1491.4
20240920121010,1528.7
20240920122010,1500.82
20240920123010,1496.57
20240920124010,1491.35
20240920125010,1528.06
20240920130010,1428.74
20240920131010,1473.76
20240920132010,1647.24
20240920133010,1543.73
20240920134010,1539.63
20240920135010,1310.12
20240920140010,1201.63
20240920141010,830.74
20240920142010,814.05
20240920143010,473.31
20240920144010,216.89
20240920145010,115.63
20240920150010,95.93
20240920151010,107.81
20240920152010,56.05
20240920153010,45.33
20240920154010,10
20240920155010,8.17
20240920160010,25.77
20240920161010,26.81
20240920162010,29.38
20240920163010,30.12
20240920164010,19.98
20240920165010,2.79
20240928090010,78.53
20240928091010,38.53
20240928092010,104.83
20240928093010,349.97
20240928094010,550.19
20240928095010,556.4
20240928100010,532.01
20240928101010,456.35
20240928102010,723.65
20240928103010,861.83
20240928104010,1014.92
20240928105010,873.26
20240928110010,1331.86
20240928111010,1319.97
20240928112010,1369.16
20240928113010,1396.33
20240928114010,1339
20240928115010,1299.81
20240928120010,1392.61
20240928121010,1381.64
20240928122010,1217.14
20240928123010,1033.7
20240928124010,1007.15
20240928125010,1086.89
20240928130010,1075.68
20240928131010,786.51
20240928132010,434.61
20240928133010,447.82
20240928134010,484.56
20240928135010,451.87
20240928140010,127.97
20240928141010,0
20240928142010,0
20240928143010,0
20240928144010,9.73
20240928145010,46.22
20240928150010,36.17
20240928151010,33.49
20240928152010,34
20240928153010,61.34
20240928154010,32.97
20240928155010,12.21
20240928160010,4.26
20240928161010,4.78
20240928162010,0
20240928163010,0
20240928164010,21.35
20240928165010,0.56
20240919090012,122.85
20240919091012,102.82
20240919092012,126.55
20240919093012,156.3
20240919094012,244.25
20240919095012,258.59
20240919100012,627.73
20240919101012,595.9
20240919102012,505.34
20240919103012,903.92
20240919104012,884.23
20240919105012,954.82
20240919110012,1360.33
20240919111012,1415.13
20240919112012,1451.79
20240919113012,1311
20240919114012,1410.35
20240919115012,1457.71
20240919120012,1400.28
20240919121012,1427.08
20240919122012,1504.3
20240919123012,1436.25
20240919124012,1425.48
20240919125012,1374.33
20240919130012,1376.15
20240919131012,1416.94
20240919132012,1518.12
20240919133012,1430.53
20240919134012,1425.72
20240919135012,1396.33
20240919140012,1159.26
20240919141012,1047.41
20240919142012,1330.59
20240919143012,1279.06
20240919144012,1050.82
20240919145012,960.15
20240919150012,841.33
20240919151012,680.77
20240919152012,228.03
20240919153012,0
20240919154012,0
20240919155012,0
20240919160012,37.06
20240919161012,105.6
20240919162012,21.23
20240919163012,0
20240919164012,0
20240919165012,0.36
20240923090012,69.06
20240923091012,61.37
20240923092012,152.36
20240923093012,412.29
20240923094012,608.04
20240923095012,802.91
20240923100012,784.26
20240923101012,701.61
20240923102012,868.5
20240923103012,907.76
20240923104012,918.97
20240923105012,923.96
20240923110012,1484.96
20240923111012,1582.63
20240923112012,1587.34
20240923113012,1638.66
20240923114012,1545.54
20240923115012,1515.56
20240923120012,1517.86
20240923121012,1624.94
20240923122012,1508.08
20240923123012,1513.95
20240923124012,1544.26
20240923125012,1577.16
20240923130012,1611.94
20240923131012,1600.15
20240923132012,1611.31
20240923133012,1519.8
20240923134012,1541.84
20240923135012,1472.38
20240923140012,1568.81
20240923141012,1515.56
20240923142012,1404.83
20240923143012,1450.46
20240923144012,1260.08
20240923145012,1192.46
20240923150012,994.52
20240923151012,915.39
20240923152012,186.74
20240923153012,184.14
20240923154012,110.26
20240923155012,110.9
20240923160012,106.27
20240923161012,83.04
20240923162012,76.55
20240923163012,16.89
20240923164012,18.14
20240923165012,25.69
20241002090012,30.56
20241002091012,38.16
20241002092012,78.2
20241002093012,304.01
20241002094012,280.61
20241002095012,256.74
20241002100012,479.25
20241002101012,579.04
20241002102012,497.04
20241002103012,711.89
20241002104012,947.92
20241002105012,1239.76
20241002110012,1457.4
20241002111012,1541.95
20241002112012,1566.67
20241002113012,1613.06
20241002114012,1119.12
20241002115012,1196.6
20241002120012,1176.63
20241002121012,1250.44
20241002122012,1223.66
20241002123012,1342.67
20241002124012,1528.98
20241002125012,1574.25
20241002130012,1537.38
20241002131012,1410.9
20241002132012,1295.72
20241002133012,1434.04
20241002134012,1458.35
20241002135012,1406.07
20241002140012,1395.74
20241002141012,1363.15
20241002142012,1195.84
20241002143012,1406.75
20241002144012,1561.82
20241002145012,1174.74
20241002150012,1010.65
20241002151012,633.76
20241002152012,176.57
20241002153012,90.94
20241002154012,76.92
20241002155012,11
20241002160012,152.9
20241002161012,47.74
20241002162012,53.34
20241002163012,38.42
20241002164012,66.02
20241002165012,38.54
