序號,datetime,location,lightgbm,xgboost,ensemble
20240117090001,,73,206.57,125.97,166.27
20240117091001,,67,199.28,102.2,150.74
20240117092001,,61,170.22,98.97,134.6
20240117093001,,55,138.11,99.56,118.84
20240117094001,,50,183.08,129.19,156.14
20240117095001,,44,199.51,200.54,200.02
20240117100001,,14,257.59,359.38,308.48
20240117101001,,8,258.48,375.5,316.99
20240117102001,,2,271.28,398.94,335.11
20240117103001,,96,232.18,455.74,343.96
20240117104001,,90,255.75,479.49,367.62
20240117105001,,84,181.24,541.71,361.48
20240117110001,,55,188.1,522.32,355.21
20240117111001,,49,182.47,576.68,379.58
20240117112001,,43,196.23,547.89,372.06
20240117113001,,37,176.19,564.92,370.55
20240117114001,,31,189.52,540.61,365.06
20240117115001,,25,276.64,365.54,321.09
20240117120001,,95,190.33,402.65,296.49
20240117121001,,89,204.76,464.16,334.46
20240117122001,,83,179.48,603.5,391.49
20240117123001,,77,244.87,425.93,335.4
20240117124001,,72,323.53,364.72,344.12
20240117125001,,66,362.92,343.7,353.31
20240117130001,,36,374.25,318.8,346.52
20240117131001,,30,289.41,192.02,240.72
20240117132001,,24,17.05,279.09,148.07
20240117133001,,18,111.82,227.61,169.72
20240117134001,,12,183.84,240.61,212.23
20240117135001,,6,147.15,151.55,149.35
20240117140001,,77,169.59,62.05,115.82
20240117141001,,71,146.27,81.11,113.69
20240117142001,,65,162.15,39.53,100.84
20240117143001,,59,149.86,18.87,84.37
20240117144001,,53,98.14,26.04,62.09
20240117145001,,47,92.37,27.5,59.94
20240117150001,,17,92.1,22.19,57.14
20240117151001,,11,98.95,26.44,62.7
20240117152001,,5,75.69,21.05,48.37
20240117153001,,99,54.97,4.07,29.52
20240117154001,,94,48.55,2.16,25.35
20240117155001,,88,43.24,19.61,31.42
20240117160001,,58,42.21,18.21,30.21
20240117161001,,52,39.2,23.98,31.59
20240117162001,,46,38.02,17.94,27.98
20240117163001,,40,54.4,17.09,35.74
20240117164001,,34,52.53,40.91,46.72
20240117165001,,28,70.9,43.09,57
20240119090001,,5,38.6,26.17,32.39
20240119091001,,99,44.36,37,40.68
20240119092001,,93,57.34,32.17,44.76
20240119093001,,87,70.52,26.95,48.74
20240119094001,,81,58.65,33.58,46.11
20240119095001,,75,37.97,35.31,36.64
20240119100001,,45,18.62,32.02,25.32
20240119101001,,39,25.67,45.9,35.78
20240119102001,,33,18.11,41.73,29.92
20240119103001,,27,21.83,38.01,29.92
20240119104001,,22,14.98,50.28,32.63
20240119105001,,16,0,59.19,29.59
20240119110001,,86,0,97.55,48.77
20240119111001,,80,10.11,94.32,52.21
20240119112001,,74,0,114.11,57.06
20240119113001,,68,0,71.27,35.63
20240119114001,,62,13.09,113.24,63.16
20240119115001,,56,17.67,72.75,45.21
20240119120001,,27,25.76,47.43,36.59
20240119121001,,21,7.15,64.76,35.96
20240119122001,,15,38.97,81.02,59.99
20240119123001,,9,20.05,71.79,45.92
20240119124001,,3,21.27,55.26,38.26
20240119125001,,97,27.44,59.08,43.26
20240119130001,,67,16.36,78.52,47.44
20240119131001,,61,13.97,57.53,35.75
20240119132001,,55,0,45.08,22.54
20240119133001,,49,0,40.65,20.32
20240119134001,,43,74.63,40.78,57.7
20240119135001,,38,90.09,36.42,63.26
20240119140001,,8,61.15,0,30.58
20240119141001,,2,49.7,21.35,35.53
20240119142001,,96,51.08,27.42,39.25
20240119143001,,90,41.65,35.46,38.56
20240119144001,,84,3.65,32.16,17.9
20240119145001,,78,13.99,76.57,45.28
20240119150001,,49,20.36,74.44,47.4
20240119151001,,43,19.99,73.15,46.57
20240119152001,,37,21.81,62.31,42.06
20240119153001,,31,40.88,63.45,52.17
20240119154001,,25,37.15,68.14,52.64
20240119155001,,19,31.58,54.47,43.02
20240119160001,,89,40.34,1.36,20.85
20240119161001,,83,34.02,51.59,42.81
20240119162001,,77,26.22,47.15,36.69
20240119163001,,71,23.39,15.21,19.3
20240119164001,,65,17.96,16.71,17.34
20240119165001,,60,17.34,13.16,15.25
20240224090001,,97,39.28,24.81,32.05
20240224091001,,91,37.51,24.73,31.12
20240224092001,,86,37.26,34.37,35.81
20240224093001,,80,42.68,28.96,35.82
20240224094001,,74,36.8,25.4,31.1
20240224095001,,68,55.67,22.41,39.04
20240224100001,,38,113.73,46.38,80.06
20240224101001,,32,175.26,74.82,125.04
20240224102001,,26,184.55,78.8,131.68
20240224103001,,20,167.68,82.56,125.12
20240224104001,,14,192.19,81.9,137.05
20240224105001,,8,124.67,57.78,91.22
20240224110001,,79,63.19,53.68,58.44
20240224111001,,73,68.1,31.58,49.84
20240224112001,,67,68.15,57.13,62.64
20240224113001,,61,47.63,37.77,42.7
20240224114001,,55,23.2,35.42,29.31
20240224115001,,49,16.8,23.88,20.34
20240224120001,,19,19.9,29.03,24.46
20240224121001,,13,45.44,16.78,31.11
20240224122001,,8,49.43,31.85,40.64
20240224123001,,2,184.19,71.37,127.78
20240224124001,,96,194.75,70.14,132.44
20240224125001,,90,204.85,70.63,137.74
20240224130001,,60,195.79,74.02,134.9
20240224131001,,54,197.76,91.07,144.42
20240224132001,,48,163.79,87.76,125.78
20240224133001,,42,280.13,584.69,432.41
20240224134001,,36,184.16,105.62,144.89
20240224135001,,30,182.83,43.46,113.15
20240224140001,,1,201.84,120.31,161.07
20240224141001,,95,101.92,89.42,95.67
20240224142001,,89,97.35,87.34,92.34
20240224143001,,83,75.44,74.33,74.88
20240224144001,,77,61.17,61.54,61.36
20240224145001,,71,83.57,73.13,78.35
20240224150001,,41,33.98,69.26,51.62
20240224151001,,35,70.8,54.16,62.48
20240224152001,,29,16.7,50.67,33.69
20240224153001,,24,9.39,22.69,16.04
20240224154001,,18,35.63,32.24,33.94
20240224155001,,12,29.31,34.4,31.85
20240224160001,,82,11.97,26.76,19.37
20240224161001,,76,19.85,42.66,31.25
20240224162001,,70,0,36.34,18.17
20240224163001,,64,0,26.72,13.36
20240224164001,,58,0,47.07,23.54
20240224165001,,52,0.73,32.11,16.42
20240226090001,,12,90.52,74.61,82.56
20240226091001,,62,76.95,76.61,76.78
20240226092001,,11,42.22,75.57,58.89
20240226093001,,61,93.33,124.46,108.89
20240226094001,,10,46.32,83.69,65
20240226095001,,59,103.84,125.02,114.43
20240226100001,,6,161.49,140.62,151.06
20240226101001,,56,164.26,158.33,161.3
20240226102001,,5,141.67,146.2,143.94
20240226103001,,55,149.98,312.61,231.3
20240226104001,,4,166.99,219.33,193.16
20240226105001,,54,175.29,297.42,236.36
20240226110001,,1,176.97,235.21,206.09
20240226111001,,50,184.1,222.45,203.27
20240226112001,,99,200.83,247.28,224.06
20240226113001,,49,206.48,263.75,235.12
20240226114001,,98,345.08,947.47,646.28
20240226115001,,48,420.08,960.55,690.31
20240226120001,,95,291.66,247.51,269.59
20240226121001,,44,182.78,328.7,255.74
20240226122001,,93,191.88,314.52,253.2
20240226123001,,43,216.33,318.93,267.63
20240226124001,,92,154.59,342.77,248.68
20240226125001,,42,525.73,978.83,752.28
20240226130001,,89,338.96,403.2,371.08
20240226131001,,38,222.89,307.42,265.15
20240226132001,,87,272.82,273.59,273.2
20240226133001,,37,277.62,106.07,191.84
20240226134001,,86,229.81,157.45,193.63
20240226135001,,36,277.34,172.11,224.72
20240226140001,,83,390.74,564.21,477.48
20240226141001,,32,582.65,813.26,697.95
20240226142001,,82,348.6,674.28,511.44
20240226143001,,31,107.01,15.02,61.02
20240226144001,,80,119.06,45.64,82.35
20240226145001,,30,79.75,55.75,67.75
20240226150001,,77,77.36,77.23,77.3
20240226151001,,26,31.36,24.49,27.92
20240226152001,,76,32.06,64.62,48.34
20240226153001,,25,27.66,69.71,48.68
20240226154001,,74,19.73,62.75,41.24
20240226155001,,24,13.12,47.44,30.28
20240226160001,,71,3,23.46,13.23
20240226161001,,20,0,13.74,6.87
20240226162001,,70,0,15.14,7.57
20240226163001,,19,0,0,0
20240226164001,,69,0,0,0
20240226165001,,18,0,0,0
20240327090001,,75,110.07,63.87,86.97
20240327091001,,25,194.88,213.52,204.2
20240327092001,,74,189.06,192.28,190.67
20240327093001,,24,304.7,350.41,327.56
20240327094001,,73,301.93,340.58,321.26
20240327095001,,22,306.13,451.07,378.6
20240327100001,,70,216.66,492.41,354.54
20240327101001,,19,172.29,526.91,349.6
20240327102001,,68,208.44,549.59,379.02
20240327103001,,18,210.51,571.17,390.84
20240327104001,,67,251.5,526.34,388.92
20240327105001,,17,370.34,676.53,523.43
20240327110001,,64,444.52,589.79,517.16
20240327111001,,13,505.16,542.42,523.79
20240327112001,,62,546.38,557.67,552.02
20240327113001,,12,599.82,628.59,614.2
20240327114001,,61,790.03,649.35,719.69
20240327115001,,11,1314.95,1287.68,1301.32
20240327120001,,58,1375.98,1300.15,1338.07
20240327121001,,7,1321.29,1249.02,1285.15
20240327122001,,56,1177.57,977.31,1077.44
20240327123001,,6,1069.07,811.1,940.08
20240327124001,,55,1065.33,890.39,977.86
20240327125001,,5,1111.48,1112.79,1112.13
20240327130001,,52,965.81,780.67,873.24
20240327131001,,1,697.04,385.49,541.26
20240327132001,,51,397.36,65.9,231.63
20240327133001,,0,98.94,87.05,93
20240327134001,,49,19.78,66.98,43.38
20240327135001,,99,30.44,2.56,16.5
20240327140001,,46,0,45.59,22.8
20240327141001,,95,58.16,99.58,78.87
20240327142001,,45,51.32,63.54,57.43
20240327143001,,94,31.34,67.84,49.59
20240327144001,,43,31.72,77,54.36
20240327145001,,93,49.51,70.85,60.18
20240327150001,,40,108.47,64.38,86.42
20240327151001,,89,35.77,35.08,35.42
20240327152001,,39,88.01,39.58,63.8
20240327153001,,88,109.91,42.66,76.28
20240327154001,,37,8.16,52.33,30.24
20240327155001,,87,10.47,65.44,37.95
20240327160001,,34,14.67,68.71,41.69
20240327161001,,83,0,10.59,5.3
20240327162001,,33,0,56.02,28.01
20240327163001,,82,118.6,43.47,81.03
20240327164001,,32,99.17,38.19,68.68
20240327165001,,81,80.22,43.3,61.76
20240329090001,,89,11.44,74.68,43.06
20240329091001,,38,32.39,33.71,33.05
20240329092001,,87,38.18,36.9,37.54
20240329093001,,37,163.19,75.93,119.56
20240329094001,,86,42.37,37.03,39.7
20240329095001,,36,37.78,30.88,34.33
20240329100001,,83,25.14,31.03,28.09
20240329101001,,32,10.95,29.05,20
20240329102001,,81,9.92,18.77,14.34
20240329103001,,31,34.01,4.4,19.2
20240329104001,,80,27.17,0,13.59
20240329105001,,30,26.38,0,13.19
20240329110001,,77,30.42,0,15.21
20240329111001,,26,28.68,0,14.34
20240329112001,,76,45.29,0,22.64
20240329113001,,25,24.36,0,12.18
20240329114001,,74,21.32,0,10.66
20240329115001,,24,15.66,9.47,12.57
20240329120001,,71,22.57,5.3,13.94
20240329121001,,20,38.94,8.94,23.94
20240329122001,,70,35.09,21.86,28.48
20240329123001,,19,37.54,18.75,28.14
20240329124001,,68,35.03,24.42,29.73
20240329125001,,18,43.72,0,21.86
20240329130001,,65,31.33,0,15.66
20240329131001,,14,49.61,0,24.8
20240329132001,,64,10.42,0,5.21
20240329133001,,13,0,0,0
20240329134001,,62,6.29,0,3.14
20240329135001,,12,10.37,0,5.18
20240329140001,,59,4.46,0,2.23
20240329141001,,8,8.69,0,4.34
20240329142001,,58,1.41,0,0.7
20240329143001,,7,3.08,0,1.54
20240329144001,,57,4.59,0,2.3
20240329145001,,6,2.66,0,1.33
20240329150001,,53,28.49,16.94,22.72
20240329151001,,2,0,0,0
20240329152001,,52,4.99,14.04,9.52
20240329153001,,1,11.9,0.59,6.24
20240329154001,,51,13.3,2.97,8.13
20240329155001,,0,5.39,0,2.69
20240329160001,,47,2.26,26.97,14.61
20240329161001,,96,3.69,0,1.84
20240329162001,,46,0.87,0,0.44
20240329163001,,95,1.32,8,4.66
20240329164001,,45,0,0,0
20240329165001,,94,2.93,0,1.47
20240428090001,,38,0.34,29.5,14.92
20240428091001,,88,42.14,34.69,38.42
20240428092001,,37,50,36.42,43.21
20240428093001,,87,19.3,16.9,18.1
20240428094001,,36,20.11,18.06,19.09
20240428095001,,86,20.67,6.75,13.71
20240428100001,,33,25,9.98,17.49
20240428101001,,82,53.44,18.43,35.94
20240428102001,,31,44.66,18.47,31.56
20240428103001,,81,43.34,14.67,29.01
20240428104001,,30,45.39,25.08,35.24
20240428105001,,80,50.18,0,25.09
20240428110001,,27,16.43,0,8.21
20240428111001,,76,41.41,0,20.7
20240428112001,,25,40.06,27.5,33.78
20240428113001,,75,41.61,21.98,31.8
20240428114001,,24,46.31,25.24,35.77
20240428115001,,74,22.8,14.51,18.66
20240428120001,,21,27.74,21.97,24.85
20240428121001,,70,18.5,18.02,18.26
20240428122001,,19,11.73,2.6,7.16
20240428123001,,69,41.42,19.52,30.47
20240428124001,,18,44.46,1.86,23.16
20240428125001,,68,58.41,0,29.2
20240428130001,,15,60.91,15.36,38.13
20240428131001,,64,56.11,17.64,36.88
20240428132001,,14,48.21,26.44,37.33
20240428133001,,63,51.77,14.02,32.9
20240428134001,,12,53.48,23.89,38.69
20240428135001,,62,20.11,4.08,12.09
20240428140001,,9,10.45,16.72,13.58
20240428141001,,58,10.22,5.7,7.96
20240428142001,,8,16.25,17.82,17.04
20240428143001,,57,16.2,10.25,13.22
20240428144001,,6,15.26,14.15,14.7
20240428145001,,56,11.02,10.2,10.61
20240428150001,,3,9.6,7.16,8.38
20240428151001,,52,9.27,0,4.64
20240428152001,,2,0,0,0
20240428153001,,51,11.91,0,5.96
20240428154001,,0,12.13,0,6.07
20240428155001,,50,18.9,0,9.45
20240428160001,,97,9.7,55.83,32.76
20240428161001,,46,7.44,0,3.72
20240428162001,,96,5.72,6.73,6.22
20240428163001,,45,7.21,0,3.6
20240428164001,,95,8.09,3.07,5.58
20240428165001,,44,7.64,0.09,3.86
20240430090001,,52,104.37,67.56,85.97
20240430091001,,1,96.11,64.36,80.24
20240430092001,,50,81.86,69.49,75.67
20240430093001,,0,64.42,63.28,63.85
20240430094001,,49,191.92,102.67,147.29
20240430095001,,99,179.66,126.77,153.22
20240430100001,,46,175.14,260.54,217.84
20240430101001,,95,288.71,333.79,311.25
20240430102001,,44,310.46,378.12,344.29
20240430103001,,94,634.5,774.43,704.46
20240430104001,,43,658.58,844.07,751.32
20240430105001,,93,517.3,687.97,602.64
20240430110001,,40,597.36,853.44,725.4
20240430111001,,89,413.66,410.29,411.98
20240430112001,,39,258.36,296.41,277.38
20240430113001,,88,170.4,165.34,167.87
20240430114001,,37,91.71,278.14,184.92
20240430115001,,87,57.63,317.93,187.78
20240430120001,,34,178.37,318.02,248.2
20240430121001,,83,190.32,350.87,270.6
20240430122001,,33,198.64,313.03,255.83
20240430123001,,82,176.03,308.47,242.25
20240430124001,,31,153.65,250.8,202.23
20240430125001,,81,174.29,237.58,205.94
20240430130001,,28,126.08,220.23,173.16
20240430131001,,77,53.75,56.34,55.05
20240430132001,,27,37.19,38.23,37.71
20240430133001,,76,23.03,50.86,36.94
20240430134001,,25,21.57,36.1,28.84
20240430135001,,75,6.95,65.93,36.44
20240430140001,,22,0,77.9,38.95
20240430141001,,71,7.77,60.21,33.99
20240430142001,,21,8.98,33.41,21.2
20240430143001,,70,14.41,2.26,8.34
20240430144001,,20,10.22,0,5.11
20240430145001,,69,8.13,0,4.07
20240430150001,,16,12.64,0,6.32
20240430151001,,65,8.76,0,4.38
20240430152001,,15,13.5,0,6.75
20240430153001,,64,6.25,0,3.12
20240430154001,,14,4.06,0,2.03
20240430155001,,63,5.23,0,2.62
20240430160001,,10,16.83,0,8.41
20240430161001,,59,1.55,0,0.78
20240430162001,,9,5.67,0,2.84
20240430163001,,58,4.38,0,2.19
20240430164001,,8,2.14,4.35,3.24
20240430165001,,57,0,0.43,0.22
20240515090001,,10,37.7,29.47,33.58
20240515091001,,59,5.89,42.39,24.14
20240515092001,,8,37.58,35.33,36.45
20240515093001,,58,3.78,16.19,9.99
20240515094001,,7,4.5,16.4,10.45
20240515095001,,57,23.63,17.79,20.71
20240515100001,,4,0,0,0
20240515101001,,53,5.57,4.75,5.16
20240515102001,,2,22.63,13.51,18.07
20240515103001,,52,7.12,5.57,6.35
20240515104001,,1,7.64,2.05,4.84
20240515105001,,51,7.79,35.34,21.57
20240515110001,,98,0,57.89,28.94
20240515111001,,47,0,3.74,1.87
20240515112001,,97,0,10.43,5.22
20240515113001,,46,7.56,14.57,11.06
20240515114001,,95,12.43,22.68,17.56
20240515115001,,45,19.38,25.98,22.68
20240515120001,,92,116.92,18.75,67.84
20240515121001,,41,139.73,44.33,92.03
20240515122001,,91,117.28,32,74.64
20240515123001,,40,0,28.31,14.15
20240515124001,,89,48.04,27.04,37.54
20240515125001,,39,10.61,29.52,20.06
20240515130001,,86,8.9,53.16,31.03
20240515131001,,35,31.74,43.02,37.38
20240515132001,,85,24.93,22.16,23.55
20240515133001,,34,21.28,38.54,29.91
20240515134001,,83,23.75,28.04,25.9
20240515135001,,33,3.91,18.09,11
20240515140001,,80,3.29,9.87,6.58
20240515141001,,29,10.14,1.48,5.81
20240515142001,,79,3.36,6.21,4.78
20240515143001,,28,0,15.19,7.6
20240515144001,,78,6.09,0.51,3.3
20240515145001,,27,12.8,24.63,18.72
20240515150001,,74,16.43,69.05,42.74
20240515151001,,23,25.6,24.69,25.15
20240515152001,,73,7.71,37.94,22.82
20240515153001,,22,3.87,72.6,38.24
20240515154001,,72,1.59,26.27,13.93
20240515155001,,21,3.41,43.18,23.3
20240515160001,,68,7.11,44.18,25.64
20240515161001,,17,1.14,74.29,37.72
20240515162001,,67,6.02,69.77,37.89
20240515163001,,16,21.22,69.48,45.35
20240515164001,,66,15.2,64.57,39.88
20240515165001,,15,14.8,59.18,36.99
20240520090001,,42,170.25,87.93,129.09
20240520091001,,92,166.37,72.68,119.53
20240520092001,,41,175.95,73.94,124.94
20240520093001,,91,29.47,19.23,24.35
20240520094001,,40,20.07,15.97,18.02
20240520095001,,89,17.49,8.91,13.2
20240520100001,,36,25.04,15.81,20.42
20240520101001,,86,33.38,22.19,27.79
20240520102001,,35,171.51,95.58,133.54
20240520103001,,85,138.75,66.74,102.75
20240520104001,,34,232.03,138.15,185.09
20240520105001,,84,248.17,159.84,204
20240520110001,,31,238.63,215.13,226.88
20240520111001,,80,425.98,731.31,578.64
20240520112001,,29,527.02,879.04,703.03
20240520113001,,79,206.14,136.63,171.38
20240520114001,,28,157.36,120.52,138.94
20240520115001,,78,231.2,122.49,176.84
20240520120001,,25,233.77,140.75,187.26
20240520121001,,74,196.64,133.81,165.22
20240520122001,,23,157.01,142.29,149.65
20240520123001,,73,161.45,100.31,130.88
20240520124001,,22,163.03,101.07,132.05
20240520125001,,72,91.97,71.53,81.75
20240520130001,,19,93.16,57.52,75.34
20240520131001,,68,49.95,56.65,53.3
20240520132001,,17,47.67,61.22,54.44
20240520133001,,67,17.61,41.68,29.64
20240520134001,,16,26.55,118.06,72.31
20240520135001,,66,16.57,112.93,64.75
20240520140001,,13,0,111.41,55.7
20240520141001,,62,15.3,100.44,57.87
20240520142001,,12,10.94,102.4,56.67
20240520143001,,61,98.95,123.51,111.23
20240520144001,,10,98.11,62.96,80.53
20240520145001,,60,92.13,45.24,68.68
20240520150001,,7,113.47,45.73,79.6
20240520151001,,56,171.52,89.51,130.52
20240520152001,,6,97.28,47.27,72.28
20240520153001,,55,44.11,39.44,41.77
20240520154001,,4,49.75,35.85,42.8
20240520155001,,54,55.46,61.9,58.68
20240520160001,,1,64.26,113.16,88.71
20240520161001,,50,49.2,85.38,67.29
20240520162001,,0,26.27,34.58,30.42
20240520163001,,49,14.28,15.03,14.65
20240520164001,,98,21.36,22.53,21.94
20240520165001,,48,19.27,33.83,26.55
20240613090001,,53,291.99,362.95,327.47
20240613091001,,2,369.42,439.07,404.24
20240613092001,,52,387.35,469.87,428.61
20240613093001,,1,383.19,475.73,429.46
20240613094001,,51,443.7,511.61,477.65
20240613095001,,0,489.15,854.93,672.04
20240613100001,,47,737.53,753.19,745.36
20240613101001,,96,806.53,811.55,809.04
20240613102001,,46,826.59,932.59,879.59
20240613103001,,95,889.35,957.84,923.6
20240613104001,,45,956.06,818.22,887.14
20240613105001,,94,1045.91,1009.24,1027.58
20240613110001,,41,1106.9,977.37,1042.13
20240613111001,,90,1080.64,884.09,982.36
20240613112001,,40,1345.65,825.75,1085.7
20240613113001,,89,1278.67,890.43,1084.55
20240613114001,,39,1363.55,1265.63,1314.59
20240613115001,,88,1129.02,839.05,984.04
20240613120001,,35,1294.8,1317.06,1305.93
20240613121001,,85,1237.93,1271.36,1254.64
20240613122001,,34,1310.94,1297.38,1304.16
20240613123001,,83,1272.16,1121.34,1196.75
20240613124001,,33,1235.95,1063.5,1149.72
20240613125001,,82,1218.61,658.94,938.78
20240613130001,,29,1160.52,588.1,874.31
20240613131001,,79,1161.09,608.58,884.84
20240613132001,,28,1211.36,588.59,899.97
20240613133001,,77,1142.85,987.39,1065.12
20240613134001,,27,1197.56,1123.27,1160.41
20240613135001,,76,1293.63,1061.86,1177.74
20240613140001,,23,1181.43,914.54,1047.99
20240613141001,,73,861.77,504.38,683.08
20240613142001,,22,783.99,532.79,658.39
20240613143001,,71,777.69,475.63,626.66
20240613144001,,21,533.32,375.31,454.32
20240613145001,,70,473.54,344.7,409.12
20240613150001,,17,297,131.34,214.17
20240613151001,,67,246.5,109.67,178.08
20240613152001,,16,236.37,131.05,183.71
20240613153001,,66,180.7,78.34,129.52
20240613154001,,15,119.27,48.02,83.64
20240613155001,,64,93.35,39.31,66.33
20240613160001,,11,78,28.91,53.45
20240613161001,,61,51.08,0,25.54
20240613162001,,10,95.34,5.46,50.4
20240613163001,,60,85.69,12.88,49.28
20240613164001,,9,61.52,15.17,38.34
20240613165001,,58,72.3,24.4,48.35
20240615090001,,66,169,94.14,131.57
20240615091001,,15,40.94,46.57,43.75
20240615092001,,65,105.39,61.15,83.27
20240615093001,,14,110.26,42.37,76.32
20240615094001,,64,64.7,36.53,50.62
20240615095001,,13,100.62,45.72,73.17
20240615100001,,60,178.91,89.2,134.06
20240615101001,,10,166.66,97.83,132.24
20240615102001,,59,49.8,49.87,49.83
20240615103001,,8,41.27,84.12,62.7
20240615104001,,58,59.75,52.69,56.22
20240615105001,,7,37.94,73.27,55.6
20240615110001,,54,61.78,82.26,72.02
20240615111001,,4,45.96,68.24,57.1
20240615112001,,53,58.91,75.75,67.33
20240615113001,,2,46.15,64.22,55.19
20240615114001,,52,48.91,73.9,61.41
20240615115001,,1,69.05,89.76,79.4
20240615120001,,48,70.02,78.69,74.35
20240615121001,,98,70.63,100.04,85.34
20240615122001,,47,71.14,81.21,76.17
20240615123001,,96,65.2,87.86,76.53
20240615124001,,46,23.07,55.13,39.1
20240615125001,,95,33.91,50.44,42.17
20240615130001,,42,17.92,67.44,42.68
20240615131001,,92,26,44.16,35.08
20240615132001,,41,20.54,43.89,32.22
20240615133001,,91,11,36.04,23.52
20240615134001,,40,0,20.57,10.29
20240615135001,,89,9.33,20.27,14.8
20240615140001,,36,14.35,16.69,15.52
20240615141001,,86,12.18,7.94,10.06
20240615142001,,35,3.92,3.64,3.78
20240615143001,,85,0,4.98,2.49
20240615144001,,34,0,0,0
20240615145001,,83,0,0,0
20240615150001,,30,14.73,17.19,15.96
20240615151001,,80,1.34,5.13,3.23
20240615152001,,29,6.98,22.35,14.67
20240615153001,,79,4.18,55.02,29.6
20240615154001,,28,18.53,59.27,38.9
20240615155001,,77,18.7,67.59,43.15
20240615160001,,25,26.97,72.65,49.81
20240615161001,,74,18.37,78.15,48.26
20240615162001,,23,4.86,74.13,39.49
20240615163001,,73,6.66,70.84,38.75
20240615164001,,22,9.6,73.14,41.37
20240615165001,,72,5.6,18.26,11.93
20240703090001,,44,414.19,582.55,498.37
20240703091001,,93,444.22,517.06,480.64
20240703092001,,43,465.51,486.6,476.06
20240703093001,,92,413.5,543.03,478.26
20240703094001,,41,486.94,608.08,547.51
20240703095001,,91,327.59,461.92,394.76
20240703100001,,38,755.1,649.16,702.13
20240703101001,,87,531.88,489.33,510.6
20240703102001,,37,983.6,835.36,909.48
20240703103001,,86,954.39,908.43,931.41
20240703104001,,35,1076.68,959.35,1018.02
20240703105001,,85,1106.71,910.99,1008.85
20240703110001,,32,722.05,405.97,564.01
20240703111001,,81,1151.91,913.63,1032.77
20240703112001,,31,714.56,432.25,573.4
20240703113001,,80,992.17,1169.22,1080.69
20240703114001,,29,923.15,1179.31,1051.23
20240703115001,,79,975.13,783.16,879.14
20240703120001,,26,970.7,863.06,916.88
20240703121001,,75,991.62,895.14,943.38
20240703122001,,25,902.97,862.77,882.87
20240703123001,,74,977.09,821.36,899.22
20240703124001,,24,1184.76,1330.69,1257.72
20240703125001,,73,933.87,814.79,874.33
20240703130001,,20,935.55,1089.72,1012.64
20240703131001,,69,775.91,917.56,846.73
20240703132001,,19,797.2,937.69,867.44
20240703133001,,68,265.77,386.85,326.31
20240703134001,,18,303.09,342.49,322.79
20240703135001,,67,112.64,117.9,115.27
20240703140001,,14,119.31,162.99,141.15
20240703141001,,63,139.49,104.21,121.85
20240703142001,,13,65.67,27.16,46.42
20240703143001,,62,63.17,22.62,42.9
20240703144001,,12,78.16,44.53,61.34
20240703145001,,61,75.62,69.81,72.72
20240703150001,,8,101.25,66.72,83.98
20240703151001,,58,102.77,57.48,80.12
20240703152001,,7,66.13,63.96,65.04
20240703153001,,56,77.93,37.47,57.7
20240703154001,,6,75.54,53.44,64.49
20240703155001,,55,88.3,60.91,74.6
20240703160001,,2,67.82,75.67,71.75
20240703161001,,52,72.72,55.51,64.11
20240703162001,,1,61.83,52.46,57.14
20240703163001,,50,33.32,31.5,32.41
20240703164001,,0,37.44,29.8,33.62
20240703165001,,49,47.54,27.62,37.58
20240707090001,,70,318.18,389.2,353.69
20240707091001,,19,293.38,381.29,337.34
20240707092001,,69,271.91,409.45,340.68
20240707093001,,18,340.11,395.2,367.65
20240707094001,,68,344.04,202.35,273.2
20240707095001,,17,487.73,257.11,372.42
20240707100001,,64,402.26,349.92,376.09
20240707101001,,13,721.56,567.97,644.76
20240707102001,,63,489.8,473.43,481.62
20240707103001,,12,442.15,487.38,464.76
20240707104001,,62,588.51,529.12,558.82
20240707105001,,11,781.46,624.2,702.83
20240707110001,,58,1006.66,671.75,839.2
20240707111001,,8,782.57,532.22,657.4
20240707112001,,57,971.17,621,796.08
20240707113001,,6,1258.77,1280.95,1269.86
20240707114001,,56,1047.93,1233.15,1140.54
20240707115001,,5,1157.23,1310.14,1233.68
20240707120001,,52,1290.69,1360.07,1325.38
20240707121001,,2,1157.9,1345.2,1251.55
20240707122001,,51,1182.13,1350.99,1266.56
20240707123001,,0,1157.32,1404.14,1280.73
20240707124001,,50,1049.93,1208.2,1129.07
20240707125001,,99,1047.9,1275.46,1161.68
20240707130001,,46,926.59,1236.61,1081.6
20240707131001,,96,850.55,1183.47,1017.01
20240707132001,,45,905.87,1148.54,1027.2
20240707133001,,94,894.12,1110.64,1002.38
20240707134001,,44,890.68,703.87,797.28
20240707135001,,93,655.04,502.31,578.68
20240707140001,,40,625.26,551.54,588.4
20240707141001,,90,476.62,255.48,366.05
20240707142001,,39,214.4,107.78,161.09
20240707143001,,89,207.96,83.13,145.55
20240707144001,,38,159.03,80.53,119.78
20240707145001,,87,164.56,33.36,98.96
20240707150001,,34,112.78,44,78.39
20240707151001,,84,119.56,15.78,67.67
20240707152001,,33,82.71,28,55.35
20240707153001,,83,88.95,15.48,52.22
20240707154001,,32,66.08,6.73,36.41
20240707155001,,81,59.24,11.5,35.37
20240707160001,,28,66.55,24.36,45.45
20240707161001,,78,52.38,2.96,27.67
20240707162001,,27,40.5,5.84,23.17
20240707163001,,77,58.49,7.16,32.83
20240707164001,,26,56.45,11.67,34.06
20240707165001,,75,54.46,7.19,30.82
20240125090002,,99,273.87,141.46,207.67
20240125091002,,93,245.45,107.33,176.39
20240125092002,,87,250.79,112.02,181.4
20240125093002,,81,237.82,98.55,168.18
20240125094002,,75,210.04,87.51,148.78
20240125095002,,69,166.56,59.68,113.12
20240125100002,,40,230.89,87.94,159.42
20240125101002,,34,255.97,81.65,168.81
20240125102002,,28,228.99,96.44,162.72
20240125103002,,22,227.72,103.13,165.43
20240125104002,,16,259,114.38,186.69
20240125105002,,10,232.96,111.79,172.38
20240125110002,,80,226.08,130.55,178.32
20240125111002,,74,246.14,127.11,186.62
20240125112002,,68,246.1,111.74,178.92
20240125113002,,62,231.71,109.28,170.5
20240125114002,,57,243.57,125.95,184.76
20240125115002,,51,254.78,118.25,186.51
20240125120002,,21,244.16,114.46,179.31
20240125121002,,15,220.9,114.57,167.74
20240125122002,,9,245.19,108.18,176.68
20240125123002,,3,244,101.63,172.82
20240125124002,,97,131.7,70.07,100.88
20240125125002,,91,115.16,67.24,91.2
20240125130002,,62,243.14,99.12,171.13
20240125131002,,56,116.81,59.13,87.97
20240125132002,,50,83.03,47.69,65.36
20240125133002,,44,88.92,43.29,66.11
20240125134002,,38,125.33,54.26,89.8
20240125135002,,32,117.96,39.61,78.78
20240125140002,,2,134.71,41.81,88.26
20240125141002,,96,141.78,36.08,88.93
20240125142002,,90,133.84,35.25,84.54
20240125143002,,84,123.33,37.47,80.4
20240125144002,,79,129.18,41.3,85.24
20240125145002,,73,156.24,32.29,94.26
20240125150002,,43,142.32,90.69,116.5
20240125151002,,37,123.07,45.21,84.14
20240125152002,,31,110.95,40.19,75.57
20240125153002,,25,88.3,30.18,59.24
20240125154002,,19,88.99,35.31,62.15
20240125155002,,13,81.7,32.19,56.94
20240125160002,,84,61.22,38.35,49.78
20240125161002,,78,70.62,23.41,47.02
20240125162002,,72,75.13,23.25,49.19
20240125163002,,66,44.39,20.42,32.41
20240125164002,,60,37,18.23,27.62
20240125165002,,54,34.53,18.67,26.6
20240128090002,,96,22.94,37.87,30.41
20240128091002,,90,60.75,46.83,53.79
20240128092002,,84,39.57,39.89,39.73
20240128093002,,78,72.03,56.85,64.44
20240128094002,,72,57.31,73.99,65.65
20240128095002,,66,87.48,163.06,125.27
20240128100002,,37,77.06,72.45,74.75
20240128101002,,31,61.47,55.29,58.38
20240128102002,,25,52.69,75.52,64.1
20240128103002,,19,51.36,72.29,61.83
20240128104002,,13,44.71,79.68,62.2
20240128105002,,7,48.07,91.66,69.86
20240128110002,,77,35.37,90.44,62.91
20240128111002,,71,72.55,92.36,82.46
20240128112002,,65,71.4,108.39,89.9
20240128113002,,59,98.36,145.41,121.88
20240128114002,,53,142.33,156.98,149.66
20240128115002,,48,99.24,89.55,94.39
20240128120002,,18,79.91,68.21,74.06
20240128121002,,12,66.28,60.78,63.53
20240128122002,,6,71.82,73.89,72.85
20240128123002,,0,72.7,73.93,73.32
20240128124002,,94,58.57,81.12,69.84
20240128125002,,88,106.65,110.23,108.44
20240128130002,,59,103.83,102.28,103.06
20240128131002,,53,97.23,106.98,102.11
20240128132002,,47,40.43,62.79,51.61
20240128133002,,41,39.68,53.22,46.45
20240128134002,,35,29.54,49.76,39.65
20240128135002,,29,47.12,30.11,38.61
20240128140002,,99,33.72,24.85,29.28
20240128141002,,93,43.96,28.49,36.23
20240128142002,,87,39.82,23.16,31.49
20240128143002,,81,21.05,10.04,15.54
20240128144002,,75,17.39,2.77,10.08
20240128145002,,,7.74,1.34,4.54
20240128150002,,40,8.42,0,4.21
20240128151002,,34,4.36,0,2.18
20240128152002,,28,0,0.16,0.08
20240128153002,,22,2.02,0.78,1.4
20240128154002,,16,6.34,0.98,3.66
20240128155002,,10,11.52,10.59,11.05
20240128160002,,80,11.38,2.59,6.98
20240128161002,,75,7.15,3.36,5.26
20240128162002,,69,11.22,0,5.61
20240128163002,,63,14.54,0,7.27
20240128164002,,57,14.92,0,7.46
20240128165002,,51,19.11,7.82,13.46
20240213090002,,76,9.05,34.42,21.74
20240213091002,,70,0,18.12,9.06
20240213092002,,64,31.88,32.67,32.27
20240213093002,,58,36.3,53.85,45.08
20240213094002,,52,17.93,5.8,11.87
20240213095002,,46,9.5,0,4.75
20240213100002,,16,141.74,117.4,129.57
20240213101002,,11,108.93,57.02,82.98
20240213102002,,5,455.96,694.42,575.19
20240213103002,,99,175.23,157.59,166.41
20240213104002,,93,125.4,107.17,116.28
20240213105002,,87,278.35,179.29,228.82
20240213110002,,57,309.64,184.03,246.83
20240213111002,,51,319.25,321.89,320.57
20240213112002,,45,813.21,1023.08,918.14
20240213113002,,39,818.13,1017.73,917.93
20240213114002,,33,821.33,1052.67,937
20240213115002,,27,715.09,857.76,786.42
20240213120002,,98,642.22,881.65,761.93
20240213121002,,92,635.45,811.62,723.54
20240213122002,,86,679.63,938.52,809.08
20240213123002,,80,724.94,938.16,831.55
20240213124002,,74,1202.96,921.11,1062.04
20240213125002,,68,1371.8,1211.83,1291.82
20240213130002,,38,1362.33,1172.7,1267.51
20240213131002,,32,1364.6,1099.18,1231.89
20240213132002,,27,1341.13,1044.81,1192.97
20240213133002,,21,1215.53,1039.72,1127.62
20240213134002,,15,1343.08,1282.41,1312.74
20240213135002,,9,1111.99,881.47,996.73
20240213140002,,79,1069.65,938.63,1004.14
20240213141002,,73,577.63,742.78,660.2
20240213142002,,67,705.67,689.05,697.36
20240213143002,,61,71.71,305.75,188.73
20240213144002,,55,80.13,145.09,112.61
20240213145002,,49,62.99,54.37,58.68
20240213150002,,20,80.18,48.69,64.44
20240213151002,,14,66.89,42.97,54.93
20240213152002,,8,43.97,44.78,44.38
20240213153002,,2,41.99,39.73,40.86
20240213154002,,96,38.23,60.38,49.3
20240213155002,,90,75,82.75,78.88
20240213160002,,60,29.02,60.11,44.56
20240213161002,,54,28.26,59.57,43.92
20240213162002,,49,26.95,57.03,41.99
20240213163002,,43,26.76,17.38,22.07
20240213164002,,37,16.4,5.38,10.89
20240213165002,,31,9.91,5.17,7.54
20240226090002,,12,395.61,111.48,253.55
20240226091002,,62,423.44,123.22,273.33
20240226092002,,11,402.29,143.85,273.07
20240226093002,,61,584.5,760.06,672.28
20240226094002,,10,602.22,577.92,590.07
20240226095002,,,506.38,644.3,575.34
20240226100002,,7,524.29,506.03,515.16
20240226101002,,56,610.66,927.79,769.22
20240226102002,,5,669.21,906.66,787.93
20240226103002,,55,772.96,921.07,847.02
20240226104002,,4,718.41,1056.74,887.58
20240226105002,,54,982.05,842.36,912.2
20240226110002,,1,888.05,1032.91,960.48
20240226111002,,50,1076.69,1063.81,1070.25
20240226112002,,99,1063.88,1216.65,1140.27
20240226113002,,49,1225.46,1324.08,1274.77
20240226114002,,98,1304.64,1340.57,1322.61
20240226115002,,48,1477.67,1379.53,1428.6
20240226120002,,95,1436.6,1313.76,1375.18
20240226121002,,44,1429.03,1325.99,1377.51
20240226122002,,93,1392.04,1321.8,1356.92
20240226123002,,43,1310.18,1254.86,1282.52
20240226124002,,92,1273.37,1254.21,1263.79
20240226125002,,42,1328.54,1063.97,1196.26
20240226130002,,89,1289.2,1146.11,1217.65
20240226131002,,38,1219.71,1056.31,1138.01
20240226132002,,88,1198.98,1243.58,1221.28
20240226133002,,37,1082.5,1194.5,1138.5
20240226134002,,86,1195.56,1220.68,1208.12
20240226135002,,36,1196.81,1132.44,1164.62
20240226140002,,83,1370.96,1222.17,1296.57
20240226141002,,32,1407.79,1275.96,1341.88
20240226142002,,82,1381.38,1228.68,1305.03
20240226143002,,31,1373.31,1200.91,1287.11
20240226144002,,80,1267.35,1208.57,1237.96
20240226145002,,30,1175.02,1146.21,1160.62
20240226150002,,77,336.23,269.66,302.95
20240226151002,,26,378.43,268.09,323.26
20240226152002,,76,309.78,107.4,208.59
20240226153002,,25,294.96,72.25,183.6
20240226154002,,74,335.36,69.47,202.42
20240226155002,,24,219.94,32.64,126.29
20240226160002,,71,213.74,30.09,121.92
20240226161002,,20,187.36,48.02,117.69
20240226162002,,70,195.81,58.62,127.22
20240226163002,,19,174.71,49.65,112.18
20240226164002,,69,170.1,61.66,115.88
20240226165002,,18,216.85,77.54,147.2
20240319090002,,23,401.58,343.96,372.77
20240319091002,,72,362.58,374.35,368.47
20240319092002,,22,426.33,385.87,406.1
20240319093002,,71,838.89,677.98,758.43
20240319094002,,21,867.87,648.01,757.94
20240319095002,,70,880.96,776.29,828.62
20240319100002,,17,936.06,894.62,915.34
20240319101002,,66,1189.53,884.91,1037.22
20240319102002,,16,1133.68,766.99,950.34
20240319103002,,65,1262.74,868.94,1065.84
20240319104002,,15,1321.92,1056.28,1189.1
20240319105002,,64,1285.73,1145.36,1215.55
20240319110002,,11,1334.88,1211.2,1273.04
20240319111002,,61,1490.49,1260.08,1375.28
20240319112002,,10,1362.78,1263.91,1313.35
20240319113002,,59,1343.18,1336.18,1339.68
20240319114002,,9,1397.59,1309.72,1353.65
20240319115002,,58,1466.98,1290.8,1378.89
20240319120002,,5,1310.08,1333.81,1321.94
20240319121002,,55,1386.46,1313.41,1349.93
20240319122002,,4,1326.57,1157.66,1242.12
20240319123002,,53,1393.32,1303.72,1348.52
20240319124002,,3,953.37,909.21,931.29
20240319125002,,52,1248.88,1055.19,1152.04
20240319130002,,99,1280.12,1074.11,1177.11
20240319131002,,49,1269.76,1053.46,1161.61
20240319132002,,98,1256.5,1107.95,1182.22
20240319133002,,47,1198.4,1062.16,1130.28
20240319134002,,97,1155.11,1099.66,1127.38
20240319135002,,46,1011.02,752.69,881.86
20240319140002,,93,895.81,696.85,796.33
20240319141002,,43,835.4,629.46,732.43
20240319142002,,92,723.78,548.13,635.95
20240319143002,,42,1061.3,701.28,881.29
20240319144002,,91,986.79,751.12,868.95
20240319145002,,40,803.85,561.52,682.68
20240319150002,,87,742.87,542.1,642.48
20240319151002,,37,631.44,280.54,455.99
20240319152002,,86,321.76,225.8,273.78
20240319153002,,36,243.38,151.01,197.2
20240319154002,,85,128.66,8.75,68.7
20240319155002,,34,200.54,28.91,114.72
20240319160002,,81,116.04,0,58.02
20240319161002,,31,92.73,0,46.37
20240319162002,,80,86,0,43
20240319163002,,30,58.56,0,29.28
20240319164002,,79,47.91,0,23.95
20240319165002,,28,39.06,0,19.53
20240427090002,,32,386.72,478.89,432.8
20240427091002,,81,414.71,461,437.86
20240427092002,,31,439.1,490.38,464.74
20240427093002,,80,551.78,320.66,436.22
20240427094002,,30,854.73,716.57,785.65
20240427095002,,79,929.41,833.27,881.34
20240427100002,,26,1047.78,926.59,987.18
20240427101002,,75,1144,855.76,999.88
20240427102002,,25,1043.38,616.56,829.97
20240427103002,,74,1052.16,625.46,838.81
20240427104002,,24,1093.9,1071.8,1082.85
20240427105002,,73,1146.76,1121.8,1134.28
20240427110002,,20,1464.79,1157.53,1311.16
20240427111002,,69,1440.63,1173.84,1307.24
20240427112002,,19,1429.22,1188.22,1308.72
20240427113002,,68,1470.15,1108.81,1289.48
20240427114002,,18,1501.9,1167.79,1334.85
20240427115002,,67,1590.44,1250.74,1420.59
20240427120002,,14,1541.57,1499.01,1520.29
20240427121002,,64,1573.96,1492.64,1533.3
20240427122002,,13,1543.86,1302.3,1423.08
20240427123002,,62,1552.59,1297.73,1425.16
20240427124002,,12,1538.85,1312.01,1425.43
20240427125002,,61,1559.79,1316.65,1438.22
20240427130002,,8,1454.59,1434.86,1444.72
20240427131002,,58,1446.32,1250.14,1348.23
20240427132002,,7,1634.54,1242.67,1438.61
20240427133002,,56,1531.42,1214.36,1372.89
20240427134002,,6,1580.14,1193.87,1387.01
20240427135002,,55,1332.83,981.65,1157.24
20240427140002,,2,1223.83,1272.88,1248.36
20240427141002,,52,907.88,899.7,903.79
20240427142002,,1,906.58,817.34,861.96
20240427143002,,51,535.16,615.22,575.19
20240427144002,,0,320.05,470.4,395.22
20240427145002,,49,204.72,234.82,219.77
20240427150002,,96,233.4,76.1,154.75
20240427151002,,46,287.14,123.31,205.22
20240427152002,,95,320.67,187.36,254.02
20240427153002,,45,268.08,184.72,226.4
20240427154002,,94,161.71,74.77,118.24
20240427155002,,43,105.08,29.67,67.38
20240427160002,,90,127.86,42.51,85.18
20240427161002,,40,130.99,29.11,80.05
20240427162002,,89,117.38,38.8,78.09
20240427163002,,39,121.02,40.77,80.89
20240427164002,,88,112.13,35.61,73.87
20240427165002,,37,72.05,17.76,44.91
20240508090002,,64,364.02,452.31,408.16
20240508091002,,13,404.51,490.8,447.65
20240508092002,,62,493.89,567.56,530.72
20240508093002,,12,528.3,642.17,585.23
20240508094002,,61,574.36,837.51,705.93
20240508095002,,11,479.68,416.52,448.1
20240508100002,,58,341.65,480.53,411.09
20240508101002,,7,461.91,418.01,439.96
20240508102002,,57,586.28,376.58,481.43
20240508103002,,6,526.04,467.8,496.92
20240508104002,,55,995.31,877.49,936.4
20240508105002,,5,1029.31,870.21,949.76
20240508110002,,52,971.94,938.94,955.44
20240508111002,,1,1170.66,880.22,1025.44
20240508112002,,51,1243.11,1047.45,1145.28
20240508113002,,0,1247.62,1282.12,1264.87
20240508114002,,49,1392.68,1458.83,1425.76
20240508115002,,99,1543.25,1379.54,1461.39
20240508120002,,46,1643.92,1358.38,1501.15
20240508121002,,95,1409.03,1098.9,1253.97
20240508122002,,45,1503.97,1162.95,1333.46
20240508123002,,94,1535.91,1132.28,1334.1
20240508124002,,44,1460.51,1185.19,1322.85
20240508125002,,93,1398.82,1277.45,1338.13
20240508130002,,40,1430.22,1281.98,1356.1
20240508131002,,89,1398.02,1230.22,1314.12
20240508132002,,39,1427.85,1155.41,1291.63
20240508133002,,88,1402.38,1071.7,1237.04
20240508134002,,38,1335.27,1217.94,1276.61
20240508135002,,87,1372.07,990.06,1181.07
20240508140002,,34,1371.85,1073.14,1222.49
20240508141002,,83,1312.48,1153.93,1233.2
20240508142002,,33,1106.44,1019.83,1063.13
20240508143002,,82,991.91,973.29,982.6
20240508144002,,32,1245.76,1126.49,1186.12
20240508145002,,81,1153.3,1181.53,1167.41
20240508150002,,28,1162.84,1408.22,1285.53
20240508151002,,77,739.07,873.36,806.22
20240508152002,,27,237.94,787.97,512.96
20240508153002,,76,28.35,565.88,297.12
20240508154002,,26,162.07,617.23,389.65
20240508155002,,75,251.29,95.14,173.22
20240508160002,,22,242.99,94.84,168.92
20240508161002,,72,135.44,74.36,104.9
20240508162002,,21,98.7,62.55,80.62
20240508163002,,70,69.11,61.08,65.1
20240508164002,,20,100.42,78.53,89.47
20240508165002,,69,118.28,111.93,115.11
20240705090002,,57,442.94,491.39,467.16
20240705091002,,6,450.15,432.79,441.47
20240705092002,,56,477.37,393.4,435.38
20240705093002,,5,624.64,240.73,432.68
20240705094002,,55,800.55,466.13,633.34
20240705095002,,4,932.33,736.18,834.26
20240705100002,,51,926.46,353.99,640.22
20240705101002,,0,840,329.49,584.74
20240705102002,,50,923.87,486.42,705.14
20240705103002,,99,1138.44,599.49,868.96
20240705104002,,49,1035.15,1140.12,1087.63
20240705105002,,98,983.89,1134.64,1059.27
20240705110002,,45,1376.34,1295.63,1335.99
20240705111002,,94,1483.09,1359.24,1421.16
20240705112002,,44,1548.95,1402.76,1475.86
20240705113002,,93,1346.23,1363.89,1355.06
20240705114002,,43,1371.48,1285.98,1328.73
20240705115002,,92,1369.97,1124.89,1247.43
20240705120002,,39,1485.04,1182.56,1333.8
20240705121002,,89,1461.43,1150.03,1305.73
20240705122002,,38,1535.99,1242.38,1389.18
20240705123002,,87,1423.7,1188.74,1306.22
20240705124002,,37,1377.44,1203.42,1290.43
20240705125002,,86,1381.14,1195.89,1288.52
20240705130002,,33,1320.39,1079.46,1199.93
20240705131002,,83,1339.53,1147.88,1243.7
20240705132002,,32,1394.52,1047.14,1220.83
20240705133002,,81,1446.47,998.31,1222.39
20240705134002,,31,1494.62,1027.45,1261.03
20240705135002,,80,1523.28,1159.77,1341.53
20240705140002,,27,1413.82,1158.94,1286.38
20240705141002,,77,1425.56,1139.97,1282.76
20240705142002,,26,1419.43,1164.04,1291.74
20240705143002,,75,1361.79,1130.67,1246.23
20240705144002,,25,1375.81,1147.65,1261.73
20240705145002,,74,1193.41,1086.82,1140.12
20240705150002,,21,826.53,1076.94,951.74
20240705151002,,71,541.1,627.38,584.24
20240705152002,,20,441,487.73,464.36
20240705153002,,70,360.74,304.62,332.68
20240705154002,,19,333.86,148.54,241.2
20240705155002,,68,244.82,77.06,160.94
20240705160002,,15,217.73,98.01,157.87
20240705161002,,65,198.85,54.24,126.54
20240705162002,,14,137.52,48.84,93.18
20240705163002,,64,157.53,33.49,95.51
20240705164002,,13,104.89,34.43,69.66
20240705165002,,62,141.13,34.62,87.88
20240707090002,,70,448.68,410.07,429.38
20240707091002,,19,447.87,406.63,427.25
20240707092002,,69,440.88,379.89,410.38
20240707093002,,18,454.62,478.71,466.66
20240707094002,,68,463.66,460.32,461.99
20240707095002,,17,598.22,631.62,614.92
20240707100002,,64,600.7,872.07,736.38
20240707101002,,14,488.45,695.52,591.98
20240707102002,,63,647.05,635.69,641.37
20240707103002,,12,741.56,495.8,618.68
20240707104002,,62,906.51,1044.17,975.34
20240707105002,,11,880.64,1098.02,989.33
20240707110002,,58,1165.27,1186.17,1175.72
20240707111002,,8,1313.59,1323.85,1318.72
20240707112002,,57,1297.03,1135.45,1216.24
20240707113002,,6,1517.26,1319.98,1418.62
20240707114002,,56,1442.92,1298.16,1370.54
20240707115002,,5,1456.9,1308.6,1382.75
20240707120002,,52,1422.84,1211.49,1317.16
20240707121002,,2,1368.31,1215.98,1292.14
20240707122002,,51,1310.51,1048.89,1179.7
20240707123002,,0,1372.99,1037.83,1205.41
20240707124002,,50,1369.99,1027.66,1198.83
20240707125002,,99,1364.87,1025.55,1195.21
20240707130002,,46,1337.64,998.81,1168.22
20240707131002,,96,1302.27,1003.86,1153.07
20240707132002,,45,1271.35,906.18,1088.76
20240707133002,,95,1204.26,971.64,1087.95
20240707134002,,44,1206.18,670.38,938.28
20240707135002,,93,1184.84,803.17,994
20240707140002,,40,1208.73,773.04,990.88
20240707141002,,90,1034.98,619.21,827.1
20240707142002,,39,593.45,701.57,647.51
20240707143002,,89,576.14,634.21,605.18
20240707144002,,38,414.44,586.35,500.4
20240707145002,,87,335.71,340.45,338.08
20240707150002,,34,174.07,129.44,151.76
20240707151002,,84,182.83,103.96,143.4
20240707152002,,33,244.57,108.62,176.6
20240707153002,,83,276.41,175.78,226.1
20240707154002,,32,334.82,285.23,310.02
20240707155002,,81,150.33,70.02,110.18
20240707160002,,28,154.16,51.01,102.58
20240707161002,,78,163.92,38.59,101.25
20240707162002,,27,77.68,17.28,47.48
20240707163002,,77,78.29,25.26,51.78
20240707164002,,26,73.33,26.54,49.94
20240707165002,,76,54.05,26.78,40.42
20240317090003,,10,382.68,413.32,398
20240317091003,,59,432.68,458.39,445.53
20240317092003,,9,408.57,433.84,421.2
20240317093003,,58,525.82,581.97,553.9
20240317094003,,8,522.25,940.06,731.16
20240317095003,,57,525.1,616.07,570.58
20240317100003,,4,412.24,193.2,302.72
20240317101003,,53,531.45,741.8,636.62
20240317102003,,3,518.06,743.09,630.58
20240317103003,,52,783.48,781.88,782.68
20240317104003,,2,975.22,847.65,911.43
20240317105003,,51,1201.78,863.53,1032.65
20240317110003,,98,1057.57,996.92,1027.24
20240317111003,,47,1236.39,1090.12,1163.26
20240317112003,,97,1514.27,1340.96,1427.62
20240317113003,,46,1468.45,1360.76,1414.61
20240317114003,,96,1379.99,1484.43,1432.21
20240317115003,,45,1511.77,1342.03,1426.9
20240317120003,,92,1476.49,1451.92,1464.2
20240317121003,,42,1442.48,1410.19,1426.34
20240317122003,,91,1433.49,1504.72,1469.11
20240317123003,,40,1470.86,1496.72,1483.79
20240317124003,,90,1412.22,1463.24,1437.73
20240317125003,,39,1371.29,1408.06,1389.67
20240317130003,,86,1412,1469.43,1440.72
20240317131003,,36,1461.19,1432.17,1446.68
20240317132003,,85,1199.67,1047.68,1123.68
20240317133003,,34,1212.31,1221.55,1216.93
20240317134003,,84,1258.91,1191.41,1225.16
20240317135003,,33,1291.69,1270.23,1280.96
20240317140003,,80,1182.78,990.86,1086.82
20240317141003,,30,1162.15,1100.17,1131.16
20240317142003,,79,760.94,863.27,812.1
20240317143003,,28,640.99,730.61,685.8
20240317144003,,78,649.06,691.27,670.16
20240317145003,,27,475.63,504.08,489.86
20240317150003,,74,433.4,501.47,467.44
20240317151003,,24,469.55,358.72,414.14
20240317152003,,73,367.32,208.67,288
20240317153003,,23,181.03,119.8,150.42
20240317154003,,72,168.93,70.64,119.78
20240317155003,,21,251.89,153.41,202.65
20240317160003,,68,219.09,90.02,154.56
20240317161003,,18,214.51,83.97,149.24
20240317162003,,67,153.48,43.05,98.26
20240317163003,,17,203.31,46.92,125.12
20240317164003,,66,166.41,40.16,103.28
20240317165003,,15,138.48,71.57,105.02
20240414090003,,47,0,19.81,9.9
20240414091003,,96,0,7.19,3.6
20240414092003,,45,4.42,8.19,6.3
20240414093003,,95,3.58,6.61,5.1
20240414094003,,44,2.54,6.97,4.76
20240414095003,,94,4.37,8.52,6.44
20240414100003,,41,19.63,10.02,14.82
20240414101003,,90,3.78,0.1,1.94
20240414102003,,40,3.19,1.77,2.48
20240414103003,,89,3.61,1,2.3
20240414104003,,38,3.97,25.16,14.56
20240414105003,,88,15.9,30.79,23.34
20240414110003,,35,38.56,48.14,43.35
20240414111003,,84,43.01,44.85,43.93
20240414112003,,34,39.07,37.7,38.39
20240414113003,,83,46.59,20.49,33.54
20240414114003,,32,46.76,23.15,34.95
20240414115003,,82,27.35,23.57,25.46
20240414120003,,29,47.19,27.47,37.33
20240414121003,,78,34.97,18.22,26.59
20240414122003,,28,49.86,20.11,34.98
20240414123003,,77,46.19,17.13,31.66
20240414124003,,26,42.57,19.48,31.02
20240414125003,,76,12.45,5.57,9.01
20240414130003,,23,17.5,7.61,12.55
20240414131003,,72,18.84,6.13,12.48
20240414132003,,22,20.3,3.65,11.97
20240414133003,,71,9.96,6.13,8.04
20240414134003,,21,19.69,10.65,15.17
20240414135003,,70,3.49,11.02,7.26
20240414140003,,17,0,26.26,13.13
20240414141003,,66,4.84,17.64,11.24
20240414142003,,16,5.76,19.57,12.66
20240414143003,,65,4.77,18.92,11.85
20240414144003,,15,5.33,16.1,10.71
20240414145003,,64,2.75,21.66,12.2
20240414150003,,11,20.1,9.62,14.86
20240414151003,,60,23.05,0,11.53
20240414152003,,10,19.53,0,9.77
20240414153003,,59,17.61,0,8.8
20240414154003,,9,20.41,0,10.2
20240414155003,,58,18.52,0,9.26
20240414160003,,5,18.5,0,9.25
20240414161003,,55,14.87,13.35,14.11
20240414162003,,4,14.45,8.43,11.44
20240414163003,,53,17.05,10.59,13.82
20240414164003,,3,19.89,14.1,17
20240414165003,,52,30.02,13.58,21.8
20240524090003,,69,17.79,17.51,17.65
20240524091003,,18,11.01,38.43,24.72
20240524092003,,68,4.83,25.66,15.25
20240524093003,,17,12.63,13.7,13.16
20240524094003,,66,17.26,16.63,16.94
20240524095003,,16,19.07,15.65,17.36
20240524100003,,63,10.37,0,5.18
20240524101003,,12,12.73,0,6.36
20240524102003,,62,13.29,18.57,15.93
20240524103003,,11,2.19,20.35,11.27
20240524104003,,60,1.05,20.61,10.83
20240524105003,,10,15.94,20.63,18.28
20240524110003,,57,10.75,18.11,14.43
20240524111003,,6,8.42,12.26,10.34
20240524112003,,56,14.11,12.47,13.29
20240524113003,,5,19.5,18.43,18.96
20240524114003,,55,23.3,17.04,20.17
20240524115003,,4,55.37,10.88,33.12
20240524120003,,51,49.87,4.21,27.04
20240524121003,,0,50.5,3.42,26.96
20240524122003,,50,46.6,5.43,26.02
20240524123003,,99,19.17,0,9.59
20240524124003,,49,14.28,0,7.14
20240524125003,,98,14.85,0,7.42
20240524130003,,45,13.23,0,6.62
20240524131003,,94,8.31,12.17,10.24
20240524132003,,44,4.79,12,8.39
20240524133003,,93,4.11,14.75,9.43
20240524134003,,43,7.83,13.05,10.44
20240524135003,,92,8.69,23.54,16.11
20240524140003,,39,0,0,0
20240524141003,,89,8.04,8.15,8.09
20240524142003,,38,5.84,16.71,11.28
20240524143003,,87,3.03,19.37,11.2
20240524144003,,37,13.08,15.71,14.39
20240524145003,,86,15.53,27.23,21.38
20240524150003,,33,9.46,31.57,20.52
20240524151003,,83,10.59,4.09,7.34
20240524152003,,32,0,0,0
20240524153003,,81,0,0,0
20240524154003,,31,0,5.3,2.65
20240524155003,,80,0.86,13.18,7.02
20240524160003,,27,1,47.11,24.06
20240524161003,,77,10.63,42.99,26.81
20240524162003,,26,12.94,44.7,28.82
20240524163003,,75,8.54,44.49,26.52
20240524164003,,25,8.17,43.08,25.62
20240524165003,,74,0.68,48.32,24.5
20240526090003,,82,109.31,63.74,86.53
20240526091003,,31,196.56,220.12,208.34
20240526092003,,81,183.9,191.93,187.92
20240526093003,,30,296.27,338.11,317.19
20240526094003,,80,301.93,340.45,321.19
20240526095003,,29,300.19,451.07,375.63
20240526100003,,76,216.82,489.86,353.34
20240526101003,,25,172.29,526.91,349.6
20240526102003,,75,208.44,549.59,379.02
20240526103003,,24,210.51,571.17,390.84
20240526104003,,74,247.75,525.76,386.76
20240526105003,,23,370.34,676.53,523.43
20240526110003,,70,444.52,589.79,517.16
20240526111003,,19,505.16,542.42,523.79
20240526112003,,69,546.38,550.47,548.42
20240526113003,,18,599.82,628.59,614.2
20240526114003,,68,791.87,659.94,725.9
20240526115003,,17,1314.95,1287.68,1301.32
20240526120003,,64,1375.98,1300.15,1338.07
20240526121003,,14,1321.29,1249.45,1285.37
20240526122003,,63,1177.57,977.31,1077.44
20240526123003,,12,1069.07,811.1,940.08
20240526124003,,62,1064.81,890.39,977.6
20240526125003,,11,1111.48,1112.79,1112.13
20240526130003,,58,965.81,780.67,873.24
20240526131003,,8,697.04,385.49,541.26
20240526132003,,57,397.36,65.9,231.63
20240526133003,,6,98.94,87.05,93
20240526134003,,56,19.78,66.85,43.31
20240526135003,,5,30.44,2.56,16.5
20240526140003,,52,0,45.59,22.8
20240526141003,,2,57.17,99.75,78.46
20240526142003,,51,51.32,63.54,57.43
20240526143003,,0,31.34,67.84,49.59
20240526144003,,50,31.72,77,54.36
20240526145003,,99,49.52,70.52,60.02
20240526150003,,46,108.47,64.38,86.42
20240526151003,,96,35.77,35.08,35.42
20240526152003,,45,88.01,39.21,63.61
20240526153003,,95,109.91,42.29,76.1
20240526154003,,44,8.16,51.95,30.06
20240526155003,,93,10.47,65.44,37.95
20240526160003,,40,14.67,68.71,41.69
20240526161003,,90,0,10.59,5.3
20240526162003,,39,0,56.02,28.01
20240526163003,,89,118.6,43.47,81.03
20240526164003,,38,99.17,38.19,68.68
20240526165003,,87,80.22,43.3,61.76
20240603090003,,87,0.34,29.5,14.92
20240603091003,,37,42.14,34.69,38.42
20240603092003,,86,50,36.42,43.21
20240603093003,,36,19.3,16.9,18.1
20240603094003,,85,20.11,18.06,19.09
20240603095003,,34,20.56,6.75,13.65
20240603100003,,81,25,9.98,17.49
20240603101003,,31,53.27,18.43,35.85
20240603102003,,80,44.66,18.47,31.56
20240603103003,,30,43.34,14.67,29.01
20240603104003,,79,45.39,25.08,35.24
20240603105003,,28,49.63,0,24.82
20240603110003,,76,17.29,0,8.64
20240603111003,,25,41.41,0,20.7
20240603112003,,74,44.21,27.5,35.86
20240603113003,,24,40.93,21.98,31.45
20240603114003,,73,46.31,25.24,35.77
20240603115003,,23,22.96,14.49,18.73
20240603120003,,70,27.74,21.97,24.85
20240603121003,,19,18.5,18.02,18.26
20240603122003,,68,12.62,2.6,7.61
20240603123003,,18,41.42,19.52,30.47
20240603124003,,67,44.46,1.86,23.16
20240603125003,,17,54.26,0.18,27.22
20240603130003,,64,60.91,15.36,38.13
20240603131003,,13,56.31,17.64,36.98
20240603132003,,62,47.95,26.44,37.2
20240603133003,,12,51.81,14.02,32.92
20240603134003,,61,53.62,23.89,38.75
20240603135003,,11,20.13,4.08,12.11
20240603140003,,58,10.45,16.72,13.58
20240603141003,,7,10.22,5.7,7.96
20240603142003,,57,16.29,17.82,17.06
20240603143003,,6,16.33,10.25,13.29
20240603144003,,55,15.26,14.15,14.7
20240603145003,,5,11.02,10.2,10.61
20240603150003,,52,9.6,7.16,8.38
20240603151003,,1,9.27,0,4.64
20240603152003,,51,0,0,0
20240603153003,,0,11.91,0,5.96
20240603154003,,49,12.13,0,6.07
20240603155003,,99,18.86,0,9.43
20240603160003,,46,9.7,55.83,32.76
20240603161003,,95,7.44,0,3.72
20240603162003,,45,5.72,6.73,6.22
20240603163003,,94,7.21,0,3.6
20240603164003,,43,8.09,3.07,5.58
20240603165003,,93,7.64,0.09,3.86
20240620090003,,99,0,0,0
20240620091003,,48,6.54,0.77,3.66
20240620092003,,98,3.11,0,1.55
20240620093003,,47,6.53,0,3.27
20240620094003,,97,5.24,0,2.62
20240620095003,,46,2.73,0,1.36
20240620100003,,93,0,3.14,1.57
20240620101003,,42,0.33,0,0.16
20240620102003,,92,3.39,0,1.7
20240620103003,,41,11.71,0,5.86
20240620104003,,91,9.09,0,4.54
20240620105003,,40,8.72,0,4.36
20240620110003,,87,0,0,0
20240620111003,,37,11.08,0,5.54
20240620112003,,86,10.1,0,5.05
20240620113003,,35,18.86,0,9.43
20240620114003,,85,5.48,0,2.74
20240620115003,,34,0,0,0
20240620120003,,81,12.63,0,6.32
20240620121003,,31,41.23,0,20.61
20240620122003,,80,20.13,0,10.06
20240620123003,,29,13.95,0,6.97
20240620124003,,79,9.55,0,4.78
20240620125003,,28,10.6,0,5.3
20240620130003,,75,2.77,0,1.39
20240620131003,,25,5.05,0,2.52
20240620132003,,74,0,0,0
20240620133003,,23,6.79,0,3.4
20240620134003,,73,0.53,7.68,4.1
20240620135003,,22,3.94,26.2,15.07
20240620140003,,69,0,33.54,16.77
20240620141003,,19,2.95,12.96,7.96
20240620142003,,68,0,11.62,5.81
20240620143003,,18,0.63,0,0.32
20240620144003,,67,2.43,0,1.22
20240620145003,,16,2.82,0,1.41
20240620150003,,63,3.32,0,1.66
20240620151003,,13,14.43,0,7.22
20240620152003,,62,7.14,0,3.57
20240620153003,,12,11.4,0,5.7
20240620154003,,61,7.42,0,3.71
20240620155003,,10,11.68,5.22,8.45
20240620160003,,57,6.48,20.25,13.37
20240620161003,,7,1.37,18.77,10.07
20240620162003,,56,0,30.28,15.14
20240620163003,,6,4.77,16.61,10.69
20240620164003,,55,0,20.01,10.01
20240620165003,,4,2.05,14.37,8.21
20240420090004,,86,42.18,67.32,54.75
20240420091004,,36,53.73,62.8,58.26
20240420092004,,85,25.12,44.84,34.98
20240420093004,,34,33.73,42.91,38.32
20240420094004,,84,69.8,73.38,71.59
20240420095004,,33,91.49,83.47,87.48
20240420100004,,80,64.44,53.89,59.16
20240420101004,,30,86.18,61.57,73.88
20240420102004,,79,80.16,42.25,61.2
20240420103004,,28,85.49,54.92,70.2
20240420104004,,78,73.3,50.71,62
20240420105004,,27,73.2,63.28,68.24
20240420110004,,74,55.72,57.12,56.42
20240420111004,,24,54.82,39.23,47.02
20240420112004,,73,72.96,27.75,50.35
20240420113004,,22,60.16,26.93,43.55
20240420114004,,72,62.25,33.24,47.75
20240420115004,,21,52.51,37.95,45.23
20240420120004,,68,59.35,39.65,49.5
20240420121004,,18,52.69,38.09,45.39
20240420122004,,67,55.22,37.26,46.24
20240420123004,,17,52.77,39.07,45.92
20240420124004,,66,55.1,33.96,44.53
20240420125004,,15,65.05,32.15,48.6
20240420130004,,62,176,132.41,154.2
20240420131004,,12,173.25,86.36,129.8
20240420132004,,61,174.81,80.28,127.54
20240420133004,,11,175.61,129.78,152.7
20240420134004,,60,184.79,103.29,144.04
20240420135004,,9,174.59,92.38,133.49
20240420140004,,56,162.05,85.09,123.57
20240420141004,,6,166.12,91.06,128.59
20240420142004,,55,173.34,90.68,132.01
20240420143004,,5,52.8,38.36,45.58
20240420144004,,54,100.64,49.84,75.24
20240420145004,,3,51.4,38.41,44.91
20240420150004,,50,41.87,32,36.94
20240420151004,,0,47.29,23.88,35.58
20240420152004,,49,43.3,17.96,30.63
20240420153004,,99,49.61,23.26,36.44
20240420154004,,48,49.97,37.94,43.95
20240420155004,,98,52.89,24.47,38.68
20240420160004,,45,40.33,46.98,43.66
20240420161004,,94,36.79,18.29,27.54
20240420162004,,43,10.77,6.93,8.85
20240420163004,,93,11.13,7.93,9.53
20240420164004,,42,19.98,0.88,10.43
20240420165004,,92,24.67,10.11,17.39
20240422090004,,99,175.12,94.49,134.8
20240422091004,,49,45,46.57,45.78
20240422092004,,98,101.96,60.82,81.39
20240422093004,,47,110.26,42.37,76.32
20240422094004,,97,66.61,36.64,51.62
20240422095004,,46,88.39,45.72,67.06
20240422100004,,93,178.91,80.37,129.64
20240422101004,,43,172.78,97.94,135.36
20240422102004,,92,69.66,50.43,60.05
20240422103004,,42,40.95,84.12,62.54
20240422104004,,91,59.75,52.69,56.22
20240422105004,,40,42.82,72.41,57.61
20240422110004,,87,61.78,82.26,72.02
20240422111004,,37,45.83,67.87,56.85
20240422112004,,86,57.41,75.75,66.58
20240422113004,,36,43.45,64.22,53.84
20240422114004,,85,48.54,73.9,61.22
20240422115004,,34,69.05,100.33,84.69
20240422120004,,81,69.71,78.69,74.2
20240422121004,,31,82.18,100.04,91.11
20240422122004,,80,67.87,80.92,74.4
20240422123004,,30,72.32,88.15,80.24
20240422124004,,79,23.07,55.13,39.1
20240422125004,,28,33.91,50.44,42.17
20240422130004,,75,17.92,67.44,42.68
20240422131004,,25,26,44.16,35.08
20240422132004,,74,20.11,43.89,32
20240422133004,,24,11.45,36.04,23.74
20240422134004,,73,0,20.57,10.29
20240422135004,,23,9.43,20.27,14.85
20240422140004,,70,14.35,16.69,15.52
20240422141004,,19,12.18,7.94,10.06
20240422142004,,68,3.92,3.64,3.78
20240422143004,,18,0,4.98,2.49
20240422144004,,67,0,0,0
20240422145004,,17,0,0,0
20240422150004,,64,14.73,17.19,15.96
20240422151004,,13,1.55,5.13,3.34
20240422152004,,62,6.98,22.35,14.67
20240422153004,,12,4.18,55.02,29.6
20240422154004,,61,18.53,59.27,38.9
20240422155004,,11,18.75,67.59,43.17
20240422160004,,58,26.97,72.65,49.81
20240422161004,,7,18.37,78.15,48.26
20240422162004,,57,4.86,74.13,39.49
20240422163004,,6,6.66,70.84,38.75
20240422164004,,55,9.6,73.14,41.37
20240422165004,,5,5.61,18.26,11.94
20240513090004,,97,443.5,436.18,439.84
20240513091004,,46,422.18,428.88,425.53
20240513092004,,95,472.51,457.87,465.19
20240513093004,,45,689.12,296.9,493.01
20240513094004,,94,678.42,619.76,649.09
20240513095004,,44,850.6,659.74,755.17
20240513100004,,91,689.32,376.9,533.11
20240513101004,,40,611.06,321.32,466.19
20240513102004,,89,565.55,677.22,621.38
20240513103004,,39,853.51,706.87,780.19
20240513104004,,88,934.86,1344.19,1139.53
20240513105004,,38,900.66,1364.29,1132.47
20240513110004,,85,1127.55,1226.9,1177.22
20240513111004,,34,1247.38,1291.64,1269.51
20240513112004,,84,1244.55,1261,1252.78
20240513113004,,33,1283.18,1199.28,1241.23
20240513114004,,82,1220.62,1282.08,1251.35
20240513115004,,32,983.17,1137.11,1060.14
20240513120004,,79,1067.39,1222.4,1144.89
20240513121004,,28,1146.25,1245.67,1195.96
20240513122004,,78,1474.9,1245.38,1360.14
20240513123004,,27,1522.62,1435.01,1478.82
20240513124004,,76,1576.56,1424.45,1500.51
20240513125004,,26,1682.54,1360.37,1521.45
20240513130004,,73,1551.86,1376.53,1464.19
20240513131004,,22,1465.51,1409.86,1437.68
20240513132004,,72,1560.6,1466.72,1513.66
20240513133004,,21,1621.92,1393.87,1507.89
20240513134004,,70,1401.83,1295.01,1348.42
20240513135004,,20,1333.62,1245.81,1289.71
20240513140004,,67,1406.2,1321.22,1363.71
20240513141004,,16,1352.53,1304.69,1328.61
20240513142004,,66,1024.75,913.29,969.02
20240513143004,,15,1132.39,995.39,1063.89
20240513144004,,65,1055.59,1176.71,1116.15
20240513145004,,14,821.57,798.69,810.13
20240513150004,,61,779.37,828.38,803.88
20240513151004,,10,745.54,733.47,739.5
20240513152004,,60,491.09,645.34,568.22
20240513153004,,9,152.28,594.82,373.55
20240513154004,,59,242.09,218.12,230.11
20240513155004,,8,179.21,70.94,125.08
20240513160004,,55,165.38,71.02,118.2
20240513161004,,4,121.33,53.5,87.41
20240513162004,,54,121.09,59.52,90.31
20240513163004,,3,116.49,53.26,84.88
20240513164004,,53,92.8,31.16,61.98
20240513165004,,2,81.35,26.24,53.79
20240515090004,,10,442.94,491.39,467.16
20240515091004,,59,450.15,432.79,441.47
20240515092004,,9,477.37,393.4,435.38
20240515093004,,58,624.64,240.73,432.68
20240515094004,,7,800.75,481.45,641.1
20240515095004,,57,932.33,736.18,834.26
20240515100004,,4,926.2,353.99,640.1
20240515101004,,53,840,329.49,584.74
20240515102004,,3,923.85,486.42,705.14
20240515103004,,52,1114.25,597,855.62
20240515104004,,1,1035.15,1140.12,1087.63
20240515105004,,51,983.89,1134.64,1059.27
20240515110004,,98,1376.34,1295.63,1335.99
20240515111004,,47,1482.89,1359.24,1421.07
20240515112004,,97,1548.95,1402.76,1475.86
20240515113004,,46,1346.23,1363.89,1355.06
20240515114004,,95,1371.48,1285.98,1328.73
20240515115004,,45,1369.97,1124.89,1247.43
20240515120004,,92,1485.04,1182.56,1333.8
20240515121004,,41,1461.29,1150.03,1305.66
20240515122004,,91,1535.85,1242.38,1389.12
20240515123004,,40,1421.19,1188.74,1304.97
20240515124004,,90,1355.72,1201.45,1278.59
20240515125004,,39,1362.14,1193.62,1277.88
20240515130004,,86,1321.15,1079.36,1200.26
20240515131004,,35,1339.53,1147.88,1243.7
20240515132004,,85,1393.95,1047.14,1220.55
20240515133004,,34,1447.61,995.6,1221.61
20240515134004,,84,1494.84,1024.75,1259.8
20240515135004,,33,1526.2,1159.77,1342.99
20240515140004,,80,1417.23,1158.94,1288.09
20240515141004,,29,1428.82,1139.97,1284.39
20240515142004,,79,1422.73,1164.04,1293.38
20240515143004,,28,1370.89,1145.6,1258.24
20240515144004,,78,1376.06,1150.88,1263.47
20240515145004,,27,1172.3,1086.82,1129.56
20240515150004,,74,849.44,1076.96,963.2
20240515151004,,24,540.99,650.19,595.59
20240515152004,,73,441,488.16,464.58
20240515153004,,22,360.74,304.62,332.68
20240515154004,,72,329.67,148.54,239.11
20240515155004,,21,248.21,77.28,162.74
20240515160004,,68,215.56,98.02,156.79
20240515161004,,18,196.19,54.24,125.22
20240515162004,,67,134.89,48.83,91.86
20240515163004,,16,157.53,33.49,95.51
20240515164004,,66,104.89,34.43,69.66
20240515165004,,15,141.13,34.62,87.88
20240629090004,,58,71.76,78.61,75.18
20240629091004,,8,44.63,71.73,58.18
20240629092004,,57,47.29,61.15,54.22
20240629093004,,6,63.31,63.27,63.29
20240629094004,,56,48.34,68.55,58.44
20240629095004,,5,39.76,77.2,58.48
20240629100004,,52,67.77,87.84,77.81
20240629101004,,2,148.06,120.13,134.1
20240629102004,,51,258.26,260.46,259.36
20240629103004,,0,659.08,506.71,582.9
20240629104004,,50,634.75,662.9,648.82
20240629105004,,99,839.86,755.41,797.64
20240629110004,,46,896.28,778.47,837.38
20240629111004,,96,885.06,859,872.03
20240629112004,,45,648.34,677.16,662.75
20240629113004,,94,654.15,496.94,575.54
20240629114004,,44,626.65,690.23,658.44
20240629115004,,93,1031.68,639.38,835.53
20240629120004,,40,1057.47,1045.48,1051.47
20240629121004,,90,619.73,727.04,673.38
20240629122004,,39,486,553.57,519.79
20240629123004,,89,437.95,625.67,531.81
20240629124004,,38,387.36,483.4,435.38
20240629125004,,87,293.02,481.88,387.45
20240629130004,,34,289.36,279.05,284.21
20240629131004,,84,326.93,142.53,234.73
20240629132004,,33,108.18,140.49,124.34
20240629133004,,83,57.18,150.06,103.62
20240629134004,,32,22.77,74.58,48.67
20240629135004,,81,32.91,46.98,39.94
20240629140004,,28,30.37,9.75,20.06
20240629141004,,78,29.34,0,14.67
20240629142004,,27,36.58,10.82,23.7
20240629143004,,77,14.94,0,7.47
20240629144004,,26,7.8,0.88,4.34
20240629145004,,75,35.85,0,17.92
20240629150004,,22,29.33,0,14.66
20240629151004,,72,3.99,0,2
20240629152004,,21,15.25,0,7.62
20240629153004,,71,0,0,0
20240629154004,,20,9.6,0,4.8
20240629155004,,70,9.18,0,4.59
20240629160004,,17,3.14,0,1.57
20240629161004,,66,7.13,0,3.56
20240629162004,,15,5.81,0,2.9
20240629163004,,65,4.84,3.91,4.38
20240629164004,,14,1.41,1.37,1.39
20240629165004,,64,0,0,0
20240704090004,,50,29.01,90.99,60
20240704091004,,0,40.29,96.38,68.33
20240704092004,,49,42.13,87.75,64.94
20240704093004,,99,33.84,113.26,73.55
20240704094004,,48,58.83,108.74,83.78
20240704095004,,97,92.42,115.26,103.84
20240704100004,,45,102.31,107.06,104.68
20240704101004,,94,308.45,120.65,214.55
20240704102004,,43,561.47,327.23,444.35
20240704103004,,93,675.63,363.54,519.58
20240704104004,,42,931.39,711.1,821.24
20240704105004,,92,949.66,883.06,916.36
20240704110004,,39,1213.41,1432.9,1323.16
20240704111004,,88,1180.79,1504.51,1342.65
20240704112004,,37,1271.41,1442.89,1357.15
20240704113004,,87,1200.06,1296.14,1248.1
20240704114004,,36,1233.22,1389.31,1311.26
20240704115004,,86,1002.36,1278.58,1140.47
20240704120004,,33,1009.74,1287.48,1148.61
20240704121004,,82,1020.72,817.86,919.29
20240704122004,,31,635.62,329.21,482.41
20240704123004,,81,537.06,417.19,477.12
20240704124004,,30,525.46,409.74,467.6
20240704125004,,80,529.08,492.65,510.86
20240704130004,,27,571.1,523.55,547.32
20240704131004,,76,466.87,472.26,469.56
20240704132004,,26,537.97,771.28,654.62
20240704133004,,75,481.45,601.7,541.58
20240704134004,,24,345.75,210.04,277.9
20240704135004,,74,309.69,180.76,245.22
20240704140004,,21,201.29,174.09,187.69
20240704141004,,70,130.42,74.55,102.48
20240704142004,,20,91.46,54.81,73.13
20240704143004,,69,80.39,35.26,57.83
20240704144004,,18,47.71,51.42,49.56
20240704145004,,68,59.9,70.82,65.36
20240704150004,,15,62.38,63.73,63.06
20240704151004,,64,67.6,44.65,56.12
20240704152004,,14,85.02,41.33,63.17
20240704153004,,63,52.45,32.42,42.44
20240704154004,,12,62.33,33.05,47.69
20240704155004,,62,73.25,31.69,52.47
20240704160004,,9,84.88,37.13,61
20240704161004,,58,65.04,39.37,52.2
20240704162004,,8,71.7,45.6,58.65
20240704163004,,57,43.24,37.2,40.22
20240704164004,,7,18.71,27.57,23.14
20240704165004,,56,14.04,27.21,20.62
20240509090005,,70,40.59,35.05,37.82
20240509091005,,20,69.21,45.65,57.43
20240509092005,,69,48.18,36.78,42.48
20240509093005,,19,68.06,36.97,52.52
20240509094005,,68,59.68,57.65,58.66
20240509095005,,17,53.33,62.86,58.09
20240509100005,,64,47.75,62.14,54.94
20240509101005,,14,56.14,44.08,50.11
20240509102005,,63,53.54,67.04,60.29
20240509103005,,13,50.4,63.98,57.19
20240509104005,,62,54.73,69.85,62.29
20240509105005,,11,57.12,83.48,70.3
20240509110005,,59,49.17,82.84,66
20240509111005,,8,71.84,78.66,75.25
20240509112005,,57,53.62,76.85,65.24
20240509113005,,7,86.2,135.2,110.7
20240509114005,,56,136.79,156.6,146.7
20240509115005,,6,101.21,89.03,95.12
20240509120005,,53,81.57,67.89,74.73
20240509121005,,2,69.76,59.89,64.83
20240509122005,,51,74.39,73.16,73.78
20240509123005,,1,71.05,73.76,72.4
20240509124005,,50,59.79,80.93,70.36
20240509125005,,0,104.98,110.17,107.58
20240509130005,,47,97.95,102.15,100.05
20240509131005,,96,96.33,106.94,101.63
20240509132005,,45,41.19,62.65,51.92
20240509133005,,95,42.1,53.13,47.62
20240509134005,,44,31.85,49.52,40.69
20240509135005,,94,47.29,30.47,38.88
20240509140005,,41,34.39,26.55,30.47
20240509141005,,90,44.75,28.76,36.76
20240509142005,,40,40.72,23.08,31.9
20240509143005,,89,21.48,9.95,15.71
20240509144005,,38,14.12,2.59,8.36
20240509145005,,88,8.45,1.19,4.82
20240509150005,,35,8.83,0,4.42
20240509151005,,84,4.54,0,2.27
20240509152005,,34,0,0,0
20240509153005,,83,2.27,0.48,1.38
20240509154005,,32,6.22,1.58,3.9
20240509155005,,82,11.59,11.19,11.39
20240509160005,,29,11.99,3.18,7.58
20240509161005,,78,8.09,3.87,5.98
20240509162005,,28,11.59,0,5.8
20240509163005,,77,14.72,0,7.36
20240509164005,,26,15.01,0,7.5
20240509165005,,76,19.31,7.82,13.56
20240514090005,,3,40.11,81.41,60.76
20240514091005,,53,42.37,83.27,62.82
20240514092005,,2,34.77,99.13,66.95
20240514093005,,51,37.85,137.94,87.89
20240514094005,,1,81.33,132.34,106.84
20240514095005,,50,142.83,139.48,141.16
20240514100005,,97,96.82,139.87,118.34
20240514101005,,47,81.34,143.05,112.2
20240514102005,,96,75.44,94.6,85.02
20240514103005,,46,50.53,66.09,58.31
20240514104005,,95,39.26,53.1,46.18
20240514105005,,44,61.81,71.63,66.72
20240514110005,,91,5.72,75.3,40.51
20240514111005,,41,90.35,92.59,91.47
20240514112005,,90,52.26,104.94,78.6
20240514113005,,40,61.31,94.9,78.11
20240514114005,,89,60.44,100.94,80.69
20240514115005,,38,55.26,103.5,79.38
20240514120005,,85,54.53,111.44,82.98
20240514121005,,35,56.02,105.31,80.67
20240514122005,,84,41.83,89.99,65.91
20240514123005,,34,40.2,71.76,55.98
20240514124005,,83,38.73,71.63,55.18
20240514125005,,32,40.47,72.48,56.48
20240514130005,,79,47.26,62.59,54.92
20240514131005,,29,47.67,53.08,50.38
20240514132005,,78,48.78,48.8,48.79
20240514133005,,28,51.54,48.08,49.81
20240514134005,,77,53.09,43.97,48.53
20240514135005,,27,50.65,45.06,47.86
20240514140005,,74,43.66,75.76,59.71
20240514141005,,23,51.57,69.37,60.47
20240514142005,,72,53.82,69.15,61.48
20240514143005,,22,50.22,69.23,59.73
20240514144005,,71,45.8,67.69,56.74
20240514145005,,21,44.24,67.62,55.93
20240514150005,,68,47.71,38.64,43.17
20240514151005,,17,18.25,20.62,19.44
20240514152005,,66,11.18,18.05,14.62
20240514153005,,16,10.12,14.51,12.31
20240514154005,,65,46.62,25.55,36.08
20240514155005,,15,48.51,28.09,38.3
20240514160005,,62,23.13,15.41,19.27
20240514161005,,11,18.4,20.51,19.45
20240514162005,,60,15.73,20.28,18.01
20240514163005,,10,15.16,27.39,21.27
20240514164005,,59,17.78,20.5,19.14
20240514165005,,9,18.34,20.72,19.53
20240615090005,,66,39.64,52.64,46.14
20240615091005,,16,49.63,54.56,52.09
20240615092005,,65,54.84,46.34,50.59
20240615093005,,14,41.09,35.21,38.15
20240615094005,,64,38.86,100.28,69.57
20240615095005,,13,37.34,98.7,68.02
20240615100005,,60,61.6,99.45,80.53
20240615101005,,10,62.9,99.44,81.17
20240615102005,,59,59.16,102.72,80.94
20240615103005,,9,51.3,98.75,75.03
20240615104005,,58,55.55,103.55,79.55
20240615105005,,7,44.33,112.77,78.55
20240615110005,,54,41.41,106.89,74.15
20240615111005,,4,52.3,101.83,77.06
20240615112005,,53,52.75,97.67,75.21
20240615113005,,3,27.05,24.05,25.55
20240615114005,,52,49.25,33.12,41.19
20240615115005,,1,52.03,28.86,40.44
20240615120005,,48,50.39,29.69,40.04
20240615121005,,98,43.81,37.02,40.42
20240615122005,,47,37.2,59.1,48.15
20240615123005,,97,37.52,42.61,40.06
20240615124005,,46,36.99,46.65,41.82
20240615125005,,95,33.88,54.79,44.34
20240615130005,,43,53.74,40.15,46.94
20240615131005,,92,57.86,39.42,48.64
20240615132005,,41,38.85,37.15,38
20240615133005,,91,33.79,42.43,38.11
20240615134005,,40,36.69,24.46,30.58
20240615135005,,90,39.37,28.72,34.05
20240615140005,,37,26.53,36.44,31.48
20240615141005,,86,42.1,37.04,39.57
20240615142005,,35,37.56,34.27,35.92
20240615143005,,85,41.4,36.26,38.83
20240615144005,,34,35.34,31.77,33.56
20240615145005,,84,6.3,17.93,12.12
20240615150005,,31,5.95,23.79,14.87
20240615151005,,80,3.61,10.99,7.3
20240615152005,,29,0,12.13,6.07
20240615153005,,79,0,9.99,5
20240615154005,,28,0,17.44,8.72
20240615155005,,78,0,11.5,5.75
20240615160005,,25,0.59,13.33,6.96
20240615161005,,74,0,11.81,5.9
20240615162005,,24,0,7.38,3.69
20240615163005,,73,0,9.45,4.72
20240615164005,,22,2.07,3.61,2.84
20240615165005,,72,6.56,4.31,5.43
20240620090005,,99,359.95,563.93,461.94
20240620091005,,48,281.04,533.85,407.45
20240620092005,,98,208.44,297.07,252.76
20240620093005,,47,278.12,533.49,405.8
20240620094005,,97,306.71,547.7,427.21
20240620095005,,46,480.97,692.73,586.85
20240620100005,,93,524.27,794.3,659.28
20240620101005,,43,519.28,727.23,623.26
20240620102005,,92,693.76,584.44,639.1
20240620103005,,41,837.67,733.1,785.38
20240620104005,,91,912.7,815.95,864.32
20240620105005,,40,1027.82,1240.94,1134.38
20240620110005,,87,1249.56,1314.62,1282.09
20240620111005,,37,1436.14,1246.25,1341.2
20240620112005,,86,1361.88,1153.52,1257.7
20240620113005,,35,1297.88,1158.6,1228.24
20240620114005,,85,1383.91,1162.69,1273.3
20240620115005,,34,1331.14,1162.53,1246.84
20240620120005,,81,1347.86,1207.18,1277.52
20240620121005,,31,1231.56,1279.54,1255.55
20240620122005,,80,1290.23,1243.61,1266.92
20240620123005,,29,1414.21,1300.68,1357.45
20240620124005,,79,1435.81,1299.96,1367.88
20240620125005,,28,1349.95,1234.45,1292.2
20240620130005,,75,1279.26,1242.38,1260.82
20240620131005,,25,1157.23,1173.88,1165.56
20240620132005,,74,1225.42,1167.2,1196.31
20240620133005,,24,1246.43,1052.3,1149.37
20240620134005,,73,1114.09,980.19,1047.14
20240620135005,,22,1080.88,889.17,985.03
20240620140005,,69,1153.65,799.31,976.48
20240620141005,,19,1050.62,895.97,973.3
20240620142005,,68,1131.05,1122.31,1126.68
20240620143005,,18,1076.29,762.02,919.16
20240620144005,,67,557.62,724.8,641.21
20240620145005,,16,183.7,246.16,214.93
20240620150005,,63,128.6,63.93,96.26
20240620151005,,13,66.49,43.32,54.91
20240620152005,,62,70.42,12.98,41.7
20240620153005,,12,75.27,15.73,45.5
20240620154005,,61,59.27,8.3,33.79
20240620155005,,10,18.76,17.61,18.19
20240620160005,,58,81.58,46.81,64.19
20240620161005,,7,6.32,0,3.16
20240620162005,,56,7.45,23.27,15.36
20240620163005,,6,30.49,16.32,23.41
20240620164005,,55,0,30.34,15.17
20240620165005,,5,14.91,0,7.46
20240706090005,,64,18.67,96.33,57.5
20240706091005,,13,76.91,119.69,98.3
20240706092005,,62,81.96,122.71,102.33
20240706093005,,12,46.55,123.59,85.07
20240706094005,,61,36.84,119.08,77.96
20240706095005,,11,120.22,136.48,128.35
20240706100005,,58,440.97,360.94,400.96
20240706101005,,7,673.79,656.27,665.03
20240706102005,,57,791.23,786.75,788.99
20240706103005,,6,832.84,812.86,822.85
20240706104005,,55,758.47,742.12,750.3
20240706105005,,5,992.29,1016.57,1004.43
20240706110005,,52,1473.22,1231.71,1352.47
20240706111005,,1,1393.55,1266.37,1329.96
20240706112005,,51,1298.7,1265.81,1282.26
20240706113005,,0,1265.6,1274.01,1269.8
20240706114005,,49,964.48,1013.05,988.76
20240706115005,,99,1228.57,1196.25,1212.41
20240706120005,,46,1167.81,1223.06,1195.43
20240706121005,,95,1374.61,1287.99,1331.3
20240706122005,,45,1295.01,1258.93,1276.97
20240706123005,,94,1305.02,1281.37,1293.19
20240706124005,,43,1283.98,1221.95,1252.97
20240706125005,,93,1161.38,880.33,1020.86
20240706130005,,40,1206.62,871.07,1038.85
20240706131005,,89,1136.29,849.25,992.77
20240706132005,,39,961.09,803.73,882.41
20240706133005,,88,499.31,268.63,383.97
20240706134005,,38,642.83,753.34,698.08
20240706135005,,87,580.13,820.41,700.27
20240706140005,,34,222.55,252.36,237.46
20240706141005,,83,124.09,115.34,119.72
20240706142005,,33,106.09,86.37,96.23
20240706143005,,82,138.12,118.15,128.14
20240706144005,,32,87.97,84.14,86.06
20240706145005,,81,95.16,47.88,71.52
20240706150005,,28,85.96,47.52,66.74
20240706151005,,77,57.87,36.3,47.08
20240706152005,,27,59.18,43.84,51.51
20240706153005,,76,52.9,43.31,48.11
20240706154005,,26,54.57,47.7,51.14
20240706155005,,75,50.45,75.55,63
20240706160005,,22,35.85,51.06,43.45
20240706161005,,71,24.63,29.34,26.98
20240706162005,,21,5.56,54.38,29.97
20240706163005,,70,8.97,11.05,10.01
20240706164005,,20,9.46,11.39,10.43
20240706165005,,69,15.29,8.49,11.89
20240708090005,,77,1.11,88.17,44.64
20240708091005,,26,94.26,154.2,124.23
20240708092005,,76,80.46,128.98,104.72
20240708093005,,25,116.85,121.42,119.13
20240708094005,,74,122.76,138.83,130.8
20240708095005,,24,77.02,108.49,92.75
20240708100005,,71,279.44,363.28,321.36
20240708101005,,20,401.23,375.31,388.27
20240708102005,,70,559.3,566.07,562.68
20240708103005,,19,458.15,595.17,526.66
20240708104005,,68,347.14,468.11,407.62
20240708105005,,18,358.46,417.75,388.1
20240708110005,,65,377.75,504.29,441.02
20240708111005,,14,372.51,476.41,424.46
20240708112005,,64,378.06,547.14,462.6
20240708113005,,13,731.87,627.37,679.62
20240708114005,,63,872.05,680.11,776.08
20240708115005,,12,820.83,735.81,778.32
20240708120005,,59,586.89,778.3,682.6
20240708121005,,8,421.64,417.34,419.49
20240708122005,,58,417.1,497.9,457.5
20240708123005,,7,584.02,461.65,522.84
20240708124005,,57,601.03,559.08,580.06
20240708125005,,6,768.6,537.81,653.2
20240708130005,,53,787.07,684.51,735.79
20240708131005,,2,548.19,387.13,467.66
20240708132005,,52,256.97,257.61,257.29
20240708133005,,1,142.23,148.37,145.3
20240708134005,,51,206.27,121.22,163.74
20240708135005,,0,277.96,170.67,224.32
20240708140005,,47,116.78,97.87,107.33
20240708141005,,96,97.15,88.15,92.65
20240708142005,,46,97.35,75.74,86.54
20240708143005,,95,17.62,64.92,41.27
20240708144005,,45,75.25,93.51,84.38
20240708145005,,94,77.12,42.45,59.79
20240708150005,,41,30.17,26.86,28.52
20240708151005,,91,31.52,3.57,17.54
20240708152005,,40,16.4,0,8.2
20240708153005,,89,19.7,8.38,14.04
20240708154005,,39,18.77,10.9,14.84
20240708155005,,88,25.37,8.51,16.94
20240708160005,,35,18.87,10.89,14.88
20240708161005,,85,12.64,11.95,12.3
20240708162005,,34,9.74,9.71,9.73
20240708163005,,83,6.35,11.34,8.84
20240708164005,,33,13.85,12.81,13.33
20240708165005,,82,8.87,12.84,10.86
20240520090006,,43,28.87,32.58,30.73
20240520091006,,92,15.9,19.67,17.78
20240520092006,,41,16.89,21.81,19.35
20240520093006,,91,18.38,12.03,15.2
20240520094006,,40,30.54,5.22,17.88
20240520095006,,90,12.24,5.57,8.91
20240520100006,,37,0,0,0
20240520101006,,86,29.61,0,14.8
20240520102006,,36,28.67,35,31.84
20240520103006,,85,4.14,6.55,5.34
20240520104006,,34,56.19,16.42,36.3
20240520105006,,84,100,21.02,60.51
20240520110006,,31,127.85,55.13,91.49
20240520111006,,80,96.69,58.59,77.64
20240520112006,,30,41.02,35.96,38.49
20240520113006,,79,16.69,43.49,30.09
20240520114006,,28,0,13.8,6.9
20240520115006,,78,1.26,23.63,12.45
20240520120006,,25,6.22,63.44,34.83
20240520121006,,74,42.08,58.58,50.33
20240520122006,,24,38.99,54.93,46.96
20240520123006,,73,39.78,58.87,49.33
20240520124006,,22,60.08,52.84,56.46
20240520125006,,72,0,13.15,6.58
20240520130006,,19,59.59,19.18,39.39
20240520131006,,68,0,0,0
20240520132006,,18,0,6.85,3.42
20240520133006,,67,0.53,4.67,2.6
20240520134006,,17,16.46,0,8.23
20240520135006,,66,1.96,45.16,23.56
20240520140006,,13,49.53,79.26,64.4
20240520141006,,62,19.99,34.04,27.02
20240520142006,,12,19.43,27.3,23.37
20240520143006,,61,0,20.24,10.12
20240520144006,,11,2.77,22.77,12.77
20240520145006,,60,10.93,24.91,17.92
20240520150006,,7,0,74.98,37.49
20240520151006,,56,1.33,14.74,8.04
20240520152006,,6,3.8,0,1.9
20240520153006,,55,10.84,18.94,14.89
20240520154006,,5,24.25,13.44,18.84
20240520155006,,54,15.66,7.87,11.77
20240520160006,,1,30.29,18.13,24.21
20240520161006,,51,24.22,15.06,19.64
20240520162006,,0,26.02,13.13,19.58
20240520163006,,49,29.15,16.23,22.69
20240520164006,,99,15.43,16.71,16.07
20240520165006,,48,4.64,12.07,8.36
20240527090006,,89,80.67,118.37,99.52
20240527091006,,38,52.33,109.89,81.11
20240527092006,,87,47.51,120.32,83.91
20240527093006,,37,122.05,118.57,120.31
20240527094006,,86,182.31,131.98,157.14
20240527095006,,36,414.38,219.49,316.94
20240527100006,,83,362.05,265.89,313.97
20240527101006,,32,755.28,538.29,646.78
20240527102006,,81,552,442.8,497.4
20240527103006,,31,474.16,462.09,468.12
20240527104006,,80,631.01,502,566.5
20240527105006,,30,819.97,597.62,708.8
20240527110006,,77,1065.39,646.54,855.96
20240527111006,,26,831.29,509.17,670.23
20240527112006,,76,1008,598.83,803.42
20240527113006,,25,1278.54,1275.79,1277.16
20240527114006,,74,1072.24,1229.37,1150.8
20240527115006,,24,1181.83,1303.52,1242.67
20240527120006,,71,1323.97,1344.42,1334.2
20240527121006,,20,1176,1327.34,1251.67
20240527122006,,70,1203.98,1340.18,1272.08
20240527123006,,19,1180.76,1398.81,1289.78
20240527124006,,68,1082.28,1204.38,1143.33
20240527125006,,18,1071.2,1270.89,1171.05
20240527130006,,65,971.43,1230.07,1100.75
20240527131006,,14,902.32,1180.96,1041.64
20240527132006,,64,930.96,1148.87,1039.91
20240527133006,,13,903.79,1108.99,1006.39
20240527134006,,62,914.71,702,808.36
20240527135006,,12,659.24,503.18,581.21
20240527140006,,59,620.13,535.94,578.04
20240527141006,,8,408.05,216.61,312.33
20240527142006,,58,153.79,52.83,103.31
20240527143006,,7,109.71,30.75,70.23
20240527144006,,57,57.54,27.62,42.58
20240527145006,,6,88.61,7.16,47.88
20240527150006,,53,49.23,16.61,32.92
20240527151006,,2,49.18,1.12,25.15
20240527152006,,52,28.63,12.68,20.66
20240527153006,,1,37.29,1.72,19.5
20240527154006,,51,32.87,0,16.43
20240527155006,,0,30.9,8.11,19.5
20240527160006,,47,24.56,19.67,22.12
20240527161006,,96,22.05,1.77,11.91
20240527162006,,46,12.03,3.01,7.52
20240527163006,,95,16.59,5.01,10.8
20240527164006,,45,12.69,5.41,9.05
20240527165006,,94,9.03,2.98,6
20240625090006,,32,80.6,111.23,95.91
20240625091006,,81,43.47,88.33,65.9
20240625092006,,31,111.51,93.05,102.28
20240625093006,,80,356.9,526.89,441.9
20240625094006,,30,555.62,356.24,455.93
20240625095006,,79,558.4,584.97,571.68
20240625100006,,26,534.96,414.47,474.72
20240625101006,,75,457.48,426.66,442.07
20240625102006,,25,724.62,480.2,602.41
20240625103006,,74,862.97,708.29,785.63
20240625104006,,24,1016.12,1062.09,1039.11
20240625105006,,73,874.46,1068.71,971.58
20240625110006,,20,1340.29,1166.71,1253.5
20240625111006,,69,1329.22,1155.12,1242.17
20240625112006,,19,1369.16,1143.48,1256.32
20240625113006,,68,1396.33,1111.91,1254.12
20240625114006,,18,1339,1151.3,1245.15
20240625115006,,67,1299.81,773.08,1036.44
20240625120006,,14,1392.61,813.04,1102.82
20240625121006,,64,1381.64,797.95,1089.8
20240625122006,,13,1217.14,851.48,1034.31
20240625123006,,62,1033.7,509.23,771.46
20240625124006,,12,1007.15,619.13,813.14
20240625125006,,61,1086.89,614.4,850.64
20240625130006,,8,1075.68,573.42,824.55
20240625131006,,58,790.22,449.88,620.05
20240625132006,,7,437.97,529.55,483.76
20240625133006,,56,451.32,430.47,440.9
20240625134006,,6,483.74,437.17,460.46
20240625135006,,55,447.25,194.19,320.72
20240625140006,,2,134.64,0,67.32
20240625141006,,52,5.05,127.83,66.44
20240625142006,,1,5.3,0,2.65
20240625143006,,50,0,79.1,39.55
20240625144006,,0,20.8,81.57,51.18
20240625145006,,49,58.33,102.18,80.25
20240625150006,,96,68.36,59.38,63.87
20240625151006,,46,69.97,49.92,59.94
20240625152006,,95,45.42,24.01,34.72
20240625153006,,45,94.34,42.79,68.56
20240625154006,,94,39.47,27.88,33.67
20240625155006,,43,15.57,12.61,14.09
20240625160006,,90,7.49,11.85,9.67
20240625161006,,40,7.62,8.77,8.2
20240625162006,,89,0,1.43,0.72
20240625163006,,39,0,0,0
20240625164006,,88,22.72,33.91,28.31
20240625165006,,37,2,23.71,12.86
20240629090006,,58,125.14,90.16,107.65
20240629091006,,8,107.07,63.75,85.41
20240629092006,,57,132.05,120.94,126.5
20240629093006,,6,162.48,155.93,159.2
20240629094006,,56,257.74,227.65,242.7
20240629095006,,5,265.25,374.7,319.98
20240629100006,,52,633.91,283.82,458.86
20240629101006,,2,596.85,232.67,414.76
20240629102006,,51,502.29,213.21,357.75
20240629103006,,0,900.64,664.52,782.58
20240629104006,,50,882.99,1141.16,1012.08
20240629105006,,99,953.9,1108.6,1031.25
20240629110006,,46,1359.33,1131.13,1245.23
20240629111006,,96,1413.97,1136.88,1275.43
20240629112006,,45,1450.81,1123.95,1287.38
20240629113006,,95,1310.16,1146.38,1228.27
20240629114006,,44,1410.35,1193.16,1301.76
20240629115006,,93,1461.42,1216.16,1338.79
20240629120006,,40,1403.99,1272.17,1338.08
20240629121006,,90,1430.79,1230.7,1330.74
20240629122006,,39,1507.69,1198.32,1353.01
20240629123006,,89,1439.96,1242.4,1341.18
20240629124006,,38,1429.2,1253.03,1341.12
20240629125006,,87,1378.04,1135.42,1256.73
20240629130006,,34,1375.91,1197.08,1286.49
20240629131006,,84,1416.45,1206.16,1311.31
20240629132006,,33,1516.81,1174.88,1345.85
20240629133006,,83,1429.76,1380.21,1404.99
20240629134006,,32,1424.3,1324.01,1374.15
20240629135006,,81,1394.91,1395.71,1395.31
20240629140006,,29,1159.26,1131.65,1145.45
20240629141006,,78,1046.94,1189.68,1118.31
20240629142006,,27,1327.68,1336.27,1331.97
20240629143006,,77,1278.57,1366.09,1322.33
20240629144006,,26,1049.92,1347.62,1198.77
20240629145006,,76,962.15,1234.57,1098.36
20240629150006,,23,843.24,927.73,885.48
20240629151006,,72,682.91,442.48,562.69
20240629152006,,21,231.19,338.12,284.65
20240629153006,,71,0,451.71,225.85
20240629154006,,20,0,565.54,282.77
20240629155006,,70,1.86,79.26,40.56
20240629160006,,17,54.24,92.12,73.18
20240629161006,,66,140.76,46.92,93.84
20240629162006,,15,56.12,50.91,53.52
20240629163006,,65,3.84,7.23,5.54
20240629164006,,14,4.51,9.58,7.04
20240629165006,,64,9.89,18.8,14.35
20240706090006,,64,65.24,106.41,85.82
20240706091006,,13,49.55,106.23,77.89
20240706092006,,62,29.71,95.83,62.77
20240706093006,,12,49.86,399.12,224.49
20240706094006,,61,24.01,378.86,201.44
20240706095006,,11,13.28,371.89,192.58
20240706100006,,58,63.87,406.74,235.3
20240706101006,,7,68.03,388,228.01
20240706102006,,57,432.34,452.89,442.62
20240706103006,,6,344.62,360.99,352.8
20240706104006,,55,1430.01,1433.67,1431.84
20240706105006,,5,1373.08,1353.51,1363.3
20240706110006,,52,1580.83,1547.06,1563.94
20240706111006,,1,1548.98,1554.94,1551.96
20240706112006,,51,1548.19,1573.9,1561.05
20240706113006,,0,1616.12,1624.51,1620.32
20240706114006,,49,1615.38,1606.87,1611.12
20240706115006,,99,1430.7,1446.5,1438.6
20240706120006,,46,1417.96,1440.49,1429.22
20240706121006,,95,1521.23,1512.26,1516.74
20240706122006,,45,846.21,864,855.1
20240706123006,,94,864.16,824.97,844.57
20240706124006,,43,104.54,114.36,109.45
20240706125006,,93,51.95,58.53,55.24
20240706130006,,40,34.38,46.51,40.44
20240706131006,,89,41.44,42.11,41.77
20240706132006,,39,50.73,43.11,46.92
20240706133006,,88,76.17,62.19,69.18
20240706134006,,38,60.28,53.05,56.66
20240706135006,,87,19.28,23.55,21.41
20240706140006,,34,9.73,36.11,22.92
20240706141006,,83,13.17,6.67,9.92
20240706142006,,33,11.12,10.86,10.99
20240706143006,,82,13.29,10.01,11.65
20240706144006,,32,8.42,12.55,10.48
20240706145006,,81,4.36,12.18,8.27
20240706150006,,28,3.86,11.13,7.5
20240706151006,,77,4.23,12.42,8.32
20240706152006,,27,3.65,10.64,7.15
20240706153006,,76,4.35,11.02,7.68
20240706154006,,26,2.24,9.97,6.11
20240706155006,,75,1.06,5.81,3.43
20240706160006,,22,0,4.39,2.19
20240706161006,,72,1.1,3.21,2.16
20240706162006,,21,0.77,2.75,1.76
20240706163006,,70,0.29,4.26,2.28
20240706164006,,20,0,3.49,1.75
20240706165006,,69,0,3.14,1.57
20240722090006,,69,23.49,89.73,56.61
20240722091006,,18,37.94,71.97,54.95
20240722092006,,68,25.35,71.9,48.62
20240722093006,,17,24.86,74.91,49.88
20240722094006,,66,63.94,86.36,75.15
20240722095006,,16,140.6,126.63,133.62
20240722100006,,63,129.26,182.23,155.74
20240722101006,,12,669.05,662.39,665.72
20240722102006,,62,1016.05,930.23,973.14
20240722103006,,11,833.4,1193.05,1013.22
20240722104006,,60,977.15,1120.7,1048.92
20240722105006,,10,1138.38,1058.23,1098.31
20240722110006,,57,1239.45,1345.47,1292.46
20240722111006,,6,1000.38,944.23,972.31
20240722112006,,56,1122.41,808.61,965.51
20240722113006,,5,1607.17,1526.07,1566.62
20240722114006,,54,1579.56,1529.35,1554.45
20240722115006,,4,1578.08,1581.88,1579.98
20240722120006,,51,1612.81,1595.76,1604.28
20240722121006,,0,1675.35,1585.52,1630.43
20240722122006,,50,1278.7,1285.29,1281.99
20240722123006,,99,1147.36,1137.57,1142.46
20240722124006,,49,1111.32,866.81,989.06
20240722125006,,98,1608.09,1507.25,1557.67
20240722130006,,45,1636.91,1505.83,1571.37
20240722131006,,94,1578.53,1515.24,1546.88
20240722132006,,44,1200.92,1192.25,1196.59
20240722133006,,93,1140.65,1215.16,1177.91
20240722134006,,43,1096.63,1175.04,1135.84
20240722135006,,92,892.16,760.36,826.26
20240722140006,,39,1000.92,893.09,947
20240722141006,,88,805.86,563.84,684.85
20240722142006,,38,189.2,349.18,269.19
20240722143006,,87,100.03,85.3,92.66
20240722144006,,37,64.23,73.42,68.83
20240722145006,,86,81.76,54.01,67.89
20240722150006,,33,87.6,49.79,68.69
20240722151006,,83,40.98,38.4,39.69
20240722152006,,32,54.12,39.4,46.76
20240722153006,,81,18.76,30.24,24.5
20240722154006,,31,20.37,24,22.19
20240722155006,,80,16.92,17.31,17.12
20240722160006,,27,17.74,12.55,15.14
20240722161006,,77,14.33,17.74,16.04
20240722162006,,26,9.22,11.43,10.32
20240722163006,,75,6.04,9.79,7.91
20240722164006,,25,0,0,0
20240722165006,,74,3.62,10.07,6.85
20240526090007,,82,43.85,83.7,63.78
20240526091007,,32,28.54,57.1,42.82
20240526092007,,81,34.73,51.27,43
20240526093007,,30,87.58,51.37,69.47
20240526094007,,80,91.97,97.26,94.62
20240526095007,,29,87.35,98.39,92.87
20240526100007,,76,108.27,106.59,107.43
20240526101007,,26,115.89,160.95,138.42
20240526102007,,75,132.09,168.83,150.46
20240526103007,,24,123.86,152.79,138.32
20240526104007,,74,225.29,115.92,170.6
20240526105007,,23,264.92,194.89,229.9
20240526110007,,70,258.03,192.15,225.09
20240526111007,,20,549.26,914.25,731.76
20240526112007,,69,176.34,244.7,210.52
20240526113007,,18,122.06,145.15,133.61
20240526114007,,68,24.94,225.88,125.41
20240526115007,,17,32.12,195.02,113.57
20240526120007,,64,96.28,205.99,151.14
20240526121007,,14,109.2,209.98,159.59
20240526122007,,63,130.95,212.93,171.94
20240526123007,,13,106.18,204.36,155.27
20240526124007,,62,257.16,262.85,260
20240526125007,,11,232.95,296.44,264.7
20240526130007,,58,249.77,258,253.88
20240526131007,,8,290.16,284.26,287.21
20240526132007,,57,544.14,807.06,675.6
20240526133007,,7,231.19,179.06,205.12
20240526134007,,56,94.91,93.53,94.22
20240526135007,,5,63.93,46.26,55.09
20240526140007,,52,195.66,101.12,148.39
20240526141007,,2,181.48,97.53,139.5
20240526142007,,51,59.99,87.8,73.89
20240526143007,,1,47.65,45.6,46.62
20240526144007,,50,23.87,33.22,28.55
20240526145007,,99,45.72,46.29,46
20240526150007,,46,39.17,41.68,40.42
20240526151007,,96,29,29.28,29.14
20240526152007,,45,17.57,28.76,23.16
20240526153007,,95,10,17.93,13.96
20240526154007,,44,11.32,12.8,12.06
20240526155007,,94,5.25,12.03,8.64
20240526160007,,41,5.58,13.22,9.4
20240526161007,,90,2.7,14.48,8.59
20240526162007,,39,0,7.59,3.8
20240526163007,,89,0,13.43,6.72
20240526164007,,38,0,4.25,2.12
20240526165007,,88,0,8.91,4.46
20240612090007,,47,1.14,23.81,12.47
20240612091007,,96,35,33.42,34.21
20240612092007,,45,37.07,31.9,34.48
20240612093007,,95,50.42,32.99,41.7
20240612094007,,44,51.32,28.94,40.13
20240612095007,,94,53.96,30.92,42.44
20240612100007,,41,170.31,63.64,116.97
20240612101007,,90,165.82,63.62,114.72
20240612102007,,40,171.49,66.3,118.9
20240612103007,,89,164.37,73.7,119.03
20240612104007,,38,184.62,83.68,134.15
20240612105007,,88,188.9,83.61,136.26
20240612110007,,35,187.32,103.77,145.54
20240612111007,,84,193.02,105.36,149.19
20240612112007,,34,236.07,128.48,182.27
20240612113007,,83,201.44,102.44,151.94
20240612114007,,32,265.39,132.06,198.72
20240612115007,,82,244.8,162.56,203.68
20240612120007,,29,247.81,129.62,188.72
20240612121007,,78,234.02,175.31,204.67
20240612122007,,28,430.27,318.53,374.4
20240612123007,,77,252.33,118.14,185.24
20240612124007,,26,257.64,123.89,190.76
20240612125007,,76,281.63,136.5,209.06
20240612130007,,23,226.7,142,184.35
20240612131007,,72,191.66,99.28,145.47
20240612132007,,22,212.79,104.4,158.6
20240612133007,,71,231.46,140.78,186.12
20240612134007,,21,121.23,72.94,97.09
20240612135007,,70,122.04,63.91,92.97
20240612140007,,17,48.75,72,60.38
20240612141007,,66,40.72,60.44,50.58
20240612142007,,16,40.91,66.49,53.7
20240612143007,,65,32.44,13.31,22.88
20240612144007,,15,1.69,0,0.84
20240612145007,,64,0.29,0,0.14
20240612150007,,11,28.15,0,14.07
20240612151007,,60,28.96,0,14.48
20240612152007,,10,38.16,0,19.08
20240612153007,,59,3.75,0,1.88
20240612154007,,9,2,16.71,9.36
20240612155007,,58,3.61,14.26,8.94
20240612160007,,5,1.21,16.89,9.05
20240612161007,,55,4.03,13.77,8.9
20240612162007,,4,0,9.71,4.86
20240612163007,,53,0,7,3.5
20240612164007,,3,0,0,0
20240612165007,,52,0,0,0
20240615090007,,66,379.93,111.78,245.86
20240615091007,,16,449.13,128.32,288.72
20240615092007,,65,422.37,148.04,285.2
20240615093007,,15,628.24,762.13,695.18
20240615094007,,64,613.63,580.74,597.18
20240615095007,,13,522.99,644.92,583.95
20240615100007,,60,543.96,506.03,525
20240615101007,,10,630.97,928.08,779.53
20240615102007,,59,708.64,905.79,807.21
20240615103007,,9,804.23,919.3,861.76
20240615104007,,58,765.55,1054.89,910.22
20240615105007,,7,1105.33,875.14,990.23
20240615110007,,54,891.86,1028.41,960.14
20240615111007,,4,1086.91,1078.69,1082.8
20240615112007,,53,1085.92,1216.52,1151.22
20240615113007,,3,1250.22,1323.95,1287.09
20240615114007,,52,1332.38,1341.23,1336.81
20240615115007,,2,1501.5,1380.09,1440.8
20240615120007,,49,1441.25,1313.66,1377.45
20240615121007,,98,1453.7,1336.67,1395.18
20240615122007,,47,1417.28,1322.29,1369.78
20240615123007,,97,1346.52,1254.95,1300.74
20240615124007,,46,1318.96,1252.99,1285.97
20240615125007,,96,1315.85,1061.22,1188.53
20240615130007,,43,1307.23,1147.38,1227.31
20240615131007,,92,1224.67,1049.46,1137.07
20240615132007,,41,1230.42,1257.96,1244.19
20240615133007,,91,1121.36,1204.79,1163.07
20240615134007,,40,1187.79,1219.7,1203.74
20240615135007,,90,1193.62,1131.29,1162.45
20240615140007,,37,1391.61,1222.47,1307.04
20240615141007,,86,1453.01,1277.98,1365.49
20240615142007,,35,1422.31,1230.85,1326.58
20240615143007,,85,1407.3,1201.23,1304.26
20240615144007,,34,1268.71,1209.02,1238.87
20240615145007,,84,1161.06,1146.72,1153.89
20240615150007,,31,330.22,270.12,300.17
20240615151007,,80,387.66,268.09,327.88
20240615152007,,30,302.18,107.4,204.79
20240615153007,,79,266.07,72.43,169.25
20240615154007,,28,319.58,63.77,191.67
20240615155007,,78,204.4,27.06,115.73
20240615160007,,25,201.57,24.39,112.98
20240615161007,,74,187.98,49.44,118.71
20240615162007,,24,194.95,58.62,126.78
20240615163007,,73,182.29,50.08,116.18
20240615164007,,22,176.43,55.96,116.2
20240615165007,,72,226.19,77.76,151.98
20240717090007,,36,489.04,583.87,536.46
20240717091007,,85,581.32,559.07,570.2
20240717092007,,35,540.76,621.63,581.19
20240717093007,,84,738.23,642.64,690.43
20240717094007,,34,751.37,718.37,734.87
20240717095007,,83,864.82,876.08,870.45
20240717100007,,30,810.39,995.36,902.88
20240717101007,,79,955.86,890.42,923.14
20240717102007,,29,984.4,695.34,839.87
20240717103007,,78,1077.66,816.23,946.94
20240717104007,,28,1165.76,873.59,1019.68
20240717105007,,77,1233.71,1287.21,1260.46
20240717110007,,24,1344.63,1342.35,1343.49
20240717111007,,73,1552.65,1260.07,1406.36
20240717112007,,23,1443.03,1171.98,1307.51
20240717113007,,72,1367.21,1177.6,1272.4
20240717114007,,22,1376.69,1002.67,1189.68
20240717115007,,71,1335.69,1177.1,1256.39
20240717120007,,18,1323.61,1037.79,1180.7
20240717121007,,68,1209.3,1113.27,1161.28
20240717122007,,17,1273.41,1084.85,1179.13
20240717123007,,66,1393.28,1145.02,1269.15
20240717124007,,16,1481.89,1318.17,1400.03
20240717125007,,65,1305.38,1103.75,1204.57
20240717130007,,12,1222.98,1106.97,1164.97
20240717131007,,62,1207.31,1218.04,1212.67
20240717132007,,11,1254.11,1206.65,1230.38
20240717133007,,60,1301.07,1102.28,1201.67
20240717134007,,10,1194.98,1021.97,1108.47
20240717135007,,59,1107.46,908.8,1008.13
20240717140007,,6,1151.94,821.39,986.66
20240717141007,,56,1039.22,898.34,968.78
20240717142007,,5,1107.27,1136,1121.63
20240717143007,,54,1049.62,810.16,929.89
20240717144007,,4,553.89,738.01,645.95
20240717145007,,53,325.12,357.79,341.46
20240717150007,,0,325.08,197.13,261.1
20240717151007,,50,148.85,70.66,109.75
20240717152007,,99,146.4,39.9,93.15
20240717153007,,49,138.17,30.59,84.38
20240717154007,,98,100.79,22.77,61.78
20240717155007,,47,43.84,26.33,35.08
20240717160007,,94,93.48,72.96,83.22
20240717161007,,44,8.33,7.24,7.78
20240717162007,,93,14.89,28.6,21.75
20240717163007,,43,42.67,23.52,33.09
20240717164007,,92,0,37.45,18.73
20240717165007,,41,25.91,0,12.96
20240124090008,,36,446.63,269.09,357.86
20240124091008,,30,460.14,229.14,344.64
20240124092008,,24,513.54,214.79,364.16
20240124093008,,18,612.01,307.49,459.75
20240124094008,,13,747.55,506.42,626.98
20240124095008,,7,916.66,870.06,893.36
20240124100008,,77,869.75,473.93,671.84
20240124101008,,71,754.74,453.25,604
20240124102008,,65,920.83,593.38,757.1
20240124103008,,59,1087.75,755.08,921.42
20240124104008,,53,1078.89,1122.01,1100.45
20240124105008,,47,934.17,1112.58,1023.38
20240124110008,,18,1538.52,1359.08,1448.8
20240124111008,,12,1579.58,1430.7,1505.14
20240124112008,,6,1584.71,1555.52,1570.12
20240124113008,,0,1571.08,1227.77,1399.42
20240124114008,,94,1477.88,1164.32,1321.1
20240124115008,,88,1451.42,1204.64,1328.03
20240124120008,,58,1445.32,1365.11,1405.21
20240124121008,,52,1632.26,1579.91,1606.09
20240124122008,,46,1453.21,1407.37,1430.29
20240124123008,,40,1446.38,1250.4,1348.39
20240124124008,,35,1523.77,1350.58,1437.17
20240124125008,,29,1553.73,1325.23,1439.48
20240124130008,,99,1585.09,1364.45,1474.77
20240124131008,,93,1574.07,1392.53,1483.3
20240124132008,,87,1586.89,1485.37,1536.13
20240124133008,,81,1490.3,1337.05,1413.67
20240124134008,,75,1512.36,1266.14,1389.25
20240124135008,,69,1456.87,1210.57,1333.72
20240124140008,,40,1559.96,1321.51,1440.74
20240124141008,,34,1518.43,1193.45,1355.94
20240124142008,,28,1387.12,1227.59,1307.36
20240124143008,,22,1462.28,1327.91,1395.1
20240124144008,,16,1246.96,1136.22,1191.59
20240124145008,,10,1219.74,1201.65,1210.7
20240124150008,,80,1031.9,1061.9,1046.9
20240124151008,,74,958.89,937.62,948.26
20240124152008,,68,326.02,611.78,468.9
20240124153008,,62,340.4,486.91,413.65
20240124154008,,56,272.55,146.89,209.72
20240124155008,,51,224.77,116.28,170.52
20240124160008,,21,228.47,76.91,152.69
20240124161008,,15,203.57,63.57,133.57
20240124162008,,9,197.11,51.29,124.2
20240124163008,,3,136.91,75.49,106.2
20240124164008,,97,93.43,45.71,69.57
20240124165008,,91,92.06,52.13,72.1
20240128090008,,99,396.18,224.67,310.42
20240128091008,,93,453.2,250.95,352.08
20240128092008,,87,474.15,195.62,334.88
20240128093008,,81,606.16,214.15,410.15
20240128094008,,75,602.88,222.89,412.88
20240128095008,,69,535.88,557.3,546.59
20240128100008,,40,632.84,304.33,468.59
20240128101008,,34,647.72,338.36,493.04
20240128102008,,28,748.52,475.7,612.11
20240128103008,,22,865.16,635.46,750.31
20240128104008,,16,1090.42,1180.12,1135.27
20240128105008,,10,1172.36,1263.46,1217.91
20240128110008,,80,1212.9,1158.01,1185.45
20240128111008,,74,1415.51,1274.63,1345.07
20240128112008,,68,1545.3,1249.05,1397.17
20240128113008,,62,1570.47,1301.27,1435.87
20240128114008,,56,1416.65,1426.17,1421.41
20240128115008,,51,1452.63,1428.83,1440.73
20240128120008,,21,1477.83,1376.79,1427.31
20240128121008,,15,1322.74,1148.42,1235.58
20240128122008,,9,1350.05,1154.35,1252.2
20240128123008,,3,1474.76,1267.46,1371.11
20240128124008,,97,1513.08,1256.7,1384.89
20240128125008,,91,1564.73,1321.71,1443.22
20240128130008,,61,1434.8,1326.08,1380.44
20240128131008,,56,1488.67,1217.44,1353.06
20240128132008,,50,1471.96,1080.49,1276.22
20240128133008,,44,1484.06,1226.81,1355.43
20240128134008,,38,1356.72,1392.77,1374.74
20240128135008,,32,1571.94,1442.91,1507.43
20240128140008,,2,1342.24,1304.07,1323.15
20240128141008,,96,1443.67,1368.67,1406.17
20240128142008,,90,1233.08,1019.76,1126.42
20240128143008,,84,980.51,706.1,843.31
20240128144008,,78,692.53,815.53,754.03
20240128145008,,72,799.41,909.22,854.32
20240128150008,,43,549.19,830.43,689.81
20240128151008,,37,526.07,594.67,560.37
20240128152008,,31,568.86,655.57,612.22
20240128153008,,25,206.53,444.77,325.65
20240128154008,,19,227.04,59.91,143.48
20240128155008,,13,262.52,92.46,177.49
20240128160008,,83,224.53,21.59,123.06
20240128161008,,78,229.92,66.63,148.27
20240128162008,,72,124.85,27.36,76.1
20240128163008,,66,132.66,27.05,79.86
20240128164008,,60,87.08,30.56,58.82
20240128165008,,54,78.86,20.08,49.47
20240204090008,,88,50.31,114.22,82.26
20240204091008,,82,26.12,80.47,53.3
20240204092008,,76,33.72,84.28,59
20240204093008,,70,28.54,70.54,49.54
20240204094008,,64,25.47,59.54,42.5
20240204095008,,58,31.03,58.48,44.75
20240204100008,,29,28.64,70.21,49.42
20240204101008,,23,46.33,62.94,54.63
20240204102008,,17,38.26,68.46,53.36
20240204103008,,11,27.79,74.69,51.24
20240204104008,,5,78.93,86.53,82.73
20240204105008,,99,71.46,84.6,78.03
20240204110008,,69,70,102.6,86.3
20240204111008,,63,81.7,96.18,88.94
20240204112008,,57,62.86,79.39,71.12
20240204113008,,51,27.38,81.92,54.65
20240204114008,,46,32.51,94.78,63.64
20240204115008,,40,67.79,86.54,77.17
20240204120008,,10,72.55,87.1,79.82
20240204121008,,4,71.47,86.61,79.04
20240204122008,,98,35.12,80.39,57.75
20240204123008,,92,41.28,73.32,57.3
20240204124008,,86,25.39,58.35,41.87
20240204125008,,80,26.95,52.86,39.91
20240204130008,,51,54.26,66.46,60.36
20240204131008,,45,15.77,46.06,30.91
20240204132008,,39,2.32,34.12,18.22
20240204133008,,33,7.96,30.04,19
20240204134008,,27,24.31,41.07,32.69
20240204135008,,21,23.21,37.87,30.54
20240204140008,,91,29.65,38.78,34.22
20240204141008,,85,20.72,32.45,26.59
20240204142008,,79,15.02,30.08,22.55
20240204143008,,73,9.94,33.11,21.52
20240204144008,,67,12.88,34.3,23.59
20240204145008,,62,15.83,26.71,21.27
20240204150008,,32,15.55,75.4,45.48
20240204151008,,26,14.58,30.67,22.62
20240204152008,,20,15.4,27.32,21.36
20240204153008,,14,9.78,15.31,12.54
20240204154008,,8,10.4,20.15,15.27
20240204155008,,2,8.79,13.36,11.07
20240204160008,,73,6.38,21.11,13.74
20240204161008,,67,10.3,10.72,10.51
20240204162008,,61,10.11,10.83,10.47
20240204163008,,55,9.02,8.96,8.99
20240204164008,,49,7.24,6.41,6.82
20240204165008,,43,6.54,6.31,6.42
20240218090008,,7,20.85,102.82,61.83
20240218091008,,1,100.73,142.8,121.77
20240218092008,,95,42.98,81.46,62.22
20240218093008,,89,76.36,114.05,95.2
20240218094008,,83,517.55,845.8,681.68
20240218095008,,77,562.52,1099.9,831.21
20240218100008,,48,362.55,577,469.78
20240218101008,,42,599.95,354.98,477.47
20240218102008,,36,582.59,301.07,441.83
20240218103008,,30,553.21,278.55,415.88
20240218104008,,24,576.06,427.11,501.58
20240218105008,,18,557.94,372.49,465.22
20240218110008,,88,488.21,303.9,396.05
20240218111008,,82,532.16,423.62,477.89
20240218112008,,76,418.1,427.44,422.77
20240218113008,,70,169.57,229.24,199.4
20240218114008,,65,113.21,336.94,225.07
20240218115008,,59,184.07,349.63,266.85
20240218120008,,29,278.24,346.54,312.39
20240218121008,,23,595.74,1080.62,838.18
20240218122008,,17,785.43,1028.01,906.72
20240218123008,,11,806,844.62,825.31
20240218124008,,5,331.76,224.49,278.12
20240218125008,,99,262.87,221.94,242.4
20240218130008,,70,635.11,464.12,549.62
20240218131008,,64,304.53,206.23,255.38
20240218132008,,58,353.81,214.76,284.28
20240218133008,,52,382.07,242.86,312.47
20240218134008,,46,212.88,302.34,257.61
20240218135008,,40,173,254.73,213.86
20240218140008,,10,195.13,247.92,221.52
20240218141008,,4,50.49,96.29,73.39
20240218142008,,98,30.12,45.43,37.77
20240218143008,,92,47.08,42.73,44.91
20240218144008,,87,582.38,687.04,634.71
20240218145008,,81,757.53,742.02,749.78
20240218150008,,51,82.88,78.28,80.58
20240218151008,,45,693.23,613,653.12
20240218152008,,39,418.82,537.95,478.38
20240218153008,,33,75.78,136.1,105.94
20240218154008,,27,30.86,92.22,61.54
20240218155008,,21,68.7,123.71,96.2
20240218160008,,92,27.04,130.37,78.7
20240218161008,,86,32.94,62.17,47.56
20240218162008,,80,29.83,70.59,50.21
20240218163008,,74,43.28,57.72,50.5
20240218164008,,68,40.65,29.68,35.16
20240218165008,,62,26.79,28.11,27.45
20240305090008,,31,78.52,121.47,100
20240305091008,,81,12.39,113.17,62.78
20240305092008,,30,43.79,186.78,115.28
20240305093008,,80,449.99,475.56,462.78
20240305094008,,29,787.48,570.74,679.11
20240305095008,,78,763.43,527.74,645.58
20240305100008,,25,610.52,258.87,434.7
20240305101008,,75,646.09,134.14,390.12
20240305102008,,24,636.05,469.9,552.97
20240305103008,,74,819.24,618.33,718.79
20240305104008,,23,986.27,1039.8,1013.04
20240305105008,,72,1105.61,1094.68,1100.14
20240305110008,,,1482.83,1391.87,1437.35
20240305111008,,69,1535.91,1350.58,1443.24
20240305112008,,18,1449.61,1295.36,1372.48
20240305113008,,68,1525.2,1313.88,1419.54
20240305114008,,17,1445.68,1278.45,1362.07
20240305115008,,67,1489.63,1250.36,1369.99
20240305120008,,14,1437.95,1349.39,1393.67
20240305121008,,63,1349.55,1239.99,1294.77
20240305122008,,12,1354.29,1281.66,1317.97
20240305123008,,62,1343.2,1322.33,1332.76
20240305124008,,11,1420.33,1314.73,1367.53
20240305125008,,61,1562.03,1363.13,1462.58
20240305130008,,8,1440.6,1283.92,1362.26
20240305131008,,57,1390.47,989.64,1190.06
20240305132008,,6,1342.91,1070.71,1206.81
20240305133008,,56,1340.64,1034.9,1187.77
20240305134008,,5,1352.8,964.72,1158.76
20240305135008,,55,1228.05,950.28,1089.16
20240305140008,,2,1220.96,964.94,1092.95
20240305141008,,51,1204.72,923.29,1064.01
20240305142008,,1,948.9,673.83,811.36
20240305143008,,50,879.6,618.91,749.26
20240305144008,,99,651.82,588.2,620.01
20240305145008,,49,655.06,631.02,643.04
20240305150008,,96,758.18,922.29,840.23
20240305151008,,45,659.61,586.8,623.2
20240305152008,,95,150.45,324.77,237.61
20240305153008,,44,65.69,374.42,220.06
20240305154008,,93,34.63,0,17.32
20240305155008,,43,37.77,45.07,41.42
20240305160008,,90,48.27,74.32,61.3
20240305161008,,39,8.3,13.57,10.94
20240305162008,,89,38.92,11.19,25.06
20240305163008,,38,25.1,45.45,35.28
20240305164008,,87,35.53,37.29,36.41
20240305165008,,37,43,22.31,32.66
20240325090008,,63,78.53,111.23,94.88
20240325091008,,12,38.53,88.33,63.43
20240325092008,,61,104.83,93.05,98.94
20240325093008,,11,349.97,526.89,438.43
20240325094008,,60,550.19,356.24,453.22
20240325095008,,10,556.4,584.97,570.68
20240325100008,,57,532.01,414.47,473.24
20240325101008,,6,456.35,426.66,441.5
20240325102008,,56,723.65,480.2,601.92
20240325103008,,5,861.83,708.29,785.06
20240325104008,,54,1014.92,1062.09,1038.5
20240325105008,,4,873.26,1068.71,970.98
20240325110008,,51,1331.86,1166.71,1249.28
20240325111008,,0,1319.97,1155.12,1237.55
20240325112008,,50,1369.16,1143.48,1256.32
20240325113008,,99,1396.33,1111.91,1254.12
20240325114008,,48,1339,1151.3,1245.15
20240325115008,,98,1299.81,773.08,1036.44
20240325120008,,45,1392.61,813.04,1102.82
20240325121008,,94,1381.64,797.95,1089.8
20240325122008,,44,1217.14,851.48,1034.31
20240325123008,,93,1033.7,509.23,771.46
20240325124008,,42,1007.15,619.13,813.14
20240325125008,,92,1086.89,614.4,850.64
20240325130008,,39,1075.68,573.42,824.55
20240325131008,,88,786.51,449.88,618.19
20240325132008,,38,434.61,529.55,482.08
20240325133008,,87,447.82,430.47,439.14
20240325134008,,37,484.56,437.17,460.86
20240325135008,,86,451.87,194.19,323.03
20240325140008,,33,127.97,0,63.98
20240325141008,,82,0,127.83,63.92
20240325142008,,32,0,0,0
20240325143008,,81,0,79.1,39.55
20240325144008,,31,9.73,81.57,45.65
20240325145008,,80,46.22,102.18,74.2
20240325150008,,27,36.17,59.38,47.78
20240325151008,,76,33.49,49.92,41.7
20240325152008,,26,34,24.01,29.01
20240325153008,,75,61.34,42.79,52.06
20240325154008,,25,32.97,27.88,30.42
20240325155008,,74,12.21,12.61,12.41
20240325160008,,21,4.26,11.85,8.05
20240325161008,,71,4.78,8.77,6.78
20240325162008,,20,0,1.43,0.72
20240325163008,,69,0,0,0
20240325164008,,19,21.35,33.91,27.63
20240325165008,,68,0.56,23.71,12.13
20240518090008,,30,69.06,74.44,71.75
20240518091008,,79,61.37,87.7,74.53
20240518092008,,28,152.36,126.28,139.32
20240518093008,,78,412.29,271.13,341.71
20240518094008,,27,608.04,488.98,548.51
20240518095008,,77,802.91,833.74,818.32
20240518100008,,24,784.26,439.65,611.95
20240518101008,,73,701.61,416.56,559.08
20240518102008,,23,868.5,587.32,727.91
20240518103008,,72,907.76,703.09,805.42
20240518104008,,21,918.97,1062.58,990.78
20240518105008,,71,923.96,1102.46,1013.21
20240518110008,,18,1484.96,1323.99,1404.47
20240518111008,,67,1582.63,1421.68,1502.16
20240518112008,,17,1587.34,1549.82,1568.58
20240518113008,,66,1638.66,1405.13,1521.89
20240518114008,,15,1545.54,1329.37,1437.45
20240518115008,,65,1515.56,1380.96,1448.26
20240518120008,,12,1517.86,1536.6,1527.23
20240518121008,,61,1624.94,1568.85,1596.89
20240518122008,,11,1508.08,1549.65,1528.87
20240518123008,,60,1513.95,1406.81,1460.38
20240518124008,,9,1544.26,1522.19,1533.22
20240518125008,,59,1577.16,1484.27,1530.72
20240518130008,,6,1611.94,1524.53,1568.24
20240518131008,,55,1600.15,1551.28,1575.72
20240518132008,,5,1611.31,1618.56,1614.93
20240518133008,,54,1519.8,1510.98,1515.39
20240518134008,,4,1541.84,1443.49,1492.66
20240518135008,,53,1472.38,1385.6,1428.99
20240518140008,,0,1568.81,1457.1,1512.95
20240518141008,,49,1515.56,1384.19,1449.88
20240518142008,,99,1404.83,1360.66,1382.74
20240518143008,,48,1450.46,1322.87,1386.66
20240518144008,,98,1260.08,1143.15,1201.62
20240518145008,,47,1192.46,1196.62,1194.54
20240518150008,,94,994.52,1039.51,1017.02
20240518151008,,43,915.39,911.73,913.56
20240518152008,,93,186.74,629.08,407.91
20240518153008,,42,184.14,474.35,329.24
20240518154008,,92,110.26,133.52,121.89
20240518155008,,41,110.9,101.08,105.99
20240518160008,,88,106.27,61.41,83.84
20240518161008,,37,83.04,47.73,65.39
20240518162008,,87,76.55,34.16,55.35
20240518163008,,36,16.89,58.82,37.86
20240518164008,,86,18.14,31.15,24.64
20240518165008,,35,25.69,37.4,31.55
20240526090008,,82,71.02,97.94,84.48
20240526091008,,32,0,113.07,56.53
20240526092008,,81,0,144.66,72.33
20240526093008,,30,51.94,203.7,127.82
20240526094008,,80,320.32,296.29,308.3
20240526095008,,29,259.2,552.28,405.74
20240526100008,,76,352.57,584.46,468.52
20240526101008,,26,779.12,866.9,823.01
20240526102008,,75,654.4,1050.9,852.65
20240526103008,,24,864.24,1026.96,945.6
20240526104008,,74,979.98,1386.35,1183.16
20240526105008,,23,1070,1439.41,1254.7
20240526110008,,70,1400.85,1312.92,1356.88
20240526111008,,20,1265.51,1315.8,1290.65
20240526112008,,69,1336.1,1383.78,1359.94
20240526113008,,18,1217.61,1247.8,1232.7
20240526114008,,68,1156.97,1221.09,1189.03
20240526115008,,17,1168.77,1068.64,1118.7
20240526120008,,64,1125.01,1024.08,1074.55
20240526121008,,14,1163.85,1097.11,1130.48
20240526122008,,63,1101.97,1083.35,1092.66
20240526123008,,13,1147.37,1049.43,1098.4
20240526124008,,62,1119.85,1078.13,1098.99
20240526125008,,11,1134.96,1094.98,1114.97
20240526130008,,58,1161.89,1101.37,1131.63
20240526131008,,8,1122.62,997.27,1059.94
20240526132008,,57,1125.08,1078.48,1101.78
20240526133008,,7,1118.8,911.47,1015.14
20240526134008,,56,1207.28,948.88,1078.08
20240526135008,,5,1163.64,1017.82,1090.73
20240526140008,,52,1164.21,1082.4,1123.31
20240526141008,,2,1181.97,1082.77,1132.37
20240526142008,,51,1199.61,1043.3,1121.45
20240526143008,,1,1073.29,1037.15,1055.22
20240526144008,,50,854.21,805.93,830.07
20240526145008,,,923.89,1019.83,971.86
20240526150008,,47,845.12,910.91,878.02
20240526151008,,96,443.43,799.85,621.64
20240526152008,,45,431.72,706.41,569.07
20240526153008,,95,0,802.62,401.31
20240526154008,,44,0,197.45,98.72
20240526155008,,94,0,215.62,107.81
20240526160008,,41,0,253.12,126.56
20240526161008,,90,0,217.17,108.58
20240526162008,,39,0,224.52,112.26
20240526163008,,89,0,202.71,101.36
20240526164008,,38,0,200.96,100.48
20240526165008,,88,0,185.68,92.84
20240529090008,,2,18.09,81.41,49.75
20240529091008,,51,32.41,83.27,57.84
20240529092008,,1,26.58,99.13,62.85
20240529093008,,50,35.83,137.94,86.88
20240529094008,,99,72.75,132.34,102.54
20240529095008,,49,133.72,139.48,136.6
20240529100008,,96,94.48,139.87,117.18
20240529101008,,45,79.92,143.05,111.49
20240529102008,,95,71.53,94.6,83.06
20240529103008,,44,48.91,66.09,57.5
20240529104008,,94,30.63,53.1,41.87
20240529105008,,43,31.06,71.63,51.34
20240529110008,,90,0,75.3,37.65
20240529111008,,39,78.62,92.59,85.61
20240529112008,,89,40.21,104.94,72.58
20240529113008,,38,50.13,94.9,72.52
20240529114008,,88,49.74,100.94,75.34
20240529115008,,37,45.88,103.5,74.69
20240529120008,,84,46.18,111.44,78.81
20240529121008,,33,47.37,105.31,76.34
20240529122008,,83,31.24,89.99,60.61
20240529123008,,32,30.77,71.76,51.26
20240529124008,,82,27.97,71.63,49.8
20240529125008,,31,30.88,72.48,51.68
20240529130008,,78,28.22,62.59,45.41
20240529131008,,28,14.11,53.08,33.59
20240529132008,,77,8.82,48.8,28.81
20240529133008,,26,10.1,48.08,29.09
20240529134008,,76,12.26,43.97,28.11
20240529135008,,25,8.37,45.06,26.72
20240529140008,,72,4.34,75.76,40.05
20240529141008,,22,11.64,69.37,40.51
20240529142008,,71,15.59,69.15,42.37
20240529143008,,20,10.46,69.23,39.84
20240529144008,,70,5.87,67.69,36.78
20240529145008,,19,4.79,67.62,36.21
20240529150008,,66,8,38.64,23.32
20240529151008,,16,0.91,20.62,10.77
20240529152008,,65,0,18.05,9.03
20240529153008,,14,0,14.51,7.26
20240529154008,,64,4.02,25.55,14.79
20240529155008,,13,6.69,28.09,17.39
20240529160008,,60,6.71,15.41,11.06
20240529161008,,10,6.06,20.51,13.29
20240529162008,,59,3.93,20.28,12.11
20240529163008,,9,2.88,27.39,15.13
20240529164008,,58,5.52,20.5,13.01
20240529165008,,7,7.35,20.72,14.04
20240607090008,,14,601.26,721.23,661.24
20240607091008,,63,587.84,726.15,657
20240607092008,,13,578.63,756.77,667.7
20240607093008,,62,564.99,773.5,669.24
20240607094008,,12,407.74,687.16,547.45
20240607095008,,61,460.6,745.18,602.89
20240607100008,,8,27.14,96.2,61.67
20240607101008,,57,0,61.66,30.83
20240607102008,,7,92.45,174.55,133.5
20240607103008,,56,126.57,329.18,227.88
20240607104008,,6,151.32,330.74,241.03
20240607105008,,55,271.62,279.68,275.65
20240607110008,,2,1049.58,761.95,905.76
20240607111008,,51,790.75,705.81,748.28
20240607112008,,1,838.86,710.32,774.59
20240607113008,,50,433.33,328.39,380.86
20240607114008,,0,350.01,388.95,369.48
20240607115008,,49,490.27,397.48,443.88
20240607120008,,96,446.39,446.35,446.37
20240607121008,,45,341.01,455.8,398.4
20240607122008,,95,394.65,455.88,425.26
20240607123008,,44,629.81,370.01,499.91
20240607124008,,94,803.3,932.35,867.82
20240607125008,,43,805.66,883.11,844.38
20240607130008,,90,805.7,701.33,753.52
20240607131008,,40,820.13,818.72,819.42
20240607132008,,89,212.84,373.48,293.16
20240607133008,,38,2.44,302.68,152.56
20240607134008,,88,80.74,303.11,191.93
20240607135008,,37,57.15,125.23,91.19
20240607140008,,84,96.51,91.86,94.18
20240607141008,,34,54.55,66.43,60.49
20240607142008,,83,587.79,503.01,545.4
20240607143008,,32,148.42,187.47,167.94
20240607144008,,82,34.91,42.46,38.69
20240607145008,,31,32.01,40.78,36.39
20240607150008,,78,32.91,31.42,32.16
20240607151008,,28,27.62,32.25,29.94
20240607152008,,77,22.49,16.62,19.56
20240607153008,,26,29.77,14.34,22.06
20240607154008,,76,41.52,22.57,32.05
20240607155008,,25,35.38,27.39,31.39
20240607160008,,72,6.62,48.47,27.54
20240607161008,,22,46.85,39.31,43.08
20240607162008,,71,24.31,43.82,34.06
20240607163008,,21,1.35,51.34,26.35
20240607164008,,70,0,22.03,11.02
20240607165008,,19,17.73,41.11,29.42
20240613090008,,53,117.2,98.35,107.78
20240613091008,,3,186.24,102.01,144.12
20240613092008,,52,161.64,130.08,145.86
20240613093008,,1,380.49,755.52,568
20240613094008,,51,431.75,578.55,505.15
20240613095008,,0,397.9,638.34,518.12
20240613100008,,47,520.91,503.16,512.04
20240613101008,,97,580.31,926.5,753.4
20240613102008,,46,635.11,905.85,770.48
20240613103008,,96,724.23,919.75,821.99
20240613104008,,45,693.65,1055.48,874.57
20240613105008,,94,948.7,842.46,895.58
20240613110008,,41,830.23,1016.74,923.48
20240613111008,,91,1014.08,1065.95,1040.02
20240613112008,,40,1038.28,1218.33,1128.3
20240613113008,,90,1220.51,1325.01,1272.76
20240613114008,,39,1297.89,1340.97,1319.43
20240613115008,,88,1461.4,1380.12,1420.76
20240613120008,,35,1414.61,1316.79,1365.7
20240613121008,,85,1398.93,1327.53,1363.23
20240613122008,,34,1379.35,1322.3,1350.82
20240613123008,,84,1299.43,1269.71,1284.57
20240613124008,,33,1261.02,1256.01,1258.51
20240613125008,,82,1302.28,1055.59,1178.93
20240613130008,,30,1282.39,1152.83,1217.61
20240613131008,,79,1214.66,1049.45,1132.06
20240613132008,,28,1169.85,1241.98,1205.91
20240613133008,,78,1052.07,1194.24,1123.15
20240613134008,,27,1181.08,1220.73,1200.9
20240613135008,,77,1187.13,1129.77,1158.45
20240613140008,,24,1367.59,1222.3,1294.94
20240613141008,,73,1394.12,1277.85,1335.98
20240613142008,,22,1367.1,1227.65,1297.38
20240613143008,,72,1370.78,1200.41,1285.6
20240613144008,,21,1260.06,1207.25,1233.65
20240613145008,,71,1161.41,1145.51,1153.46
20240613150008,,18,331.45,268.13,299.79
20240613151008,,67,268.84,266.68,267.76
20240613152008,,16,159.48,95.92,127.7
20240613153008,,66,76.21,57.85,67.03
20240613154008,,15,100.22,48.85,74.53
20240613155008,,65,66.55,14.44,40.49
20240613160008,,12,72.94,13.95,43.44
20240613161008,,61,23.19,29.08,26.13
20240613162008,,11,34.65,40.58,37.61
20240613163008,,60,40.09,31.06,35.58
20240613164008,,9,42.63,42.09,42.36
20240613165008,,59,88.63,56.6,72.61
20240628090008,,52,19.03,83.29,51.16
20240628091008,,1,63.35,95.45,79.4
20240628092008,,51,47.11,120.83,83.97
20240628093008,,0,197.66,187.26,192.46
20240628094008,,49,500.94,372.79,436.86
20240628095008,,99,640.84,665.61,653.22
20240628100008,,46,870.35,890.58,880.46
20240628101008,,95,841.48,873.16,857.32
20240628102008,,45,752.04,588.75,670.4
20240628103008,,94,819.1,722.03,770.57
20240628104008,,43,1048.61,1134.65,1091.63
20240628105008,,93,1027.46,1073.47,1050.47
20240628110008,,40,1328.67,1267.74,1298.2
20240628111008,,89,1437.99,1412.48,1425.24
20240628112008,,39,1469.98,1416.36,1443.17
20240628113008,,88,1393.04,1369.56,1381.3
20240628114008,,37,1541.59,1509.68,1525.63
20240628115008,,87,1492.44,1543.96,1518.2
20240628120008,,34,1434.34,1534.45,1484.39
20240628121008,,83,1435.89,1522.33,1479.11
20240628122008,,33,1437.4,1535.14,1486.27
20240628123008,,82,1430.55,1525.31,1477.93
20240628124008,,32,1468.7,1522.98,1495.84
20240628125008,,81,1436.27,1514.41,1475.34
20240628130008,,28,1391.84,1548.38,1470.11
20240628131008,,77,1545.74,1602.71,1574.22
20240628132008,,27,1426.27,1538.85,1482.56
20240628133008,,76,1325.45,1395.61,1360.53
20240628134008,,26,1389.87,1511.05,1450.46
20240628135008,,75,1083.44,1033.87,1058.65
20240628140008,,22,1120.01,981.52,1050.76
20240628141008,,71,1255.24,1052.7,1153.97
20240628142008,,21,1336.58,964.99,1150.78
20240628143008,,70,1414.54,1297.34,1355.94
20240628144008,,20,1133.41,1300.89,1217.15
20240628145008,,69,1091.54,577.8,834.67
20240628150008,,16,1230.13,1217.93,1224.03
20240628151008,,66,987.08,901.08,944.08
20240628152008,,15,180.56,601,390.78
20240628153008,,64,106.19,470.05,288.12
20240628154008,,14,97.43,77.67,87.55
20240628155008,,63,94.03,51.2,72.62
20240628160008,,10,113.53,66.87,90.2
20240628161008,,60,99.95,25.6,62.78
20240628162008,,9,109.16,36.45,72.81
20240628163008,,58,69.27,45.7,57.48
20240628164008,,8,47.76,47.75,47.75
20240628165008,,57,49.42,27.89,38.66
20240705090008,,57,1.6,24.63,13.12
20240705091008,,7,0.83,18.7,9.76
20240705092008,,56,5.98,30.99,18.48
20240705093008,,5,8.66,29.99,19.32
20240705094008,,55,7.76,25.89,16.82
20240705095008,,4,12.85,36.89,24.87
20240705100008,,51,38.84,75.57,57.2
20240705101008,,1,54.77,96.4,75.59
20240705102008,,50,52,70.02,61.01
20240705103008,,99,0,60.88,30.44
20240705104008,,49,29.48,36.71,33.09
20240705105008,,98,9.93,20.95,15.44
20240705110008,,45,4.54,25.27,14.9
20240705111008,,95,4.18,23.14,13.66
20240705112008,,44,0,25.44,12.72
20240705113008,,94,0,21.81,10.9
20240705114008,,43,0,23.59,11.8
20240705115008,,92,0,24.76,12.38
20240705120008,,39,9.03,21.89,15.46
20240705121008,,89,9.67,20.79,15.23
20240705122008,,38,0,14.5,7.25
20240705123008,,88,0,15.88,7.94
20240705124008,,37,9.95,11.52,10.73
20240705125008,,86,25.74,18.56,22.15
20240705130008,,33,27.79,19.28,23.54
20240705131008,,83,24.87,3.58,14.23
20240705132008,,32,33.51,25.37,29.44
20240705133008,,82,32.01,31.19,31.6
20240705134008,,31,16.1,29.17,22.64
20240705135008,,81,49.02,22.8,35.91
20240705140008,,28,135.22,82.77,109
20240705141008,,77,61.29,63.47,62.38
20240705142008,,26,66.98,30.9,48.94
20240705143008,,76,63.4,67.7,65.55
20240705144008,,25,79.75,76.17,77.96
20240705145008,,75,85.08,82.23,83.66
20240705150008,,22,69.51,64.9,67.21
20240705151008,,71,50.96,35.28,43.12
20240705152008,,20,41.53,36.98,39.25
20240705153008,,70,16.59,72.7,44.65
20240705154008,,19,12.81,16.5,14.66
20240705155008,,69,16.96,51.76,34.36
20240705160008,,16,26.5,44.11,35.3
20240705161008,,65,11.49,43.1,27.3
20240705162008,,14,8.26,38.39,23.32
20240705163008,,64,0,12.04,6.02
20240705164008,,13,0,7.44,3.72
20240705165008,,63,0,3.71,1.85
20240709090008,,83,56.07,65.46,60.76
20240709091008,,33,46.28,78.51,62.4
20240709092008,,82,53.63,69.75,61.69
20240709093008,,32,8.2,84.34,46.27
20240709094008,,81,364.51,628.89,496.7
20240709095008,,30,296.46,510.44,403.45
20240709100008,,78,313.1,391.81,352.46
20240709101008,,27,343.57,398.57,371.07
20240709102008,,76,485.09,381.87,433.48
20240709103008,,26,684.85,561.76,623.31
20240709104008,,75,701.22,486.19,593.7
20240709105008,,25,722.86,701.11,711.98
20240709110008,,72,1171.43,866.82,1019.12
20240709111008,,21,1170.03,827.16,998.6
20240709112008,,70,1041.65,863.78,952.72
20240709113008,,20,1293.29,1340.44,1316.87
20240709114008,,69,1315.99,871.41,1093.7
20240709115008,,19,1341.38,904.17,1122.78
20240709120008,,66,1371.16,944.69,1157.93
20240709121008,,15,1413.69,877.6,1145.64
20240709122008,,64,1369.59,1327.88,1348.74
20240709123008,,14,1222.53,1305.77,1264.15
20240709124008,,63,1281.46,1282.56,1282.01
20240709125008,,13,1226.93,1298.87,1262.9
20240709130008,,60,1280.87,1012.9,1146.88
20240709131008,,9,1260.08,1018.48,1139.28
20240709132008,,59,1296.26,1201.66,1248.96
20240709133008,,8,1181.7,1160.26,1170.98
20240709134008,,57,1218.24,1170.96,1194.6
20240709135008,,7,1266.76,1148.26,1207.51
20240709140008,,54,1227.88,1234.1,1230.99
20240709141008,,3,921.04,927.53,924.28
20240709142008,,53,749.83,794.98,772.4
20240709143008,,2,753.57,707.19,730.38
20240709144008,,51,259.32,207.88,233.6
20240709145008,,1,50.83,149.93,100.38
20240709150008,,48,108.65,103.91,106.28
20240709151008,,97,79.83,53.12,66.47
20240709152008,,47,67.48,16.23,41.86
20240709153008,,96,13.34,12.98,13.16
20240709154008,,45,10.38,16.32,13.35
20240709155008,,95,0,12.49,6.24
20240709160008,,42,6.29,13.24,9.77
20240709161008,,91,2.89,2.19,2.54
20240709162008,,41,2.83,5.12,3.98
20240709163008,,90,2.15,0,1.07
20240709164008,,40,2.05,0,1.02
20240709165008,,89,1.67,0,0.84
20240715090008,,23,26.77,119.25,73.01
20240715091008,,72,26.51,118.16,72.33
20240715092008,,22,16.82,101.82,59.32
20240715093008,,71,13.08,118.23,65.66
20240715094008,,20,25.38,149.74,87.56
20240715095008,,70,74.21,141.36,107.78
20240715100008,,17,336.39,346.73,341.56
20240715101008,,66,669.92,627.86,648.89
20240715102008,,16,1011.14,794.33,902.74
20240715103008,,65,805.27,969.73,887.5
20240715104008,,15,788.35,933.39,860.87
20240715105008,,64,858.08,1027.56,942.82
20240715110008,,11,1029.49,1088.48,1058.99
20240715111008,,60,1039.3,1049.05,1044.17
20240715112008,,10,1008.27,1026.29,1017.28
20240715113008,,59,993.28,1041.46,1017.37
20240715114008,,9,969.73,1072.78,1021.26
20240715115008,,58,1325.16,1120.22,1222.69
20240715120008,,5,1299.58,1338.74,1319.16
20240715121008,,54,872.49,966.4,919.44
20240715122008,,4,975.24,949.15,962.19
20240715123008,,53,823.19,919.56,871.38
20240715124008,,3,964.03,870.93,917.48
20240715125008,,52,516.78,401.39,459.08
20240715130008,,99,706.86,415.79,561.32
20240715131008,,49,758.17,824.89,791.53
20240715132008,,98,182.65,171.62,177.14
20240715133008,,47,95.74,104.05,99.89
20240715134008,,97,532.96,640.96,586.96
20240715135008,,46,494.57,493.44,494
20240715140008,,93,204.36,144.26,174.31
20240715141008,,43,121.27,97.27,109.27
20240715142008,,92,43.89,75.67,59.78
20240715143008,,41,26.04,69.73,47.89
20240715144008,,91,10.69,63.94,37.31
20240715145008,,40,0,64.29,32.15
20240715150008,,87,5.08,54.34,29.71
20240715151008,,37,12.43,61.31,36.87
20240715152008,,86,0,52.02,26.01
20240715153008,,35,22.55,50.92,36.74
20240715154008,,85,13.87,27.43,20.65
20240715155008,,34,14.62,29.18,21.9
20240715160008,,81,0.63,26.3,13.46
20240715161008,,31,10.06,16.65,13.36
20240715162008,,80,11.79,16.14,13.96
20240715163008,,30,8.84,11.61,10.22
20240715164008,,79,3.29,15.31,9.3
20240715165008,,28,0,15.62,7.81
20240719090008,,49,10.56,3.85,7.2
20240719091008,,99,7.02,9.33,8.18
20240719092008,,48,2.99,10.16,6.58
20240719093008,,97,0.52,8.87,4.69
20240719094008,,47,0,0,0
20240719095008,,96,0.44,6.97,3.7
20240719100008,,43,15.38,0,7.69
20240719101008,,93,14.81,9.6,12.2
20240719102008,,42,13.42,7.88,10.65
20240719103008,,91,10.26,5.41,7.84
20240719104008,,41,10.75,0,5.38
20240719105008,,90,20.67,24.62,22.65
20240719110008,,37,53.41,20.07,36.74
20240719111008,,87,13.29,16.9,15.09
20240719112008,,36,15.56,6.11,10.84
20240719113008,,85,8.74,7.77,8.25
20240719114008,,35,12.2,9.13,10.66
20240719115008,,84,19.95,8.83,14.39
20240719120008,,31,16.43,29.61,23.02
20240719121008,,81,14.9,26.67,20.78
20240719122008,,30,18.45,27.01,22.73
20240719123008,,80,15.43,16.05,15.74
20240719124008,,29,14.05,19.26,16.66
20240719125008,,78,15.81,0,7.9
20240719130008,,25,14.96,0,7.48
20240719131008,,75,11.87,15.33,13.6
20240719132008,,24,2.38,7.69,5.04
20240719133008,,74,1.75,17.99,9.87
20240719134008,,23,0,13.52,6.76
20240719135008,,72,0,15.96,7.98
20240719140008,,19,11.63,10.73,11.18
20240719141008,,69,0,8.14,4.07
20240719142008,,18,0,6.36,3.18
20240719143008,,68,0,3.6,1.8
20240719144008,,17,0,3.93,1.97
20240719145008,,66,0,1.24,0.62
20240719150008,,14,1.9,0,0.95
20240719151008,,63,6.34,0,3.17
20240719152008,,12,6.15,0,3.08
20240719153008,,62,6.06,0,3.03
20240719154008,,11,8.2,0,4.1
20240719155008,,61,4.18,0,2.09
20240719160008,,8,3.1,0,1.55
20240719161008,,57,2.34,0,1.17
20240719162008,,6,3.61,0,1.8
20240719163008,,56,0.57,0,0.28
20240719164008,,5,0.42,0,0.21
20240719165008,,55,0,0,0
20240309090009,,58,10.99,0,5.5
20240309091009,,7,1.78,27.62,14.7
20240309092009,,56,0,16.84,8.42
20240309093009,,6,3.89,5.03,4.46
20240309094009,,55,2.51,2.67,2.59
20240309095009,,5,10.25,0.01,5.13
20240309100009,,52,7.13,0,3.56
20240309101009,,1,8.96,0,4.48
20240309102009,,51,7.26,8.23,7.74
20240309103009,,0,2.7,7.56,5.13
20240309104009,,49,2.93,10.69,6.81
20240309105009,,99,8.4,9.81,9.11
20240309110009,,46,0,4.07,2.04
20240309111009,,95,0,2.11,1.05
20240309112009,,45,5.7,3.7,4.7
20240309113009,,94,10.5,7.18,8.84
20240309114009,,43,8.96,7.52,8.24
20240309115009,,93,20.92,0,10.46
20240309120009,,40,15.33,0,7.66
20240309121009,,89,15.45,0,7.72
20240309122009,,39,10.02,0,5.01
20240309123009,,88,9.44,0,4.72
20240309124009,,38,6.01,0,3
20240309125009,,87,8.1,0,4.05
20240309130009,,34,6.57,0,3.29
20240309131009,,83,1.27,2.32,1.79
20240309132009,,33,0.35,3.72,2.04
20240309133009,,82,0.35,3.9,2.12
20240309134009,,32,4.25,2.76,3.5
20240309135009,,81,5.06,13.82,9.44
20240309140009,,28,0,0,0
20240309141009,,77,4.02,0,2.01
20240309142009,,27,2.19,4.5,3.34
20240309143009,,76,0,6.58,3.29
20240309144009,,26,12.63,7.18,9.91
20240309145009,,75,14.29,17.58,15.93
20240309150009,,22,9.21,21.59,15.4
20240309151009,,71,11.4,0,5.7
20240309152009,,21,0,0,0
20240309153009,,70,0,0,0
20240309154009,,20,0,3.67,1.83
20240309155009,,69,0,11.86,5.93
20240309160009,,16,0,14.59,7.3
20240309161009,,66,6.67,10.2,8.43
20240309162009,,15,9.49,11.05,10.27
20240309163009,,64,3.93,9.5,6.72
20240309164009,,14,3.45,8.09,5.77
20240309165009,,63,0,12.09,6.04
20240314090009,,91,3.98,18.83,11.4
20240314091009,,40,11.86,15.56,13.71
20240314092009,,89,12.59,12.08,12.34
20240314093009,,39,15.66,10.93,13.3
20240314094009,,88,39.3,37.75,38.52
20240314095009,,38,15.08,4.35,9.71
20240314100009,,85,25.02,14.22,19.62
20240314101009,,34,25.77,12.27,19.02
20240314102009,,83,29.97,33.2,31.59
20240314103009,,33,46.39,24.4,35.39
20240314104009,,82,86.41,73.53,79.97
20240314105009,,32,65.31,42.21,53.76
20240314110009,,79,42.15,58.29,50.22
20240314111009,,28,231.45,57.3,144.38
20240314112009,,77,610.71,729.92,670.32
20240314113009,,27,682.21,755.8,719
20240314114009,,76,102.68,91.06,96.87
20240314115009,,26,596.16,851.99,724.08
20240314120009,,73,67.37,250.49,158.93
20240314121009,,22,618.36,453.63,536
20240314122009,,72,804.29,863.18,833.73
20240314123009,,21,668.73,838.2,753.46
20240314124009,,70,253.33,188.84,221.08
20240314125009,,20,84.03,27.35,55.69
20240314130009,,67,67.34,8.28,37.81
20240314131009,,16,68.37,27.66,48.02
20240314132009,,66,72.82,16.34,44.58
20240314133009,,15,44.93,3.43,24.18
20240314134009,,64,29.32,0,14.66
20240314135009,,14,20.67,6.56,13.62
20240314140009,,61,11.23,0,5.62
20240314141009,,10,23.98,0,11.99
20240314142009,,60,9.34,0,4.67
20240314143009,,9,2.13,0,1.06
20240314144009,,58,3.24,0,1.62
20240314145009,,8,0,0,0
20240314150009,,55,16.29,0,8.14
20240314151009,,4,0,0,0
20240314152009,,54,0,0,0
20240314153009,,3,0,0,0
20240314154009,,53,5.77,0,2.88
20240314155009,,2,13.5,0,6.75
20240314160009,,49,23.2,0,11.6
20240314161009,,98,22.85,8.68,15.77
20240314162009,,48,18.92,2.37,10.65
20240314163009,,97,9.06,4.25,6.66
20240314164009,,47,12.48,18.15,15.31
20240314165009,,96,14.95,18.39,16.67
20240414090009,,47,31.63,10.47,21.05
20240414091009,,96,29.73,0,14.87
20240414092009,,46,27.97,15.44,21.7
20240414093009,,95,24.16,0,12.08
20240414094009,,45,25.92,5.76,15.84
20240414095009,,94,70.56,34.66,52.61
20240414100009,,41,43.87,11.07,27.47
20240414101009,,90,58.82,33.82,46.32
20240414102009,,40,38.62,56.56,47.59
20240414103009,,89,72.02,69.83,70.92
20240414104009,,39,152.71,77.84,115.28
20240414105009,,88,783.13,930.92,857.02
20240414110009,,35,796.71,550.89,673.8
20240414111009,,84,800.52,573.73,687.12
20240414112009,,34,869.65,529.41,699.53
20240414113009,,83,849.2,470.66,659.93
20240414114009,,33,840.92,601.53,721.22
20240414115009,,82,786.12,501.6,643.86
20240414120009,,29,775.65,604.73,690.19
20240414121009,,79,540.49,480.05,510.27
20240414122009,,28,843.16,488.69,665.92
20240414123009,,77,649.3,408.61,528.95
20240414124009,,27,673.03,381.02,527.02
20240414125009,,76,654.8,304.14,479.47
20240414130009,,23,756.4,430.3,593.35
20240414131009,,73,423.6,377.67,400.64
20240414132009,,22,57.92,105.88,81.9
20240414133009,,71,47.24,36.63,41.94
20240414134009,,21,0,3.16,1.58
20240414135009,,70,0,11.23,5.62
20240414140009,,17,0,0,0
20240414141009,,67,0,9.05,4.53
20240414142009,,16,10.11,0,5.06
20240414143009,,66,5.74,0,2.87
20240414144009,,15,3.38,0,1.69
20240414145009,,64,19.55,0,9.78
20240414150009,,11,26.38,0,13.19
20240414151009,,61,0,0,0
20240414152009,,10,11.98,0,5.99
20240414153009,,60,2.94,0,1.47
20240414154009,,9,5.06,0,2.53
20240414155009,,58,9.82,0,4.91
20240414160009,,5,12.89,0,6.44
20240414161009,,55,11.82,0,5.91
20240414162009,,4,8.09,0,4.04
20240414163009,,54,2.86,0,1.43
20240414164009,,3,2.73,0,1.36
20240414165009,,52,3.1,0,1.55
20240506090009,,51,23.03,34.21,28.62
20240506091009,,0,27.5,19.8,23.65
20240506092009,,50,10.04,11.34,10.69
20240506093009,,99,0,10.42,5.21
20240506094009,,49,21.2,19.22,20.21
20240506095009,,98,45.84,1.03,23.44
20240506100009,,45,36.02,26.38,31.2
20240506101009,,94,365.06,168.32,266.69
20240506102009,,44,514.29,241.66,377.97
20240506103009,,93,530.49,221.33,375.91
20240506104009,,43,644.44,445.14,544.79
20240506105009,,92,781.14,599.06,690.1
20240506110009,,39,844.57,637.15,740.86
20240506111009,,88,832.35,663.32,747.84
20240506112009,,38,781.39,728,754.69
20240506113009,,87,501.47,821.89,661.68
20240506114009,,37,520.52,888.85,704.68
20240506115009,,86,434.87,954.35,694.61
20240506120009,,33,489.66,929.13,709.4
20240506121009,,83,457.64,912.6,685.12
20240506122009,,32,375.43,853.16,614.3
20240506123009,,81,406.66,1005.46,706.06
20240506124009,,31,239.97,796.46,518.22
20240506125009,,80,343.41,486.68,415.04
20240506130009,,27,435.98,893.44,664.71
20240506131009,,77,429.51,919.76,674.64
20240506132009,,26,434.7,896.65,665.68
20240506133009,,75,395.35,870.48,632.92
20240506134009,,25,480.02,907.31,693.66
20240506135009,,74,474.35,948.66,711.5
20240506140009,,21,248.19,793.02,520.6
20240506141009,,71,331.12,674.5,502.81
20240506142009,,20,271.39,113.09,192.24
20240506143009,,69,141.61,55.06,98.34
20240506144009,,19,113.81,0.71,57.26
20240506145009,,68,157.67,91.74,124.7
20240506150009,,15,64.65,0,32.33
20240506151009,,65,91.68,0,45.84
20240506152009,,14,37.49,22.78,30.14
20240506153009,,64,41.46,19.3,30.38
20240506154009,,13,63.13,0,31.57
20240506155009,,62,33.11,0,16.56
20240506160009,,9,0,0,0
20240506161009,,59,2.12,0,1.06
20240506162009,,8,0,0,0
20240506163009,,58,0,0,0
20240506164009,,7,0,0,0
20240506165009,,56,10.35,0,5.18
20240526090009,,82,29.32,46.73,38.02
20240526091009,,32,62.1,26.55,44.33
20240526092009,,81,86.17,76.69,81.43
20240526093009,,30,128.83,95.29,112.06
20240526094009,,80,108.07,66.8,87.44
20240526095009,,29,116.96,58.24,87.6
20240526100009,,76,771.81,806.83,789.32
20240526101009,,26,603.39,832.24,717.82
20240526102009,,75,646.35,957.03,801.69
20240526103009,,24,772.49,968.91,870.7
20240526104009,,74,947.22,968.64,957.93
20240526105009,,23,894.75,973.91,934.33
20240526110009,,70,745.69,875.17,810.43
20240526111009,,20,1085.04,689.11,887.08
20240526112009,,69,1011.33,666.58,838.96
20240526113009,,19,965.95,705.86,835.9
20240526114009,,68,1047.47,694.24,870.86
20240526115009,,17,1095.77,565.94,830.86
20240526120009,,64,1114.2,590.11,852.16
20240526121009,,14,1147.88,560.93,854.4
20240526122009,,63,1152.91,539.53,846.22
20240526123009,,13,1157.3,597.42,877.36
20240526124009,,62,1130.49,638.08,884.29
20240526125009,,11,1168.43,697.43,932.93
20240526130009,,58,1128.71,714.33,921.52
20240526131009,,8,1159.61,693,926.3
20240526132009,,57,1080.25,591.62,835.93
20240526133009,,7,1156.9,752.91,954.9
20240526134009,,56,1181.64,917.61,1049.62
20240526135009,,5,1154.32,918.71,1036.51
20240526140009,,53,1047.78,973.86,1010.82
20240526141009,,2,1111.24,953.96,1032.6
20240526142009,,51,627.32,490.98,559.15
20240526143009,,1,706.91,442.94,574.92
20240526144009,,50,479.67,129.38,304.52
20240526145009,,0,263.3,77.21,170.26
20240526150009,,47,133.28,61.49,97.39
20240526151009,,96,87.31,17.3,52.3
20240526152009,,45,64.66,15.18,39.92
20240526153009,,95,67.64,12.58,40.11
20240526154009,,44,56.78,13.9,35.34
20240526155009,,94,71.34,35.47,53.41
20240526160009,,41,68.84,0,34.42
20240526161009,,90,37.11,0,18.56
20240526162009,,39,37.48,0,18.74
20240526163009,,89,32.29,0,16.14
20240526164009,,38,11.18,0,5.59
20240526165009,,88,0,0,0
20240614090009,,60,13.49,6.82,10.16
20240614091009,,9,75.04,34.27,54.66
20240614092009,,59,14.95,47.29,31.12
20240614093009,,8,393.95,655.38,524.66
20240614094009,,58,157.97,90.48,124.22
20240614095009,,7,696.22,655.68,675.95
20240614100009,,54,669.57,625.5,647.54
20240614101009,,3,799.73,884.71,842.22
20240614102009,,53,654.46,890.89,772.68
20240614103009,,2,701.48,699.6,700.54
20240614104009,,52,681.86,713.78,697.82
20240614105009,,1,707.42,801.89,754.66
20240614110009,,48,1214.98,1269.7,1242.34
20240614111009,,97,1313.66,1279.26,1296.46
20240614112009,,47,1271.03,1284.81,1277.92
20240614113009,,96,1010.38,1265.68,1138.03
20240614114009,,46,1340.93,1334.55,1337.74
20240614115009,,95,1053.88,1362.55,1208.22
20240614120009,,42,1224.67,1308.04,1266.36
20240614121009,,91,1264.99,1252.94,1258.97
20240614122009,,41,823.66,952.56,888.11
20240614123009,,90,540.06,403.11,471.58
20240614124009,,40,523.57,464.23,493.9
20240614125009,,89,786.93,898.22,842.58
20240614130009,,36,733.92,637.65,685.78
20240614131009,,86,185.67,225.19,205.43
20240614132009,,35,151.84,155.2,153.52
20240614133009,,84,239.26,62.04,150.65
20240614134009,,34,86.75,53.62,70.18
20240614135009,,83,38.54,25.74,32.14
20240614140009,,30,31.28,1.84,16.56
20240614141009,,80,29.69,16.52,23.1
20240614142009,,29,18.64,18.07,18.36
20240614143009,,78,27.9,11.24,19.57
20240614144009,,28,0,0,0
20240614145009,,77,43.13,16.04,29.59
20240614150009,,24,29.59,0,14.8
20240614151009,,74,35.69,30.11,32.9
20240614152009,,23,294.84,571.71,433.28
20240614153009,,72,29.43,0,14.71
20240614154009,,22,47.73,0,23.86
20240614155009,,71,0,0,0
20240614160009,,18,32.41,26.94,29.67
20240614161009,,68,35.3,0,17.65
20240614162009,,17,2.47,0,1.24
20240614163009,,67,8.53,0,4.26
20240614164009,,16,15.15,0,7.58
20240614165009,,65,10.73,0,5.36
20240621090009,,6,26.67,20.59,23.63
20240621091009,,55,26.06,0,13.03
20240621092009,,5,36.41,17.55,26.98
20240621093009,,54,27.97,8.85,18.41
20240621094009,,3,36.47,0,18.24
20240621095009,,53,16.26,0,8.13
20240621100009,,0,20.52,14.92,17.72
20240621101009,,49,26.65,44.08,35.36
20240621102009,,99,16.79,19.85,18.32
20240621103009,,48,9.56,41.18,25.37
20240621104009,,98,31.65,28.24,29.94
20240621105009,,47,16.81,32.95,24.88
20240621110009,,94,37.65,49.87,43.76
20240621111009,,43,18.2,39.99,29.09
20240621112009,,93,42.16,34.78,38.47
20240621113009,,42,29.32,29.87,29.59
20240621114009,,92,26.34,25.56,25.95
20240621115009,,41,29.24,59.73,44.48
20240621120009,,88,41.55,36.42,38.98
20240621121009,,37,32.93,60.55,46.74
20240621122009,,87,34.03,38.73,36.38
20240621123009,,36,28.66,34.02,31.34
20240621124009,,86,20.52,30.68,25.6
20240621125009,,35,27.19,22.02,24.6
20240621130009,,82,16.68,41.81,29.25
20240621131009,,31,18.53,31.93,25.23
20240621132009,,81,15.83,32.42,24.12
20240621133009,,30,4.81,24.68,14.74
20240621134009,,80,0.19,6.1,3.14
20240621135009,,29,10.22,5.03,7.62
20240621140009,,76,17.72,6.23,11.97
20240621141009,,26,8.38,0,4.19
20240621142009,,75,0.24,0,0.12
20240621143009,,24,0,0,0
20240621144009,,74,0,0,0
20240621145009,,23,0,0,0
20240621150009,,70,3.18,5.23,4.2
20240621151009,,20,2.77,0,1.39
20240621152009,,69,9.5,9.76,9.63
20240621153009,,18,7.63,10.45,9.04
20240621154009,,68,21.93,13,17.46
20240621155009,,17,22.75,21.88,22.31
20240621160009,,64,30.58,25.75,28.16
20240621161009,,14,22.08,36.74,29.41
20240621162009,,63,9.17,31.79,20.48
20240621163009,,13,10.39,25.86,18.12
20240621164009,,62,11.97,27.25,19.61
20240621165009,,11,7.55,2.48,5.02
20240628090009,,52,36.24,25.64,30.94
20240628091009,,1,5.11,14.72,9.92
20240628092009,,51,32,31.67,31.84
20240628093009,,0,315.25,646.46,480.86
20240628094009,,49,73.84,27.04,50.44
20240628095009,,99,70.7,178.46,124.58
20240628100009,,46,505.99,734.8,620.4
20240628101009,,95,657.83,525.5,591.66
20240628102009,,45,630.64,616.15,623.4
20240628103009,,94,610.35,663.49,636.92
20240628104009,,43,695.32,713.36,704.34
20240628105009,,93,830.49,783.4,806.94
20240628110009,,40,1106.05,817.24,961.64
20240628111009,,89,900.73,708.58,804.66
20240628112009,,39,1075.07,899.51,987.29
20240628113009,,88,1105.2,895.28,1000.24
20240628114009,,38,1095.82,848.5,972.16
20240628115009,,87,834.27,826.05,830.16
20240628120009,,34,1004.61,931.69,968.15
20240628121009,,83,955.06,871.41,913.23
20240628122009,,33,1100.91,902.38,1001.64
20240628123009,,82,815.58,793.27,804.42
20240628124009,,32,668.34,723.03,695.68
20240628125009,,81,773.93,848.41,811.17
20240628130009,,28,973.6,1169.09,1071.35
20240628131009,,77,717.2,504.94,611.07
20240628132009,,27,428.03,324.3,376.16
20240628133009,,76,87.96,176.46,132.21
20240628134009,,26,55.06,69.39,62.23
20240628135009,,75,23.92,40.22,32.07
20240628140009,,22,60.23,21.68,40.95
20240628141009,,72,26.9,3.65,15.27
20240628142009,,21,13.54,6.66,10.1
20240628143009,,70,10.75,6.13,8.44
20240628144009,,20,11.83,3.62,7.72
20240628145009,,69,12.43,8.89,10.66
20240628150009,,16,10.29,16.45,13.37
20240628151009,,66,12.45,4.34,8.39
20240628152009,,15,9.53,3.88,6.7
20240628153009,,64,7.28,3.86,5.57
20240628154009,,14,3.88,4.83,4.36
20240628155009,,63,11.81,20.87,16.34
20240628160009,,10,9.59,15.93,12.76
20240628161009,,60,12.84,64.74,38.79
20240628162009,,9,12.52,29.85,21.19
20240628163009,,58,11.12,23.12,17.12
20240628164009,,8,8.75,18.34,13.54
20240628165009,,57,5.65,11.59,8.62
20240717090009,,36,18.64,13.99,16.32
20240717091009,,85,5.91,15.74,10.82
20240717092009,,35,3.23,14.42,8.82
20240717093009,,84,3.98,12.36,8.17
20240717094009,,34,22.49,13.18,17.84
20240717095009,,83,20.36,18.62,19.49
20240717100009,,30,41.63,34.61,38.12
20240717101009,,,39.57,45.04,42.3
20240717102009,,29,108.41,90.92,99.66
20240717103009,,78,105.01,84.55,94.78
20240717104009,,28,171.03,85.46,128.24
20240717105009,,77,197.1,82.66,139.88
20240717110009,,24,292.91,109.79,201.35
20240717111009,,74,213.6,174.43,194.01
20240717112009,,23,809.69,939.9,874.8
20240717113009,,72,281.21,332.78,307
20240717114009,,22,189.06,371.45,280.26
20240717115009,,71,288.24,290.68,289.46
20240717120009,,18,327.11,305.22,316.16
20240717121009,,68,228.91,312.34,270.62
20240717122009,,17,220.71,266.85,243.78
20240717123009,,66,249.75,250.59,250.17
20240717124009,,16,219.82,246.32,233.07
20240717125009,,65,245.18,179.72,212.45
20240717130009,,12,210.55,164.99,187.77
20240717131009,,62,170.36,167.07,168.72
20240717132009,,11,8.83,252.49,130.66
20240717133009,,61,25.18,246.71,135.94
20240717134009,,10,33.37,73.85,53.61
20240717135009,,59,27.13,29.5,28.31
20240717140009,,6,36.17,20.78,28.48
20240717141009,,56,38.54,30.37,34.45
20240717142009,,5,26.91,20.7,23.8
20240717143009,,55,17.25,14.07,15.66
20240717144009,,4,13.5,16.92,15.21
20240717145009,,53,10.76,11.5,11.13
20240717150009,,0,13.35,10.67,12.01
20240717151009,,50,11.16,13.9,12.53
20240717152009,,99,13.66,9.36,11.51
20240717153009,,49,13.97,4.82,9.39
20240717154009,,98,23.59,14.62,19.1
20240717155009,,47,14.38,0,7.19
20240717160009,,94,25.98,0,12.99
20240717161009,,44,10.75,0,5.38
20240717162009,,93,8.77,0,4.38
20240717163009,,43,7.31,0,3.65
20240717164009,,92,4.94,0,2.47
20240717165009,,42,6.32,0,3.16
20240316090010,,4,21.96,44.48,33.22
20240316091010,,53,34.01,55.08,44.55
20240316092010,,2,26,59.54,42.77
20240316093010,,52,38.66,103.35,71
20240316094010,,1,77.65,97.75,87.7
20240316095010,,51,139.49,96.11,117.8
20240316100010,,98,109.48,97.52,103.5
20240316101010,,47,83.53,102.83,93.18
20240316102010,,97,73.09,52,62.55
20240316103010,,46,40.21,45.55,42.88
20240316104010,,95,17.68,30.22,23.95
20240316105010,,45,13.43,48.06,30.75
20240316110010,,92,0,30.4,15.2
20240316111010,,41,52.45,64.99,58.72
20240316112010,,91,25.9,72.59,49.25
20240316113010,,40,63.29,65.77,64.53
20240316114010,,89,61.67,63.71,62.69
20240316115010,,39,58.26,63.2,60.73
20240316120010,,86,50.83,70.99,60.91
20240316121010,,35,60.3,63.7,62
20240316122010,,85,37.64,55.96,46.8
20240316123010,,34,31.45,49.45,40.45
20240316124010,,84,34.45,49.32,41.89
20240316125010,,33,36.14,47.89,42.02
20240316130010,,80,33.4,38.55,35.97
20240316131010,,29,18.47,27.05,22.76
20240316132010,,79,9.97,22.96,16.46
20240316133010,,28,11.79,22.73,17.26
20240316134010,,78,17.89,22.5,20.2
20240316135010,,27,12.62,19.29,15.95
20240316140010,,74,0,38.23,19.11
20240316141010,,23,10.22,42.66,26.44
20240316142010,,73,14.46,46.16,30.31
20240316143010,,22,14.35,47.75,31.05
20240316144010,,72,6.05,44.93,25.49
20240316145010,,21,5.28,44.66,24.97
20240316150010,,68,7.9,21.49,14.7
20240316151010,,17,1.29,5.37,3.33
20240316152010,,67,0,6.56,3.28
20240316153010,,16,0.92,3.28,2.1
20240316154010,,66,4.49,9.71,7.1
20240316155010,,15,6.09,10.35,8.22
20240316160010,,62,6.07,4.9,5.48
20240316161010,,12,5.24,9.48,7.36
20240316162010,,61,4.02,7.44,5.73
20240316163010,,10,2.96,12.07,7.52
20240316164010,,60,6.06,5.85,5.96
20240316165010,,9,7.75,6.76,7.26
20240324090010,,56,458.44,766.23,612.34
20240324091010,,6,468.44,737.19,602.82
20240324092010,,55,500.7,736.26,618.48
20240324093010,,4,551.15,738.8,644.97
20240324094010,,54,204.64,600.97,402.8
20240324095010,,3,812.12,798.87,805.5
20240324100010,,50,732.39,672.53,702.46
20240324101010,,0,485.22,419.82,452.52
20240324102010,,49,438.5,354.6,396.55
20240324103010,,98,472.5,336.96,404.73
20240324104010,,48,245.04,581.03,413.03
20240324105010,,97,218,297.1,257.55
20240324110010,,44,281.1,262.99,272.04
20240324111010,,94,339.56,289.77,314.66
20240324112010,,43,693.51,711.09,702.3
20240324113010,,93,750.18,702.71,726.44
20240324114010,,42,590.17,607.81,598.99
20240324115010,,91,334.92,374.52,354.72
20240324120010,,38,318.84,468.55,393.7
20240324121010,,88,540.67,621.98,581.32
20240324122010,,37,586.9,683.08,634.99
20240324123010,,87,578.54,635.62,607.08
20240324124010,,36,519.71,450.43,485.07
20240324125010,,85,460.11,409.98,435.04
20240324130010,,32,424.17,376.19,400.18
20240324131010,,82,472.32,360.33,416.32
20240324132010,,31,420.73,349.57,385.15
20240324133010,,81,404.17,326.23,365.2
20240324134010,,30,416.08,325.72,370.9
20240324135010,,79,333.32,334.6,333.96
20240324140010,,27,311.95,330.43,321.19
20240324141010,,76,317.34,283.84,300.59
20240324142010,,25,308.7,279.9,294.3
20240324143010,,75,206.36,174.19,190.28
20240324144010,,24,28.71,141.57,85.14
20240324145010,,74,39.3,157.41,98.35
20240324150010,,21,44.2,32.57,38.39
20240324151010,,70,44.03,19.78,31.91
20240324152010,,19,43.3,17.49,30.39
20240324153010,,69,35.75,19.86,27.8
20240324154010,,18,27.6,20.6,24.1
20240324155010,,68,24.9,0,12.45
20240324160010,,15,27.06,0,13.53
20240324161010,,64,19.54,0,9.77
20240324162010,,13,9.96,0,4.98
20240324163010,,63,12.53,0,6.26
20240324164010,,12,11.8,0,5.9
20240324165010,,62,11.98,0,5.99
20240412090010,,34,17.12,39.96,28.54
20240412091010,,83,22.26,9.68,15.97
20240412092010,,33,17.45,13.88,15.66
20240412093010,,82,45.59,49.62,47.61
20240412094010,,32,91.65,112.84,102.25
20240412095010,,81,154.34,135.2,144.77
20240412100010,,28,502.72,440.47,471.6
20240412101010,,77,506.33,558.55,532.44
20240412102010,,27,544.51,704.46,624.48
20240412103010,,76,597.46,805.71,701.58
20240412104010,,26,456.35,503.16,479.76
20240412105010,,75,527.68,556.43,542.06
20240412110010,,22,647.3,630.7,639
20240412111010,,71,753.59,535.69,644.64
20240412112010,,21,817.92,535.77,676.84
20240412113010,,70,713.8,636.37,675.08
20240412114010,,20,715.1,631.31,673.2
20240412115010,,69,724.43,552.91,638.67
20240412120010,,16,750.29,569.1,659.69
20240412121010,,65,718.6,564.45,641.53
20240412122010,,15,476.91,620.49,548.7
20240412123010,,64,267.48,242.33,254.91
20240412124010,,14,285.53,240.69,263.11
20240412125010,,63,240.05,233.7,236.88
20240412130010,,10,220.33,229.27,224.8
20240412131010,,60,222.49,378.46,300.48
20240412132010,,9,209.64,384.72,297.18
20240412133010,,58,237.03,450.45,343.74
20240412134010,,8,26.02,131.41,78.72
20240412135010,,57,0,112.12,56.06
20240412140010,,4,0,192.79,96.39
20240412141010,,54,46.25,126.17,86.21
20240412142010,,3,17.62,12.82,15.22
20240412143010,,52,19.86,17.29,18.58
20240412144010,,2,5.68,0,2.84
20240412145010,,51,0,12.79,6.39
20240412150010,,98,0,8.4,4.2
20240412151010,,48,0,8.19,4.1
20240412152010,,97,0,0,0
20240412153010,,46,0,0,0
20240412154010,,96,0,0,0
20240412155010,,45,8.42,0,4.21
20240412160010,,92,10.91,0,5.46
20240412161010,,42,3.51,0,1.75
20240412162010,,91,5.26,0,2.63
20240412163010,,41,3.51,6.25,4.88
20240412164010,,90,2.04,4.5,3.27
20240412165010,,39,4.95,0,2.48
20240419090010,,80,0,0,0
20240419091010,,29,1.11,0.37,0.74
20240419092010,,79,0,4.8,2.4
20240419093010,,28,25.12,23.61,24.37
20240419094010,,77,0,0,0
20240419095010,,27,0,0,0
20240419100010,,74,74.86,58.59,66.72
20240419101010,,23,102.44,52.75,77.6
20240419102010,,73,452.47,477.01,464.74
20240419103010,,22,169.5,106.82,138.16
20240419104010,,72,123.41,57.2,90.31
20240419105010,,21,260,152.43,206.22
20240419110010,,68,272.2,130.3,201.25
20240419111010,,17,227.5,222.17,224.83
20240419112010,,67,672.36,882.16,777.26
20240419113010,,16,731.05,906.53,818.79
20240419114010,,66,751.79,930.91,841.35
20240419115010,,15,682.71,783.06,732.88
20240419120010,,62,644.3,823.51,733.9
20240419121010,,11,636.53,747.78,692.16
20240419122010,,61,639.36,877.03,758.19
20240419123010,,10,722.8,881.59,802.19
20240419124010,,60,1200.21,907.86,1054.04
20240419125010,,9,1344.3,1150.7,1247.5
20240419130010,,56,1339.13,1113.53,1226.33
20240419131010,,6,1386.68,1086.19,1236.43
20240419132010,,55,1340.19,1020.09,1180.14
20240419133010,,4,1214.37,1008.18,1111.27
20240419134010,,54,1340.09,1261.45,1300.77
20240419135010,,3,1113.56,861.8,987.68
20240419140010,,50,1076.05,932.33,1004.19
20240419141010,,0,574.45,744.5,659.48
20240419142010,,49,687.44,698.07,692.76
20240419143010,,98,69.37,269.54,169.46
20240419144010,,48,74.76,119.75,97.25
20240419145010,,97,33.96,33.31,33.64
20240419150010,,44,42.11,25.35,33.73
20240419151010,,94,29.83,20.94,25.38
20240419152010,,43,8.41,18.86,13.63
20240419153010,,92,2.26,14.69,8.47
20240419154010,,42,1.02,17.87,9.45
20240419155010,,91,63.13,42.63,52.88
20240419160010,,38,0.3,18.4,9.35
20240419161010,,88,0,16.45,8.22
20240419162010,,37,0,8.68,4.34
20240419163010,,87,11.04,0,5.52
20240419164010,,36,5.08,0,2.54
20240419165010,,85,2.86,2.34,2.6
20240515090010,,10,188.78,92.95,140.86
20240515091010,,59,118.77,68.84,93.81
20240515092010,,9,82.4,70.77,76.59
20240515093010,,58,82.92,66.37,74.65
20240515094010,,8,70.05,61.09,65.57
20240515095010,,57,37.11,52.33,44.72
20240515100010,,4,176.54,142.7,159.62
20240515101010,,54,171.02,143.45,157.24
20240515102010,,3,183.77,163.1,173.44
20240515103010,,52,176.73,175.5,176.12
20240515104010,,2,256.42,256.82,256.62
20240515105010,,51,227.47,258.52,243
20240515110010,,98,281.33,289.16,285.24
20240515111010,,48,317.46,266.73,292.1
20240515112010,,97,557.41,789.05,673.23
20240515113010,,46,296.43,292.36,294.4
20240515114010,,96,901.72,870.76,886.24
20240515115010,,45,934.31,907.67,920.99
20240515120010,,92,514.19,699.56,606.88
20240515121010,,42,756.2,847.63,801.92
20240515122010,,91,764.94,869.17,817.06
20240515123010,,40,478.63,370.09,424.36
20240515124010,,90,400.05,400.94,400.5
20240515125010,,39,329.06,343.83,336.44
20240515130010,,86,268.11,287.63,277.87
20240515131010,,36,416.18,344.51,380.35
20240515132010,,85,399.91,327.56,363.74
20240515133010,,35,461.57,301.51,381.54
20240515134010,,84,443.47,283.47,363.47
20240515135010,,33,308.47,274.69,291.58
20240515140010,,80,270.51,207.03,238.77
20240515141010,,30,462.32,261,361.66
20240515142010,,79,467.6,697.22,582.41
20240515143010,,29,235.09,514.42,374.76
20240515144010,,78,385.59,674.11,529.85
20240515145010,,27,420.77,586.51,503.64
20240515150010,,74,35.75,22.63,29.19
20240515151010,,24,47.72,23.45,35.58
20240515152010,,73,21.86,0,10.93
20240515153010,,23,0,0,0
20240515154010,,72,0,0,0
20240515155010,,21,0,12.73,6.36
20240515160010,,68,0,12.87,6.43
20240515161010,,18,0,19.15,9.57
20240515162010,,67,15.88,18.52,17.2
20240515163010,,17,0,15,7.5
20240515164010,,66,0,0,0
20240515165010,,16,0,0,0
20240526090010,,82,33.03,15.97,24.5
20240526091010,,32,52.05,13.45,32.75
20240526092010,,81,38.17,42.35,40.26
20240526093010,,30,151.25,27.96,89.61
20240526094010,,80,58.3,37.04,47.67
20240526095010,,29,72.38,120.25,96.32
20240526100010,,76,109.01,240.65,174.83
20240526101010,,26,87.87,224.14,156
20240526102010,,75,159.78,335.92,247.85
20240526103010,,25,339.88,423.83,381.86
20240526104010,,74,677.46,496.93,587.2
20240526105010,,23,996.38,787.02,891.7
20240526110010,,70,1022.35,725.09,873.72
20240526111010,,20,1343.1,964.66,1153.88
20240526112010,,69,1283.41,1004.12,1143.77
20240526113010,,19,1346.09,1005.5,1175.8
20240526114010,,68,1450.78,1084.56,1267.67
20240526115010,,17,1463.73,1153.81,1308.77
20240526120010,,64,1565.4,1247.73,1406.57
20240526121010,,14,1530.25,1178.42,1354.34
20240526122010,,63,1647,1232.76,1439.88
20240526123010,,13,1636.12,1259.76,1447.94
20240526124010,,62,1506.44,1267.7,1387.07
20240526125010,,11,1464.27,1108.49,1286.38
20240526130010,,59,1538.22,1139.77,1338.99
20240526131010,,8,1283.53,599.91,941.72
20240526132010,,57,1328.78,751.88,1040.33
20240526133010,,7,1414.06,734.5,1074.28
20240526134010,,56,1413.04,772.27,1092.65
20240526135010,,6,1388.07,682.03,1035.05
20240526140010,,53,1143.49,651.18,897.34
20240526141010,,2,947.54,738.32,842.93
20240526142010,,51,724.43,561.87,643.15
20240526143010,,1,748.06,604.64,676.35
20240526144010,,50,740.95,656,698.48
20240526145010,,0,156.36,308.52,232.44
20240526150010,,47,52.52,127.82,90.17
20240526151010,,96,36.61,17.22,26.91
20240526152010,,45,39.04,28.7,33.87
20240526153010,,95,20.68,17.3,18.99
20240526154010,,44,32.66,46.25,39.45
20240526155010,,94,38.47,0,19.24
20240526160010,,41,2.29,2.42,2.36
20240526161010,,90,5.64,0.49,3.06
20240526162010,,40,9.9,0.28,5.09
20240526163010,,89,5.38,1.96,3.67
20240526164010,,38,0,0,0
20240526165010,,88,0,0,0
20240617090010,,80,189.5,231.35,210.43
20240617091010,,29,215.53,229.23,222.38
20240617092010,,78,315.11,377.58,346.35
20240617093010,,28,269.69,217.05,243.37
20240617094010,,77,454.36,245.94,350.15
20240617095010,,27,509.79,455.54,482.66
20240617100010,,74,448.11,512.14,480.12
20240617101010,,23,756.38,707.48,731.93
20240617102010,,73,633.78,383.82,508.8
20240617103010,,22,651.34,400.98,526.16
20240617104010,,71,1073.62,1073.96,1073.79
20240617105010,,21,981.95,1117.88,1049.91
20240617110010,,68,1360.4,1245.5,1302.95
20240617111010,,17,1386.92,1168.89,1277.91
20240617112010,,67,1367.04,1244.72,1305.88
20240617113010,,16,1423.84,1184.21,1304.03
20240617114010,,65,1394.77,1265.41,1330.09
20240617115010,,15,1403.1,1223.21,1313.15
20240617120010,,62,1396.33,1167.9,1282.12
20240617121010,,11,1370.75,1216.29,1293.52
20240617122010,,61,1416.49,1272.85,1344.67
20240617123010,,10,1405.55,1210.94,1308.24
20240617124010,,59,1312.89,1164.64,1238.77
20240617125010,,9,1409.91,1358.38,1384.14
20240617130010,,56,1398.98,1423.03,1411.01
20240617131010,,5,1426.31,1324.82,1375.57
20240617132010,,55,1430.78,1212,1321.39
20240617133010,,4,1352.51,1193.79,1273.15
20240617134010,,54,1328.73,1134.43,1231.58
20240617135010,,3,1396.26,1305.24,1350.75
20240617140010,,50,1476.74,1356.07,1416.4
20240617141010,,99,1295.07,1260.94,1278.01
20240617142010,,49,1164.58,1110.07,1137.32
20240617143010,,98,1020.22,1148.23,1084.22
20240617144010,,48,866.83,869.02,867.92
20240617145010,,97,1047.3,827.94,937.62
20240617150010,,44,726.7,737.91,732.31
20240617151010,,93,438.48,453.4,445.94
20240617152010,,43,62.21,44.85,53.53
20240617153010,,92,31.44,41.51,36.48
20240617154010,,42,0,21.04,10.52
20240617155010,,91,0,21.86,10.93
20240617160010,,38,0,6.99,3.5
20240617161010,,87,24.01,0,12.01
20240617162010,,37,3.54,0,1.77
20240617163010,,86,0,0,0
20240617164010,,36,51.25,0,25.62
20240617165010,,85,48.95,18.91,33.93
20240630090010,,65,127.14,79.8,103.47
20240630091010,,14,55.72,55.81,55.76
20240630092010,,64,52.75,116.99,84.87
20240630093010,,13,181.6,537.18,359.39
20240630094010,,63,483.64,231.72,357.68
20240630095010,,12,436.2,471.32,453.76
20240630100010,,59,644.42,731.11,687.76
20240630101010,,8,523.29,201.89,362.59
20240630102010,,58,600.25,157.17,378.71
20240630103010,,7,633.71,546.17,589.94
20240630104010,,57,693.22,616.6,654.91
20240630105010,,6,826.83,1101.17,964
20240630110010,,53,1130.85,1182.42,1156.63
20240630111010,,2,1110.19,772.56,941.38
20240630112010,,52,1229.64,793.9,1011.77
20240630113010,,1,1191.22,968.2,1079.71
20240630114010,,51,1212.01,972.69,1092.35
20240630115010,,0,1319.12,1002.37,1160.74
20240630120010,,47,1192.81,963.75,1078.28
20240630121010,,97,1201.51,961.49,1081.5
20240630122010,,46,1335.59,1002.47,1169.03
20240630123010,,95,1283.1,993.43,1138.26
20240630124010,,45,1366.93,869.46,1118.2
20240630125010,,94,1330.54,891.96,1111.25
20240630130010,,41,1248.73,941.92,1095.33
20240630131010,,91,1237.11,970.96,1104.03
20240630132010,,40,1116.47,939.51,1027.99
20240630133010,,89,1289.03,870.42,1079.72
20240630134010,,39,952.86,569.88,761.37
20240630135010,,88,1295.27,979,1137.13
20240630140010,,35,1066.37,792.43,929.4
20240630141010,,85,956.85,841.82,899.34
20240630142010,,34,673.84,684.58,679.21
20240630143010,,84,645.33,519.8,582.57
20240630144010,,33,513.4,414,463.7
20240630145010,,82,576.9,449.25,513.08
20240630150010,,29,486.5,376.2,431.35
20240630151010,,79,89.08,68.99,79.03
20240630152010,,28,8.37,82.51,45.44
20240630153010,,78,26.66,76.85,51.75
20240630154010,,27,0,45.86,22.93
20240630155010,,76,0,10.02,5.01
20240630160010,,23,44.42,0,22.21
20240630161010,,73,65.61,12.24,38.92
20240630162010,,22,43.11,0,21.56
20240630163010,,72,44.74,0.08,22.41
20240630164010,,21,21.79,0,10.89
20240630165010,,70,19.44,0,9.72
20240714090010,,16,71.45,0,35.73
20240714091010,,66,19.25,17.3,18.27
20240714092010,,15,116.57,138.83,127.7
20240714093010,,65,443.01,181.83,312.42
20240714094010,,14,436.44,533.31,484.88
20240714095010,,63,626.66,612.72,619.69
20240714100010,,10,478.45,344.67,411.56
20240714101010,,60,380.02,242.86,311.44
20240714102010,,9,361.07,611.69,486.38
20240714103010,,59,657.94,638.4,648.17
20240714104010,,8,680.23,1289.54,984.88
20240714105010,,57,713.65,1292.69,1003.17
20240714110010,,5,1074.88,1200.35,1137.62
20240714111010,,54,1195.91,1227.44,1211.68
20240714112010,,3,1262.6,1233.5,1248.05
20240714113010,,53,1270.42,1172.27,1221.35
20240714114010,,2,1205.6,1257.13,1231.37
20240714115010,,52,955.55,1099.02,1027.28
20240714120010,,99,1081.88,1236.15,1159.02
20240714121010,,48,1170.14,1247.34,1208.74
20240714122010,,97,1454.17,1254.49,1354.33
20240714123010,,47,1530.14,1453.52,1491.83
20240714124010,,96,1586.59,1432.06,1509.32
20240714125010,,46,1685.91,1353.95,1519.93
20240714130010,,93,1523.3,1361.36,1442.33
20240714131010,,42,1437.74,1405.81,1421.78
20240714132010,,91,1536.16,1454.79,1495.47
20240714133010,,41,1603.01,1384.42,1493.72
20240714134010,,90,1376.5,1293.51,1335.01
20240714135010,,40,1303.82,1239.98,1271.9
20240714140010,,87,1378.32,1330.12,1354.22
20240714141010,,36,1335.01,1315.22,1325.12
20240714142010,,86,1029.17,940.3,984.74
20240714143010,,35,1101.52,1004.36,1052.94
20240714144010,,84,1043.21,1169.44,1106.33
20240714145010,,34,783.86,793.94,788.9
20240714150010,,81,760.21,836.39,798.3
20240714151010,,30,671.98,721.66,696.82
20240714152010,,80,352.51,568.82,460.66
20240714153010,,29,75.71,259.1,167.4
20240714154010,,78,72.83,83.96,78.39
20240714155010,,28,82.85,41.05,61.95
20240714160010,,75,52.06,28.7,40.38
20240714161010,,24,33.66,35.67,34.66
20240714162010,,74,39.11,25.7,32.41
20240714163010,,23,25.07,15.23,20.15
20240714164010,,72,16.03,6.68,11.36
20240714165010,,22,1.95,7.57,4.76
20240718090010,,43,31.85,8.44,20.14
20240718091010,,92,40.07,5.44,22.75
20240718092010,,41,78.22,33.82,56.02
20240718093010,,91,304.43,82.84,193.64
20240718094010,,40,280.95,86.67,183.81
20240718095010,,90,257.08,240.44,248.76
20240718100010,,37,479.17,192.06,335.62
20240718101010,,86,580.35,393.28,486.82
20240718102010,,36,500.96,429.44,465.2
20240718103010,,85,712.7,675.1,693.9
20240718104010,,34,948.25,1177.53,1062.89
20240718105010,,84,1239.96,1239.88,1239.92
20240718110010,,31,1447.88,1385.02,1416.45
20240718111010,,80,1542.37,1356.1,1449.23
20240718112010,,30,1566.52,1367.32,1466.92
20240718113010,,79,1612.91,1333.49,1473.2
20240718114010,,28,1118.97,1253.86,1186.41
20240718115010,,78,1196.45,1268.74,1232.6
20240718120010,,25,1176.78,1285.84,1231.31
20240718121010,,74,1250.51,1197.72,1224.12
20240718122010,,24,1263.22,1237.26,1250.24
20240718123010,,73,1358.7,1239.88,1299.29
20240718124010,,22,1550.44,1391.58,1471.01
20240718125010,,72,1590.54,1455.07,1522.8
20240718130010,,19,1555.11,1498.92,1527.01
20240718131010,,68,1434.1,1350.36,1392.23
20240718132010,,18,1320.09,1257.71,1288.9
20240718133010,,67,1449.91,1349.08,1399.49
20240718134010,,17,1446.3,1398.48,1422.39
20240718135010,,66,1392.84,1386.53,1389.68
20240718140010,,13,1404.57,1196.91,1300.74
20240718141010,,62,1363.21,1337.95,1350.58
20240718142010,,12,1223.33,1206.52,1214.92
20240718143010,,61,1402.99,1308.24,1355.62
20240718144010,,11,1563.75,1497.42,1530.59
20240718145010,,60,1179.97,961.2,1070.59
20240718150010,,7,1015.49,846.21,930.85
20240718151010,,56,642.04,324.74,483.39
20240718152010,,6,185.65,87.71,136.68
20240718153010,,55,94.78,30.11,62.44
20240718154010,,5,81.61,44.76,63.19
20240718155010,,54,12.19,19.36,15.77
20240718160010,,1,154.71,320.91,237.81
20240718161010,,51,48.85,25.2,37.02
20240718162010,,0,53.43,40.3,46.86
20240718163010,,49,38.5,31.12,34.81
20240718164010,,99,66.1,27.73,46.92
20240718165010,,48,38.62,12.68,25.65
20240720090010,,56,52.16,0,26.08
20240720091010,,5,67.65,40.19,53.92
20240720092010,,55,13.43,37.05,25.24
20240720093010,,4,331.68,67.17,199.43
20240720094010,,53,318.95,513.98,416.47
20240720095010,,3,456.71,538.57,497.64
20240720100010,,50,385.39,94.73,240.06
20240720101010,,99,500.44,693.77,597.1
20240720102010,,49,498.77,719.67,609.22
20240720103010,,98,623.57,723.1,673.34
20240720104010,,47,852.12,802.41,827.26
20240720105010,,97,1105.23,833.22,969.22
20240720110010,,44,1075.07,982.3,1028.68
20240720111010,,93,1246.56,1072.35,1159.45
20240720112010,,43,1536.59,1325.56,1431.07
20240720113010,,92,1478.71,1369.97,1424.34
20240720114010,,42,1371.44,1489.83,1430.63
20240720115010,,91,1486.99,1336.45,1411.72
20240720120010,,38,1462.57,1451.13,1456.85
20240720121010,,87,1467.59,1416.09,1441.84
20240720122010,,37,1431.95,1522.81,1477.38
20240720123010,,86,1469.39,1513.94,1491.66
20240720124010,,36,1411.01,1474.55,1442.78
20240720125010,,85,1374.55,1416.38,1395.47
20240720130010,,32,1412.35,1466.99,1439.67
20240720131010,,81,1465.81,1444.8,1455.3
20240720132010,,31,1201.21,1050.57,1125.89
20240720133010,,80,1215.83,1218.16,1216.99
20240720134010,,30,1238.36,1191.02,1214.69
20240720135010,,79,1270.3,1267.39,1268.85
20240720140010,,26,1102.49,984.2,1043.35
20240720141010,,76,1177.82,1106.62,1142.22
20240720142010,,25,715.36,855.2,785.28
20240720143010,,74,607.59,738.98,673.29
20240720144010,,24,617.98,684.88,651.43
20240720145010,,73,446.81,475.51,461.16
20240720150010,,20,380.02,444.76,412.39
20240720151010,,70,342.89,274.97,308.93
20240720152010,,19,246.19,170.12,208.16
20240720153010,,68,61.18,62.75,61.97
20240720154010,,18,45.07,0,22.54
20240720155010,,67,101.99,21.78,61.88
20240720160010,,14,99.59,10.74,55.16
20240720161010,,64,113.44,46.2,79.82
20240720162010,,13,45.63,10.99,28.31
20240720163010,,62,114.44,17.19,65.82
20240720164010,,12,99.86,16.34,58.1
20240720165010,,61,66.42,41.2,53.81
20240322090011,,43,71.18,10.43,40.81
20240322091011,,93,73.61,55.45,64.53
20240322092011,,42,42.44,88.3,65.37
20240322093011,,91,324.68,170.7,247.69
20240322094011,,41,536.68,485.65,511.16
20240322095011,,90,652.8,626.83,639.82
20240322100011,,37,863.26,326.83,595.04
20240322101011,,87,664.02,208.62,436.32
20240322102011,,36,722.06,553.22,637.64
20240322103011,,85,920.56,800.75,860.66
20240322104011,,35,940.36,1114.42,1027.39
20240322105011,,84,995.16,1200.37,1097.76
20240322110011,,31,1227.57,997.88,1112.72
20240322111011,,81,1247.95,1056.2,1152.08
20240322112011,,30,1160.06,1109.02,1134.54
20240322113011,,79,1229.5,1201.19,1215.35
20240322114011,,29,1235.04,1242.88,1238.96
20240322115011,,78,1300.62,1406.59,1353.61
20240322120011,,25,1411.06,1269.69,1340.38
20240322121011,,75,1370.45,1349.72,1360.09
20240322122011,,24,1338.18,1231.63,1284.91
20240322123011,,74,1328.72,1243.11,1285.91
20240322124011,,23,1265.44,1260.09,1262.76
20240322125011,,72,1308.36,1199.93,1254.14
20240322130011,,19,1283.98,1254.43,1269.2
20240322131011,,69,1304.02,1133.59,1218.8
20240322132011,,18,1294.34,1102.97,1198.65
20240322133011,,68,1323.04,1086.71,1204.88
20240322134011,,17,1302.69,1174.65,1238.67
20240322135011,,66,1302.42,1219.87,1261.14
20240322140011,,13,1171.7,1238.26,1204.98
20240322141011,,63,1233.44,1212.74,1223.09
20240322142011,,12,1262.25,1106.37,1184.31
20240322143011,,62,1211.73,1174.38,1193.06
20240322144011,,11,1221.94,1105.05,1163.49
20240322145011,,60,1275.83,1123.01,1199.42
20240322150011,,8,991.31,806.07,898.69
20240322151011,,57,853.58,936.82,895.2
20240322152011,,6,243.18,580.32,411.75
20240322153011,,56,39.41,191.85,115.63
20240322154011,,5,160.13,243.09,201.61
20240322155011,,55,104.81,74.06,89.44
20240322160011,,2,35.33,17.36,26.34
20240322161011,,51,25.09,8.52,16.8
20240322162011,,0,41.99,4.14,23.07
20240322163011,,50,77.91,0,38.95
20240322164011,,99,132.39,20.55,76.47
20240322165011,,49,110.96,34.19,72.57
20240327090011,,76,49.4,3.43,26.41
20240327091011,,25,30.1,0,15.05
20240327092011,,75,20.76,0,10.38
20240327093011,,24,0,37.24,18.62
20240327094011,,74,0,484.72,242.36
20240327095011,,23,189.65,0,94.83
20240327100011,,70,64.07,70.68,67.38
20240327101011,,19,460.98,393.39,427.18
20240327102011,,69,359.56,162.98,261.27
20240327103011,,18,552.62,160.81,356.72
20240327104011,,68,873.19,1256.61,1064.9
20240327105011,,17,1021.75,1150.83,1086.29
20240327110011,,64,1372.96,1216.69,1294.83
20240327111011,,13,1317.27,1271.71,1294.49
20240327112011,,63,1205.21,1164.9,1185.06
20240327113011,,12,1393.6,1131.26,1262.43
20240327114011,,62,1360.43,1123.03,1241.73
20240327115011,,11,1186.08,1029.76,1107.92
20240327120011,,58,1080.42,1028.91,1054.66
20240327121011,,8,972.01,958.65,965.33
20240327122011,,57,1367.53,1082.85,1225.19
20240327123011,,6,1141.07,1079.95,1110.51
20240327124011,,56,724.55,932.24,828.4
20240327125011,,5,984.15,968.61,976.38
20240327130011,,52,874.36,905.37,889.86
20240327131011,,2,713.07,841.3,777.18
20240327132011,,51,601.78,937.25,769.52
20240327133011,,0,622.61,881.06,751.84
20240327134011,,50,559.59,762.49,661.04
20240327135011,,99,843.33,799.68,821.5
20240327140011,,46,843.28,925.26,884.27
20240327141011,,96,695.89,713.24,704.57
20240327142011,,45,664.17,709.49,686.83
20240327143011,,94,352.57,268.56,310.56
20240327144011,,44,469.71,301.2,385.46
20240327145011,,93,439.7,336.15,387.92
20240327150011,,40,374.76,316.57,345.66
20240327151011,,90,172.21,212.92,192.56
20240327152011,,39,80.46,47.26,63.86
20240327153011,,89,71.25,18.71,44.98
20240327154011,,38,64.75,10.01,37.38
20240327155011,,87,43.69,3.66,23.67
20240327160011,,34,56.68,0,28.34
20240327161011,,84,29.52,0,14.76
20240327162011,,33,4.38,0,2.19
20240327163011,,83,20.68,0,10.34
20240327164011,,32,15.44,6.5,10.97
20240327165011,,81,18.58,0.76,9.67
20240413090011,,40,27.54,11.57,19.56
20240413091011,,90,9.32,14.34,11.83
20240413092011,,39,5.57,11.32,8.45
20240413093011,,89,0,5.23,2.62
20240413094011,,38,9.72,6.26,7.99
20240413095011,,88,173.2,637.78,405.49
20240413100011,,35,598.65,216.61,407.63
20240413101011,,84,575.54,232.28,403.91
20240413102011,,33,409.1,395.21,402.15
20240413103011,,83,240.77,247.44,244.11
20240413104011,,32,479.9,520.07,499.98
20240413105011,,82,1174.82,1091.18,1133
20240413110011,,29,1202.48,1106.8,1154.64
20240413111011,,78,1388.53,1237.35,1312.94
20240413112011,,27,1505.75,1281.9,1393.83
20240413113011,,77,1395.99,1231.34,1313.66
20240413114011,,26,1329.45,1306.82,1318.13
20240413115011,,76,1360.82,1278.78,1319.8
20240413120011,,23,1494.59,1414.04,1454.32
20240413121011,,72,1618.3,1437.08,1527.69
20240413122011,,22,1488.73,1345.15,1416.94
20240413123011,,71,1492.93,1269.89,1381.41
20240413124011,,20,1385.84,1219.42,1302.63
20240413125011,,70,1524.1,1493.41,1508.76
20240413130011,,17,1308.85,1259.64,1284.24
20240413131011,,66,1487.23,1371.59,1429.41
20240413132011,,16,1477.61,1317.94,1397.78
20240413133011,,65,1484.02,1324.41,1404.22
20240413134011,,14,1489.05,1337.62,1413.34
20240413135011,,64,1288.12,1319.58,1303.85
20240413140011,,11,1276.56,1242.2,1259.38
20240413141011,,60,1340.76,1219.72,1280.24
20240413142011,,10,906.39,862.6,884.5
20240413143011,,59,635.93,615.14,625.54
20240413144011,,8,490.82,576.07,533.44
20240413145011,,58,270.19,137,203.6
20240413150011,,5,238.2,344.13,291.16
20240413151011,,54,0,73.41,36.7
20240413152011,,4,0,34.23,17.11
20240413153011,,53,0,6.55,3.28
20240413154011,,3,0,0,0
20240413155011,,52,21.99,0,10.99
20240413160011,,99,0,0,0
20240413161011,,48,14.14,7.04,10.59
20240413162011,,98,0.34,11.31,5.82
20240413163011,,47,0,10.4,5.2
20240413164011,,97,0,32.7,16.35
20240413165011,,46,0,9.11,4.56
20240426090011,,26,83.1,49.78,66.44
20240426091011,,75,55,41.82,48.41
20240426092011,,25,38.45,38.4,38.42
20240426093011,,74,68.39,50.66,59.52
20240426094011,,23,86.43,60.88,73.66
20240426095011,,73,94.04,85.69,89.87
20240426100011,,20,154,84.83,119.41
20240426101011,,69,105.62,65.91,85.76
20240426102011,,19,135.19,77.69,106.44
20240426103011,,68,210.01,197.53,203.77
20240426104011,,18,271.03,254.58,262.8
20240426105011,,67,242.88,162.67,202.77
20240426110011,,14,265.29,207.6,236.44
20240426111011,,63,315.14,174.96,245.05
20240426112011,,13,403.46,245.84,324.65
20240426113011,,62,505.08,291.46,398.27
20240426114011,,12,471.88,353,412.44
20240426115011,,61,611.49,510.37,560.93
20240426120011,,8,796.58,779.08,787.83
20240426121011,,57,621.35,348.31,484.83
20240426122011,,7,485.13,453.94,469.53
20240426123011,,56,266.51,366.81,316.66
20240426124011,,6,343.71,333.26,338.48
20240426125011,,55,479.14,389.03,434.08
20240426130011,,2,276.38,184.83,230.61
20240426131011,,52,198.51,307.41,252.96
20240426132011,,1,58.9,215.67,137.28
20240426133011,,50,164.7,129.12,146.91
20240426134011,,0,103.64,171.14,137.39
20240426135011,,49,191.93,160.61,176.27
20240426140011,,96,99.55,118.22,108.88
20240426141011,,46,181.41,122.04,151.72
20240426142011,,95,11.96,51.21,31.59
20240426143011,,44,60.58,63.57,62.08
20240426144011,,94,24.1,22.81,23.45
20240426145011,,43,9.8,41.95,25.88
20240426150011,,90,18.55,39.41,28.98
20240426151011,,40,0,39.23,19.61
20240426152011,,89,17.94,10.35,14.14
20240426153011,,38,16.07,11.3,13.69
20240426154011,,88,0,5.89,2.94
20240426155011,,37,0,6.7,3.35
20240426160011,,84,0,12.5,6.25
20240426161011,,34,0,2.01,1
20240426162011,,83,0,0,0
20240426163011,,33,3.66,0,1.83
20240426164011,,82,0,0.94,0.47
20240426165011,,31,0,1.02,0.51
20240606090011,,7,7.32,28.76,18.04
20240606091011,,57,30.65,3.31,16.98
20240606092011,,6,29.92,25.83,27.88
20240606093011,,56,88.08,38.65,63.36
20240606094011,,5,172.3,193.42,182.86
20240606095011,,54,168.44,383.82,276.13
20240606100011,,2,369.72,488.5,429.11
20240606101011,,51,342.9,496.55,419.72
20240606102011,,0,503.44,610.26,556.85
20240606103011,,50,516.07,497.21,506.64
20240606104011,,99,750.8,637.52,694.16
20240606105011,,49,1076.87,941.86,1009.36
20240606110011,,96,1310.45,1068.13,1189.29
20240606111011,,45,1271.29,990.34,1130.82
20240606112011,,94,1157.11,1017.79,1087.45
20240606113011,,44,1073.05,937.13,1005.09
20240606114011,,93,934.71,941.19,937.95
20240606115011,,43,810.42,893.65,852.04
20240606120011,,90,894.12,963.08,928.6
20240606121011,,39,853.71,862.44,858.08
20240606122011,,88,850.2,826.25,838.22
20240606123011,,38,949.66,1017.46,983.56
20240606124011,,87,989.31,1041.59,1015.45
20240606125011,,37,872.64,968.7,920.67
20240606130011,,84,838.16,789.48,813.82
20240606131011,,33,390.75,232.91,311.83
20240606132011,,83,555.38,354.49,454.94
20240606133011,,32,791.62,670.96,731.29
20240606134011,,81,270.9,221.21,246.06
20240606135011,,31,324.16,96.09,210.12
20240606140011,,78,217.98,87.03,152.5
20240606141011,,27,207.33,82.68,145
20240606142011,,77,140.45,45.99,93.22
20240606143011,,26,125.42,81.57,103.5
20240606144011,,75,254.86,410.87,332.86
20240606145011,,25,107.71,50.24,78.97
20240606150011,,72,81.67,51.44,66.56
20240606151011,,21,67.55,25.1,46.33
20240606152011,,71,50.87,22.61,36.74
20240606153011,,20,45.93,11.73,28.83
20240606154011,,69,58.63,0,29.32
20240606155011,,19,40.45,4.71,22.58
20240606160011,,66,54.06,0,27.03
20240606161011,,15,41.37,0,20.68
20240606162011,,65,48.98,0,24.49
20240606163011,,14,47.78,3.43,25.6
20240606164011,,64,37.82,0,18.91
20240606165011,,13,0,0,0
20240712090011,,3,18.95,25.62,22.28
20240712091011,,53,1.25,13.79,7.52
20240712092011,,2,6.45,24.67,15.56
20240712093011,,52,23.64,29.68,26.66
20240712094011,,1,17.1,12.08,14.59
20240712095011,,50,7.5,9.38,8.44
20240712100011,,97,8.49,11.62,10.05
20240712101011,,47,12.22,3.33,7.78
20240712102011,,96,22.86,12.43,17.64
20240712103011,,46,32.57,6.24,19.41
20240712104011,,95,24.18,4.35,14.27
20240712105011,,44,28.33,0,14.16
20240712110011,,91,7.07,0,3.54
20240712111011,,41,20.74,6.26,13.5
20240712112011,,90,0,0,0
20240712113011,,40,2.36,0,1.18
20240712114011,,89,5.3,2.12,3.71
20240712115011,,38,2.96,0,1.48
20240712120011,,86,6.47,17.26,11.87
20240712121011,,35,4.61,0,2.31
20240712122011,,84,9.74,1.53,5.64
20240712123011,,34,0,1.37,0.69
20240712124011,,83,3.29,1.22,2.26
20240712125011,,33,0.79,0,0.4
20240712130011,,80,0,7.93,3.96
20240712131011,,29,3.11,0,1.55
20240712132011,,78,6.93,0,3.46
20240712133011,,28,8.89,2.23,5.56
20240712134011,,77,0.91,2.21,1.56
20240712135011,,27,0,0,0
20240712140011,,74,0,18.54,9.27
20240712141011,,23,3.87,18.48,11.18
20240712142011,,72,0,13.53,6.76
20240712143011,,22,2.13,49.04,25.59
20240712144011,,71,0,10.16,5.08
20240712145011,,21,1.37,11.36,6.36
20240712150011,,68,0,11.81,5.9
20240712151011,,17,0,15.51,7.76
20240712152011,,67,0,9.34,4.67
20240712153011,,16,0,8.45,4.22
20240712154011,,65,0,7.78,3.89
20240712155011,,15,0,0,0
20240712160011,,62,0,0,0
20240712161011,,11,0,0,0
20240712162011,,61,0,0,0
20240712163011,,10,0,0,0
20240712164011,,59,0,0,0
20240712165011,,9,0,0,0
20240315090012,,97,27.18,47.7,37.44
20240315091012,,47,25.86,48.78,37.32
20240315092012,,96,18.03,45.12,31.58
20240315093012,,45,15.88,59.12,37.5
20240315094012,,95,28.67,79.39,54.03
20240315095012,,44,76.27,72.84,74.56
20240315100012,,91,339.76,314.1,326.93
20240315101012,,41,751.69,650.83,701.26
20240315102012,,90,1015.89,784.31,900.1
20240315103012,,,844.23,931.07,887.65
20240315104012,,89,778.34,876.22,827.28
20240315105012,,38,896.68,1032.83,964.75
20240315110012,,85,1087.9,1081.68,1084.79
20240315111012,,35,1063.25,1033.62,1048.43
20240315112012,,84,1041,1022.2,1031.6
20240315113012,,34,1038.99,1030.44,1034.72
20240315114012,,83,991.92,1058.59,1025.25
20240315115012,,32,1298.62,1083.58,1191.1
20240315120012,,79,1316.15,1169.1,1242.62
20240315121012,,29,899.33,955.56,927.44
20240315122012,,78,993.76,959.98,976.87
20240315123012,,28,847.86,904.76,876.31
20240315124012,,77,949.82,830.76,890.29
20240315125012,,26,561,378.68,469.84
20240315130012,,73,766.75,325.02,545.88
20240315131012,,23,774.77,711.89,743.33
20240315132012,,72,236.17,146.48,191.32
20240315133012,,22,94.65,47.85,71.25
20240315134012,,71,536.15,523.14,529.64
20240315135012,,21,475.28,369.4,422.34
20240315140012,,68,171.19,95.58,133.38
20240315141012,,17,97.47,63.37,80.42
20240315142012,,66,34.5,50.82,42.66
20240315143012,,16,25.16,40.78,32.97
20240315144012,,65,6.98,38.65,22.81
20240315145012,,15,0,38.78,19.39
20240315150012,,62,2.12,29.33,15.72
20240315151012,,11,10.59,35.34,22.97
20240315152012,,60,0,25.88,12.94
20240315153012,,10,19.57,23.94,21.76
20240315154012,,59,14.1,14.41,14.25
20240315155012,,9,14.27,17.92,16.09
20240315160012,,56,0.24,11.31,5.78
20240315161012,,5,9.61,1.98,5.8
20240315162012,,54,11.41,3.58,7.5
20240315163012,,4,8.52,3.07,5.8
20240315164012,,53,2.95,1.75,2.35
20240315165012,,3,0,0,0
20240317090012,,10,17.13,21.89,19.51
20240317091012,,60,9.38,22.72,16.05
20240317092012,,9,1.93,22.46,12.2
20240317093012,,59,5.84,27.25,16.55
20240317094012,,8,59.84,41.97,50.91
20240317095012,,57,118.95,73.43,96.19
20240317100012,,4,100.58,124.83,112.7
20240317101012,,54,836.56,625.38,730.97
20240317102012,,3,1073.01,912.05,992.53
20240317103012,,53,961.02,1181.61,1071.32
20240317104012,,2,1176.6,1131.14,1153.87
20240317105012,,51,1262.36,1072.51,1167.43
20240317110012,,98,1267.4,1341.63,1304.52
20240317111012,,48,1078.54,949.13,1013.84
20240317112012,,97,1117.32,659.06,888.19
20240317113012,,47,1589.46,1348.93,1469.2
20240317114012,,96,1563.66,1353.69,1458.68
20240317115012,,46,1538.67,1420.45,1479.56
20240317120012,,93,1591.31,1389.23,1490.27
20240317121012,,42,1660.89,1417.64,1539.27
20240317122012,,91,1283.43,1151.7,1217.57
20240317123012,,41,1144.03,1001.37,1072.7
20240317124012,,90,1126.91,733.39,930.15
20240317125012,,40,1618.07,1340.91,1479.49
20240317130012,,87,1647.65,1338.91,1493.28
20240317131012,,36,1577.21,1335.01,1456.11
20240317132012,,85,1288.77,1184.5,1236.63
20240317133012,,35,1194.07,1203.23,1198.65
20240317134012,,84,1145.91,1159.88,1152.89
20240317135012,,34,942.2,694.93,818.57
20240317140012,,81,1032.99,780.42,906.7
20240317141012,,30,807.28,417.16,612.22
20240317142012,,79,187.52,263.51,225.51
20240317143012,,29,79.68,39.58,59.63
20240317144012,,78,43.32,35.16,39.24
20240317145012,,28,53.41,26.63,40.02
20240317150012,,75,53.69,27.8,40.74
20240317151012,,24,17.26,21.83,19.55
20240317152012,,74,30.32,16.83,23.58
20240317153012,,23,0,7.69,3.85
20240317154012,,72,0.8,4.86,2.83
20240317155012,,22,5.96,0.39,3.17
20240317160012,,69,7.78,0,3.89
20240317161012,,18,5.04,0.63,2.84
20240317162012,,68,3.93,0,1.97
20240317163012,,17,5.31,0,2.65
20240317164012,,66,0,0,0
20240317165012,,16,2.53,0.55,1.54
20240412090012,,34,26.34,30.62,28.48
20240412091012,,83,13.19,45.99,29.59
20240412092012,,33,32.6,53.98,43.29
20240412093012,,82,261.72,505.73,383.72
20240412094012,,32,76.06,73,74.53
20240412095012,,81,194.69,516.15,355.42
20240412100012,,28,163.63,516.33,339.98
20240412101012,,77,274.4,671.9,473.15
20240412102012,,27,393.71,729.64,561.68
20240412103012,,76,423.68,736.94,580.31
20240412104012,,26,669.54,845.28,757.41
20240412105012,,75,754.68,901.78,828.23
20240412110012,,22,703.43,999.28,851.36
20240412111012,,72,627.68,929.92,778.8
20240412112012,,21,505.12,762.99,634.06
20240412113012,,70,620.7,819.71,720.2
20240412114012,,20,648.35,674.53,661.44
20240412115012,,69,982.76,864.72,923.74
20240412120012,,16,804.34,846.07,825.2
20240412121012,,66,558.09,557.08,557.58
20240412122012,,15,568.84,464.12,516.48
20240412123012,,64,102.74,199.54,151.14
20240412124012,,14,110.65,196.54,153.6
20240412125012,,63,74.52,113.74,94.13
20240412130012,,10,125.44,83.14,104.29
20240412131012,,60,138.24,65.64,101.94
20240412132012,,9,49.85,74.78,62.31
20240412133012,,58,93.76,46.63,70.2
20240412134012,,8,10.18,53.28,31.73
20240412135012,,57,0,48.4,24.2
20240412140012,,4,16.07,52.33,34.2
20240412141012,,54,14.21,21.18,17.7
20240412142012,,3,1.16,14.84,8
20240412143012,,53,22.46,1.51,11.99
20240412144012,,2,16.48,7.03,11.76
20240412145012,,51,0,7.53,3.77
20240412150012,,98,13.44,14.39,13.91
20240412151012,,48,8.92,6.49,7.7
20240412152012,,97,0,5.73,2.87
20240412153012,,47,0.44,5.43,2.94
20240412154012,,96,31.74,8.89,20.31
20240412155012,,45,0,1.95,0.98
20240412160012,,92,0.71,6.7,3.7
20240412161012,,42,0,5.34,2.67
20240412162012,,91,0,1.95,0.98
20240412163012,,41,0,2.22,1.11
20240412164012,,90,1.38,0.43,0.9
20240412165012,,39,0,0.58,0.29
20240426090012,,26,28.49,0,14.24
20240426091012,,75,49.84,4.06,26.95
20240426092012,,25,44.13,8.31,26.22
20240426093012,,74,69.31,8.45,38.88
20240426094012,,24,61.81,6.61,34.21
20240426095012,,73,47.24,15.12,31.18
20240426100012,,20,64.71,24.42,44.56
20240426101012,,69,81.12,37.85,59.48
20240426102012,,19,67.35,34.93,51.14
20240426103012,,68,45.26,49.31,47.28
20240426104012,,18,73.73,86.4,80.06
20240426105012,,67,93.44,191.14,142.29
20240426110012,,14,0,128.45,64.22
20240426111012,,63,0,137.68,68.84
20240426112012,,13,40.38,159.37,99.88
20240426113012,,62,17.91,154.31,86.11
20240426114012,,12,0,48.95,24.48
20240426115012,,61,0,42.54,21.27
20240426120012,,8,0,71.67,35.84
20240426121012,,57,0,67.98,33.99
20240426122012,,7,0,48.66,24.33
20240426123012,,56,0,49.08,24.54
20240426124012,,6,0,27.65,13.82
20240426125012,,55,0,26,13
20240426130012,,2,0,5.17,2.58
20240426131012,,52,0,5.15,2.58
20240426132012,,1,0,10.65,5.32
20240426133012,,50,15.61,16.39,16
20240426134012,,0,0,0.82,0.41
20240426135012,,49,4.7,0,2.35
20240426140012,,96,1.02,0,0.51
20240426141012,,46,7.94,0,3.97
20240426142012,,95,0,0,0
20240426143012,,44,0,0,0
20240426144012,,94,0,0,0
20240426145012,,43,0,0,0
20240426150012,,90,0,0,0
20240426151012,,40,0,0,0
20240426152012,,89,0,0,0
20240426153012,,38,0,0,0
20240426154012,,88,0,0,0
20240426155012,,37,0,0,0
20240426160012,,84,0,0,0
20240426161012,,34,0,18.73,9.37
20240426162012,,83,0,29.14,14.57
20240426163012,,33,0,29.19,14.6
20240426164012,,82,0,35.28,17.64
20240426165012,,31,9.79,40.09,24.94
20240521090012,,50,0.09,9.8,4.94
20240521091012,,99,3.75,3.74,3.74
20240521092012,,48,4.57,0.27,2.42
20240521093012,,98,1.83,6.13,3.98
20240521094012,,47,3.73,5.48,4.61
20240521095012,,97,4.06,1.44,2.75
20240521100012,,44,5.52,1.59,3.55
20240521101012,,93,6.5,0,3.25
20240521102012,,42,2.05,0.65,1.35
20240521103012,,92,3.79,0,1.9
20240521104012,,41,11.16,4.26,7.71
20240521105012,,91,13.94,8.17,11.05
20240521110012,,38,21.09,5.17,13.13
20240521111012,,87,20.06,9.8,14.93
20240521112012,,36,14.38,0.4,7.39
20240521113012,,86,13.44,0,6.72
20240521114012,,35,9.54,0,4.77
20240521115012,,85,19.06,0,9.53
20240521120012,,32,4.57,0,2.29
20240521121012,,81,9.04,0,4.52
20240521122012,,31,2.23,0,1.11
20240521123012,,80,3.4,0,1.7
20240521124012,,29,5.39,0,2.69
20240521125012,,79,6.11,0,3.06
20240521130012,,26,10.99,0,5.5
20240521131012,,75,9.67,6.2,7.94
20240521132012,,25,9.23,12.61,10.92
20240521133012,,74,20.56,17.55,19.06
20240521134012,,23,14.7,8.33,11.52
20240521135012,,73,17.07,16.5,16.78
20240521140012,,20,39.21,53.75,46.48
20240521141012,,69,20.98,36.63,28.8
20240521142012,,19,49.85,46.61,48.23
20240521143012,,68,48.31,29.03,38.67
20240521144012,,17,293.5,561.33,427.42
20240521145012,,67,136.53,521.31,328.92
20240521150012,,14,32.93,33.85,33.39
20240521151012,,63,5.52,28.36,16.94
20240521152012,,13,9.01,8.38,8.7
20240521153012,,62,18.5,5.71,12.11
20240521154012,,12,13.99,0,7
20240521155012,,61,5.22,21.22,13.22
20240521160012,,8,0,10.88,5.44
20240521161012,,57,0,0,0
20240521162012,,7,0,0,0
20240521163012,,56,0,0,0
20240521164012,,6,0,0,0
20240521165012,,55,0,0,0
20240619090012,,93,26.5,35.08,30.79
20240619091012,,42,35.82,37.32,36.57
20240619092012,,92,37.35,34.27,35.81
20240619093012,,41,30.79,59.41,45.1
20240619094012,,90,57.25,55.95,56.6
20240619095012,,40,90.9,69.06,79.98
20240619100012,,87,99.35,66,82.67
20240619101012,,36,298.06,78.07,188.06
20240619102012,,86,551.29,319.53,435.41
20240619103012,,35,665.47,364.31,514.89
20240619104012,,85,923.03,714.29,818.66
20240619105012,,34,939.29,884.89,912.09
20240619110012,,81,1200.42,1368.03,1284.22
20240619111012,,30,1170.14,1463.04,1316.59
20240619112012,,80,1261.29,1397.55,1329.42
20240619113012,,29,1193.23,1294.75,1243.99
20240619114012,,79,1228.85,1385.17,1307.01
20240619115012,,28,997.01,1274.71,1135.86
20240619120012,,75,1004.51,1285.13,1144.82
20240619121012,,24,1015.17,810.27,912.72
20240619122012,,74,630.48,311.26,470.87
20240619123012,,23,532.28,384.05,458.16
20240619124012,,73,520.62,376.4,448.51
20240619125012,,22,526.93,429.7,478.31
20240619130012,,69,569.03,454.42,511.72
20240619131012,,19,468.62,440.55,454.59
20240619132012,,68,526.22,704.71,615.46
20240619133012,,17,469.59,502.5,486.04
20240619134012,,67,338.53,174.63,256.58
20240619135012,,16,302.71,151.57,227.14
20240619140012,,63,196.8,137.57,167.18
20240619141012,,13,118.01,61.19,89.6
20240619142012,,62,66.08,39.57,52.83
20240619143012,,11,56.7,26.94,41.82
20240619144012,,61,34.76,34.63,34.7
20240619145012,,10,56.09,44.84,50.47
20240619150012,,57,54.25,46.51,50.38
20240619151012,,7,36.77,27.99,32.38
20240619152012,,56,54.01,24.82,39.42
20240619153012,,5,18.43,16.74,17.59
20240619154012,,55,25.58,14.18,19.88
20240619155012,,4,37.83,15.65,26.74
20240619160012,,51,49.52,18.77,34.15
20240619161012,,1,30.89,17.92,24.41
20240619162012,,50,36.79,22.67,29.73
20240619163012,,0,30.29,20.14,25.22
20240619164012,,49,8.59,7.1,7.84
20240619165012,,98,2.32,6.71,4.52
20240621090012,,6,215.72,61.77,138.74
20240621091012,,55,195.36,57.16,126.26
20240621092012,,5,228.15,97.93,163.04
20240621093012,,54,564.48,355.48,459.98
20240621094012,,4,715.22,449.15,582.18
20240621095012,,53,783.67,616.34,700
20240621100012,,0,733.23,630.69,681.96
20240621101012,,49,736.79,716.21,726.5
20240621102012,,99,916.49,1060.2,988.34
20240621103012,,48,1020.53,878.99,949.76
20240621104012,,98,1164.21,999.38,1081.8
20240621105012,,47,1298.73,1252.79,1275.76
20240621110012,,94,1664.96,1499.97,1582.47
20240621111012,,44,1640.35,1513.16,1576.76
20240621112012,,93,1511.21,1415.89,1463.55
20240621113012,,42,1245.76,1270.72,1258.24
20240621114012,,92,1438.36,1183.3,1310.83
20240621115012,,41,1413.45,1109.21,1261.33
20240621120012,,88,970.71,1049.37,1010.04
20240621121012,,38,876.67,894.21,885.44
20240621122012,,87,803.55,874.11,838.83
20240621123012,,36,993.44,962.98,978.21
20240621124012,,86,879.51,949.88,914.69
20240621125012,,35,821.12,842.83,831.98
20240621130012,,82,879.61,1043.87,961.74
20240621131012,,32,974.29,787.82,881.06
20240621132012,,81,847.16,731.05,789.1
20240621133012,,30,801.96,683.36,742.66
20240621134012,,80,773.59,643.5,708.55
20240621135012,,29,847.31,611.86,729.58
20240621140012,,76,444.36,540.81,492.58
20240621141012,,26,793.52,561.33,677.42
20240621142012,,75,821.53,562.6,692.07
20240621143012,,25,695.46,423.65,559.56
20240621144012,,74,539.25,465.96,502.6
20240621145012,,23,100.22,90.21,95.22
20240621150012,,70,37.83,46.94,42.38
20240621151012,,20,17.84,36.89,27.37
20240621152012,,69,14.01,29.26,21.64
20240621153012,,19,0,26.74,13.37
20240621154012,,68,0,21.69,10.85
20240621155012,,17,0,1.64,0.82
20240621160012,,64,5.86,9.85,7.86
20240621161012,,14,0,18.22,9.11
20240621162012,,63,0,6.03,3.02
20240621163012,,13,9.92,2.51,6.22
20240621164012,,62,13.38,0,6.69
20240621165012,,11,2.98,0,1.49
20240705090012,,57,18.09,44.74,31.41
20240705091012,,7,32.41,55.09,43.75
20240705092012,,56,26.58,59.53,43.06
20240705093012,,6,35.83,100.7,68.26
20240705094012,,55,72.75,97.24,85
20240705095012,,4,133.72,96.29,115
20240705100012,,51,94.48,97.79,96.14
20240705101012,,1,79.92,101.04,90.48
20240705102012,,50,71.53,49.41,60.47
20240705103012,,0,48.91,37.82,43.36
20240705104012,,49,30.63,28.64,29.63
20240705105012,,99,31.06,46.39,38.73
20240705110012,,46,0,30.72,15.36
20240705111012,,95,78.62,64.57,71.6
20240705112012,,44,40.21,73.21,56.71
20240705113012,,94,50.13,64.94,57.53
20240705114012,,43,49.74,64.03,56.89
20240705115012,,93,45.88,64.08,54.98
20240705120012,,40,46.18,67.87,57.03
20240705121012,,89,47.37,64.8,56.08
20240705122012,,38,31.24,56.23,43.74
20240705123012,,88,30.77,49.27,40.02
20240705124012,,37,27.97,49.14,38.56
20240705125012,,87,30.88,47.78,39.33
20240705130012,,34,28.22,37.9,33.06
20240705131012,,83,14.11,26.52,20.31
20240705132012,,32,8.82,21.1,14.96
20240705133012,,82,10.1,20.92,15.51
20240705134012,,31,12.26,20.54,16.4
20240705135012,,81,8.37,18.08,13.22
20240705140012,,28,4.34,36.75,20.55
20240705141012,,77,11.64,42.99,27.32
20240705142012,,27,15.59,45.9,30.74
20240705143012,,76,10.46,47.1,28.78
20240705144012,,25,5.87,44.77,25.32
20240705145012,,75,4.79,44.02,24.41
20240705150012,,22,8,17.5,12.75
20240705151012,,71,0.91,5.24,3.08
20240705152012,,21,0,6.96,3.48
20240705153012,,70,0,3.61,1.8
20240705154012,,19,4.02,10.09,7.06
20240705155012,,69,6.69,10.74,8.71
20240705160012,,16,6.71,5.03,5.87
20240705161012,,65,6.06,9.61,7.83
20240705162012,,15,3.93,7.55,5.74
20240705163012,,64,2.88,11.93,7.4
20240705164012,,13,5.52,5.37,5.44
20240705165012,,63,7.35,6.53,6.94
20240713090012,,10,0,29.88,14.94
20240713091012,,59,0,22.29,11.14
20240713092012,,9,0,0,0
20240713093012,,58,17.1,0,8.55
20240713094012,,8,0,0,0
20240713095012,,57,0,0,0
20240713100012,,4,3.54,10.39,6.96
20240713101012,,53,5.75,0,2.88
20240713102012,,3,0,24.72,12.36
20240713103012,,52,0,27.62,13.81
20240713104012,,2,10.14,47.67,28.91
20240713105012,,51,150.06,82.93,116.5
20240713110012,,98,137.79,93.29,115.54
20240713111012,,47,182.83,97.34,140.08
20240713112012,,97,161.24,102.83,132.04
20240713113012,,46,6.29,59.36,32.83
20240713114012,,96,86.92,43.36,65.14
20240713115012,,45,39.53,69.11,54.32
20240713120012,,92,68.13,78.12,73.12
20240713121012,,42,319.76,254.33,287.04
20240713122012,,91,167.75,257.85,212.8
20240713123012,,40,220.09,260.81,240.45
20240713124012,,90,254.34,282.97,268.66
20240713125012,,39,395.08,345.48,370.28
20240713130012,,86,358.92,342.17,350.54
20240713131012,,36,447.83,377.35,412.59
20240713132012,,85,629.1,646.9,638
20240713133012,,34,107.49,176.13,141.81
20240713134012,,84,0,111.93,55.97
20240713135012,,33,95.54,197.56,146.55
20240713140012,,80,171.88,229.81,200.84
20240713141012,,30,133.53,303.86,218.7
20240713142012,,79,123.24,233.95,178.6
20240713143012,,28,44.41,86.99,65.7
20240713144012,,78,52,80.41,66.2
20240713145012,,27,1.07,41.35,21.21
20240713150012,,74,12.81,42.25,27.53
20240713151012,,24,42.22,44.63,43.42
20240713152012,,73,21.22,33.32,27.27
20240713153012,,23,8.44,27.46,17.95
20240713154012,,72,1.07,18.59,9.83
20240713155012,,21,0,12.99,6.5
20240713160012,,68,0,5.85,2.92
20240713161012,,18,0,0,0
20240713162012,,67,0,10.7,5.35
20240713163012,,17,0,6.55,3.28
20240713164012,,66,0,3.94,1.97
20240713165012,,15,0,1.58,0.79
20240214090013,,47,104.78,17.51,61.15
20240214091013,,41,73.71,21.39,47.55
20240214092013,,35,79.93,28.98,54.46
20240214093013,,29,75.08,88.1,81.59
20240214094013,,23,760.53,547.89,654.21
20240214095013,,17,808.35,563.65,686
20240214100013,,88,534.89,266.9,400.9
20240214101013,,82,672.6,663.62,668.11
20240214102013,,76,768.57,739.43,754
20240214103013,,70,733.07,668.64,700.86
20240214104013,,64,1006.69,745.63,876.16
20240214105013,,58,928.24,1082.96,1005.6
20240214110013,,28,1206.09,654.03,930.06
20240214111013,,22,1090.45,586.2,838.32
20240214112013,,16,1147.96,718.23,933.1
20240214113013,,10,1055.97,529.38,792.68
20240214114013,,4,1105.98,438.28,772.13
20240214115013,,99,1085.61,483.22,784.42
20240214120013,,69,1021.63,504.16,762.9
20240214121013,,63,1049.73,668.48,859.1
20240214122013,,57,928.52,739.12,833.82
20240214123013,,51,979.37,727.15,853.26
20240214124013,,45,1058.74,629.09,843.92
20240214125013,,39,1012.04,785.92,898.98
20240214130013,,,997.92,1154.88,1076.4
20240214131013,,4,1129.4,1170.35,1149.88
20240214132013,,98,957.52,947.56,952.54
20240214133013,,92,965.59,952.47,959.03
20240214134013,,86,933.83,1001.69,967.76
20240214135013,,80,1107.97,989.6,1048.79
20240214140013,,50,1035.68,861,948.34
20240214141013,,44,1012.5,714.1,863.3
20240214142013,,38,858.35,701.2,779.78
20240214143013,,32,968.57,766.32,867.44
20240214144013,,26,916.58,801.02,858.8
20240214145013,,20,1009.92,858.93,934.42
20240214150013,,91,804.56,758.78,781.67
20240214151013,,85,0,270.58,135.29
20240214152013,,79,20.91,93.04,56.98
20240214153013,,73,49.59,49.39,49.49
20240214154013,,67,81.71,38.07,59.89
20240214155013,,61,56.6,28.08,42.34
20240214160013,,31,61.05,16.44,38.74
20240214161013,,26,34.66,9.42,22.04
20240214162013,,20,36.82,9.57,23.2
20240214163013,,14,12,0,6
20240214164013,,8,33.35,14.5,23.92
20240214165013,,2,21.42,3.46,12.44
20240221090013,,6,33.85,16.43,25.14
20240221091013,,0,52.98,13.76,33.37
20240221092013,,95,39.48,42.26,40.87
20240221093013,,89,147.26,27.95,87.6
20240221094013,,83,46.72,36.94,41.83
20240221095013,,77,55.98,121.08,88.53
20240221100013,,47,96.05,240.26,168.16
20240221101013,,41,82.84,220.26,151.55
20240221102013,,35,155.65,332.53,244.09
20240221103013,,29,335.85,422.56,379.21
20240221104013,,23,675.38,496.39,585.88
20240221105013,,17,996.65,774.17,885.41
20240221110013,,88,1024.7,727,875.85
20240221111013,,82,1342.91,957.21,1150.06
20240221112013,,76,1283.31,997.79,1140.55
20240221113013,,70,1346.12,1007.38,1176.75
20240221114013,,64,1450.68,1070.05,1260.37
20240221115013,,58,1467.67,1150.49,1309.08
20240221120013,,28,1569.37,1246.24,1407.8
20240221121013,,22,1534.22,1176.25,1355.24
20240221122013,,16,1646.59,1227.98,1437.28
20240221123013,,11,1611.68,1232.33,1422.01
20240221124013,,5,1518.07,1241.9,1379.99
20240221125013,,99,1474.83,1084.4,1279.62
20240221130013,,69,1546.16,1092.77,1319.47
20240221131013,,63,1292.57,579.4,935.98
20240221132013,,57,1334.47,706.78,1020.62
20240221133013,,51,1364,711.01,1037.51
20240221134013,,45,1391.84,753.25,1072.55
20240221135013,,39,1379.82,668.88,1024.35
20240221140013,,10,1142.79,607.35,875.07
20240221141013,,4,940.83,718.15,829.49
20240221142013,,98,733.04,541.21,637.12
20240221143013,,92,762.81,592.11,677.46
20240221144013,,86,754.47,648.93,701.7
20240221145013,,80,157.73,308.76,233.24
20240221150013,,50,55.09,127.42,91.25
20240221151013,,44,41.14,16.87,29.01
20240221152013,,38,38.01,31.63,34.82
20240221153013,,33,19.1,18.03,18.57
20240221154013,,27,33.93,49.32,41.62
20240221155013,,21,38.56,0,19.28
20240221160013,,91,4,2.18,3.09
20240221161013,,85,6.5,0.6,3.55
20240221162013,,79,10.69,0.11,5.4
20240221163013,,73,6.26,2.11,4.18
20240221164013,,67,0,0,0
20240221165013,,61,0,0,0
20240314090013,,91,19.03,5.6,12.32
20240314091013,,40,63.35,24.26,43.8
20240314092013,,90,47.11,76.52,61.81
20240314093013,,39,197.66,130.35,164
20240314094013,,88,500.94,367.73,434.34
20240314095013,,38,640.84,679.56,660.2
20240314100013,,85,870.35,905.65,888
20240314101013,,34,841.48,888.19,864.84
20240314102013,,84,752.04,594.96,673.5
20240314103013,,33,819.1,727.49,773.3
20240314104013,,82,1048.61,1135.43,1092.02
20240314105013,,32,1027.46,1075.36,1051.41
20240314110013,,79,1328.67,1276.02,1302.35
20240314111013,,28,1437.99,1419.6,1428.8
20240314112013,,78,1469.98,1437.7,1453.84
20240314113013,,27,1393.04,1383.78,1388.41
20240314114013,,76,1541.59,1524.23,1532.91
20240314115013,,26,1492.44,1562.17,1527.31
20240314120013,,73,1434.34,1549.61,1491.97
20240314121013,,22,1435.89,1536.33,1486.11
20240314122013,,72,1437.4,1551.62,1494.51
20240314123013,,21,1430.55,1542.13,1486.34
20240314124013,,71,1468.7,1537.99,1503.35
20240314125013,,20,1436.27,1517.2,1476.74
20240314130013,,67,1391.84,1548.71,1470.28
20240314131013,,16,1545.74,1600.98,1573.36
20240314132013,,66,1426.27,1541.09,1483.68
20240314133013,,15,1325.45,1397.12,1361.28
20240314134013,,65,1389.87,1511.03,1450.45
20240314135013,,14,1083.44,1047.68,1065.56
20240314140013,,61,1120.01,992.58,1056.3
20240314141013,,10,1255.24,1056.97,1156.11
20240314142013,,60,1336.58,976.58,1156.58
20240314143013,,9,1414.54,1304.64,1359.59
20240314144013,,59,1133.41,1310.3,1221.86
20240314145013,,8,1091.54,604.98,848.26
20240314150013,,55,1230.13,1226.19,1228.16
20240314151013,,5,987.08,909.82,948.45
20240314152013,,54,180.56,500.52,340.54
20240314153013,,3,106.19,216.14,161.16
20240314154013,,53,97.43,76.82,87.12
20240314155013,,2,94.03,53.8,73.91
20240314160013,,49,113.53,53.25,83.39
20240314161013,,99,99.95,20.96,60.45
20240314162013,,48,109.16,19.07,64.11
20240314163013,,97,69.27,28.03,48.65
20240314164013,,47,47.76,30.39,39.08
20240314165013,,96,49.42,15.72,32.57
20240316090013,,4,89.83,51.05,70.44
20240316091013,,53,61.49,42.21,51.85
20240316092013,,3,37.07,40.27,38.67
20240316093013,,52,75.18,51.84,63.51
20240316094013,,1,83.59,61.98,72.78
20240316095013,,51,85.3,85.85,85.57
20240316100013,,98,139.03,84.53,111.78
20240316101013,,47,74.58,63.79,69.18
20240316102013,,97,137.76,77.62,107.69
20240316103013,,46,172.61,109.4,141
20240316104013,,96,212.02,181.85,196.94
20240316105013,,45,185.31,147.22,166.26
20240316110013,,92,218.85,164.66,191.76
20240316111013,,41,229.41,159.06,194.24
20240316112013,,91,303.21,222.88,263.04
20240316113013,,40,353.03,271.79,312.41
20240316114013,,90,384.08,335.16,359.62
20240316115013,,39,528.06,501.46,514.76
20240316120013,,86,741.92,761.95,751.93
20240316121013,,35,529.54,339.49,434.52
20240316122013,,85,380.14,424.28,402.21
20240316123013,,34,168.02,352.29,260.16
20240316124013,,84,221.98,320.83,271.4
20240316125013,,33,364.16,380.17,372.16
20240316130013,,80,196.44,164.91,180.68
20240316131013,,29,134.2,287.34,210.77
20240316132013,,79,15.72,193.62,104.67
20240316133013,,28,110.37,117.97,114.17
20240316134013,,78,65.77,160.91,113.34
20240316135013,,27,177.37,160.09,168.73
20240316140013,,74,87.62,116.79,102.21
20240316141013,,24,165.1,123.23,144.16
20240316142013,,73,18.43,46.86,32.64
20240316143013,,22,75.85,62.09,68.97
20240316144013,,72,29.85,16.23,23.04
20240316145013,,21,18.95,36.28,27.62
20240316150013,,68,26.99,38.35,32.67
20240316151013,,18,0,39.2,19.6
20240316152013,,67,21.35,10.21,15.78
20240316153013,,16,15.3,8.93,12.12
20240316154013,,66,0,4.86,2.43
20240316155013,,15,0,5.69,2.85
20240316160013,,62,0,13.06,6.53
20240316161013,,12,0,0.91,0.46
20240316162013,,61,0,0,0
20240316163013,,11,2.4,0,1.2
20240316164013,,60,0,1.61,0.8
20240316165013,,9,0,1.51,0.76
20240328090013,,83,26.04,29.83,27.93
20240328091013,,32,35.57,3.86,19.72
20240328092013,,81,29.69,26.03,27.86
20240328093013,,31,87.65,39.14,63.4
20240328094013,,80,163.14,190.37,176.76
20240328095013,,30,163.68,382.75,273.22
20240328100013,,77,364.99,487.49,426.24
20240328101013,,26,336.92,435.13,386.02
20240328102013,,75,374.11,602.96,488.54
20240328103013,,25,452.59,498.79,475.69
20240328104013,,74,578.06,597.65,587.86
20240328105013,,24,956.18,944.31,950.24
20240328110013,,71,1355.51,1060.85,1208.18
20240328111013,,20,1343,976.87,1159.93
20240328112013,,70,1221.6,1006.81,1114.2
20240328113013,,19,1126.01,943.07,1034.54
20240328114013,,68,909.13,936.25,922.69
20240328115013,,18,875.77,891.86,883.82
20240328120013,,65,981.68,960.01,970.84
20240328121013,,14,923.1,861.14,892.12
20240328122013,,64,920.4,824.81,872.6
20240328123013,,13,963.95,1021.93,992.94
20240328124013,,62,993.93,1043.93,1018.93
20240328125013,,12,912.26,971.29,941.78
20240328130013,,59,892.4,790.52,841.46
20240328131013,,8,390.65,228.73,309.69
20240328132013,,58,626.22,352.03,489.12
20240328133013,,7,842.94,670.01,756.48
20240328134013,,56,319.37,220.85,270.11
20240328135013,,6,326.73,95.65,211.19
20240328140013,,53,220.9,87.51,154.21
20240328141013,,2,210.19,83.15,146.67
20240328142013,,52,143.3,46.33,94.82
20240328143013,,1,128.34,81.91,105.12
20240328144013,,51,257.78,411.21,334.5
20240328145013,,0,109.45,50.48,79.97
20240328150013,,47,84.2,51.67,67.94
20240328151013,,96,70.22,25.44,47.83
20240328152013,,46,53.61,22.95,38.28
20240328153013,,95,48.63,12.07,30.35
20240328154013,,45,61.39,0,30.7
20240328155013,,94,43.15,5.05,24.1
20240328160013,,41,54.25,0,27.12
20240328161013,,90,41.36,0,20.68
20240328162013,,40,51.89,0.15,26.02
20240328163013,,89,50.69,2.74,26.72
20240328164013,,39,40.79,0,20.4
20240328165013,,88,0,0,0
20240412090013,,34,14.81,0,7.4
20240412091013,,83,27.29,1.49,14.39
20240412092013,,33,23.68,2.9,13.29
20240412093013,,82,14.52,3.03,8.78
20240412094013,,32,13.18,0,6.59
20240412095013,,81,13.63,0,6.82
20240412100013,,28,15.83,0,7.92
20240412101013,,78,16.8,0,8.4
20240412102013,,27,13.91,0,6.96
20240412103013,,76,14.29,0,7.14
20240412104013,,26,11.91,0,5.96
20240412105013,,75,8.94,0,4.47
20240412110013,,22,10.76,0,5.38
20240412111013,,72,15.47,0,7.74
20240412112013,,21,17.82,0,8.91
20240412113013,,70,12.02,0,6.01
20240412114013,,20,18.09,0.56,9.32
20240412115013,,69,16.45,1.68,9.06
20240412120013,,16,19.54,2.79,11.16
20240412121013,,66,5.01,0,2.5
20240412122013,,15,7.35,8.46,7.9
20240412123013,,64,14.53,4.28,9.4
20240412124013,,14,4.78,0,2.39
20240412125013,,63,8.33,0,4.16
20240412130013,,10,10.63,5.64,8.13
20240412131013,,60,6.28,6.06,6.17
20240412132013,,9,11.26,5.26,8.26
20240412133013,,59,11.59,0.44,6.02
20240412134013,,8,5.64,3.14,4.39
20240412135013,,57,6.13,3.96,5.04
20240412140013,,4,2.57,0,1.28
20240412141013,,54,7.82,0,3.91
20240412142013,,3,1.62,0,0.81
20240412143013,,53,3.79,0,1.9
20240412144013,,2,0,0,0
20240412145013,,51,0,0,0
20240412150013,,98,0,0,0
20240412151013,,48,0,0,0
20240412152013,,97,0,0,0
20240412153013,,47,0,0,0
20240412154013,,96,0,0,0
20240412155013,,45,0,0,0
20240412160013,,92,3.22,0,1.61
20240412161013,,42,8.02,23.28,15.65
20240412162013,,91,12.53,12.06,12.3
20240412163013,,41,6.51,10.54,8.52
20240412164013,,90,25.49,0,12.74
20240412165013,,40,23.75,0,11.88
20240619090013,,93,0,0,0
20240619091013,,42,4.12,0,2.06
20240619092013,,92,0,0,0
20240619093013,,41,0,0,0
20240619094013,,91,0,0,0
20240619095013,,40,0,0,0
20240619100013,,87,4.35,0,2.17
20240619101013,,36,0.63,0,0.32
20240619102013,,86,0,0,0
20240619103013,,35,0,0,0
20240619104013,,85,0.7,0,0.35
20240619105013,,34,0,0,0
20240619110013,,81,2.31,0,1.16
20240619111013,,30,0,0,0
20240619112013,,80,7.65,0,3.83
20240619113013,,29,12.8,0,6.4
20240619114013,,79,8.15,0,4.08
20240619115013,,28,5.14,0,2.57
20240619120013,,75,13.58,0,6.79
20240619121013,,25,5.04,0,2.52
20240619122013,,74,4.33,0,2.16
20240619123013,,23,6.09,0,3.04
20240619124013,,73,8.68,0,4.34
20240619125013,,22,11.94,0,5.97
20240619130013,,69,17.23,0,8.62
20240619131013,,19,31.3,0,15.65
20240619132013,,68,0,0,0
20240619133013,,17,0,0,0
20240619134013,,67,49.52,40.51,45.02
20240619135013,,16,36.16,30.58,33.37
20240619140013,,63,44.93,40.93,42.93
20240619141013,,13,55.2,41.7,48.45
20240619142013,,62,43.34,34.86,39.1
20240619143013,,11,46.27,17.25,31.76
20240619144013,,61,65.94,21.53,43.74
20240619145013,,10,97.73,48.21,72.97
20240619150013,,57,33,48.91,40.95
20240619151013,,7,0,30.1,15.05
20240619152013,,56,0,24.76,12.38
20240619153013,,6,0,34.81,17.41
20240619154013,,55,0,35.16,17.58
20240619155013,,4,0,31.33,15.66
20240619160013,,51,38.99,37.79,38.39
20240619161013,,1,20.38,35.84,28.11
20240619162013,,50,0,16.59,8.3
20240619163013,,0,0,19.18,9.59
20240619164013,,49,0,12.8,6.4
20240619165013,,98,0,10.11,5.06
20240225090014,,69,49.28,34.99,42.14
20240225091014,,64,40.61,30.13,35.37
20240225092014,,58,59.57,34.43,47
20240225093014,,52,45.68,40.15,42.92
20240225094014,,46,61.32,32.85,47.08
20240225095014,,40,32.14,69.48,50.81
20240225100014,,10,75.91,82.85,79.38
20240225101014,,4,124.85,40.79,82.82
20240225102014,,98,43.02,53.87,48.44
20240225103014,,92,183.46,48.51,115.98
20240225104014,,86,426.96,155.98,291.47
20240225105014,,80,727.58,1026.19,876.88
20240225110014,,51,964.45,1014.87,989.66
20240225111014,,45,849.95,934.49,892.22
20240225112014,,39,860.05,966.85,913.45
20240225113014,,33,840.71,1086.05,963.38
20240225114014,,27,880.72,950.09,915.4
20240225115014,,21,890.16,942.33,916.24
20240225120014,,91,885.37,1012.39,948.88
20240225121014,,86,799.34,520.75,660.05
20240225122014,,80,576.26,470.92,523.59
20240225123014,,74,1218.26,1260.1,1239.18
20240225124014,,68,771.87,1138.24,955.06
20240225125014,,62,791.31,1094.22,942.76
20240225130014,,32,949.48,1041.54,995.51
20240225131014,,26,862.13,1217.08,1039.61
20240225132014,,20,1244.25,1219.59,1231.92
20240225133014,,14,774.18,517.59,645.88
20240225134014,,8,542.16,526.12,534.14
20240225135014,,2,490.87,391.5,441.18
20240225140014,,73,549.1,378.81,463.96
20240225141014,,67,410.56,250.77,330.66
20240225142014,,61,321.15,267.38,294.26
20240225143014,,55,71.6,53.53,62.56
20240225144014,,49,54.56,12.63,33.59
20240225145014,,43,45.2,0,22.6
20240225150014,,13,69.99,22.23,46.11
20240225151014,,7,40.1,9.38,24.74
20240225152014,,2,32.76,5.19,18.97
20240225153014,,96,31.15,0,15.57
20240225154014,,90,14.29,0,7.14
20240225155014,,84,10.71,0,5.36
20240225160014,,54,4.1,6.38,5.24
20240225161014,,48,0.39,5.5,2.94
20240225162014,,42,0,0,0
20240225163014,,36,0,0,0
20240225164014,,30,0,3.47,1.74
20240225165014,,24,0,8.4,4.2
20240227090014,,20,65.4,12.58,38.99
20240227091014,,69,54.06,0,27.03
20240227092014,,18,71.54,20.82,46.18
20240227093014,,68,76.25,47.14,61.7
20240227094014,,17,106.52,60.7,83.61
20240227095014,,67,70.41,56.49,63.45
20240227100014,,14,43.89,199.08,121.49
20240227101014,,63,752.17,511.54,631.86
20240227102014,,13,894.85,1119.13,1006.99
20240227103014,,62,888.04,1178.09,1033.07
20240227104014,,11,790.71,935.46,863.08
20240227105014,,61,697.14,610.32,653.73
20240227110014,,8,900.28,648.98,774.63
20240227111014,,57,820.42,741.65,781.04
20240227112014,,7,866.56,834.84,850.7
20240227113014,,56,885.03,683.99,784.51
20240227114014,,5,608,399.82,503.91
20240227115014,,55,914.33,547.69,731.01
20240227120014,,2,1249.38,733.37,991.38
20240227121014,,51,1283.57,765.44,1024.51
20240227122014,,1,1296.31,730.12,1013.21
20240227123014,,50,1277.11,785.41,1031.26
20240227124014,,99,1197.63,673.09,935.36
20240227125014,,49,1296,717.02,1006.51
20240227130014,,96,1147.32,795.85,971.58
20240227131014,,45,972.3,604.34,788.32
20240227132014,,95,1025.93,633.7,829.82
20240227133014,,44,1083.76,640.58,862.17
20240227134014,,94,967.39,587.71,777.55
20240227135014,,43,837.54,576.93,707.23
20240227140014,,90,943.52,606.95,775.24
20240227141014,,39,685.37,336.38,510.88
20240227142014,,89,497.59,276.28,386.93
20240227143014,,38,467.66,251.66,359.66
20240227144014,,88,408.1,268.7,338.4
20240227145014,,37,422.35,111.42,266.88
20240227150014,,84,338.82,99.43,219.12
20240227151014,,33,84.72,38.5,61.61
20240227152014,,83,46.08,15.29,30.68
20240227153014,,32,31.12,7.94,19.53
20240227154014,,82,32.93,0.64,16.78
20240227155014,,31,20.78,0,10.39
20240227160014,,78,29.46,0.16,14.81
20240227161014,,27,12.36,0,6.18
20240227162014,,77,11.36,0,5.68
20240227163014,,26,6.95,0,3.48
20240227164014,,76,7.92,0,3.96
20240227165014,,25,6.93,0,3.46
20240327090014,,76,40.96,22.76,31.86
20240327091014,,25,21.25,3.61,12.43
20240327092014,,75,20.51,1.55,11.03
20240327093014,,24,0,29.5,14.75
20240327094014,,74,46.1,42.35,44.23
20240327095014,,23,1.88,19.18,10.53
20240327100014,,70,44.9,55.05,49.97
20240327101014,,20,287.99,556.04,422.02
20240327102014,,69,429.53,787.52,608.52
20240327103014,,18,694.36,741.15,717.76
20240327104014,,68,656.71,690.84,673.78
20240327105014,,17,616.62,742.55,679.58
20240327110014,,64,972.88,1149.03,1060.95
20240327111014,,14,1046.73,1302.9,1174.82
20240327112014,,63,1095.63,1344.2,1219.91
20240327113014,,12,1138.52,1322.45,1230.49
20240327114014,,62,1291.29,1211.46,1251.38
20240327115014,,11,1282.71,1308.04,1295.38
20240327120014,,58,1299.77,1244.98,1272.38
20240327121014,,8,1389.36,1282.55,1335.95
20240327122014,,57,1429.93,1192.93,1311.43
20240327123014,,7,1220.92,1142.42,1181.67
20240327124014,,56,1191.38,903.33,1047.36
20240327125014,,5,1121.72,879.7,1000.71
20240327130014,,52,930.61,745.77,838.19
20240327131014,,2,572.12,282.81,427.47
20240327132014,,51,397.65,156.2,276.92
20240327133014,,1,93.39,94.34,93.87
20240327134014,,50,107.72,59.62,83.67
20240327135014,,99,74.52,39.77,57.14
20240327140014,,46,85.45,55.81,70.63
20240327141014,,96,52.86,38.11,45.48
20240327142014,,45,49.32,28.73,39.02
20240327143014,,95,66.84,35.05,50.94
20240327144014,,44,36.52,19.89,28.21
20240327145014,,93,16.61,15.27,15.94
20240327150014,,40,22.53,11.33,16.93
20240327151014,,90,17.39,1.54,9.46
20240327152014,,39,14.99,2.05,8.52
20240327153014,,89,14,0,7
20240327154014,,38,10.63,0,5.32
20240327155014,,88,13.33,0,6.66
20240327160014,,35,11.88,0,5.94
20240327161014,,84,9.99,0,5
20240327162014,,33,8.25,0,4.12
20240327163014,,83,0.2,0,0.1
20240327164014,,32,4.44,0,2.22
20240327165014,,82,7.1,0,3.55
20240417090014,,67,21.06,22.6,21.83
20240417091014,,16,40.31,32.47,36.39
20240417092014,,66,42.22,36.49,39.36
20240417093014,,15,50.08,35.5,42.79
20240417094014,,65,44.77,35.85,40.31
20240417095014,,14,67.16,32.67,49.92
20240417100014,,61,58.35,46.24,52.3
20240417101014,,10,65.37,41.7,53.54
20240417102014,,60,78.42,39.85,59.14
20240417103014,,9,92.08,50.52,71.3
20240417104014,,59,100.25,72.13,86.19
20240417105014,,8,125.41,69.91,97.66
20240417110014,,55,95.79,56.91,76.35
20240417111014,,4,90.73,48.87,69.8
20240417112014,,54,80.55,52.4,66.47
20240417113014,,3,70.73,45.51,58.12
20240417114014,,53,64.45,32.93,48.69
20240417115014,,2,96.19,113.23,104.71
20240417120014,,49,74.81,87.89,81.35
20240417121014,,99,83.43,134.76,109.1
20240417122014,,48,99.51,119.63,109.57
20240417123014,,97,48.68,47.84,48.26
20240417124014,,47,42.56,174.51,108.53
20240417125014,,96,84.85,189.12,136.99
20240417130014,,43,44.78,169.76,107.27
20240417131014,,93,17.43,32.75,25.09
20240417132014,,42,10.29,15.78,13.04
20240417133014,,91,19.51,7.07,13.29
20240417134014,,41,17.99,6.64,12.31
20240417135014,,90,21.11,0,10.55
20240417140014,,37,24.55,0,12.28
20240417141014,,87,13.79,1.91,7.85
20240417142014,,36,9.49,5.86,7.68
20240417143014,,85,4.7,4.36,4.53
20240417144014,,35,1.41,0.22,0.81
20240417145014,,84,0,2.07,1.03
20240417150014,,31,0.1,0,0.05
20240417151014,,81,0,0.15,0.07
20240417152014,,30,4.12,0.17,2.14
20240417153014,,80,3.33,0,1.67
20240417154014,,29,2.16,0,1.08
20240417155014,,78,3.3,2.59,2.94
20240417160014,,25,3.86,0,1.93
20240417161014,,75,0.35,0,0.17
20240417162014,,24,0.98,0,0.49
20240417163014,,74,2.15,0,1.07
20240417164014,,23,18.89,0.14,9.52
20240417165014,,72,26.98,0,13.49
20240517090014,,23,18.92,6.39,12.66
20240517091014,,73,18.94,2.64,10.79
20240517092014,,22,16.53,0,8.27
20240517093014,,72,15.97,0,7.98
20240517094014,,21,19.46,5.11,12.29
20240517095014,,70,5.36,2.94,4.15
20240517100014,,17,27.81,4.86,16.34
20240517101014,,67,52.32,29.08,40.7
20240517102014,,16,40.13,28.89,34.51
20240517103014,,66,26.79,31.29,29.04
20240517104014,,15,46.76,42.9,44.83
20240517105014,,64,21.6,30.15,25.88
20240517110014,,11,19.42,46.09,32.76
20240517111014,,61,20.42,25.82,23.12
20240517112014,,10,0,19.67,9.84
20240517113014,,60,19.72,37.72,28.72
20240517114014,,9,58.81,79.15,68.98
20240517115014,,59,51.55,18.06,34.8
20240517120014,,6,0,25.15,12.57
20240517121014,,55,6.61,22.74,14.67
20240517122014,,4,0,19.61,9.8
20240517123014,,54,0,15.09,7.54
20240517124014,,3,0.38,13.27,6.82
20240517125014,,53,7.94,24.21,16.08
20240517130014,,0,10.68,27.47,19.08
20240517131014,,49,20.69,22.33,21.51
20240517132014,,98,18.41,22.02,20.22
20240517133014,,48,15.18,9.09,12.13
20240517134014,,97,20.77,20.8,20.78
20240517135014,,47,23.61,15.05,19.33
20240517140014,,94,22.89,7.22,15.05
20240517141014,,43,29.14,14.52,21.83
20240517142014,,93,23.05,9.49,16.27
20240517143014,,42,24.86,12.63,18.75
20240517144014,,91,23.1,13,18.05
20240517145014,,41,20.76,12.73,16.75
20240517150014,,88,25.09,18.28,21.69
20240517151014,,37,21.4,17.13,19.26
20240517152014,,87,13.33,12.71,13.02
20240517153014,,36,14.46,11.57,13.02
20240517154014,,85,8.33,6.14,7.23
20240517155014,,35,11.28,1.59,6.43
20240517160014,,82,13.49,1.26,7.38
20240517161014,,31,10.56,0,5.28
20240517162014,,81,9.07,5.45,7.26
20240517163014,,30,7.22,6.45,6.84
20240517164014,,79,7.57,7.22,7.39
20240517165014,,29,5.64,0,2.82
20240704090014,,51,80.2,55.45,67.83
20240704091014,,0,52.74,52.66,52.7
20240704092014,,50,47.9,64.78,56.34
20240704093014,,99,122.26,60.64,91.45
20240704094014,,49,182.71,80.43,131.57
20240704095014,,98,414.63,175.37,295
20240704100014,,45,362.47,226.65,294.56
20240704101014,,94,755.65,483.5,619.58
20240704102014,,44,552.32,421.66,486.99
20240704103014,,93,473.01,442.62,457.82
20240704104014,,43,631.77,487.72,559.74
20240704105014,,92,820.21,584,702.1
20240704110014,,39,1065.72,629.87,847.8
20240704111014,,88,831.29,498.27,664.78
20240704112014,,38,1008.28,580.62,794.45
20240704113014,,87,1279.05,1259.12,1269.09
20240704114014,,37,1073.9,1219.09,1146.49
20240704115014,,86,1182.22,1291.06,1236.64
20240704120014,,33,1324.42,1323.62,1324.02
20240704121014,,83,1176.39,1304.85,1240.62
20240704122014,,32,1205.22,1316.07,1260.64
20240704123014,,81,1181.53,1377.24,1279.38
20240704124014,,31,1083.66,1208.76,1146.21
20240704125014,,80,1071.42,1250.68,1161.05
20240704130014,,27,971.9,1232.69,1102.3
20240704131014,,77,903.06,1194.66,1048.86
20240704132014,,26,931.74,1159.38,1045.56
20240704133014,,75,904.33,1101.17,1002.75
20240704134014,,25,913.52,691.43,802.47
20240704135014,,74,659.25,493.16,576.2
20240704140014,,21,620.67,521.28,570.97
20240704141014,,71,406.74,185.26,296
20240704142014,,20,136.85,17.58,77.22
20240704143014,,69,92.01,0,46.01
20240704144014,,19,31.98,0,15.99
20240704145014,,68,77.23,0,38.62
20240704150014,,15,36.62,0,18.31
20240704151014,,65,37.45,0,18.73
20240704152014,,14,18.27,0,9.13
20240704153014,,64,25.55,0,12.78
20240704154014,,13,21.87,0,10.94
20240704155014,,62,22.94,0,11.47
20240704160014,,9,20.17,0.38,10.28
20240704161014,,59,19.76,0,9.88
20240704162014,,8,9.29,0,4.64
20240704163014,,58,12.73,0,6.36
20240704164014,,7,10.53,0,5.26
20240704165014,,56,8.76,0,4.38
20240715090014,,23,22.06,45.47,33.76
20240715091014,,73,11.05,4.94,8
20240715092014,,22,21.49,15.06,18.27
20240715093014,,71,61.65,12.76,37.2
20240715094014,,21,16.75,14.17,15.46
20240715095014,,70,3.39,23.91,13.65
20240715100014,,17,20.92,2.15,11.54
20240715101014,,67,1.34,5.89,3.61
20240715102014,,16,0,4.5,2.25
20240715103014,,65,3.73,7.35,5.54
20240715104014,,15,21.88,6.41,14.14
20240715105014,,64,0,9.75,4.88
20240715110014,,11,0,9.99,5
20240715111014,,61,60.66,87.3,73.98
20240715112014,,10,50.87,84.59,67.73
20240715113014,,59,46.64,88.03,67.34
20240715114014,,9,76.03,104.87,90.45
20240715115014,,58,68.82,121.44,95.13
20240715120014,,5,18.82,68.61,43.72
20240715121014,,55,9.58,40.81,25.2
20240715122014,,4,0,0,0
20240715123014,,54,0,12.6,6.3
20240715124014,,3,0,3.47,1.74
20240715125014,,52,67.31,9.29,38.3
20240715130014,,99,69.52,8.67,39.09
20240715131014,,49,0,19.45,9.72
20240715132014,,98,26.12,31.07,28.59
20240715133014,,48,35.36,26.4,30.88
20240715134014,,97,19.01,23.96,21.48
20240715135014,,46,13.92,26.09,20
20240715140014,,93,10.15,19.41,14.78
20240715141014,,43,23.74,21.37,22.56
20240715142014,,92,37.76,54.94,46.35
20240715143014,,42,45.63,44.54,45.08
20240715144014,,91,41.34,44.95,43.15
20240715145014,,41,50.29,54.29,52.29
20240715150014,,88,71.37,60.52,65.95
20240715151014,,37,40.88,29.14,35.01
20240715152014,,86,29.87,17.98,23.92
20240715153014,,36,42.49,36.96,39.73
20240715154014,,85,35.51,47.03,41.27
20240715155014,,35,28.55,32.07,30.31
20240715160014,,82,24.35,23.33,23.84
20240715161014,,31,19.17,19.37,19.27
20240715162014,,80,6.49,10.33,8.41
20240715163014,,30,5.25,10.58,7.92
20240715164014,,79,6.48,4.79,5.64
20240715165014,,29,6.26,2.33,4.3
20240215090015,,14,18.09,44.74,31.41
20240215091015,,8,32.41,55.09,43.75
20240215092015,,2,26.58,59.53,43.06
20240215093015,,96,35.83,100.7,68.26
20240215094015,,90,72.75,97.24,85
20240215095015,,84,133.72,96.29,115
20240215100015,,54,94.48,97.79,96.14
20240215101015,,48,79.92,101.04,90.48
20240215102015,,42,71.53,49.41,60.47
20240215103015,,36,48.91,37.82,43.36
20240215104015,,30,30.63,28.64,29.63
20240215105015,,24,31.06,46.39,38.73
20240215110015,,95,0,30.72,15.36
20240215111015,,89,78.62,64.57,71.6
20240215112015,,83,40.21,73.21,56.71
20240215113015,,77,50.13,64.94,57.53
20240215114015,,71,49.74,64.03,56.89
20240215115015,,65,45.88,64.08,54.98
20240215120015,,35,46.18,67.87,57.03
20240215121015,,30,47.37,64.8,56.08
20240215122015,,24,31.24,56.23,43.74
20240215123015,,18,30.77,49.27,40.02
20240215124015,,12,27.97,49.14,38.56
20240215125015,,6,30.88,47.78,39.33
20240215130015,,76,28.22,37.9,33.06
20240215131015,,70,14.11,26.52,20.31
20240215132015,,64,8.82,21.1,14.96
20240215133015,,58,10.1,20.92,15.51
20240215134015,,52,12.26,20.54,16.4
20240215135015,,46,8.37,18.08,13.22
20240215140015,,17,4.34,36.75,20.55
20240215141015,,11,11.64,42.99,27.32
20240215142015,,5,15.59,45.9,30.74
20240215143015,,99,10.46,47.1,28.78
20240215144015,,93,5.87,44.77,25.32
20240215145015,,87,4.79,44.02,24.41
20240215150015,,57,8,17.5,12.75
20240215151015,,52,0.91,5.24,3.08
20240215152015,,46,0,6.96,3.48
20240215153015,,40,0,3.61,1.8
20240215154015,,34,4.02,10.09,7.06
20240215155015,,28,6.69,10.74,8.71
20240215160015,,98,6.71,5.03,5.87
20240215161015,,92,6.06,9.61,7.83
20240215162015,,86,3.93,7.55,5.74
20240215163015,,80,2.88,11.93,7.4
20240215164015,,74,5.52,5.37,5.44
20240215165015,,68,7.35,6.53,6.94
20240218090015,,10,61.42,30.61,46.02
20240218091015,,5,32.27,32.02,32.15
20240218092015,,99,30.39,42.74,36.56
20240218093015,,93,23.94,29,26.47
20240218094015,,87,32.54,27.31,29.92
20240218095015,,81,106.93,60.96,83.95
20240218100015,,51,83.75,20.98,52.37
20240218101015,,45,73.47,78.67,76.07
20240218102015,,39,163.37,94.95,129.16
20240218103015,,33,369.35,475.31,422.33
20240218104015,,27,280.24,149.16,214.7
20240218105015,,21,155.02,26.88,90.95
20240218110015,,92,119.71,80.35,100.03
20240218111015,,86,78.01,99.91,88.96
20240218112015,,80,0,43.07,21.54
20240218113015,,74,0,34.88,17.44
20240218114015,,68,33.44,104.73,69.09
20240218115015,,62,82.02,99.21,90.61
20240218120015,,32,241.86,189.26,215.56
20240218121015,,26,133.43,108.31,120.87
20240218122015,,21,131.3,121.67,126.49
20240218123015,,15,58.01,125.92,91.97
20240218124015,,9,141.71,266.51,204.11
20240218125015,,3,149.71,240.71,195.21
20240218130015,,73,291.85,302.38,297.12
20240218131015,,67,372.76,283.85,328.3
20240218132015,,61,192.44,348.82,270.63
20240218133015,,55,64.92,250.54,157.73
20240218134015,,49,67.61,227.46,147.54
20240218135015,,43,214.06,318.21,266.14
20240218140015,,14,60.29,313.02,186.66
20240218141015,,8,210.49,318.11,264.3
20240218142015,,2,31.9,273.49,152.7
20240218143015,,96,0,252.12,126.06
20240218144015,,90,94.8,105.24,100.02
20240218145015,,84,2.5,66.24,34.37
20240218150015,,54,0,65.61,32.8
20240218151015,,48,0,83.48,41.74
20240218152015,,43,0,47.99,24
20240218153015,,37,3.31,51.56,27.44
20240218154015,,31,0,40.1,20.05
20240218155015,,25,0,25.76,12.88
20240218160015,,95,0,19.79,9.89
20240218161015,,89,0,43.49,21.75
20240218162015,,83,0,42.89,21.44
20240218163015,,77,0,24.72,12.36
20240218164015,,71,0,16.21,8.11
20240218165015,,65,0,14.39,7.2
20240314090015,,91,230.25,276.62,253.44
20240314091015,,40,280.87,455.21,368.04
20240314092015,,90,300.42,433.7,367.06
20240314093015,,39,178.06,490.5,334.28
20240314094015,,88,512.92,514.44,513.68
20240314095015,,38,518.59,677.29,597.94
20240314100015,,85,672.3,847.3,759.8
20240314101015,,34,686.06,937.46,811.76
20240314102015,,84,962.33,898.29,930.31
20240314103015,,33,1069.54,1027.04,1048.29
20240314104015,,82,1097.54,959.08,1028.31
20240314105015,,32,1157.85,1221.36,1189.61
20240314110015,,79,1287.73,1313.26,1300.49
20240314111015,,28,1166.98,1202.76,1184.87
20240314112015,,78,1353.91,1276.76,1315.34
20240314113015,,27,1176.78,1331.45,1254.12
20240314114015,,77,1128.97,1190.58,1159.78
20240314115015,,26,1242.94,1184.9,1213.92
20240314120015,,73,1275.16,1084.88,1180.02
20240314121015,,22,1192.82,1115.65,1154.24
20240314122015,,72,1034.12,1095.01,1064.57
20240314123015,,21,912.19,1008.5,960.34
20240314124015,,71,999.41,968.29,983.85
20240314125015,,20,886.09,974.91,930.5
20240314130015,,67,858.83,1020.46,939.64
20240314131015,,16,885.99,1060.52,973.26
20240314132015,,66,1056.28,1082.61,1069.44
20240314133015,,15,960.92,970.68,965.8
20240314134015,,65,876.56,949.22,912.89
20240314135015,,14,918.33,993.68,956
20240314140015,,61,1100.68,1094.55,1097.62
20240314141015,,11,854.59,812.03,833.31
20240314142015,,60,869.05,529.72,699.38
20240314143015,,9,682.39,437.07,559.73
20240314144015,,59,122.48,183.24,152.86
20240314145015,,8,67.36,153.38,110.37
20240314150015,,55,9.94,33.46,21.7
20240314151015,,5,38.25,25.59,31.92
20240314152015,,54,1.61,10.96,6.28
20240314153015,,3,6.63,4.45,5.54
20240314154015,,53,1.11,5.28,3.2
20240314155015,,2,16.95,7.87,12.41
20240314160015,,49,16.75,8.19,12.47
20240314161015,,99,12.66,4.03,8.35
20240314162015,,48,14.26,10.36,12.31
20240314163015,,97,15.4,4.58,9.99
20240314164015,,47,23.19,2.48,12.84
20240314165015,,96,16.8,2.34,9.57
20240317090015,,10,186.91,231.44,209.18
20240317091015,,60,212.12,229.03,220.57
20240317092015,,9,310.54,366.21,338.38
20240317093015,,59,269.06,216.81,242.94
20240317094015,,8,453.94,245.83,349.88
20240317095015,,58,509.72,455.44,482.58
20240317100015,,5,448.07,514.16,481.12
20240317101015,,54,755.91,709.39,732.65
20240317102015,,3,633.91,385.67,509.79
20240317103015,,53,650.91,402.53,526.72
20240317104015,,2,1073.53,1075.51,1074.52
20240317105015,,52,982.06,1122.58,1052.32
20240317110015,,99,1361.35,1247.59,1304.47
20240317111015,,48,1387.59,1170.42,1279.01
20240317112015,,97,1371.44,1230.29,1300.87
20240317113015,,47,1428.24,1174.91,1301.58
20240317114015,,96,1399.17,1236.49,1317.83
20240317115015,,46,1407.5,1218.8,1313.15
20240317120015,,93,1400.7,1165.5,1283.1
20240317121015,,42,1375.32,1210.02,1292.67
20240317122015,,92,1421.16,1262.5,1341.83
20240317123015,,41,1306.59,1195.68,1251.13
20240317124015,,90,1308.08,1165.29,1236.68
20240317125015,,40,1329.66,1358.39,1344.03
20240317130015,,87,1402.05,1411.3,1406.67
20240317131015,,36,1421.56,1322.33,1371.94
20240317132015,,86,1429.84,1195.56,1312.7
20240317133015,,35,1351.17,1192.69,1271.93
20240317134015,,84,1328.1,1145.62,1236.86
20240317135015,,34,1398.19,1316.55,1357.37
20240317140015,,81,1476.74,1364.92,1420.83
20240317141015,,30,1295.07,1270.14,1282.61
20240317142015,,80,1164.6,1118.95,1141.78
20240317143015,,29,1020.22,1156.54,1088.38
20240317144015,,78,866.83,867.99,867.41
20240317145015,,28,1047.31,827.94,937.62
20240317150015,,75,729.58,734.77,732.18
20240317151015,,24,441.46,451.59,446.52
20240317152015,,74,65.16,43.38,54.27
20240317153015,,23,31.96,36.5,34.23
20240317154015,,73,0,20.12,10.06
20240317155015,,22,0,21.28,10.64
20240317160015,,69,0,6.99,3.5
20240317161015,,18,19.81,0,9.9
20240317162015,,68,0,0,0
20240317163015,,17,0,0,0
20240317164015,,67,51.23,0,25.61
20240317165015,,16,49.26,18.91,34.08
20240412090015,,34,0,10.44,5.22
20240412091015,,84,0,16.6,8.3
20240412092015,,33,31.78,52.22,42
20240412093015,,82,301.34,186.76,244.05
20240412094015,,32,799.59,494.94,647.26
20240412095015,,81,924.36,656.07,790.22
20240412100015,,28,992.52,430.82,711.67
20240412101015,,78,977.53,440.87,709.2
20240412102015,,27,864.91,368.71,616.81
20240412103015,,76,953.94,640.22,797.08
20240412104015,,26,829.45,1023.65,926.55
20240412105015,,75,851.43,1201.8,1026.62
20240412110015,,22,1271.86,1222.67,1247.26
20240412111015,,72,1177.84,1245.27,1211.55
20240412112015,,21,1206.23,1209.61,1207.92
20240412113015,,70,1202.44,1219.23,1210.84
20240412114015,,20,1347.87,1215.78,1281.82
20240412115015,,69,1199.87,1234.98,1217.42
20240412120015,,16,1174.02,1232.3,1203.16
20240412121015,,66,1392.53,1338.98,1365.76
20240412122015,,15,1343.45,1259.3,1301.38
20240412123015,,65,1271.68,1183.81,1227.74
20240412124015,,14,1271.5,1156.41,1213.95
20240412125015,,63,1238.54,1035.63,1137.09
20240412130015,,10,1128.84,1009.99,1069.41
20240412131015,,60,1142.18,1011.52,1076.85
20240412132015,,9,1248.02,958.18,1103.1
20240412133015,,59,1306.4,890.02,1098.21
20240412134015,,8,1150.09,771.83,960.96
20240412135015,,57,1003.5,343.51,673.5
20240412140015,,4,1208.86,737.96,973.41
20240412141015,,54,885.76,375.91,630.84
20240412142015,,3,566.78,295.27,431.02
20240412143015,,53,415.7,394.33,405.02
20240412144015,,2,448.01,326.7,387.36
20240412145015,,51,115.65,122.87,119.26
20240412150015,,99,61.47,89.72,75.6
20240412151015,,48,72.78,199.34,136.06
20240412152015,,97,57.45,109.68,83.56
20240412153015,,47,79.74,61.2,70.47
20240412154015,,96,58.68,96.91,77.8
20240412155015,,46,36.28,44.4,40.34
20240412160015,,93,74.65,32.61,53.63
20240412161015,,42,47.42,40.85,44.14
20240412162015,,91,58.03,66.66,62.34
20240412163015,,41,64.68,56.27,60.48
20240412164015,,90,50.22,38.7,44.46
20240412165015,,40,42.03,24.27,33.15
20240518090015,,30,60.12,28.31,44.21
20240518091015,,79,88.9,83.35,86.12
20240518092015,,29,153.19,99.27,126.23
20240518093015,,78,358.54,592.89,475.72
20240518094015,,28,433.13,240,336.56
20240518095015,,77,258.49,380.27,319.38
20240518100015,,24,605.71,279.33,442.52
20240518101015,,73,613.95,267.53,440.74
20240518102015,,23,535.91,356.18,446.04
20240518103015,,72,653.55,533.25,593.4
20240518104015,,22,927.87,707.83,817.85
20240518105015,,71,1022.71,1074.55,1048.63
20240518110015,,18,1351.04,1113.26,1232.15
20240518111015,,68,1257.05,1141.61,1199.33
20240518112015,,17,1278.93,1072.65,1175.79
20240518113015,,66,1332.01,1061.24,1196.62
20240518114015,,16,1221.25,1080.12,1150.68
20240518115015,,65,1343.88,1116.47,1230.18
20240518120015,,12,1347.94,1261.18,1304.56
20240518121015,,62,1310.1,1178.6,1244.35
20240518122015,,11,1374.27,1215.28,1294.78
20240518123015,,60,1281.99,1226.18,1254.09
20240518124015,,10,1368.54,1215.72,1292.13
20240518125015,,59,1423.35,1184.49,1303.92
20240518130015,,6,1397.12,1141.1,1269.11
20240518131015,,56,1415.03,1114.4,1264.72
20240518132015,,5,1270.76,1005.95,1138.36
20240518133015,,54,1247.78,983.76,1115.77
20240518134015,,4,1206.92,970.69,1088.81
20240518135015,,53,1176.58,941.91,1059.24
20240518140015,,0,1228.38,911.19,1069.79
20240518141015,,50,1282.72,985.19,1133.95
20240518142015,,99,1345.32,1012.99,1179.15
20240518143015,,49,1291.58,1023.72,1157.65
20240518144015,,98,796.63,556.16,676.4
20240518145015,,47,681.03,698.7,689.86
20240518150015,,94,544.95,666.15,605.55
20240518151015,,44,370.09,95.29,232.69
20240518152015,,93,132.9,148.06,140.48
20240518153015,,43,116.72,92.63,104.67
20240518154015,,92,74.28,46.51,60.39
20240518155015,,41,80.62,26.9,53.76
20240518160015,,88,100.06,33.13,66.6
20240518161015,,38,31.32,41.12,36.22
20240518162015,,87,61.7,33.95,47.83
20240518163015,,37,89.55,27.56,58.56
20240518164015,,86,84.58,14.05,49.31
20240518165015,,35,10.72,27.08,18.9
20240530090015,,9,11.97,22.53,17.25
20240530091015,,58,69.26,70.2,69.73
20240530092015,,8,89.11,124.87,106.99
20240530093015,,57,393.46,260.1,326.78
20240530094015,,6,268.33,277.34,272.84
20240530095015,,56,269.52,467.88,368.7
20240530100015,,3,542.21,461.82,502.02
20240530101015,,52,646.55,476.05,561.3
20240530102015,,2,675.87,634.63,655.25
20240530103015,,51,868.01,761.26,814.64
20240530104015,,0,975.06,1259.12,1117.09
20240530105015,,50,965.52,1254.36,1109.94
20240530110015,,97,1242.11,1100.95,1171.53
20240530111015,,46,1337.8,1188.14,1262.97
20240530112015,,96,1257.09,1271.12,1264.11
20240530113015,,45,1241.45,1223,1232.22
20240530114015,,95,1309.99,1255.95,1282.97
20240530115015,,44,1236.84,1232.49,1234.66
20240530120015,,91,1357.83,1237.63,1297.73
20240530121015,,40,1231.45,1223.85,1227.65
20240530122015,,90,1375.28,1314.76,1345.02
20240530123015,,39,1367.18,1488.04,1427.61
20240530124015,,89,1476.37,1467.16,1471.76
20240530125015,,38,1350.49,1299.77,1325.13
20240530130015,,85,1377.82,1357.06,1367.44
20240530131015,,34,1329.51,1097.36,1213.43
20240530132015,,84,1290.27,1164.86,1227.57
20240530133015,,33,1302.22,1037.35,1169.78
20240530134015,,83,1493.87,1221,1357.43
20240530135015,,32,1426.35,1157.33,1291.84
20240530140015,,79,1411.95,1132.38,1272.16
20240530141015,,28,1367.23,1094.22,1230.72
20240530142015,,78,1372.88,1086.64,1229.76
20240530143015,,27,1467.1,1199.61,1333.36
20240530144015,,77,1352.51,1103.08,1227.8
20240530145015,,26,1325.88,1126.41,1226.14
20240530150015,,73,1283.41,1064.7,1174.06
20240530151015,,23,918.5,1066.63,992.57
20240530152015,,72,488.11,661.12,574.62
20240530153015,,21,117.45,279.97,198.71
20240530154015,,71,107.85,248.47,178.16
20240530155015,,20,15.85,255.42,135.64
20240530160015,,67,64.05,144.53,104.29
20240530161015,,17,80.46,29.18,54.82
20240530162015,,66,66.76,46.6,56.68
20240530163015,,15,0,26.37,13.19
20240530164015,,65,51.08,36.52,43.8
20240530165015,,14,54.15,0,27.08
20240605090015,,1,50.4,46.39,48.39
20240605091015,,50,89.18,87,88.09
20240605092015,,0,79.6,71.71,75.66
20240605093015,,49,302.37,173.14,237.76
20240605094015,,99,602.2,449.72,525.96
20240605095015,,48,714.8,459.74,587.27
20240605100015,,95,734.02,545,639.51
20240605101015,,45,730.64,600.36,665.5
20240605102015,,94,857.86,503.85,680.86
20240605103015,,43,915.36,784.6,849.98
20240605104015,,93,941.59,1164.61,1053.1
20240605105015,,42,1044.62,1207.62,1126.12
20240605110015,,89,1452.99,1304.12,1378.55
20240605111015,,39,1487.55,1329.94,1408.74
20240605112015,,88,1431.1,1341.23,1386.16
20240605113015,,37,1431.12,1264.41,1347.76
20240605114015,,87,1416.98,1242.38,1329.68
20240605115015,,36,1281.15,1273.44,1277.3
20240605120015,,83,1323.91,1350.78,1337.35
20240605121015,,33,1256.26,1228.38,1242.32
20240605122015,,82,1284.87,1222.54,1253.7
20240605123015,,32,1310.5,1234.52,1272.51
20240605124015,,81,1357.33,1233.93,1295.63
20240605125015,,30,1361.57,1186.37,1273.97
20240605130015,,77,1318.01,1199.18,1258.6
20240605131015,,27,1293.42,1299.07,1296.24
20240605132015,,76,1275.11,1312.92,1294.01
20240605133015,,26,1155.3,1078.57,1116.93
20240605134015,,75,1017.28,1063.05,1040.16
20240605135015,,24,1208.42,1200.26,1204.34
20240605140015,,71,1059.38,1015.78,1037.58
20240605141015,,21,690.2,853.72,771.96
20240605142015,,70,664.71,980.12,822.42
20240605143015,,20,770.6,1004.21,887.4
20240605144015,,69,1094.14,1180.9,1137.52
20240605145015,,18,570.09,955.42,762.76
20240605150015,,65,219.66,405.65,312.65
20240605151015,,15,134.92,244.1,189.51
20240605152015,,64,46.6,127.36,86.98
20240605153015,,14,12.53,121.77,67.15
20240605154015,,63,58.91,73.36,66.13
20240605155015,,13,75.11,105.95,90.53
20240605160015,,60,21.36,63.66,42.51
20240605161015,,9,0,57.19,28.59
20240605162015,,58,38.94,54.69,46.81
20240605163015,,8,65.08,38.11,51.59
20240605164015,,57,129.46,48.38,88.92
20240605165015,,7,91.02,24.62,57.82
20240704090015,,51,56.07,1.34,28.71
20240704091015,,0,46.28,4.33,25.3
20240704092015,,50,53.63,6.47,30.05
20240704093015,,99,8.2,22.3,15.25
20240704094015,,49,364.51,268.13,316.32
20240704095015,,98,296.46,247.08,271.77
20240704100015,,45,313.1,309.4,311.25
20240704101015,,94,343.57,379,361.28
20240704102015,,44,485.09,377.6,431.35
20240704103015,,93,684.85,542.14,613.5
20240704104015,,43,701.22,456.56,578.89
20240704105015,,92,722.86,673.13,698
20240704110015,,39,1171.43,849.14,1010.29
20240704111015,,89,1170.03,836.87,1003.45
20240704112015,,38,1041.65,863.82,952.74
20240704113015,,87,1293.29,1340.75,1317.02
20240704114015,,37,1315.99,897.47,1106.73
20240704115015,,86,1341.38,916.77,1129.08
20240704120015,,33,1371.16,985.51,1178.34
20240704121015,,83,1413.69,910.19,1161.94
20240704122015,,32,1369.59,1353.07,1361.33
20240704123015,,81,1222.53,1320.35,1271.44
20240704124015,,31,1281.46,1292.43,1286.95
20240704125015,,80,1226.93,1308.54,1267.74
20240704130015,,27,1280.87,1012.53,1146.7
20240704131015,,77,1260.08,1015.31,1137.69
20240704132015,,26,1296.26,1210.9,1253.58
20240704133015,,75,1181.7,1165.81,1173.76
20240704134015,,25,1218.24,1175.35,1196.8
20240704135015,,74,1266.76,1150.71,1208.74
20240704140015,,21,1227.88,1240.76,1234.32
20240704141015,,71,921.04,907.66,914.35
20240704142015,,20,749.83,779.6,764.72
20240704143015,,70,753.57,694.9,724.24
20240704144015,,19,259.32,177.93,218.62
20240704145015,,68,50.83,98.49,74.66
20240704150015,,15,108.65,70.48,89.56
20240704151015,,65,79.83,38.1,58.97
20240704152015,,14,67.48,3,35.24
20240704153015,,64,13.34,3.89,8.62
20240704154015,,13,10.38,4.88,7.63
20240704155015,,62,0,4.28,2.14
20240704160015,,9,6.29,5.4,5.85
20240704161015,,59,2.89,1.33,2.11
20240704162015,,8,2.83,3.31,3.07
20240704163015,,58,2.15,2.93,2.54
20240704164015,,7,2.05,2.89,2.47
20240704165015,,56,1.67,2.63,2.15
20240316090016,,4,26.04,29.83,27.93
20240316091016,,53,35.57,3.86,19.72
20240316092016,,3,29.69,26.03,27.86
20240316093016,,52,87.65,39.14,63.4
20240316094016,,2,163.14,190.37,176.76
20240316095016,,51,163.68,382.75,273.22
20240316100016,,98,364.99,487.49,426.24
20240316101016,,47,336.92,435.13,386.02
20240316102016,,97,374.11,602.96,488.54
20240316103016,,46,452.59,498.79,475.69
20240316104016,,96,578.06,597.65,587.86
20240316105016,,45,956.18,944.31,950.24
20240316110016,,92,1355.51,1060.85,1208.18
20240316111016,,42,1343,976.87,1159.93
20240316112016,,91,1221.6,1006.81,1114.2
20240316113016,,40,1126.01,943.07,1034.54
20240316114016,,90,909.13,936.25,922.69
20240316115016,,39,875.77,891.86,883.82
20240316120016,,86,981.68,960.01,970.84
20240316121016,,36,923.1,861.14,892.12
20240316122016,,85,920.4,824.81,872.6
20240316123016,,34,963.95,1021.93,992.94
20240316124016,,84,993.93,1043.93,1018.93
20240316125016,,33,912.26,971.29,941.78
20240316130016,,80,892.4,790.52,841.46
20240316131016,,30,390.65,228.73,309.69
20240316132016,,79,626.22,352.03,489.12
20240316133016,,28,842.94,670.01,756.48
20240316134016,,78,319.37,220.85,270.11
20240316135016,,27,326.73,95.65,211.19
20240316140016,,74,220.9,87.51,154.21
20240316141016,,24,210.19,83.15,146.67
20240316142016,,73,143.3,46.33,94.82
20240316143016,,23,128.34,81.91,105.12
20240316144016,,72,257.78,411.21,334.5
20240316145016,,21,109.45,50.48,79.97
20240316150016,,68,84.2,51.67,67.94
20240316151016,,18,70.22,25.44,47.83
20240316152016,,67,53.61,22.95,38.28
20240316153016,,17,48.63,12.07,30.35
20240316154016,,66,61.39,0,30.7
20240316155016,,15,43.15,5.05,24.1
20240316160016,,62,54.25,0,27.12
20240316161016,,12,41.36,0,20.68
20240316162016,,61,51.89,0.15,26.02
20240316163016,,11,50.69,2.74,26.72
20240316164016,,60,40.79,0,20.4
20240316165016,,9,0,0,0
20240322090016,,43,45.46,0,22.73
20240322091016,,93,43.42,40.26,41.84
20240322092016,,42,24.64,71.93,48.29
20240322093016,,92,0,77.54,38.77
20240322094016,,41,0,35.4,17.7
20240322095016,,90,3.43,44.28,23.86
20240322100016,,37,52.67,46.95,49.81
20240322101016,,87,104.41,95.31,99.86
20240322102016,,36,128.78,177.51,153.14
20240322103016,,86,94.8,219.54,157.17
20240322104016,,35,71.41,217.63,144.52
20240322105016,,84,100.25,285.81,193.03
20240322110016,,31,353.89,444.69,399.29
20240322111016,,81,337.52,507.95,422.74
20240322112016,,30,362.37,529.51,445.94
20240322113016,,80,321.68,550.32,436
20240322114016,,29,287.03,609.82,448.42
20240322115016,,79,435.6,598.94,517.27
20240322120016,,26,508.12,532.42,520.27
20240322121016,,75,52.12,240.59,146.35
20240322122016,,24,271.19,310.8,291
20240322123016,,74,107,186.52,146.76
20240322124016,,23,157.02,180.63,168.82
20240322125016,,73,133.06,178.48,155.77
20240322130016,,20,120.04,151.55,135.8
20240322131016,,69,67.77,110.69,89.23
20240322132016,,18,70.27,1.59,35.93
20240322133016,,68,57.6,36.88,47.24
20240322134016,,17,47.17,36.42,41.8
20240322135016,,67,18.06,24.55,21.3
20240322140016,,14,3.85,27.22,15.54
20240322141016,,63,9.73,36.73,23.23
20240322142016,,13,14.57,27.05,20.81
20240322143016,,62,7.93,21.77,14.85
20240322144016,,11,15.74,20.3,18.02
20240322145016,,61,5.11,12.11,8.61
20240322150016,,8,0,0,0
20240322151016,,57,0,4.42,2.21
20240322152016,,7,0,0,0
20240322153016,,56,4.21,0,2.1
20240322154016,,5,9.74,0,4.87
20240322155016,,55,0.3,0,0.15
20240322160016,,2,0,0,0
20240322161016,,51,0,19.61,9.8
20240322162016,,1,0,22.64,11.32
20240322163016,,50,0,10.72,5.36
20240322164016,,99,0,18.28,9.14
20240322165016,,49,0,0,0
20240414090016,,47,17.88,10.62,14.25
20240414091016,,97,25.57,16.17,20.87
20240414092016,,46,24.89,14.12,19.5
20240414093016,,96,25.81,10.83,18.32
20240414094016,,45,38.38,25.79,32.08
20240414095016,,94,47.04,34.71,40.88
20240414100016,,41,51.31,42.19,46.75
20240414101016,,91,109.84,89.19,99.52
20240414102016,,40,119.08,110.33,114.7
20240414103016,,90,529.23,491.94,510.59
20240414104016,,39,537.02,540.1,538.56
20240414105016,,88,324.71,507.41,416.06
20240414110016,,35,510.84,623.91,567.38
20240414111016,,85,209.04,135.79,172.42
20240414112016,,34,117.94,129.05,123.5
20240414113016,,84,95.26,132.51,113.88
20240414114016,,33,87.8,251.17,169.48
20240414115016,,82,55.02,292.91,173.96
20240414120016,,,95.36,295.04,195.2
20240414121016,,79,111.52,331.08,221.3
20240414122016,,28,109.61,293.75,201.68
20240414123016,,78,93.37,272.55,182.96
20240414124016,,27,62.57,215.69,139.13
20240414125016,,77,82.24,206.58,144.41
20240414130016,,24,63.63,207.28,135.46
20240414131016,,73,31,39.84,35.42
20240414132016,,22,31.7,27.56,29.63
20240414133016,,72,17.01,37.07,27.04
20240414134016,,21,14.11,22.68,18.4
20240414135016,,71,0,53.73,26.86
20240414140016,,18,0,68.3,34.15
20240414141016,,67,8.99,47.47,28.23
20240414142016,,16,10.33,19.58,14.95
20240414143016,,66,12.23,0,6.12
20240414144016,,15,11.06,0,5.53
20240414145016,,65,9.8,0,4.9
20240414150016,,12,12.66,0,6.33
20240414151016,,61,9.34,0,4.67
20240414152016,,11,13.65,0,6.82
20240414153016,,60,7.7,0,3.85
20240414154016,,9,4.4,0,2.2
20240414155016,,59,9.15,0,4.58
20240414160016,,6,20.86,0,10.43
20240414161016,,55,5.57,0,2.79
20240414162016,,5,9.6,0,4.8
20240414163016,,54,8.22,0,4.11
20240414164016,,3,6.04,0,3.02
20240414165016,,53,3.23,0,1.61
20240422090016,,0,57.88,36.31,47.09
20240422091016,,49,53.01,45.78,49.39
20240422092016,,99,65.67,30.66,48.16
20240422093016,,48,73.03,31.34,52.19
20240422094016,,97,112.34,44.67,78.5
20240422095016,,47,116.91,39.66,78.28
20240422100016,,94,133.15,42.24,87.7
20240422101016,,43,358.77,552.67,455.72
20240422102016,,93,228.61,69.04,148.83
20240422103016,,42,174.35,64.77,119.56
20240422104016,,92,194.4,69.55,131.98
20240422105016,,41,412.07,255.46,333.76
20240422110016,,88,518.09,271.8,394.95
20240422111016,,37,517.19,358.26,437.72
20240422112016,,87,556.87,504.52,530.69
20240422113016,,36,537.06,491.69,514.38
20240422114016,,86,547.05,560.18,553.62
20240422115016,,35,500.68,588.83,544.76
20240422120016,,82,542.01,780.15,661.08
20240422121016,,31,492.2,635.64,563.92
20240422122016,,81,394.2,651.52,522.86
20240422123016,,30,414.79,625.38,520.08
20240422124016,,80,264.64,560.51,412.58
20240422125016,,29,244.26,205.69,224.98
20240422130016,,76,245.86,243.61,244.74
20240422131016,,25,202.34,299.09,250.71
20240422132016,,75,251.2,316.3,283.75
20240422133016,,24,275.76,271.02,273.39
20240422134016,,74,267.85,229.33,248.59
20240422135016,,23,264.17,97.09,180.63
20240422140016,,70,20.35,7.62,13.99
20240422141016,,20,40.07,0,20.04
20240422142016,,69,9.26,5.62,7.44
20240422143016,,18,22.49,14.73,18.61
20240422144016,,68,22.25,6.49,14.37
20240422145016,,17,16.53,8.67,12.6
20240422150016,,64,11.87,6.3,9.08
20240422151016,,14,12.86,16.21,14.54
20240422152016,,63,11.2,0,5.6
20240422153016,,12,10.61,0,5.3
20240422154016,,62,11.82,0,5.91
20240422155016,,11,6.78,0,3.39
20240422160016,,58,6.73,0,3.37
20240422161016,,8,5.36,0,2.68
20240422162016,,57,3.52,0,1.76
20240422163016,,7,3.06,0,1.53
20240422164016,,56,3.39,0.37,1.88
20240422165016,,5,6.61,0,3.31
20240513090016,,97,15.98,35.03,25.51
20240513091016,,47,18.4,29.17,23.78
20240513092016,,96,27.76,27.24,27.5
20240513093016,,45,28.18,35.36,31.77
20240513094016,,95,42.92,49.28,46.1
20240513095016,,44,58.59,17.29,37.94
20240513100016,,91,66.82,29.76,48.29
20240513101016,,41,49.43,25.93,37.68
20240513102016,,90,47.01,26.02,36.52
20240513103016,,39,46.74,31.32,39.03
20240513104016,,89,35.89,59.77,47.83
20240513105016,,38,32.25,50.78,41.52
20240513110016,,85,31.08,48.49,39.78
20240513111016,,35,11.64,25.02,18.33
20240513112016,,84,15.45,28.22,21.84
20240513113016,,34,7.5,40.64,24.07
20240513114016,,83,11.72,51.72,31.72
20240513115016,,32,10.01,37.16,23.58
20240513120016,,79,2.18,30.26,16.22
20240513121016,,29,12.09,38.27,25.18
20240513122016,,78,10.85,33.41,22.13
20240513123016,,28,8.49,44.3,26.4
20240513124016,,77,9.87,34.82,22.34
20240513125016,,26,0,24.44,12.22
20240513130016,,73,18.44,44.34,31.39
20240513131016,,23,14.76,55.45,35.11
20240513132016,,72,20.69,33.98,27.34
20240513133016,,22,0,42.52,21.26
20240513134016,,71,0,25.45,12.72
20240513135016,,20,0,27.26,13.63
20240513140016,,68,0,5.06,2.53
20240513141016,,17,22.15,5.8,13.97
20240513142016,,66,0,7.68,3.84
20240513143016,,16,6.49,10.62,8.55
20240513144016,,65,7.69,7.81,7.75
20240513145016,,15,7.64,7.53,7.58
20240513150016,,62,7.1,4.44,5.77
20240513151016,,11,5.4,0,2.7
20240513152016,,60,0,0,0
20240513153016,,10,0,0,0
20240513154016,,59,0,0,0
20240513155016,,9,0,0,0
20240513160016,,56,2.23,0,1.11
20240513161016,,5,0,0,0
20240513162016,,54,0,0,0
20240513163016,,4,5.92,0,2.96
20240513164016,,53,8.04,0,4.02
20240513165016,,3,7.58,0,3.79
20240517090016,,23,26.98,39.49,33.24
20240517091016,,73,91.98,61.58,76.78
20240517092016,,22,38.08,39.96,39.02
20240517093016,,72,49.56,64.28,56.92
20240517094016,,21,93.2,66.44,79.82
20240517095016,,70,404.62,167.02,285.82
20240517100016,,18,591.11,801.59,696.35
20240517101016,,67,722.23,1021.18,871.7
20240517102016,,16,774.1,984.03,879.07
20240517103016,,66,579.12,479.3,529.21
20240517104016,,15,804.08,1020.02,912.05
20240517105016,,65,789.54,882.34,835.94
20240517110016,,12,672.05,464.8,568.42
20240517111016,,61,570.01,404.25,487.13
20240517112016,,10,408.41,211.92,310.16
20240517113016,,60,45.42,149.26,97.34
20240517114016,,9,131.92,281.97,206.94
20240517115016,,59,194.1,316.94,255.52
20240517120016,,6,319.08,390.72,354.9
20240517121016,,55,303.1,373.16,338.13
20240517122016,,4,172.36,319.14,245.75
20240517123016,,54,160.11,289.14,224.62
20240517124016,,3,135.27,294.64,214.95
20240517125016,,53,117.54,248.77,183.16
20240517130016,,0,143.29,244.63,193.96
20240517131016,,49,59.61,215.87,137.74
20240517132016,,99,44.5,157.8,101.15
20240517133016,,48,75.09,189.22,132.16
20240517134016,,97,71.58,172.75,122.16
20240517135016,,47,51.44,59.17,55.3
20240517140016,,94,7.63,15.72,11.68
20240517141016,,43,24.37,11.04,17.7
20240517142016,,93,19.15,11.16,15.15
20240517143016,,42,8.09,5.13,6.61
20240517144016,,91,9.93,0,4.96
20240517145016,,41,4.32,0,2.16
20240517150016,,88,4.38,1.92,3.15
20240517151016,,37,0.9,2.86,1.88
20240517152016,,87,1.63,4.77,3.2
20240517153016,,36,0,5.23,2.62
20240517154016,,85,0,6.11,3.06
20240517155016,,35,8.09,7.52,7.8
20240517160016,,82,0.61,1.37,0.99
20240517161016,,31,0,0,0
20240517162016,,81,1.9,0.97,1.44
20240517163016,,30,2.95,0.04,1.5
20240517164016,,80,0.46,0,0.23
20240517165016,,29,1.64,0,0.82
20240519090016,,37,143.68,36.33,90
20240519091016,,86,96.24,15.42,55.83
20240519092016,,35,129.15,24.42,76.78
20240519093016,,85,192.77,102.5,147.64
20240519094016,,34,214.89,113.65,164.27
20240519095016,,84,484.79,298.44,391.62
20240519100016,,31,669.79,592.94,631.36
20240519101016,,80,928.76,544.33,736.55
20240519102016,,29,882.61,552.17,717.39
20240519103016,,79,891.61,520.79,706.2
20240519104016,,28,1054.69,773.71,914.2
20240519105016,,78,1044.62,716.81,880.71
20240519110016,,25,1182.87,921.09,1051.98
20240519111016,,74,1451.4,1192.36,1321.88
20240519112016,,24,1358.77,1229.57,1294.17
20240519113016,,73,1403.57,1190.46,1297.01
20240519114016,,22,1416.08,1193.72,1304.9
20240519115016,,72,1377.14,1172.44,1274.79
20240519120016,,19,1405.91,1266.48,1336.2
20240519121016,,68,1354.48,1276.19,1315.34
20240519122016,,18,1371.18,1172.9,1272.04
20240519123016,,67,1350.21,1114.55,1232.38
20240519124016,,16,1429.07,1166.78,1297.92
20240519125016,,66,1515.51,1164.1,1339.8
20240519130016,,13,1475.92,1203.1,1339.51
20240519131016,,62,1428.09,1152.18,1290.13
20240519132016,,12,1432.84,1216.79,1324.82
20240519133016,,61,1449.98,1073.48,1261.73
20240519134016,,10,1391.1,995.48,1193.29
20240519135016,,60,1204.16,1056.57,1130.37
20240519140016,,7,1203.54,1033.23,1118.38
20240519141016,,56,1260.3,1123.85,1192.07
20240519142016,,6,1059.3,1140.02,1099.66
20240519143016,,55,719.78,686.74,703.26
20240519144016,,5,363.51,523.37,443.44
20240519145016,,54,179.7,87.42,133.56
20240519150016,,1,122.73,69.61,96.17
20240519151016,,50,61.43,58.42,59.92
20240519152016,,0,87.66,64.59,76.12
20240519153016,,49,80.98,60.45,70.72
20240519154016,,99,128.38,63.13,95.75
20240519155016,,48,34.96,38.41,36.69
20240519160016,,95,55.87,13.19,34.53
20240519161016,,44,50.37,33.52,41.94
20240519162016,,94,26.34,18.03,22.19
20240519163016,,43,67.14,15.52,41.33
20240519164016,,93,50.64,13.13,31.89
20240519165016,,42,48.44,7.98,28.21
20240608090016,,21,6.57,6.35,6.46
20240608091016,,70,11.32,6.03,8.68
20240608092016,,20,29.46,16.9,23.18
20240608093016,,69,36.74,31.59,34.16
20240608094016,,18,26.31,57.93,42.12
20240608095016,,68,26,67.61,46.8
20240608100016,,15,77.35,66.05,71.7
20240608101016,,64,270.68,702.11,486.4
20240608102016,,14,187.67,672.28,429.97
20240608103016,,63,264.91,699.21,482.06
20240608104016,,13,123.23,134.3,128.77
20240608105016,,62,123.7,248.24,185.97
20240608110016,,9,712.33,511.07,611.7
20240608111016,,58,264.88,320.15,292.52
20240608112016,,8,240.45,313.03,276.74
20240608113016,,57,222.61,302.75,262.68
20240608114016,,7,273.91,289.35,281.63
20240608115016,,56,264.85,256.41,260.63
20240608120016,,3,234.41,313.96,274.18
20240608121016,,52,24.79,124.15,74.47
20240608122016,,2,33.76,126.55,80.16
20240608123016,,51,10.24,0,5.12
20240608124016,,1,9.09,0,4.54
20240608125016,,50,10.74,0,5.37
20240608130016,,97,8.82,0,4.41
20240608131016,,47,12.59,0,6.3
20240608132016,,96,1.22,0,0.61
20240608133016,,45,6.03,0,3.02
20240608134016,,95,1.87,0,0.94
20240608135016,,44,4.55,0,2.28
20240608140016,,91,4.42,0,2.21
20240608141016,,41,0,0,0
20240608142016,,90,0,0,0
20240608143016,,39,20.47,0,10.23
20240608144016,,89,30.36,0,15.18
20240608145016,,38,29.03,0,14.52
20240608150016,,85,34.86,0,17.43
20240608151016,,35,13.81,0,6.9
20240608152016,,84,9.01,0,4.5
20240608153016,,33,1.48,0,0.74
20240608154016,,83,1.2,0,0.6
20240608155016,,32,0,0,0
20240608160016,,79,4.71,0,2.36
20240608161016,,29,1.27,0,0.64
20240608162016,,78,0,0,0
20240608163016,,28,3.47,0,1.74
20240608164016,,77,0,0,0
20240608165016,,26,9.09,4.08,6.58
20240629090016,,59,67.29,24.75,46.02
20240629091016,,8,37.24,22.52,29.88
20240629092016,,58,41.59,9.72,25.66
20240629093016,,7,58.19,12.52,35.35
20240629094016,,56,45.68,18.1,31.89
20240629095016,,6,37.36,31.9,34.63
20240629100016,,53,64.89,35.81,50.35
20240629101016,,2,150.77,71.2,110.99
20240629102016,,52,260.62,236.08,248.35
20240629103016,,1,661.56,491.36,576.46
20240629104016,,50,637.03,656.32,646.68
20240629105016,,0,839.85,748.1,793.98
20240629110016,,47,896.38,747.59,821.98
20240629111016,,96,885.7,848.81,867.26
20240629112016,,46,649.26,665.44,657.35
20240629113016,,95,652.54,489.89,571.21
20240629114016,,44,623.68,679.14,651.41
20240629115016,,94,1032.65,626.97,829.81
20240629120016,,41,1054.6,1044,1049.3
20240629121016,,90,621.16,743.32,682.24
20240629122016,,40,487.72,567.38,527.55
20240629123016,,89,438.83,633.75,536.29
20240629124016,,39,388.25,491.65,439.95
20240629125016,,88,293.5,495.53,394.52
20240629130016,,35,290.53,292.18,291.36
20240629131016,,84,328.17,156.44,242.3
20240629132016,,34,96.18,132.16,114.17
20240629133016,,83,20.78,144.83,82.81
20240629134016,,33,0,57.06,28.53
20240629135016,,82,0,31.13,15.56
20240629140016,,29,14.53,7.17,10.85
20240629141016,,78,12.79,0,6.39
20240629142016,,28,2.34,0,1.17
20240629143016,,77,2.34,0,1.17
20240629144016,,27,0,0,0
20240629145016,,76,24.93,0,12.46
20240629150016,,23,18.14,0,9.07
20240629151016,,72,0,0,0
20240629152016,,22,2.53,0,1.26
20240629153016,,71,0,0,0
20240629154016,,21,0,0,0
20240629155016,,70,3.66,0,1.83
20240629160016,,17,0,0,0
20240629161016,,67,2.45,0,1.23
20240629162016,,16,4.69,0,2.35
20240629163016,,65,2.89,0,1.45
20240629164016,,15,0,0,0
20240629165016,,64,0,0,0
20240123090017,,75,40.96,22.76,31.86
20240123091017,,69,21.25,3.61,12.43
20240123092017,,63,20.51,1.55,11.03
20240123093017,,57,0,29.5,14.75
20240123094017,,51,46.1,42.35,44.23
20240123095017,,45,1.88,19.18,10.53
20240123100017,,16,44.9,55.05,49.97
20240123101017,,10,287.99,556.04,422.02
20240123102017,,4,429.53,787.52,608.52
20240123103017,,98,694.36,741.15,717.76
20240123104017,,92,656.71,690.84,673.78
20240123105017,,86,616.62,742.55,679.58
20240123110017,,56,972.88,1149.03,1060.95
20240123111017,,50,1046.73,1302.9,1174.82
20240123112017,,45,1095.63,1344.2,1219.91
20240123113017,,39,1138.52,1322.45,1230.49
20240123114017,,33,1291.29,1211.46,1251.38
20240123115017,,27,1282.71,1308.04,1295.38
20240123120017,,97,1299.77,1244.98,1272.38
20240123121017,,91,1389.36,1282.55,1335.95
20240123122017,,85,1429.93,1192.93,1311.43
20240123123017,,79,1220.92,1142.42,1181.67
20240123124017,,73,1191.38,903.33,1047.36
20240123125017,,67,1121.72,879.7,1000.71
20240123130017,,38,930.61,745.77,838.19
20240123131017,,32,572.12,282.81,427.47
20240123132017,,26,397.65,156.2,276.92
20240123133017,,20,93.39,94.34,93.87
20240123134017,,14,107.72,59.62,83.67
20240123135017,,8,74.52,39.77,57.14
20240123140017,,78,85.45,55.81,70.63
20240123141017,,72,52.86,38.11,45.48
20240123142017,,66,49.32,28.73,39.02
20240123143017,,61,66.84,35.05,50.94
20240123144017,,55,36.52,19.89,28.21
20240123145017,,49,16.61,15.27,15.94
20240123150017,,19,22.53,11.33,16.93
20240123151017,,13,17.39,1.54,9.46
20240123152017,,7,14.99,2.05,8.52
20240123153017,,1,14,0,7
20240123154017,,95,10.63,0,5.32
20240123155017,,89,13.33,0,6.66
20240123160017,,60,11.88,0,5.94
20240123161017,,54,9.99,0,5
20240123162017,,48,8.25,0,4.12
20240123163017,,42,0.2,0,0.1
20240123164017,,36,4.44,0,2.22
20240123165017,,30,7.1,0,3.55
20240129090017,,69,15.98,35.03,25.51
20240129091017,,63,18.4,29.17,23.78
20240129092017,,57,27.76,27.24,27.5
20240129093017,,51,28.18,35.36,31.77
20240129094017,,45,42.92,49.28,46.1
20240129095017,,39,58.59,17.29,37.94
20240129100017,,10,66.82,29.76,48.29
20240129101017,,4,49.43,25.93,37.68
20240129102017,,98,47.01,26.02,36.52
20240129103017,,92,46.74,31.32,39.03
20240129104017,,86,35.89,59.77,47.83
20240129105017,,80,32.25,50.78,41.52
20240129110017,,50,31.08,48.49,39.78
20240129111017,,44,11.64,25.02,18.33
20240129112017,,38,15.45,28.22,21.84
20240129113017,,32,7.5,40.64,24.07
20240129114017,,27,11.72,51.72,31.72
20240129115017,,21,10.01,37.16,23.58
20240129120017,,91,2.18,30.26,16.22
20240129121017,,85,12.09,38.27,25.18
20240129122017,,79,10.85,33.41,22.13
20240129123017,,73,8.49,44.3,26.4
20240129124017,,67,9.87,34.82,22.34
20240129125017,,61,0,24.44,12.22
20240129130017,,32,18.44,44.34,31.39
20240129131017,,26,14.76,55.45,35.11
20240129132017,,20,20.69,33.98,27.34
20240129133017,,14,0,42.52,21.26
20240129134017,,8,0,25.45,12.72
20240129135017,,2,0,27.26,13.63
20240129140017,,72,0,5.06,2.53
20240129141017,,66,22.15,5.8,13.97
20240129142017,,60,0,7.68,3.84
20240129143017,,54,6.49,10.62,8.55
20240129144017,,49,7.69,7.81,7.75
20240129145017,,43,7.64,7.53,7.58
20240129150017,,13,7.1,4.44,5.77
20240129151017,,7,5.4,0,2.7
20240129152017,,1,0,0,0
20240129153017,,95,0,0,0
20240129154017,,89,0,0,0
20240129155017,,83,0,0,0
20240129160017,,54,2.23,0,1.11
20240129161017,,48,0,0,0
20240129162017,,42,0,0,0
20240129163017,,36,5.92,0,2.96
20240129164017,,30,8.04,0,4.02
20240129165017,,24,7.58,0,3.79
20240215090017,,14,7.19,13.41,10.3
20240215091017,,9,9.06,15.81,12.44
20240215092017,,3,9.85,14.5,12.18
20240215093017,,97,8.27,11.75,10.01
20240215094017,,91,10.8,13.51,12.16
20240215095017,,85,15.22,18.85,17.04
20240215100017,,55,38.37,35.21,36.79
20240215101017,,49,43.51,39.85,41.68
20240215102017,,43,96.75,90.23,93.49
20240215103017,,37,99.09,84.69,91.89
20240215104017,,31,158.14,85.88,122.01
20240215105017,,25,188.67,82.94,135.8
20240215110017,,96,299.84,110.21,205.02
20240215111017,,90,217.68,174.71,196.2
20240215112017,,84,795.4,928.58,861.99
20240215113017,,78,278.93,326.99,302.96
20240215114017,,72,193.16,369.5,281.33
20240215115017,,66,305.1,290.56,297.83
20240215120017,,36,334.42,306.28,320.35
20240215121017,,31,247.72,313.55,280.64
20240215122017,,25,251.06,263.48,257.27
20240215123017,,19,244.29,251.95,248.12
20240215124017,,13,226.47,243.14,234.8
20240215125017,,7,258.3,176.72,217.51
20240215130017,,77,222.77,161.71,192.24
20240215131017,,71,169.45,166.95,168.2
20240215132017,,65,16.9,250.19,133.54
20240215133017,,59,27.94,245.63,136.78
20240215134017,,53,33.55,72.9,53.23
20240215135017,,47,28.65,28.69,28.67
20240215140017,,18,37.83,20.35,29.09
20240215141017,,12,40.62,29.51,35.06
20240215142017,,6,27.78,19.77,23.77
20240215143017,,0,17.19,13.12,15.16
20240215144017,,94,13.19,16.01,14.6
20240215145017,,88,9.48,6.85,8.16
20240215150017,,58,12.06,6.59,9.32
20240215151017,,53,11.55,10.09,10.82
20240215152017,,47,13.1,8.86,10.98
20240215153017,,41,14.13,4.61,9.37
20240215154017,,35,23.65,13.78,18.72
20240215155017,,29,14.36,0,7.18
20240215160017,,99,26.45,0,13.22
20240215161017,,93,11.16,0,5.58
20240215162017,,87,8.74,0,4.37
20240215163017,,81,7.23,0,3.62
20240215164017,,75,4.47,0,2.23
20240215165017,,69,5.99,0,3
20240218090017,,11,230.25,276.62,253.44
20240218091017,,6,280.87,455.21,368.04
20240218092017,,0,300.42,433.7,367.06
20240218093017,,94,178.06,490.5,334.28
20240218094017,,88,512.92,514.44,513.68
20240218095017,,82,518.59,677.29,597.94
20240218100017,,52,672.3,847.3,759.8
20240218101017,,46,686.06,937.46,811.76
20240218102017,,40,962.33,898.29,930.31
20240218103017,,34,1069.54,1027.04,1048.29
20240218104017,,28,1097.54,959.08,1028.31
20240218105017,,22,1157.85,1221.36,1189.61
20240218110017,,93,1287.73,1313.26,1300.49
20240218111017,,87,1166.98,1202.76,1184.87
20240218112017,,81,1353.91,1276.76,1315.34
20240218113017,,75,1176.78,1331.45,1254.12
20240218114017,,69,1128.97,1190.58,1159.78
20240218115017,,63,1242.94,1184.9,1213.92
20240218120017,,33,1275.16,1084.88,1180.02
20240218121017,,27,1192.82,1115.65,1154.24
20240218122017,,22,1034.12,1095.01,1064.57
20240218123017,,16,912.19,1008.5,960.34
20240218124017,,10,999.41,968.29,983.85
20240218125017,,4,886.09,974.91,930.5
20240218130017,,74,858.83,1020.46,939.64
20240218131017,,68,885.99,1060.52,973.26
20240218132017,,62,1056.28,1082.61,1069.44
20240218133017,,56,960.92,970.68,965.8
20240218134017,,50,876.56,949.22,912.89
20240218135017,,44,918.33,993.68,956
20240218140017,,15,1100.68,1094.55,1097.62
20240218141017,,9,854.59,812.03,833.31
20240218142017,,3,869.05,529.72,699.38
20240218143017,,97,682.39,437.07,559.73
20240218144017,,91,122.48,183.24,152.86
20240218145017,,85,67.36,153.38,110.37
20240218150017,,55,9.94,33.46,21.7
20240218151017,,49,38.25,25.59,31.92
20240218152017,,44,1.61,10.96,6.28
20240218153017,,38,6.63,4.45,5.54
20240218154017,,32,1.11,5.28,3.2
20240218155017,,26,16.95,7.87,12.41
20240218160017,,96,16.75,8.19,12.47
20240218161017,,90,12.66,4.03,8.35
20240218162017,,84,14.26,10.36,12.31
20240218163017,,78,15.4,4.58,9.99
20240218164017,,72,23.19,2.48,12.84
20240218165017,,66,16.8,2.34,9.57
20240305090017,,32,104.78,17.51,61.15
20240305091017,,81,73.71,21.39,47.55
20240305092017,,31,79.93,28.98,54.46
20240305093017,,80,75.08,88.1,81.59
20240305094017,,29,760.53,547.89,654.21
20240305095017,,79,808.35,563.65,686
20240305100017,,26,534.89,266.9,400.9
20240305101017,,75,672.6,663.62,668.11
20240305102017,,25,768.57,739.43,754
20240305103017,,74,733.07,668.64,700.86
20240305104017,,24,1006.69,745.63,876.16
20240305105017,,73,928.24,1082.96,1005.6
20240305110017,,20,1206.09,654.03,930.06
20240305111017,,69,1090.45,586.2,838.32
20240305112017,,19,1147.96,718.23,933.1
20240305113017,,68,1055.97,529.38,792.68
20240305114017,,18,1105.98,438.28,772.13
20240305115017,,67,1085.61,483.22,784.42
20240305120017,,14,1021.63,504.16,762.9
20240305121017,,63,1049.73,668.48,859.1
20240305122017,,13,928.52,739.12,833.82
20240305123017,,62,979.37,727.15,853.26
20240305124017,,12,1058.74,629.09,843.92
20240305125017,,61,1012.04,785.92,898.98
20240305130017,,8,997.92,1154.88,1076.4
20240305131017,,57,1129.4,1170.35,1149.88
20240305132017,,7,957.52,947.56,952.54
20240305133017,,56,965.59,952.47,959.03
20240305134017,,6,933.83,1001.69,967.76
20240305135017,,55,1107.97,989.6,1048.79
20240305140017,,2,1035.68,861,948.34
20240305141017,,52,1012.5,714.1,863.3
20240305142017,,1,858.35,701.2,779.78
20240305143017,,50,968.57,766.32,867.44
20240305144017,,0,916.58,801.02,858.8
20240305145017,,49,1009.92,858.93,934.42
20240305150017,,96,804.56,758.78,781.67
20240305151017,,46,0,270.58,135.29
20240305152017,,95,20.91,93.04,56.98
20240305153017,,44,49.59,49.39,49.49
20240305154017,,94,81.71,38.07,59.89
20240305155017,,43,56.6,28.08,42.34
20240305160017,,90,61.05,16.44,38.74
20240305161017,,40,34.66,9.42,22.04
20240305162017,,89,36.82,9.57,23.2
20240305163017,,38,12,0,6
20240305164017,,88,33.35,14.5,23.92
20240305165017,,37,21.42,3.46,12.44
20240309090017,,58,70.16,0,35.08
20240309091017,,7,17.01,17.24,17.12
20240309092017,,57,115.6,138.54,127.07
20240309093017,,6,442.59,181.72,312.15
20240309094017,,56,436.1,533.23,484.66
20240309095017,,5,626.74,611.91,619.32
20240309100017,,52,478.45,342.38,410.41
20240309101017,,2,380.02,243.2,311.61
20240309102017,,51,361.15,609.29,485.22
20240309103017,,0,658.48,634.46,646.47
20240309104017,,50,678.98,1289.43,984.2
20240309105017,,99,714.01,1292.59,1003.3
20240309110017,,46,1075.51,1200.3,1137.9
20240309111017,,96,1196.53,1224.47,1210.5
20240309112017,,45,1263.06,1231.37,1247.21
20240309113017,,94,1270.45,1170.15,1220.3
20240309114017,,44,1205.64,1245.8,1225.72
20240309115017,,93,955.59,1098.24,1026.91
20240309120017,,40,1081.92,1235.96,1158.94
20240309121017,,90,1170.29,1246.49,1208.39
20240309122017,,39,1452.19,1254.21,1353.2
20240309123017,,88,1505.43,1442.15,1473.79
20240309124017,,38,1576,1430.11,1503.05
20240309125017,,87,1678,1341.82,1509.91
20240309130017,,34,1523.71,1359.11,1441.41
20240309131017,,84,1448.47,1405.35,1426.91
20240309132017,,33,1534.61,1442.9,1488.76
20240309133017,,83,1604.01,1377.37,1490.69
20240309134017,,32,1394.56,1289.55,1342.05
20240309135017,,81,1310.64,1235.58,1273.11
20240309140017,,28,1396.47,1316.71,1356.59
20240309141017,,78,1323.1,1303.57,1313.34
20240309142017,,27,1015.28,937.52,976.4
20240309143017,,77,1101.06,1004.25,1052.65
20240309144017,,26,1042.43,1169.32,1105.88
20240309145017,,75,782.88,794.07,788.48
20240309150017,,22,756.63,836.53,796.58
20240309151017,,72,666.14,723.26,694.7
20240309152017,,21,346.21,566.69,456.45
20240309153017,,71,72.31,256.95,164.63
20240309154017,,20,72.5,80.97,76.74
20240309155017,,,83.29,40.27,61.78
20240309160017,,17,52.43,28.58,40.5
20240309161017,,66,32.08,35.55,33.81
20240309162017,,15,33.64,25.59,29.62
20240309163017,,65,19.6,10.66,15.13
20240309164017,,14,14.65,1.4,8.03
20240309165017,,64,2.82,6.81,4.81
20240311090017,,71,85.56,43.78,64.67
20240311091017,,21,57.86,35.48,46.67
20240311092017,,70,37.27,28.99,33.13
20240311093017,,19,39.75,120.85,80.3
20240311094017,,69,49.1,150.94,100.02
20240311095017,,18,261.48,306.97,284.22
20240311100017,,65,402.87,717.62,560.24
20240311101017,,15,373.14,633.99,503.56
20240311102017,,64,406.91,559.02,482.97
20240311103017,,13,549.68,450.38,500.03
20240311104017,,63,785.34,1011.22,898.28
20240311105017,,12,723.44,1014.36,868.9
20240311110017,,59,1115.21,1147.66,1131.43
20240311111017,,9,1247.33,1281.88,1264.61
20240311112017,,58,1286.32,1123.25,1204.78
20240311113017,,8,1479.84,1286.72,1383.28
20240311114017,,57,1416.59,1282.58,1349.59
20240311115017,,6,1416.42,1304.38,1360.4
20240311120017,,53,1387.19,1175.92,1281.56
20240311121017,,3,1332.62,1202.88,1267.75
20240311122017,,52,1286.81,1087.22,1187.01
20240311123017,,2,1344.81,1090.23,1217.52
20240311124017,,51,1361.39,1032.13,1196.76
20240311125017,,0,1355.64,1026.22,1190.93
20240311130017,,47,1321.94,1016.1,1169.02
20240311131017,,97,1282.38,1000.71,1141.55
20240311132017,,46,1259.12,904.74,1081.93
20240311133017,,96,1178.87,947.42,1063.14
20240311134017,,45,1166.12,644.07,905.1
20240311135017,,94,1162.11,789.85,975.98
20240311140017,,42,1154.99,764.61,959.8
20240311141017,,91,985.66,603.43,794.54
20240311142017,,40,568.34,707.65,638
20240311143017,,90,506.04,618.61,562.32
20240311144017,,39,271.71,529.42,400.56
20240311145017,,89,122.87,162.55,142.71
20240311150017,,36,8.53,56.06,32.3
20240311151017,,85,21.6,66.75,44.17
20240311152017,,34,55.73,68.27,62
20240311153017,,84,50.02,49.27,49.65
20240311154017,,33,66.13,48.47,57.3
20240311155017,,83,15.23,19.81,17.52
20240311160017,,30,6.69,6.23,6.46
20240311161017,,79,14.32,0.33,7.32
20240311162017,,28,0,0.3,0.15
20240311163017,,78,0,12.35,6.18
20240311164017,,27,6.54,13.44,9.99
20240311165017,,77,0,11.86,5.93
20240403090017,,75,48.11,16.24,32.17
20240403091017,,25,32.99,18.23,25.61
20240403092017,,74,35.52,17.63,26.58
20240403093017,,23,52.38,55.8,54.09
20240403094017,,73,402.36,88.15,245.26
20240403095017,,22,649.56,380.01,514.78
20240403100017,,69,331.69,235.63,283.66
20240403101017,,19,153.7,405.82,279.76
20240403102017,,68,318.29,366.42,342.36
20240403103017,,17,527.29,780.1,653.69
20240403104017,,67,737.91,623.28,680.6
20240403105017,,16,758.39,661.56,709.97
20240403110017,,63,1053.78,1149.9,1101.84
20240403111017,,13,989.2,1132.3,1060.75
20240403112017,,62,1070.38,1051.02,1060.7
20240403113017,,11,1029.29,1099.58,1064.43
20240403114017,,61,926.16,1059.89,993.03
20240403115017,,10,974.05,1027.23,1000.64
20240403120017,,57,918.81,1013.04,965.92
20240403121017,,7,1052.18,1037.8,1044.99
20240403122017,,56,1084.64,1086.3,1085.47
20240403123017,,6,1192.36,1239.97,1216.16
20240403124017,,55,1192.29,1261.44,1226.87
20240403125017,,4,1165.62,1178.15,1171.88
20240403130017,,51,1103.99,1272.32,1188.15
20240403131017,,1,1200.17,1100.65,1150.41
20240403132017,,50,1138.5,1129.55,1134.03
20240403133017,,0,788.38,821.83,805.1
20240403134017,,49,694.86,647.49,671.18
20240403135017,,98,764.97,631.54,698.26
20240403140017,,45,748.17,760.88,754.52
20240403141017,,95,734.28,742.56,738.42
20240403142017,,44,585.54,688.6,637.07
20240403143017,,94,326.34,338.21,332.28
20240403144017,,43,43.17,97.78,70.47
20240403145017,,93,73.1,99.57,86.33
20240403150017,,40,50.37,32.08,41.22
20240403151017,,89,0,9.29,4.64
20240403152017,,38,0.99,11.52,6.26
20240403153017,,88,14.27,9.36,11.81
20240403154017,,37,7.78,5.97,6.88
20240403155017,,87,0,2.02,1.01
20240403160017,,34,1.79,0,0.9
20240403161017,,83,1.65,0,0.82
20240403162017,,32,0,0,0
20240403163017,,82,0,0,0
20240403164017,,31,0,0,0
20240403165017,,81,0,1.92,0.96
20240507090017,,58,74.23,74.47,74.35
20240507091017,,7,72.38,70.53,71.46
20240507092017,,57,51.66,56.16,53.91
20240507093017,,6,47.39,45.06,46.23
20240507094017,,55,75.28,82.13,78.7
20240507095017,,5,70.15,66.78,68.47
20240507100017,,52,47.57,48.2,47.89
20240507101017,,1,46.74,50.25,48.5
20240507102017,,51,62.7,56.78,59.74
20240507103017,,0,56.54,58.29,57.42
20240507104017,,50,68.46,65.81,67.13
20240507105017,,99,34.45,43.62,39.03
20240507110017,,46,36.8,36.99,36.89
20240507111017,,95,13.87,16.96,15.41
20240507112017,,45,16.05,15.68,15.87
20240507113017,,94,44.01,47.73,45.87
20240507114017,,44,37.07,47.3,42.19
20240507115017,,93,37.84,38.89,38.37
20240507120017,,40,125.32,130.12,127.72
20240507121017,,89,714.74,710.02,712.38
20240507122017,,39,1438.71,1439.47,1439.09
20240507123017,,88,977.06,977.85,977.45
20240507124017,,38,56.51,61.29,58.9
20240507125017,,87,895.49,899.68,897.58
20240507130017,,34,202.76,200.79,201.77
20240507131017,,84,144.53,144.25,144.39
20240507132017,,33,143.69,144,143.84
20240507133017,,82,125.22,129.94,127.58
20240507134017,,32,80.58,77.55,79.06
20240507135017,,81,48.9,50.15,49.52
20240507140017,,28,19.18,20.37,19.77
20240507141017,,78,12.02,15.74,13.88
20240507142017,,27,3.46,7.38,5.42
20240507143017,,76,2.82,6.66,4.74
20240507144017,,26,11.08,18.09,14.59
20240507145017,,75,2.76,7.73,5.24
20240507150017,,22,0.6,6.09,3.34
20240507151017,,72,1.68,4.58,3.13
20240507152017,,21,5.15,3.29,4.22
20240507153017,,70,0.89,0,0.44
20240507154017,,20,0.11,0.59,0.35
20240507155017,,69,0.16,0,0.08
20240507160017,,16,0.31,0,0.16
20240507161017,,66,0.52,0,0.26
20240507162017,,15,0,0,0
20240507163017,,65,0,0,0
20240507164017,,14,0,0,0
20240507165017,,63,0,0,0
20240528090017,,96,28.06,29.55,28.8
20240528091017,,45,25.78,23.06,24.42
20240528092017,,95,40,41.32,40.66
20240528093017,,44,35.14,53.7,44.42
20240528094017,,93,64.76,36.24,50.5
20240528095017,,43,48.75,79.01,63.88
20240528100017,,90,17.44,0.97,9.2
20240528101017,,39,14.28,19.67,16.98
20240528102017,,89,28.32,3.84,16.08
20240528103017,,38,92.24,139.06,115.65
20240528104017,,87,72.81,114.16,93.48
20240528105017,,37,90.5,98.73,94.62
20240528110017,,84,71.56,88.04,79.8
20240528111017,,33,73.33,97.62,85.47
20240528112017,,83,49.18,73.2,61.19
20240528113017,,32,80.19,107.57,93.88
20240528114017,,81,81,113.36,97.18
20240528115017,,31,93.37,117.04,105.21
20240528120017,,78,90.57,83.61,87.09
20240528121017,,27,76.48,106.61,91.54
20240528122017,,77,69.06,154.26,111.66
20240528123017,,26,74.46,71.5,72.98
20240528124017,,76,110.81,145.67,128.24
20240528125017,,25,68.21,132.07,100.14
20240528130017,,72,101.35,87.42,94.38
20240528131017,,21,58.45,81.32,69.88
20240528132017,,71,61.35,39.86,50.61
20240528133017,,20,15.21,35.39,25.3
20240528134017,,70,14.86,32.28,23.57
20240528135017,,19,24.74,39.36,32.05
20240528140017,,66,71.99,36.61,54.3
20240528141017,,15,22.14,26.84,24.49
20240528142017,,65,12.83,9.88,11.36
20240528143017,,14,13.86,21.33,17.59
20240528144017,,64,0,7.53,3.77
20240528145017,,13,0,16.17,8.09
20240528150017,,60,0,17.51,8.76
20240528151017,,10,0,10.84,5.42
20240528152017,,59,0,9.03,4.52
20240528153017,,8,0,6.18,3.09
20240528154017,,58,0,8.53,4.26
20240528155017,,7,0,3.68,1.84
20240528160017,,54,0,0.09,0.04
20240528161017,,4,0,0.39,0.2
20240528162017,,53,0,0,0
20240528163017,,2,0,2.87,1.44
20240528164017,,52,0,0.94,0.47
20240528165017,,1,0.33,0.29,0.31
20240614090017,,60,21.39,0,10.7
20240614091017,,10,33.95,0,16.98
20240614092017,,59,38.32,12.75,25.54
20240614093017,,8,62.14,88,75.07
20240614094017,,58,71.4,113.02,92.21
20240614095017,,7,50.08,49.06,49.57
20240614100017,,54,50.63,33.66,42.14
20240614101017,,4,0,42.43,21.22
20240614102017,,53,0,119.04,59.52
20240614103017,,3,0,210.27,105.14
20240614104017,,52,484.83,231.99,358.41
20240614105017,,1,626.48,611.71,619.1
20240614110017,,48,684.09,612.34,648.22
20240614111017,,98,747.22,656.37,701.8
20240614112017,,47,701.27,526.41,613.84
20240614113017,,97,810.82,572.44,691.63
20240614114017,,46,812.26,597.76,705.01
20240614115017,,95,936.69,698.02,817.36
20240614120017,,42,1156.54,1139.21,1147.88
20240614121017,,92,1162.75,1084.86,1123.8
20240614122017,,41,1132.2,1160.89,1146.55
20240614123017,,91,1177.42,1110.79,1144.11
20240614124017,,40,1181.28,1135.9,1158.59
20240614125017,,,1217.69,1104.14,1160.91
20240614130017,,37,1216.72,1189.89,1203.31
20240614131017,,86,1031.86,582.66,807.26
20240614132017,,35,1018.08,482.93,750.5
20240614133017,,85,1070.06,579,824.53
20240614134017,,34,1009.23,499.66,754.44
20240614135017,,84,925.69,511.47,718.58
20240614140017,,31,752.07,657.82,704.94
20240614141017,,80,691.3,475.72,583.51
20240614142017,,29,632.56,405.38,518.97
20240614143017,,79,484.13,292.13,388.13
20240614144017,,28,0,135.04,67.52
20240614145017,,78,0,0,0
20240614150017,,25,0,0,0
20240614151017,,74,0,0,0
20240614152017,,23,0,22.82,11.41
20240614153017,,73,0,15.32,7.66
20240614154017,,22,1.65,23.18,12.41
20240614155017,,72,2.32,36.17,19.25
20240614160017,,19,0,21.5,10.75
20240614161017,,68,40.8,47.86,44.33
20240614162017,,18,40.97,22.11,31.54
20240614163017,,67,32.58,32.41,32.49
20240614164017,,16,11.76,18.96,15.36
20240614165017,,66,3.28,0,1.64
20240619090017,,93,47.19,19.84,33.52
20240619091017,,43,51.27,5.24,28.26
20240619092017,,92,32.74,8.93,20.84
20240619093017,,41,42.46,10.33,26.4
20240619094017,,91,17.8,13.75,15.78
20240619095017,,40,58.81,53.43,56.12
20240619100017,,87,63.28,0.63,31.96
20240619101017,,37,84.6,11.34,47.97
20240619102017,,86,148.32,63.24,105.78
20240619103017,,35,508.07,308.58,408.32
20240619104017,,85,786.55,576.72,681.64
20240619105017,,34,785.82,701.62,743.72
20240619110017,,81,810.91,790.03,800.47
20240619111017,,31,915.54,685.3,800.42
20240619112017,,80,965.5,688.37,826.93
20240619113017,,29,957.41,806.02,881.71
20240619114017,,79,1040.39,829.16,934.78
20240619115017,,28,1205.03,761.31,983.17
20240619120017,,75,1126.41,794.88,960.64
20240619121017,,25,1177.88,702.27,940.08
20240619122017,,74,1104.52,638.06,871.29
20240619123017,,24,1016.62,609.25,812.93
20240619124017,,73,1097.7,612.65,855.18
20240619125017,,22,1128.98,766.37,947.68
20240619130017,,69,1211.82,722.93,967.38
20240619131017,,19,1269.11,750.22,1009.66
20240619132017,,68,1044.66,756.42,900.54
20240619133017,,18,1026.3,618.63,822.46
20240619134017,,67,691.25,571.84,631.55
20240619135017,,16,652.11,387,519.56
20240619140017,,63,455.89,308.51,382.2
20240619141017,,13,409.83,149.47,279.65
20240619142017,,62,233.47,72.79,153.13
20240619143017,,12,160.01,46.67,103.34
20240619144017,,61,118.52,44.06,81.29
20240619145017,,10,124.04,21.7,72.87
20240619150017,,57,86.61,13.32,49.97
20240619151017,,7,61.12,6.92,34.02
20240619152017,,56,48.37,20.16,34.26
20240619153017,,6,19.46,0,9.73
20240619154017,,55,29.28,0,14.64
20240619155017,,5,31.43,0,15.71
20240619160017,,52,18.59,0,9.3
20240619161017,,1,17.51,0,8.76
20240619162017,,50,4.45,0,2.22
20240619163017,,0,8.65,0,4.32
20240619164017,,49,5.44,1.05,3.24
20240619165017,,99,0,0.85,0.42
20240627090017,,46,0.09,9.8,4.94
20240627091017,,95,3.75,3.74,3.74
20240627092017,,44,4.57,0.27,2.42
20240627093017,,94,1.83,6.13,3.98
20240627094017,,43,3.73,5.48,4.61
20240627095017,,93,4.06,1.44,2.75
20240627100017,,40,5.52,1.59,3.55
20240627101017,,89,6.5,0,3.25
20240627102017,,38,2.05,0.65,1.35
20240627103017,,88,3.79,0,1.9
20240627104017,,37,11.16,4.26,7.71
20240627105017,,87,13.94,8.17,11.05
20240627110017,,34,21.09,5.17,13.13
20240627111017,,83,20.06,9.8,14.93
20240627112017,,33,14.38,0.4,7.39
20240627113017,,82,13.44,0,6.72
20240627114017,,31,9.54,0,4.77
20240627115017,,81,19.06,0,9.53
20240627120017,,28,4.57,0,2.29
20240627121017,,77,9.04,0,4.52
20240627122017,,27,2.23,0,1.11
20240627123017,,76,3.4,0,1.7
20240627124017,,25,5.39,0,2.69
20240627125017,,75,6.11,0,3.06
20240627130017,,22,10.99,0,5.5
20240627131017,,71,9.67,6.2,7.94
20240627132017,,21,9.23,12.61,10.92
20240627133017,,70,20.56,17.55,19.06
20240627134017,,,14.7,8.33,11.52
20240627135017,,69,17.07,16.5,16.78
20240627140017,,16,39.21,53.75,46.48
20240627141017,,65,20.98,36.63,28.8
20240627142017,,15,49.85,46.61,48.23
20240627143017,,64,48.31,29.03,38.67
20240627144017,,14,293.5,561.33,427.42
20240627145017,,63,136.53,521.31,328.92
20240627150017,,10,32.93,33.85,33.39
20240627151017,,59,5.52,28.36,16.94
20240627152017,,9,9.01,8.38,8.7
20240627153017,,58,18.5,5.71,12.11
20240627154017,,8,13.99,0,7
20240627155017,,57,5.22,21.22,13.22
20240627160017,,4,0,10.88,5.44
20240627161017,,53,0,0,0
20240627162017,,3,0,0,0
20240627163017,,52,0,0,0
20240627164017,,2,0,0,0
20240627165017,,51,0,0,0
20240629090017,,59,49.28,34.99,42.14
20240629091017,,8,40.61,30.13,35.37
20240629092017,,58,59.57,34.43,47
20240629093017,,7,45.68,40.15,42.92
20240629094017,,56,61.32,32.85,47.08
20240629095017,,6,32.14,69.48,50.81
20240629100017,,53,75.91,82.85,79.38
20240629101017,,2,124.85,40.79,82.82
20240629102017,,52,43.02,53.87,48.44
20240629103017,,1,183.46,48.51,115.98
20240629104017,,50,426.96,155.98,291.47
20240629105017,,0,727.58,1026.19,876.88
20240629110017,,47,964.45,1014.87,989.66
20240629111017,,96,849.95,934.49,892.22
20240629112017,,46,860.05,966.85,913.45
20240629113017,,95,840.71,1086.05,963.38
20240629114017,,44,880.72,950.09,915.4
20240629115017,,94,890.16,942.33,916.24
20240629120017,,41,885.37,1012.39,948.88
20240629121017,,90,799.34,520.75,660.05
20240629122017,,40,576.26,470.92,523.59
20240629123017,,89,1218.26,1260.1,1239.18
20240629124017,,39,771.87,1138.24,955.06
20240629125017,,88,791.31,1094.22,942.76
20240629130017,,35,949.48,1041.54,995.51
20240629131017,,84,862.13,1217.08,1039.61
20240629132017,,34,1244.25,1219.59,1231.92
20240629133017,,83,774.18,517.59,645.88
20240629134017,,33,542.16,526.12,534.14
20240629135017,,82,490.87,391.5,441.18
20240629140017,,29,549.1,378.81,463.96
20240629141017,,78,410.56,250.77,330.66
20240629142017,,28,321.15,267.38,294.26
20240629143017,,77,71.6,53.53,62.56
20240629144017,,27,54.56,12.63,33.59
20240629145017,,76,45.2,0,22.6
20240629150017,,23,69.99,22.23,46.11
20240629151017,,73,40.1,9.38,24.74
20240629152017,,22,32.76,5.19,18.97
20240629153017,,71,31.15,0,15.57
20240629154017,,21,14.29,0,7.14
20240629155017,,70,10.71,0,5.36
20240629160017,,17,4.1,6.38,5.24
20240629161017,,67,0.39,5.5,2.94
20240629162017,,16,0,0,0
20240629163017,,65,0,0,0
20240629164017,,15,0,3.47,1.74
20240629165017,,64,0,8.4,4.2
20240704090017,,51,15.44,7.28,11.36
20240704091017,,0,73.14,30.6,51.87
20240704092017,,50,48.99,46.23,47.61
20240704093017,,99,401.49,653.1,527.3
20240704094017,,49,184.27,90.56,137.42
20240704095017,,98,709.51,653.65,681.58
20240704100017,,45,712.28,623.25,667.76
20240704101017,,95,854.8,876.63,865.71
20240704102017,,44,704.77,885.99,795.38
20240704103017,,93,720.77,692.69,706.73
20240704104017,,43,700.34,717.18,708.76
20240704105017,,92,736.64,801.55,769.1
20240704110017,,39,1262.59,1271.57,1267.08
20240704111017,,89,1364.15,1281.14,1322.64
20240704112017,,38,1315.11,1286.75,1300.93
20240704113017,,87,1042.8,1265.38,1154.09
20240704114017,,37,1370.51,1334.05,1352.28
20240704115017,,86,1080.72,1364.58,1222.65
20240704120017,,33,1279.56,1310.42,1294.99
20240704121017,,83,1314.3,1255.22,1284.76
20240704122017,,32,876.41,953.97,915.19
20240704123017,,82,590.26,405.71,497.98
20240704124017,,31,547.21,467.2,507.21
20240704125017,,80,810.1,898,854.05
20240704130017,,27,781.28,645.38,713.33
20240704131017,,77,228.42,231.57,230
20240704132017,,26,157.96,154.09,156.02
20240704133017,,76,240.31,60.6,150.46
20240704134017,,25,86.49,52.17,69.33
20240704135017,,74,38.67,23.71,31.19
20240704140017,,21,32,1.98,16.99
20240704141017,,71,30.12,14.53,22.32
20240704142017,,20,18.68,15.84,17.26
20240704143017,,70,28.16,9.02,18.59
20240704144017,,19,0,0,0
20240704145017,,68,41.12,13.79,27.45
20240704150017,,15,27.48,0,13.74
20240704151017,,65,36.08,28.15,32.11
20240704152017,,14,295.09,569.72,432.4
20240704153017,,64,29.36,0,14.68
20240704154017,,13,47.5,0,23.75
20240704155017,,63,0,0,0
20240704160017,,10,32.36,25.87,29.12
20240704161017,,59,35.06,0,17.53
20240704162017,,8,2.27,0,1.14
20240704163017,,58,8.62,0,4.31
20240704164017,,7,15.1,0,7.55
20240704165017,,57,10.67,0,5.34
20240706090017,,64,40.96,22.76,31.86
20240706091017,,14,21.25,3.61,12.43
20240706092017,,63,20.51,1.55,11.03
20240706093017,,12,0,29.5,14.75
20240706094017,,62,46.1,42.35,44.23
20240706095017,,11,1.88,19.18,10.53
20240706100017,,58,44.9,55.05,49.97
20240706101017,,8,287.99,556.04,422.02
20240706102017,,57,429.53,787.52,608.52
20240706103017,,7,694.36,741.15,717.76
20240706104017,,56,656.71,690.84,673.78
20240706105017,,5,616.62,742.55,679.58
20240706110017,,52,972.88,1149.03,1060.95
20240706111017,,2,1046.73,1302.9,1174.82
20240706112017,,51,1095.63,1344.2,1219.91
20240706113017,,1,1138.52,1322.45,1230.49
20240706114017,,50,1291.29,1211.46,1251.38
20240706115017,,99,1282.71,1308.04,1295.38
20240706120017,,46,1299.77,1244.98,1272.38
20240706121017,,96,1389.36,1282.55,1335.95
20240706122017,,45,1429.93,1192.93,1311.43
20240706123017,,95,1220.92,1142.42,1181.67
20240706124017,,44,1191.38,903.33,1047.36
20240706125017,,93,1121.72,879.7,1000.71
20240706130017,,40,930.61,745.77,838.19
20240706131017,,90,572.12,282.81,427.47
20240706132017,,39,397.65,156.2,276.92
20240706133017,,89,93.39,94.34,93.87
20240706134017,,38,107.72,59.62,83.67
20240706135017,,88,74.52,39.77,57.14
20240706140017,,35,85.45,55.81,70.63
20240706141017,,84,52.86,38.11,45.48
20240706142017,,33,49.32,28.73,39.02
20240706143017,,83,66.84,35.05,50.94
20240706144017,,32,36.52,19.89,28.21
20240706145017,,82,16.61,15.27,15.94
20240706150017,,29,22.53,11.33,16.93
20240706151017,,78,17.39,1.54,9.46
20240706152017,,27,14.99,2.05,8.52
20240706153017,,77,14,0,7
20240706154017,,26,10.63,0,5.32
20240706155017,,76,13.33,0,6.66
20240706160017,,23,11.88,0,5.94
20240706161017,,72,9.99,0,5
20240706162017,,21,8.25,0,4.12
20240706163017,,71,0.2,0,0.1
20240706164017,,20,4.44,0,2.22
20240706165017,,70,7.1,0,3.55
20240328090008,,82,230.25,276.62,253.44
20240328091008,,32,280.87,455.21,368.04
20240328092008,,81,300.42,433.7,367.06
20240328093008,,31,178.06,490.5,334.28
20240328094008,,80,512.92,514.44,513.68
20240328095008,,29,518.59,677.29,597.94
20240328100008,,76,672.3,847.3,759.8
20240328101008,,26,686.06,937.46,811.76
20240328102008,,75,962.33,898.29,930.31
20240328103008,,25,1069.54,1027.04,1048.29
20240328104008,,74,1097.54,959.08,1028.31
20240328105008,,23,1157.85,1221.36,1189.61
20240328110008,,70,1287.73,1313.26,1300.49
20240328111008,,20,1166.98,1202.76,1184.87
20240328112008,,69,1353.91,1276.76,1315.34
20240328113008,,19,1176.78,1331.45,1254.12
20240328114008,,68,1128.97,1190.58,1159.78
20240328115008,,18,1242.94,1184.9,1213.92
20240328120008,,65,1275.16,1084.88,1180.02
20240328121008,,14,1192.82,1115.65,1154.24
20240328122008,,63,1034.12,1095.01,1064.57
20240328123008,,13,912.19,1008.5,960.34
20240328124008,,62,999.41,968.29,983.85
20240328125008,,12,886.09,974.91,930.5
20240328130008,,59,858.83,1020.46,939.64
20240328131008,,8,885.99,1060.52,973.26
20240328132008,,57,1056.28,1082.61,1069.44
20240328133008,,7,960.92,970.68,965.8
20240328134008,,56,876.56,949.22,912.89
20240328135008,,6,918.33,993.68,956
20240328140008,,53,1100.68,1094.55,1097.62
20240328141008,,2,854.59,812.03,833.31
20240328142008,,51,869.05,529.72,699.38
20240328143008,,1,682.39,437.07,559.73
20240328144008,,50,122.48,183.24,152.86
20240328145008,,0,67.36,153.38,110.37
20240328150008,,47,9.94,33.46,21.7
20240328151008,,96,38.25,25.59,31.92
20240328152008,,46,1.61,10.96,6.28
20240328153008,,95,6.63,4.45,5.54
20240328154008,,44,1.11,5.28,3.2
20240328155008,,94,16.95,7.87,12.41
20240328160008,,41,16.75,8.19,12.47
20240328161008,,90,12.66,4.03,8.35
20240328162008,,40,14.26,10.36,12.31
20240328163008,,89,15.4,4.58,9.99
20240328164008,,38,23.19,2.48,12.84
20240328165008,,88,16.8,2.34,9.57
20240508090008,,64,16.72,11.37,14.04
20240508091008,,13,8.75,0.14,4.44
20240508092008,,63,8.3,0,4.15
20240508093008,,12,0.92,2.38,1.65
20240508094008,,62,14.95,0.2,7.57
20240508095008,,11,10.73,0,5.36
20240508100008,,58,2.86,0,1.43
20240508101008,,7,2.48,0,1.24
20240508102008,,57,9.17,0,4.58
20240508103008,,6,8.22,0,4.11
20240508104008,,56,5.32,0,2.66
20240508105008,,5,2.47,0,1.24
20240508110008,,52,0,0,0
20240508111008,,2,1.98,0,0.99
20240508112008,,51,1.28,0,0.64
20240508113008,,0,0,0,0
20240508114008,,50,13.34,0,6.67
20240508115008,,99,0,0,0
20240508120008,,46,35.4,33.4,34.4
20240508121008,,96,38.34,0,19.17
20240508122008,,45,13.24,0,6.62
20240508123008,,94,19.36,0,9.68
20240508124008,,44,28.1,0,14.05
20240508125008,,93,32.88,0,16.44
20240508130008,,40,29.08,0,14.54
20240508131008,,90,8.92,0,4.46
20240508132008,,39,0,13.99,7
20240508133008,,88,10.86,11.8,11.33
20240508134008,,38,11.24,5.42,8.33
20240508135008,,87,4.06,3.44,3.75
20240508140008,,34,13.32,17.29,15.3
20240508141008,,84,2.62,0,1.31
20240508142008,,33,8.12,0,4.06
20240508143008,,83,11.5,0.47,5.98
20240508144008,,32,5.8,0,2.9
20240508145008,,81,0,0,0
20240508150008,,28,0,6.41,3.2
20240508151008,,78,14.35,2.79,8.57
20240508152008,,27,12.22,5.26,8.74
20240508153008,,77,4.17,7.68,5.92
20240508154008,,26,10.65,15.14,12.89
20240508155008,,75,4.65,0,2.33
20240508160008,,22,4.44,0,2.22
20240508161008,,72,1.62,0,0.81
20240508162008,,21,12.48,18.22,15.35
20240508163008,,71,4.22,7.3,5.76
20240508164008,,20,0,6.86,3.43
20240508165008,,69,22.92,0,11.46
20240521090008,,49,8.84,10.81,9.82
20240521091008,,99,13.33,10.57,11.95
20240521092008,,48,9.75,3.33,6.54
20240521093008,,98,18.65,17.51,18.08
20240521094008,,47,23.7,16.18,19.94
20240521095008,,96,18.55,11.13,14.84
20240521100008,,43,30.19,0,15.1
20240521101008,,93,16.49,12.53,14.51
20240521102008,,42,12.72,8.26,10.49
20240521103008,,92,4.46,3.21,3.84
20240521104008,,41,0.58,0,0.29
20240521105008,,90,0,0,0
20240521110008,,37,0,16.7,8.35
20240521111008,,87,5.44,12,8.72
20240521112008,,36,4.85,17.67,11.26
20240521113008,,86,7.62,27.76,17.69
20240521114008,,35,8.44,39.7,24.07
20240521115008,,84,10.36,34.29,22.32
20240521120008,,32,5.29,35.52,20.41
20240521121008,,81,6.74,7.59,7.16
20240521122008,,30,10.86,1.9,6.38
20240521123008,,80,10.29,0,5.14
20240521124008,,29,14.77,0,7.38
20240521125008,,79,12.32,0,6.16
20240521130008,,26,8.82,0,4.41
20240521131008,,75,3.7,0,1.85
20240521132008,,24,7.59,0,3.8
20240521133008,,74,9.2,0,4.6
20240521134008,,23,2.74,0,1.37
20240521135008,,73,0,0,0
20240521140008,,20,3.4,0,1.7
20240521141008,,69,0,0,0
20240521142008,,18,1.48,0,0.74
20240521143008,,68,2.04,0,1.02
20240521144008,,17,0,0,0
20240521145008,,67,4.19,0,2.1
20240521150008,,14,4.44,0,2.22
20240521151008,,63,6.67,8.95,7.81
20240521152008,,13,2,1.56,1.78
20240521153008,,62,2.72,18.98,10.85
20240521154008,,11,0.57,12.21,6.39
20240521155008,,61,0,2.72,1.36
20240521160008,,8,5.52,0,2.76
20240521161008,,57,0,0,0
20240521162008,,7,0,0,0
20240521163008,,56,0,0,0
20240521164008,,5,0.28,0,0.14
20240521165008,,55,0.08,0,0.04
20240618090008,,86,17.88,10.62,14.25
20240618091008,,35,25.57,16.17,20.87
20240618092008,,85,24.89,14.12,19.5
20240618093008,,34,25.81,10.83,18.32
20240618094008,,84,38.38,25.79,32.08
20240618095008,,33,47.04,34.71,40.88
20240618100008,,80,51.31,42.19,46.75
20240618101008,,30,109.84,89.19,99.52
20240618102008,,79,119.08,110.33,114.7
20240618103008,,28,529.23,491.94,510.59
20240618104008,,78,537.02,540.1,538.56
20240618105008,,27,324.71,507.41,416.06
20240618110008,,74,510.84,623.91,567.38
20240618111008,,24,209.04,135.79,172.42
20240618112008,,73,117.94,129.05,123.5
20240618113008,,22,95.26,132.51,113.88
20240618114008,,72,87.8,251.17,169.48
20240618115008,,21,55.02,292.91,173.96
20240618120008,,68,95.36,295.04,195.2
20240618121008,,18,111.52,331.08,221.3
20240618122008,,67,109.61,293.75,201.68
20240618123008,,17,93.37,272.55,182.96
20240618124008,,66,62.57,215.69,139.13
20240618125008,,15,82.24,206.58,144.41
20240618130008,,62,63.63,207.28,135.46
20240618131008,,12,31,39.84,35.42
20240618132008,,61,31.7,27.56,29.63
20240618133008,,11,17.01,37.07,27.04
20240618134008,,60,14.11,22.68,18.4
20240618135008,,9,0,53.73,26.86
20240618140008,,56,0,68.3,34.15
20240618141008,,6,8.99,47.47,28.23
20240618142008,,55,10.33,19.58,14.95
20240618143008,,5,12.23,0,6.12
20240618144008,,54,11.06,0,5.53
20240618145008,,3,9.8,0,4.9
20240618150008,,50,12.66,0,6.33
20240618151008,,0,9.34,0,4.67
20240618152008,,49,13.65,0,6.82
20240618153008,,99,7.7,0,3.85
20240618154008,,48,4.4,0,2.2
20240618155008,,98,9.15,0,4.58
20240618160008,,45,20.86,0,10.43
20240618161008,,94,5.57,0,2.79
20240618162008,,43,9.6,0,4.8
20240618163008,,93,8.22,0,4.11
20240618164008,,42,6.04,0,3.02
20240618165008,,92,3.23,0,1.61
20240630090008,,65,36.28,33.23,34.75
20240630091008,,14,53.9,35.03,44.47
20240630092008,,64,86.99,58.22,72.6
20240630093008,,13,149.33,71.59,110.46
20240630094008,,62,149.23,77.43,113.33
20240630095008,,12,409.57,242.19,325.88
20240630100008,,59,770.25,843.07,806.66
20240630101008,,8,828.14,674.04,751.09
20240630102008,,58,957.4,888.22,922.81
20240630103008,,7,949.28,946.88,948.08
20240630104008,,57,896.79,916.89,906.84
20240630105008,,6,1049.01,944.49,996.75
20240630110008,,53,1169.52,1343.45,1256.49
20240630111008,,2,1211.11,1381.69,1296.4
20240630112008,,52,1192.28,1184.02,1188.15
20240630113008,,1,1084.32,1107.88,1096.1
20240630114008,,51,1076.51,1088.54,1082.53
20240630115008,,0,1188.82,1112.54,1150.68
20240630120008,,47,1215.05,1181.6,1198.32
20240630121008,,96,1153.98,1122.23,1138.11
20240630122008,,46,1500.53,1302.06,1401.3
20240630123008,,95,1501.51,1285.38,1393.45
20240630124008,,45,1414.37,1400.2,1407.28
20240630125008,,94,1522.85,1506.72,1514.78
20240630130008,,41,1545.38,1587.09,1566.24
20240630131008,,91,1479.41,1505.36,1492.38
20240630132008,,40,1400.56,1447.24,1423.9
20240630133008,,89,1387.93,1426.26,1407.1
20240630134008,,39,1405,1484.73,1444.87
20240630135008,,88,1306.88,1354.91,1330.89
20240630140008,,35,1176.81,1342.58,1259.69
20240630141008,,85,899.99,756.58,828.29
20240630142008,,34,483.11,587.6,535.36
20240630143008,,83,379.21,169.4,274.3
20240630144008,,33,176.61,59.04,117.83
20240630145008,,82,188.06,123.16,155.61
20240630150008,,29,113.6,113.37,113.48
20240630151008,,79,57.07,54.15,55.61
20240630152008,,28,54.05,45.99,50.02
20240630153008,,77,0,27.7,13.85
20240630154008,,27,40.36,45.53,42.94
20240630155008,,76,49.06,21.5,35.28
20240630160008,,23,16.01,12.57,14.29
20240630161008,,73,40.86,26.03,33.44
20240630162008,,22,30.84,10.18,20.51
20240630163008,,72,0,10.39,5.2
20240630164008,,21,23.98,6.81,15.39
20240630165008,,70,22.7,3.99,13.34
20240702090008,,38,175.08,73.33,124.21
20240702091008,,87,275.19,690.04,482.62
20240702092008,,36,179.82,694.6,437.21
20240702093008,,86,384.06,703.04,543.55
20240702094008,,35,526.29,481.04,503.66
20240702095008,,85,732.53,653.24,692.88
20240702100008,,32,849.52,460.7,655.11
20240702101008,,81,696.58,613.19,654.88
20240702102008,,30,175.77,328.35,252.06
20240702103008,,80,56.89,25.94,41.42
20240702104008,,29,67.43,88.95,78.19
20240702105008,,79,147.77,117.42,132.6
20240702110008,,26,171.36,116.79,144.08
20240702111008,,75,408.1,590.18,499.14
20240702112008,,24,204.01,174.35,189.18
20240702113008,,74,204.74,161.41,183.07
20240702114008,,23,117.63,215.56,166.6
20240702115008,,73,142.76,207.45,175.1
20240702120008,,20,56.2,167.26,111.73
20240702121008,,69,23.46,183.83,103.65
20240702122008,,19,4.33,156.47,80.4
20240702123008,,68,0,44.41,22.2
20240702124008,,17,0,54.55,27.27
20240702125008,,67,0,17.48,8.74
20240702130008,,14,29.26,6.47,17.87
20240702131008,,63,16.06,0,8.03
20240702132008,,13,15.17,0,7.58
20240702133008,,62,15.29,0,7.64
20240702134008,,11,16.31,19.88,18.09
20240702135008,,61,18.15,28.47,23.31
20240702140008,,8,17.64,54.12,35.88
20240702141008,,57,33.19,45.25,39.22
20240702142008,,7,34.42,31.8,33.11
20240702143008,,56,16.35,10.94,13.64
20240702144008,,5,10.15,0,5.08
20240702145008,,55,6.17,0,3.08
20240702150008,,2,6.98,0,3.49
20240702151008,,51,4.41,0,2.2
20240702152008,,1,8.74,0,4.37
20240702153008,,50,11.77,0,5.88
20240702154008,,0,17.27,5.39,11.33
20240702155008,,49,17.59,14.3,15.95
20240702160008,,96,18.27,11.63,14.95
20240702161008,,45,22.16,8,15.08
20240702162008,,95,7.8,3.9,5.85
20240702163008,,44,7.3,17.12,12.21
20240702164008,,94,3.67,8.19,5.93
20240702165008,,43,3.53,13.16,8.35
20240812090008,,60,122.85,24.47,73.66
20240812091008,,9,102.82,5.18,54
20240812092008,,58,126.55,74.93,100.74
20240812093008,,8,156.3,134,145.15
20240812094008,,57,244.25,232.11,238.18
20240812095008,,7,258.59,387.67,323.13
20240812100008,,54,627.73,289.49,458.61
20240812101008,,3,595.9,239.5,417.7
20240812102008,,52,505.34,214.28,359.81
20240812103008,,2,903.92,641.14,772.53
20240812104008,,51,884.23,1138.79,1011.51
20240812105008,,1,954.82,1102.8,1028.81
20240812110008,,48,1360.33,1129.27,1244.8
20240812111008,,97,1415.13,1134.15,1274.64
20240812112008,,47,1451.79,1131.16,1291.47
20240812113008,,96,1311,1152.8,1231.9
20240812114008,,45,1410.35,1169.11,1289.73
20240812115008,,95,1457.71,1217.21,1337.46
20240812120008,,42,1400.28,1273.67,1336.97
20240812121008,,91,1427.08,1235.53,1331.3
20240812122008,,41,1504.3,1202.1,1353.2
20240812123008,,90,1436.25,1263.25,1349.75
20240812124008,,39,1425.48,1269.06,1347.27
20240812125008,,89,1374.33,1142.87,1258.6
20240812130008,,36,1376.15,1196.64,1286.39
20240812131008,,85,1416.94,1203.05,1309.99
20240812132008,,35,1518.12,1180.77,1349.44
20240812133008,,84,1430.53,1385.79,1408.16
20240812134008,,34,1425.72,1342.62,1384.17
20240812135008,,83,1396.33,1410.87,1403.6
20240812140008,,30,1159.26,1152.8,1156.03
20240812141008,,79,1047.41,1212.02,1129.72
20240812142008,,29,1330.59,1353.58,1342.09
20240812143008,,78,1279.06,1382.61,1330.84
20240812144008,,28,1050.82,1367.34,1209.08
20240812145008,,77,960.15,1243.04,1101.6
20240812150008,,24,841.33,945.76,893.55
20240812151008,,73,680.77,447.53,564.15
20240812152008,,23,228.03,245.72,236.88
20240812153008,,72,0,144.6,72.3
20240812154008,,22,0,289.97,144.99
20240812155008,,71,0,46.17,23.09
20240812160008,,18,37.06,61.66,49.36
20240812161008,,67,105.6,34.05,69.82
20240812162008,,17,21.23,33.01,27.12
20240812163008,,66,0,2.12,1.06
20240812164008,,16,0,8.07,4.04
20240812165008,,65,0.36,18.07,9.21
20240828090008,,65,47.85,0,23.92
20240828091008,,14,64.06,39.5,51.78
20240828092008,,63,11.38,36.44,23.91
20240828093008,,13,329.63,66.52,198.07
20240828094008,,62,318.29,452.09,385.19
20240828095008,,12,456.79,538.07,497.43
20240828100008,,59,385.47,94.5,239.99
20240828101008,,8,500.44,694.12,597.28
20240828102008,,58,498.36,722.09,610.22
20240828103008,,7,622.94,724.98,673.96
20240828104008,,56,852.84,804.27,828.56
20240828105008,,6,1105.61,835.19,970.4
20240828110008,,53,1075.07,993.3,1034.18
20240828111008,,2,1246.56,1066.22,1156.39
20240828112008,,52,1536.45,1330.13,1433.29
20240828113008,,1,1478.71,1369.94,1424.33
20240828114008,,50,1371.44,1489.79,1430.62
20240828115008,,0,1490.93,1334.73,1412.83
20240828120008,,47,1466.51,1448.73,1457.62
20240828121008,,96,1433.92,1412.62,1423.27
20240828122008,,46,1418.07,1518.54,1468.3
20240828123008,,95,1462.57,1494.91,1478.74
20240828124008,,44,1406.15,1450.21,1428.18
20240828125008,,94,1374.22,1400.76,1387.49
20240828130008,,41,1425.72,1474.97,1450.35
20240828131008,,90,1469.36,1454.83,1462.09
20240828132008,,40,1206.37,1055.03,1130.7
20240828133008,,89,1220.79,1224.93,1222.86
20240828134008,,39,1277.19,1196.68,1236.93
20240828135008,,88,1289.87,1279.56,1284.71
20240828140008,,35,1134.06,985.9,1059.98
20240828141008,,84,1137.2,1116.86,1127.03
20240828142008,,34,732.46,849.21,790.84
20240828143008,,83,593.77,728.57,661.17
20240828144008,,33,616.63,691.27,653.95
20240828145008,,82,447.99,478.16,463.08
20240828150008,,29,378.87,445.32,412.1
20240828151008,,78,347.72,274.84,311.28
20240828152008,,28,247.97,172.31,210.14
20240828153008,,77,55.35,62.63,58.99
20240828154008,,27,39.1,0,19.55
20240828155008,,76,105.58,21.85,63.72
20240828160008,,23,101.27,10.63,55.95
20240828161008,,73,113.61,46.04,79.83
20240828162008,,22,39.61,10.88,25.25
20240828163008,,71,108.41,13.27,60.84
20240828164008,,21,97.87,12.14,55.01
20240828165008,,70,66.54,37.34,51.94
20240307090010,,45,28.42,13.16,20.79
20240307091010,,94,87.14,0,43.57
20240307092010,,43,185.84,30.59,108.22
20240307093010,,93,174.94,55.86,115.4
20240307094010,,42,226.31,154.12,190.22
20240307095010,,92,194.29,260.62,227.45
20240307100010,,39,173.18,238.49,205.84
20240307101010,,88,143.28,309.4,226.34
20240307102010,,37,80.61,334.38,207.5
20240307103010,,87,100.72,293.63,197.18
20240307104010,,36,193.73,324.16,258.94
20240307105010,,86,315.02,314.49,314.76
20240307110010,,33,436.04,411,423.52
20240307111010,,82,491.5,411.88,451.69
20240307112010,,32,530.41,464.13,497.27
20240307113010,,81,562.64,358.08,460.36
20240307114010,,30,720.97,449.14,585.06
20240307115010,,80,843.9,457.21,650.56
20240307120010,,27,1285.81,1231.91,1258.86
20240307121010,,76,956.93,465.28,711.1
20240307122010,,26,644.62,353.85,499.24
20240307123010,,75,740.83,441.85,591.34
20240307124010,,24,564.21,321.23,442.72
20240307125010,,74,733.14,499.79,616.46
20240307130010,,21,725.1,458,591.55
20240307131010,,70,801.26,463.82,632.54
20240307132010,,20,519.02,334.63,426.82
20240307133010,,69,709.05,453.09,581.07
20240307134010,,18,763.58,430.16,596.87
20240307135010,,68,547.89,334.11,441
20240307140010,,15,517.17,334.56,425.86
20240307141010,,64,418.43,206.87,312.65
20240307142010,,14,189.58,104.58,147.08
20240307143010,,63,61,7.03,34.02
20240307144010,,13,40.77,28.19,34.48
20240307145010,,62,33.16,38.26,35.71
20240307150010,,9,27.32,52.93,40.12
20240307151010,,58,22.67,52.93,37.8
20240307152010,,8,25.39,56.78,41.08
20240307153010,,57,24.67,18.72,21.7
20240307154010,,7,36.07,11.98,24.02
20240307155010,,56,39.71,7.85,23.78
20240307160010,,3,35.98,8.66,22.32
20240307161010,,52,23.97,0,11.98
20240307162010,,2,5.32,0,2.66
20240307163010,,51,0,0,0
20240307164010,,1,0,0,0
20240307165010,,50,0,0,0
20240310090010,,64,79.73,12.72,46.23
20240310091010,,14,144.87,18.76,81.82
20240310092010,,63,149.39,33.85,91.62
20240310093010,,13,140.95,12.18,76.56
20240310094010,,62,163.2,114.5,138.85
20240310095010,,11,214.17,174.76,194.46
20240310100010,,58,196.18,156.81,176.5
20240310101010,,8,178.16,61.58,119.87
20240310102010,,57,163.98,82.37,123.17
20240310103010,,7,193.42,95.86,144.64
20240310104010,,56,334.89,177.74,256.32
20240310105010,,5,886.9,992.01,939.45
20240310110010,,52,728.75,557.84,643.3
20240310111010,,2,797.59,572.63,685.11
20240310112010,,51,915.69,534.23,724.96
20240310113010,,1,849.97,460.57,655.27
20240310114010,,50,952.59,608.27,780.43
20240310115010,,99,786.79,499.94,643.36
20240310120010,,46,785.8,606.95,696.38
20240310121010,,96,606.55,483.61,545.08
20240310122010,,45,791.2,489.44,640.32
20240310123010,,95,665.29,402,533.64
20240310124010,,44,681.61,373.04,527.32
20240310125010,,94,683.13,314.19,498.66
20240310130010,,41,710.9,441.52,576.21
20240310131010,,90,406.53,372.62,389.58
20240310132010,,39,71.15,114.67,92.91
20240310133010,,89,31.16,45.48,38.32
20240310134010,,38,0,12.06,6.03
20240310135010,,88,0,20.16,10.08
20240310140010,,35,0,4.23,2.12
20240310141010,,84,0,16.13,8.06
20240310142010,,33,0,0,0
20240310143010,,83,0,0,0
20240310144010,,32,0,0,0
20240310145010,,82,10.25,0,5.12
20240310150010,,29,16.73,0,8.37
20240310151010,,78,0,0,0
20240310152010,,28,2.97,0,1.49
20240310153010,,77,0,0,0
20240310154010,,26,0,0,0
20240310155010,,76,1.21,0,0.6
20240310160010,,23,5.35,0,2.67
20240310161010,,72,3.91,0,1.96
20240310162010,,22,2.21,0,1.1
20240310163010,,71,0,0,0
20240310164010,,20,0,0,0
20240310165010,,70,0,0,0
20240423090010,,6,0,10.56,5.28
20240423091010,,55,3.19,4.44,3.82
20240423092010,,5,4.5,1.04,2.77
20240423093010,,54,1.68,6.75,4.22
20240423094010,,4,4.05,6.34,5.2
20240423095010,,53,4.25,2.06,3.16
20240423100010,,0,5.42,2.4,3.91
20240423101010,,50,6.37,0,3.18
20240423102010,,99,3.37,1.57,2.47
20240423103010,,48,5.86,0.78,3.32
20240423104010,,98,10.76,5.64,8.2
20240423105010,,47,7.84,9.77,8.8
20240423110010,,94,16.47,6.83,11.65
20240423111010,,44,12.43,11.11,11.77
20240423112010,,93,13.62,2.91,8.27
20240423113010,,42,14.22,0,7.11
20240423114010,,92,8.68,0,4.34
20240423115010,,41,18.7,0,9.35
20240423120010,,88,11.06,0,5.53
20240423121010,,38,8.95,0,4.47
20240423122010,,87,2.11,0,1.05
20240423123010,,37,3.24,0,1.62
20240423124010,,86,5.63,0,2.82
20240423125010,,35,6.39,0,3.19
20240423130010,,82,10.75,0,5.38
20240423131010,,32,9.55,6.31,7.93
20240423132010,,81,8.92,13.53,11.22
20240423133010,,31,20.28,17.65,18.96
20240423134010,,80,14.95,8.59,11.77
20240423135010,,29,17.36,17.57,17.46
20240423140010,,76,38.96,55.5,47.23
20240423141010,,26,20.71,38.49,29.6
20240423142010,,75,49.51,47.84,48.67
20240423143010,,25,48.04,29.61,38.83
20240423144010,,74,293.55,561.4,427.48
20240423145010,,23,136.55,522.27,329.41
20240423150010,,70,32.82,35.02,33.92
20240423151010,,20,5.15,28.76,16.96
20240423152010,,69,8.57,8.79,8.68
20240423153010,,19,18.2,5.83,12.02
20240423154010,,68,13.46,0,6.73
20240423155010,,18,2.03,21.22,11.62
20240423160010,,65,0,13.5,6.75
20240423161010,,14,0,0,0
20240423162010,,63,0,0,0
20240423163010,,13,0,0,0
20240423164010,,62,0,0,0
20240423165010,,12,0,0,0
20240519090010,,36,215.97,56.35,136.16
20240519091010,,86,175.91,53.22,114.56
20240519092010,,35,199.22,39.38,119.3
20240519093010,,85,248.35,147.13,197.74
20240519094010,,34,236.85,157.94,197.39
20240519095010,,83,246.69,173.39,210.04
20240519100010,,30,266.06,196.84,231.45
20240519101010,,80,314.16,185.11,249.64
20240519102010,,29,340.01,331.09,335.55
20240519103010,,79,617.97,514.28,566.12
20240519104010,,28,606.91,661.11,634.01
20240519105010,,77,812.85,748.59,780.72
20240519110010,,24,894.44,731.2,812.82
20240519111010,,74,871.59,840.35,855.97
20240519112010,,23,564.46,678.46,621.46
20240519113010,,73,677.26,501.78,589.52
20240519114010,,22,644.52,703.07,673.8
20240519115010,,71,1045.16,641.25,843.2
20240519120010,,18,1092.29,1057.28,1074.78
20240519121010,,68,648.72,746.45,697.58
20240519122010,,17,512.28,574.6,543.44
20240519123010,,67,494.21,642.78,568.5
20240519124010,,16,413.11,497.83,455.47
20240519125010,,66,350.86,500.93,425.9
20240519130010,,13,297.39,292.19,294.79
20240519131010,,62,341.22,160.41,250.82
20240519132010,,11,97.02,144.86,120.94
20240519133010,,61,35.92,165,100.46
20240519134010,,10,0,77.83,38.92
20240519135010,,60,0,51.62,25.81
20240519140010,,7,26.53,21.18,23.86
20240519141010,,56,5.13,0,2.56
20240519142010,,5,0,5.44,2.72
20240519143010,,55,0,0,0
20240519144010,,4,0,4.07,2.04
20240519145010,,54,18.35,0,9.18
20240519150010,,1,11.43,0,5.72
20240519151010,,50,0,0,0
20240519152010,,99,0,0,0
20240519153010,,49,0,0,0
20240519154010,,98,0,0,0
20240519155010,,48,0,0,0
20240519160010,,95,0,0,0
20240519161010,,44,0,0,0
20240519162010,,94,0,0,0
20240519163010,,43,0,9.72,4.86
20240519164010,,92,0,5.28,2.64
20240519165010,,42,0,0,0
20240619090010,,93,394.67,410.87,402.77
20240619091010,,42,328.99,388.02,358.5
20240619092010,,92,317.3,392.63,354.97
20240619093010,,41,357.72,493.27,425.5
20240619094010,,90,333.27,523.73,428.5
20240619095010,,40,324.69,510.51,417.6
20240619100010,,87,261.13,523.81,392.47
20240619101010,,36,465.34,828.29,646.81
20240619102010,,86,489.04,846.49,667.76
20240619103010,,35,662.81,801.15,731.98
20240619104010,,84,619.3,728.58,673.94
20240619105010,,34,591.74,747.15,669.44
20240619110010,,81,893.3,972.28,932.79
20240619111010,,30,1007.34,1142.44,1074.89
20240619112010,,80,1044.67,1185.58,1115.12
20240619113010,,29,1147.92,1337.18,1242.55
20240619114010,,79,1257.6,1219,1238.3
20240619115010,,28,1314.1,1312.99,1313.55
20240619120010,,75,1307.28,1257.52,1282.4
20240619121010,,24,1398.42,1295.25,1346.84
20240619122010,,74,1486.25,1193.39,1339.82
20240619123010,,23,1246.24,1152.93,1199.59
20240619124010,,73,1217.99,907.95,1062.97
20240619125010,,22,1088.99,880.48,984.74
20240619130010,,69,904.26,756.43,830.34
20240619131010,,18,588.65,314,451.32
20240619132010,,68,460.16,185.47,322.82
20240619133010,,17,147.79,134.28,141.04
20240619134010,,67,240.71,162.19,201.45
20240619135010,,16,131.26,75.75,103.5
20240619140010,,63,145.32,91.7,118.51
20240619141010,,12,171.28,139.99,155.64
20240619142010,,62,242.96,188.73,215.84
20240619143010,,11,121.77,58.88,90.33
20240619144010,,61,102.69,42.88,72.78
20240619145010,,10,94.11,42.17,68.14
20240619150010,,57,119.82,45.05,82.44
20240619151010,,7,87.31,15.19,51.25
20240619152010,,56,96,15.65,55.83
20240619153010,,5,71.44,11.84,41.64
20240619154010,,55,73.28,5.67,39.48
20240619155010,,4,70.93,0.38,35.66
20240619160010,,51,69.8,0,34.9
20240619161010,,1,74.8,1.87,38.34
20240619162010,,50,77.56,0.2,38.88
20240619163010,,99,58.28,0.24,29.26
20240619164010,,49,64.61,1.53,33.07
20240619165010,,98,65.75,5.77,35.76
20240711090010,,97,166.43,190,178.22
20240711091010,,46,312.45,314.65,313.55
20240711092010,,96,367.33,391.83,379.58
20240711093010,,45,510.34,691.7,601.02
20240711094010,,94,312.63,424.89,368.76
20240711095010,,44,361.18,492.81,427
20240711100010,,91,732.44,798.41,765.42
20240711101010,,40,813.35,647.5,730.42
20240711102010,,90,701.49,635.96,668.72
20240711103010,,39,671.28,668.8,670.04
20240711104010,,88,867.29,733.62,800.45
20240711105010,,38,907.49,789.35,848.42
20240711110010,,85,1207.31,827.13,1017.22
20240711111010,,34,920.87,715.13,818
20240711112010,,84,1179.29,924.47,1051.88
20240711113010,,33,1207.66,924.46,1066.06
20240711114010,,82,1169.14,856.94,1013.04
20240711115010,,32,864.05,831.72,847.88
20240711120010,,79,1019.93,947.9,983.92
20240711121010,,28,964.53,875.34,919.93
20240711122010,,78,1107.19,906.85,1007.02
20240711123010,,27,763.96,791.55,777.76
20240711124010,,77,632.39,723.15,677.77
20240711125010,,26,772.24,848.91,810.58
20240711130010,,73,960.18,1170.22,1065.2
20240711131010,,22,693.48,505.85,599.66
20240711132010,,72,549.2,494.64,521.92
20240711133010,,21,162.17,233.09,197.63
20240711134010,,71,119.42,106.16,112.79
20240711135010,,20,76.3,67.5,71.9
20240711140010,,67,117.1,36.74,76.92
20240711141010,,16,89.44,6.77,48.1
20240711142010,,66,76.67,22.79,49.73
20240711143010,,15,76.95,23.85,50.4
20240711144010,,65,70.08,21.41,45.74
20240711145010,,14,45.44,23.14,34.29
20240711150010,,61,27.31,32.65,29.98
20240711151010,,10,29.32,21.17,25.25
20240711152010,,60,27.48,6.9,17.19
20240711153010,,9,28.29,17.06,22.67
20240711154010,,59,33.03,18.21,25.62
20240711155010,,8,45.18,34.26,39.72
20240711160010,,55,52.02,33.88,42.95
20240711161010,,5,46.49,91.15,68.82
20240711162010,,54,34.99,55.09,45.04
20240711163010,,3,32.26,35.97,34.11
20240711164010,,53,27.8,30.91,29.36
20240711165010,,2,24.29,25.47,24.88
20240207090017,,89,417.48,448.58,433.03
20240207091017,,83,720.19,562.01,641.1
20240207092017,,77,376.16,431.95,404.06
20240207093017,,72,411.59,364.07,387.83
20240207094017,,66,363.57,309.44,336.5
20240207095017,,60,242.98,310.28,276.63
20240207100017,,30,263.61,306.03,284.82
20240207101017,,24,373.31,458.67,415.99
20240207102017,,18,644.71,655.61,650.16
20240207103017,,12,657.06,637.83,647.44
20240207104017,,6,412.62,438.11,425.36
20240207105017,,0,921.1,720.03,820.57
20240207110017,,71,930.89,782.65,856.77
20240207111017,,65,478.67,565.19,521.93
20240207112017,,59,401.07,488.97,445.02
20240207113017,,53,511.47,507.44,509.46
20240207114017,,47,503.85,414.69,459.27
20240207115017,,41,750.27,507.65,628.96
20240207120017,,11,1103.4,842.58,972.99
20240207121017,,5,1247.03,892.14,1069.59
20240207122017,,99,825.5,475.11,650.31
20240207123017,,93,797.28,613.2,705.24
20240207124017,,88,821.92,505.48,663.7
20240207125017,,82,779.03,496.18,637.6
20240207130017,,52,819.51,461.66,640.58
20240207131017,,46,813.13,467.03,640.08
20240207132017,,40,617.19,281.74,449.47
20240207133017,,34,663.75,227.33,445.54
20240207134017,,28,646.03,346.08,496.05
20240207135017,,22,295.75,240.38,268.06
20240207140017,,93,117.16,252.71,184.94
20240207141017,,87,99.72,239.57,169.64
20240207142017,,81,132.32,230.36,181.34
20240207143017,,75,120.55,110.18,115.37
20240207144017,,69,102.66,78.66,90.66
20240207145017,,63,88.44,75.21,81.82
20240207150017,,33,85.95,43.49,64.72
20240207151017,,27,68.51,37.29,52.9
20240207152017,,21,71.07,40.07,55.57
20240207153017,,15,95.16,34.64,64.9
20240207154017,,10,74.9,30.24,52.57
20240207155017,,4,74.86,36.18,55.52
20240207160017,,74,63.03,39.08,51.06
20240207161017,,68,65.36,27.69,46.52
20240207162017,,62,66.23,20.1,43.17
20240207163017,,56,56.07,8.89,32.48
20240207164017,,50,64.19,5.19,34.69
20240207165017,,44,63.81,6.7,35.26
20240224090017,,5,175.69,208.83,192.26
20240224091017,,99,262.3,192.4,227.35
20240224092017,,93,283.79,187.62,235.71
20240224093017,,88,345.35,225.63,285.49
20240224094017,,82,595.64,693.4,644.52
20240224095017,,76,526.26,687.15,606.7
20240224100017,,46,633.35,587.14,610.24
20240224101017,,40,711.83,826.7,769.27
20240224102017,,34,546.02,778.53,662.28
20240224103017,,28,672.43,863.63,768.03
20240224104017,,22,708.96,614.51,661.74
20240224105017,,16,1140.79,1169.85,1155.32
20240224110017,,87,1441.03,1268.43,1354.73
20240224111017,,81,1476.42,1169.18,1322.8
20240224112017,,75,1354.29,1185.97,1270.13
20240224113017,,69,1206.31,1135.87,1171.09
20240224114017,,63,563.34,548.05,555.69
20240224115017,,57,378.04,168.18,273.11
20240224120017,,27,464.6,278.02,371.31
20240224121017,,21,786.86,601.7,694.28
20240224122017,,15,346.16,233.52,289.84
20240224123017,,9,146.04,203.06,174.55
20240224124017,,4,112.18,183.73,147.95
20240224125017,,98,73.34,61.48,67.41
20240224130017,,68,82.27,41.03,61.65
20240224131017,,62,57.76,30.43,44.09
20240224132017,,56,58.93,28.06,43.49
20240224133017,,50,58.08,28.43,43.25
20240224134017,,44,75.13,38.22,56.67
20240224135017,,38,51.86,19.65,35.75
20240224140017,,9,47.46,16.94,32.2
20240224141017,,3,63.29,14.59,38.94
20240224142017,,97,74.89,13.28,44.08
20240224143017,,91,63.02,16.4,39.71
20240224144017,,85,65.98,16.96,41.47
20240224145017,,79,62.17,11.94,37.06
20240224150017,,49,71.1,13.92,42.51
20240224151017,,43,64.79,14,39.4
20240224152017,,37,64.15,7.77,35.96
20240224153017,,31,63.39,4.21,33.8
20240224154017,,26,60.51,9.95,35.23
20240224155017,,20,57.74,9.69,33.72
20240224160017,,90,59.38,4.11,31.75
20240224161017,,84,52.66,9.62,31.14
20240224162017,,78,50.97,0,25.48
20240224163017,,72,48.64,7.49,28.07
20240224164017,,66,47.07,10.17,28.62
20240224165017,,60,39.96,9.14,24.55
20240318090017,,17,468.06,428.38,448.22
20240318091017,,67,453.5,429.72,441.61
20240318092017,,16,455.13,421.47,438.3
20240318093017,,65,351.2,240.44,295.82
20240318094017,,15,312.28,379.11,345.7
20240318095017,,64,307.57,444.32,375.94
20240318100017,,11,666.07,314.46,490.26
20240318101017,,61,665.47,250.02,457.74
20240318102017,,10,591.3,232.42,411.86
20240318103017,,59,914.34,651.17,782.76
20240318104017,,9,1104.66,1184.74,1144.7
20240318105017,,58,1070.2,1129.31,1099.76
20240318110017,,5,1379.98,972.61,1176.3
20240318111017,,55,1446.06,987.12,1216.59
20240318112017,,4,1463.14,991.52,1227.33
20240318113017,,54,1329.74,977.13,1153.43
20240318114017,,3,1464.37,1027.67,1246.02
20240318115017,,52,1493.04,1068.24,1280.64
20240318120017,,99,1479,1281.62,1380.31
20240318121017,,49,1433.87,1240.48,1337.17
20240318122017,,98,1507.44,1211.78,1359.61
20240318123017,,48,1442.29,1270.26,1356.28
20240318124017,,97,1460.37,1284.92,1372.64
20240318125017,,46,1398.32,1156.77,1277.55
20240318130017,,93,1377.99,1213.51,1295.75
20240318131017,,43,1433.06,1217.85,1325.45
20240318132017,,92,1561.61,1195.75,1378.68
20240318133017,,42,1477.08,1397.95,1437.51
20240318134017,,91,1442.7,1338.96,1390.83
20240318135017,,40,1422.32,1391.6,1406.96
20240318140017,,87,1171.34,1132.1,1151.72
20240318141017,,37,1034.4,1175.39,1104.89
20240318142017,,86,1319.54,1320.08,1319.81
20240318143017,,36,1288.93,1355.41,1322.17
20240318144017,,85,1042.89,1333.53,1188.21
20240318145017,,35,960.44,1214.12,1087.28
20240318150017,,82,836.62,904.26,870.44
20240318151017,,31,674.51,417.22,545.86
20240318152017,,80,262.77,350.61,306.69
20240318153017,,30,4.2,238.27,121.24
20240318154017,,79,0,290.75,145.38
20240318155017,,29,136.69,159.49,148.09
20240318160017,,76,148.52,162.72,155.62
20240318161017,,25,166.58,71,118.79
20240318162017,,74,93.5,68.92,81.21
20240318163017,,24,50.52,32.83,41.67
20240318164017,,73,68.16,47.07,57.61
20240318165017,,23,63.62,53.18,58.4
20240509090017,,71,49.28,34.99,42.14
20240509091017,,20,40.61,30.13,35.37
20240509092017,,70,59.57,34.43,47
20240509093017,,19,45.68,40.15,42.92
20240509094017,,69,61.32,32.85,47.08
20240509095017,,18,32.14,69.48,50.81
20240509100017,,65,75.91,82.85,79.38
20240509101017,,14,124.85,40.79,82.82
20240509102017,,64,43.02,53.87,48.44
20240509103017,,13,183.46,48.51,115.98
20240509104017,,63,426.96,155.98,291.47
20240509105017,,12,727.58,1026.19,876.88
20240509110017,,59,964.45,1014.87,989.66
20240509111017,,9,849.95,934.49,892.22
20240509112017,,58,860.05,966.85,913.45
20240509113017,,7,840.71,1086.05,963.38
20240509114017,,57,880.72,950.09,915.4
20240509115017,,6,890.16,942.33,916.24
20240509120017,,53,885.37,1012.39,948.88
20240509121017,,3,799.34,520.75,660.05
20240509122017,,52,576.26,470.92,523.59
20240509123017,,1,1218.26,1260.1,1239.18
20240509124017,,51,771.87,1138.24,955.06
20240509125017,,0,791.31,1094.22,942.76
20240509130017,,47,949.48,1041.54,995.51
20240509131017,,97,862.13,1217.08,1039.61
20240509132017,,46,1244.25,1219.59,1231.92
20240509133017,,95,774.18,517.59,645.88
20240509134017,,45,542.16,526.12,534.14
20240509135017,,94,490.87,391.5,441.18
20240509140017,,41,549.1,378.81,463.96
20240509141017,,91,410.56,250.77,330.66
20240509142017,,40,321.15,267.38,294.26
20240509143017,,90,71.6,53.53,62.56
20240509144017,,39,54.56,12.63,33.59
20240509145017,,88,45.2,0,22.6
20240509150017,,35,69.99,22.23,46.11
20240509151017,,85,40.1,9.38,24.74
20240509152017,,34,32.76,5.19,18.97
20240509153017,,84,31.15,0,15.57
20240509154017,,33,14.29,0,7.14
20240509155017,,82,10.71,0,5.36
20240509160017,,29,4.1,6.38,5.24
20240509161017,,79,0.39,5.5,2.94
20240509162017,,28,0,0,0
20240509163017,,78,0,0,0
20240509164017,,27,0,3.47,1.74
20240509165017,,76,0,8.4,4.2
20240602090017,,81,45.46,0,22.73
20240602091017,,31,43.42,40.26,41.84
20240602092017,,80,24.64,71.93,48.29
20240602093017,,30,0,77.54,38.77
20240602094017,,79,0,35.4,17.7
20240602095017,,29,3.43,44.28,23.86
20240602100017,,76,52.67,46.95,49.81
20240602101017,,25,104.41,95.31,99.86
20240602102017,,74,128.78,177.51,153.14
20240602103017,,24,94.8,219.54,157.17
20240602104017,,73,71.41,217.63,144.52
20240602105017,,23,100.25,285.81,193.03
20240602110017,,70,353.89,444.69,399.29
20240602111017,,19,337.52,507.95,422.74
20240602112017,,68,362.37,529.51,445.94
20240602113017,,18,321.68,550.32,436
20240602114017,,67,287.03,609.82,448.42
20240602115017,,17,435.6,598.94,517.27
20240602120017,,64,508.12,532.42,520.27
20240602121017,,13,52.12,240.59,146.35
20240602122017,,63,271.19,310.8,291
20240602123017,,12,107,186.52,146.76
20240602124017,,61,157.02,180.63,168.82
20240602125017,,11,133.06,178.48,155.77
20240602130017,,58,120.04,151.55,135.8
20240602131017,,7,67.77,110.69,89.23
20240602132017,,57,70.27,1.59,35.93
20240602133017,,6,57.6,36.88,47.24
20240602134017,,55,47.17,36.42,41.8
20240602135017,,5,18.06,24.55,21.3
20240602140017,,52,3.85,27.22,15.54
20240602141017,,1,9.73,36.73,23.23
20240602142017,,51,14.57,27.05,20.81
20240602143017,,0,7.93,21.77,14.85
20240602144017,,49,15.74,20.3,18.02
20240602145017,,99,5.11,12.11,8.61
20240602150017,,46,0,0,0
20240602151017,,95,0,4.42,2.21
20240602152017,,45,0,0,0
20240602153017,,94,4.21,0,2.1
20240602154017,,44,9.74,0,4.87
20240602155017,,93,0.3,0,0.15
20240602160017,,40,0,0,0
20240602161017,,89,0,19.61,9.8
20240602162017,,39,0,22.64,11.32
20240602163017,,88,0,10.72,5.36
20240602164017,,38,0,18.28,9.14
20240602165017,,87,0,0,0
20240604090017,,95,26.5,35.08,30.79
20240604091017,,44,35.82,37.32,36.57
20240604092017,,93,37.35,34.27,35.81
20240604093017,,43,30.79,59.41,45.1
20240604094017,,92,57.25,55.95,56.6
20240604095017,,42,90.9,69.06,79.98
20240604100017,,89,99.35,66,82.67
20240604101017,,38,298.06,78.07,188.06
20240604102017,,88,551.29,319.53,435.41
20240604103017,,37,665.47,364.31,514.89
20240604104017,,86,923.03,714.29,818.66
20240604105017,,36,939.29,884.89,912.09
20240604110017,,83,1200.42,1368.03,1284.22
20240604111017,,32,1170.14,1463.04,1316.59
20240604112017,,82,1261.29,1397.55,1329.42
20240604113017,,31,1193.23,1294.75,1243.99
20240604114017,,80,1228.85,1385.17,1307.01
20240604115017,,30,997.01,1274.71,1135.86
20240604120017,,77,1004.51,1285.13,1144.82
20240604121017,,26,1015.17,810.27,912.72
20240604122017,,76,630.48,311.26,470.87
20240604123017,,25,532.28,384.05,458.16
20240604124017,,74,520.62,376.4,448.51
20240604125017,,24,526.93,429.7,478.31
20240604130017,,71,569.03,454.42,511.72
20240604131017,,20,468.62,440.55,454.59
20240604132017,,70,526.22,704.71,615.46
20240604133017,,19,469.59,502.5,486.04
20240604134017,,69,338.53,174.63,256.58
20240604135017,,18,302.71,151.57,227.14
20240604140017,,65,196.8,137.57,167.18
20240604141017,,14,118.01,61.19,89.6
20240604142017,,64,66.08,39.57,52.83
20240604143017,,13,56.7,26.94,41.82
20240604144017,,63,34.76,34.63,34.7
20240604145017,,12,56.09,44.84,50.47
20240604150017,,59,54.25,46.51,50.38
20240604151017,,8,36.77,27.99,32.38
20240604152017,,58,54.01,24.82,39.42
20240604153017,,7,18.43,16.74,17.59
20240604154017,,57,25.58,14.18,19.88
20240604155017,,6,37.83,15.65,26.74
20240604160017,,53,49.52,18.77,34.15
20240604161017,,2,30.89,17.92,24.41
20240604162017,,52,36.79,22.67,29.73
20240604163017,,1,30.29,20.14,25.22
20240604164017,,51,8.59,7.1,7.84
20240604165017,,0,2.32,6.71,4.52
20240609090017,,27,0,30.35,15.18
20240609091017,,77,91.29,87.08,89.18
20240609092017,,26,77.61,70.6,74.1
20240609093017,,76,114.17,64.18,89.18
20240609094017,,25,119.63,82.58,101.1
20240609095017,,74,73.48,52.99,63.24
20240609100017,,22,275.89,304.49,290.19
20240609101017,,71,397.35,322.6,359.98
20240609102017,,20,554.54,465.48,510.01
20240609103017,,70,453.83,495.19,474.51
20240609104017,,19,349.7,430.01,389.86
20240609105017,,69,360.06,380.94,370.5
20240609110017,,16,379.93,466.17,423.05
20240609111017,,65,377.88,440.94,409.41
20240609112017,,14,384.34,502.11,443.22
20240609113017,,64,737.64,588.24,662.94
20240609114017,,13,870.24,653.98,762.11
20240609115017,,63,819.68,696.78,758.23
20240609120017,,10,582.38,748.79,665.58
20240609121017,,59,416.33,404.63,410.48
20240609122017,,8,411.87,489.48,450.68
20240609123017,,58,578.99,489.89,534.44
20240609124017,,7,597.09,541.47,569.28
20240609125017,,57,763.4,567.17,665.28
20240609130017,,4,782.65,668.69,725.67
20240609131017,,53,544.48,361.42,452.95
20240609132017,,3,252.67,227.8,240.24
20240609133017,,52,136.9,132.6,134.75
20240609134017,,1,199.18,105.86,152.52
20240609135017,,51,272.23,142.75,207.49
20240609140017,,98,108.78,51.57,80.17
20240609141017,,47,89.21,59.32,74.26
20240609142017,,97,88.45,42.61,65.53
20240609143017,,46,0,41.28,20.64
20240609144017,,95,56.78,51.58,54.18
20240609145017,,45,31.64,19.22,25.43
20240609150017,,92,7.61,11.43,9.52
20240609151017,,41,7.85,0,3.92
20240609152017,,91,3.05,0,1.52
20240609153017,,40,7.5,0,3.75
20240609154017,,89,6.4,2.33,4.36
20240609155017,,39,14,0,7
20240609160017,,86,7.12,1.69,4.4
20240609161017,,35,4.37,2.33,3.35
20240609162017,,85,2.49,2.74,2.62
20240609163017,,34,0.43,0.52,0.48
20240609164017,,84,9.67,1,5.34
20240609165017,,33,9.47,2.27,5.87
20240709090017,,84,26.32,24.31,25.31
20240709091017,,33,11.66,11.97,11.82
20240709092017,,83,11.82,15.25,13.54
20240709093017,,32,12.56,5.87,9.21
20240709094017,,82,22,0,11
20240709095017,,31,4.3,0,2.15
20240709100017,,78,0,0,0
20240709101017,,27,23.79,0,11.89
20240709102017,,77,24.84,29.38,27.11
20240709103017,,26,0,0,0
20240709104017,,76,50.06,8.62,29.34
20240709105017,,25,92.6,14.09,53.34
20240709110017,,72,122.5,51.99,87.25
20240709111017,,21,91.35,54.44,72.89
20240709112017,,71,34.51,24.68,29.59
20240709113017,,20,6.76,32.76,19.76
20240709114017,,70,0,1.79,0.9
20240709115017,,19,0,13.49,6.74
20240709120017,,66,0,46.33,23.16
20240709121017,,16,31.33,43.6,37.47
20240709122017,,65,26.17,39.51,32.84
20240709123017,,14,25.73,41.45,33.59
20240709124017,,64,46.61,40.96,43.78
20240709125017,,13,0,0,0
20240709130017,,60,48.93,0.13,24.53
20240709131017,,10,0,0,0
20240709132017,,59,0,0,0
20240709133017,,8,0,0,0
20240709134017,,58,3.43,0,1.72
20240709135017,,7,0,29.59,14.8
20240709140017,,54,39.15,76.53,57.84
20240709141017,,4,9.5,21.85,15.68
20240709142017,,53,12.89,17.35,15.12
20240709143017,,2,0,12.77,6.38
20240709144017,,52,0,16.67,8.34
20240709145017,,1,6.63,13.03,9.83
20240709150017,,48,0,27.92,13.96
20240709151017,,98,0,2.31,1.16
20240709152017,,47,0,0,0
20240709153017,,97,5.8,0,2.9
20240709154017,,46,19.33,0,9.66
20240709155017,,95,12.17,0,6.08
20240709160017,,42,30.71,0.61,15.66
20240709161017,,92,21.58,0.17,10.88
20240709162017,,41,24.06,0,12.03
20240709163017,,91,25.99,2.54,14.26
20240709164017,,40,12.44,1.97,7.2
20240709165017,,89,1.89,0,0.94
20240106090001,,51,175.08,73.33,124.21
20240106091001,,45,275.19,690.04,482.62
20240106092001,,39,179.82,694.6,437.21
20240106093001,,33,384.06,703.04,543.55
20240106094001,,27,526.29,481.04,503.66
20240106095001,,22,732.53,653.24,692.88
20240106100001,,92,849.52,460.7,655.11
20240106101001,,86,696.58,613.19,654.88
20240106102001,,80,175.77,328.35,252.06
20240106103001,,74,56.89,25.94,41.42
20240106104001,,68,67.43,88.95,78.19
20240106105001,,62,147.77,117.42,132.6
20240106110001,,33,171.36,116.79,144.08
20240106111001,,27,408.1,590.18,499.14
20240106112001,,21,204.01,174.35,189.18
20240106113001,,15,204.74,161.41,183.07
20240106114001,,9,117.63,215.56,166.6
20240106115001,,3,142.76,207.45,175.1
20240106120001,,73,56.2,167.26,111.73
20240106121001,,67,23.46,183.83,103.65
20240106122001,,61,4.33,156.47,80.4
20240106123001,,55,0,44.41,22.2
20240106124001,,49,0,54.55,27.27
20240106125001,,43,0,17.48,8.74
20240106130001,,14,29.26,6.47,17.87
20240106131001,,8,16.06,0,8.03
20240106132001,,2,15.17,0,7.58
20240106133001,,96,15.29,0,7.64
20240106134001,,90,16.31,19.88,18.09
20240106135001,,84,18.15,28.47,23.31
20240106140001,,54,17.64,54.12,35.88
20240106141001,,49,33.19,45.25,39.22
20240106142001,,43,34.42,31.8,33.11
20240106143001,,37,16.35,10.94,13.64
20240106144001,,31,10.15,0,5.08
20240106145001,,25,6.17,0,3.08
20240106150001,,95,6.98,0,3.49
20240106151001,,89,4.41,0,2.2
20240106152001,,83,8.74,0,4.37
20240106153001,,77,11.77,0,5.88
20240106154001,,71,17.27,5.39,11.33
20240106155001,,65,17.59,14.3,15.95
20240106160001,,36,18.27,11.63,14.95
20240106161001,,30,22.16,8,15.08
20240106162001,,24,7.8,3.9,5.85
20240106163001,,18,7.3,17.12,12.21
20240106164001,,12,3.67,8.19,5.93
20240106165001,,6,3.53,13.16,8.35
20240111090001,,79,22.06,45.47,33.76
20240111091001,,73,11.05,4.94,8
20240111092001,,68,21.49,15.06,18.27
20240111093001,,62,61.65,12.76,37.2
20240111094001,,56,16.75,14.17,15.46
20240111095001,,50,3.39,23.91,13.65
20240111100001,,20,20.92,2.15,11.54
20240111101001,,14,1.34,5.89,3.61
20240111102001,,8,0,4.5,2.25
20240111103001,,2,3.73,7.35,5.54
20240111104001,,96,21.88,6.41,14.14
20240111105001,,90,0,9.75,4.88
20240111110001,,61,0,9.99,5
20240111111001,,55,60.66,87.3,73.98
20240111112001,,49,50.87,84.59,67.73
20240111113001,,43,46.64,88.03,67.34
20240111114001,,37,76.03,104.87,90.45
20240111115001,,31,68.82,121.44,95.13
20240111120001,,1,18.82,68.61,43.72
20240111121001,,95,9.58,40.81,25.2
20240111122001,,90,0,0,0
20240111123001,,84,0,12.6,6.3
20240111124001,,78,0,3.47,1.74
20240111125001,,72,67.31,9.29,38.3
20240111130001,,42,69.52,8.67,39.09
20240111131001,,36,0,19.45,9.72
20240111132001,,30,26.12,31.07,28.59
20240111133001,,24,35.36,26.4,30.88
20240111134001,,18,19.01,23.96,21.48
20240111135001,,12,13.92,26.09,20
20240111140001,,83,10.15,19.41,14.78
20240111141001,,77,23.74,21.37,22.56
20240111142001,,71,37.76,54.94,46.35
20240111143001,,65,45.63,44.54,45.08
20240111144001,,59,41.34,44.95,43.15
20240111145001,,53,50.29,54.29,52.29
20240111150001,,23,71.37,60.52,65.95
20240111151001,,17,40.88,29.14,35.01
20240111152001,,11,29.87,17.98,23.92
20240111153001,,6,42.49,36.96,39.73
20240111154001,,0,35.51,47.03,41.27
20240111155001,,94,28.55,32.07,30.31
20240111160001,,64,24.35,23.33,23.84
20240111161001,,58,19.17,19.37,19.27
20240111162001,,52,6.49,10.33,8.41
20240111163001,,46,5.25,10.58,7.92
20240111164001,,40,6.48,4.79,5.64
20240111165001,,34,6.26,2.33,4.3
20240213090001,,75,332.47,583.64,458.06
20240213091001,,69,390.49,457.29,423.89
20240213092001,,63,538.2,527.04,532.62
20240213093001,,57,351.55,390.41,370.98
20240213094001,,52,685.14,772.04,728.59
20240213095001,,46,713.64,699.74,706.69
20240213100001,,16,960.83,948.26,954.55
20240213101001,,10,904.78,1025.66,965.22
20240213102001,,4,977.01,947.15,962.08
20240213103001,,98,1020.26,750.2,885.23
20240213104001,,92,729.2,546.44,637.82
20240213105001,,86,705.42,505.29,605.36
20240213110001,,57,736.54,592.72,664.63
20240213111001,,51,897.64,785.25,841.44
20240213112001,,45,896.02,799.88,847.95
20240213113001,,39,739.33,520.87,630.1
20240213114001,,33,678.74,585.42,632.08
20240213115001,,27,826.62,798.35,812.48
20240213120001,,97,572.88,593.69,583.29
20240213121001,,91,388.13,327.14,357.64
20240213122001,,85,387.33,408.89,398.11
20240213123001,,79,110.45,228.27,169.36
20240213124001,,74,326.39,260.28,293.34
20240213125001,,68,853.22,764.73,808.98
20240213130001,,38,286.51,259.09,272.8
20240213131001,,32,498.17,256.49,377.33
20240213132001,,26,877.05,782.2,829.62
20240213133001,,20,1024.05,657.95,841
20240213134001,,14,909.08,596.23,752.66
20240213135001,,8,940.39,815.09,877.74
20240213140001,,79,766.63,470.75,618.69
20240213141001,,73,711.51,559.31,635.41
20240213142001,,67,546.95,419.07,483.01
20240213143001,,61,50.24,211.22,130.73
20240213144001,,55,93.53,181.41,137.47
20240213145001,,49,86.58,165.19,125.88
20240213150001,,19,44.43,66.7,55.56
20240213151001,,13,76.97,45.03,61
20240213152001,,7,48.35,34.71,41.53
20240213153001,,1,38.98,18.03,28.5
20240213154001,,96,33.91,19.98,26.94
20240213155001,,90,27.66,18.75,23.2
20240213160001,,60,9.97,5.18,7.58
20240213161001,,54,19.03,5.84,12.44
20240213162001,,48,16.91,5.64,11.28
20240213163001,,42,14.31,0.96,7.64
20240213164001,,36,37.94,43.48,40.71
20240213165001,,30,38.62,201.85,120.24
20240508090001,,64,78.53,36.34,57.44
20240508091001,,13,38.53,19.51,29.02
20240508092001,,62,104.83,52.31,78.57
20240508093001,,12,349.97,499.38,424.68
20240508094001,,61,550.19,348.48,449.34
20240508095001,,11,556.4,594.5,575.45
20240508100001,,58,532.01,421.04,476.52
20240508101001,,7,456.35,432.34,444.35
20240508102001,,57,723.65,488.75,606.2
20240508103001,,6,861.83,720.83,791.33
20240508104001,,55,1014.92,1075.01,1044.96
20240508105001,,5,873.26,1084.35,978.8
20240508110001,,52,1331.86,1172.12,1251.99
20240508111001,,1,1319.97,1141.4,1230.68
20240508112001,,51,1369.16,1150.36,1259.76
20240508113001,,0,1396.33,1114.93,1255.63
20240508114001,,49,1339,1149.71,1244.36
20240508115001,,99,1299.81,783.88,1041.85
20240508120001,,46,1392.61,817.77,1105.19
20240508121001,,95,1381.64,801.84,1091.74
20240508122001,,45,1217.14,864.2,1040.67
20240508123001,,94,1033.7,527.21,780.46
20240508124001,,43,1007.15,623.64,815.4
20240508125001,,93,1086.89,626.75,856.82
20240508130001,,40,1075.68,592.67,834.18
20240508131001,,89,786.51,524.02,655.26
20240508132001,,39,434.61,605.74,520.18
20240508133001,,88,447.82,438.56,443.19
20240508134001,,38,484.56,444.23,464.4
20240508135001,,87,451.87,205.17,328.52
20240508140001,,34,127.97,0,63.98
20240508141001,,83,0,133.44,66.72
20240508142001,,33,0,0,0
20240508143001,,82,0,79.69,39.84
20240508144001,,32,9.73,81.02,45.38
20240508145001,,81,46.22,97.88,72.05
20240508150001,,28,36.17,52.24,44.2
20240508151001,,77,33.49,45.97,39.73
20240508152001,,27,34,20.3,27.15
20240508153001,,76,61.34,42.23,51.78
20240508154001,,26,32.97,30.79,31.88
20240508155001,,75,12.21,24.37,18.29
20240508160001,,22,4.26,23.73,14
20240508161001,,72,4.78,20.88,12.83
20240508162001,,21,0,13.63,6.82
20240508163001,,70,0,10.86,5.43
20240508164001,,20,21.35,36.44,28.9
20240508165001,,69,0.56,26.73,13.64
20240510090001,,77,0,15.63,7.82
20240510091001,,26,0,6.15,3.08
20240510092001,,76,0,17.45,8.72
20240510093001,,25,4.73,12.31,8.52
20240510094001,,74,9.61,18.53,14.07
20240510095001,,24,18.56,32.7,25.63
20240510100001,,71,33.72,41.28,37.5
20240510101001,,20,41.63,40.99,41.31
20240510102001,,70,41.1,55.26,48.18
20240510103001,,19,37.44,50.99,44.22
20240510104001,,68,16.16,31.94,24.05
20240510105001,,18,12.34,16.02,14.18
20240510110001,,65,14.54,0,7.27
20240510111001,,14,51.34,29.76,40.55
20240510112001,,64,49.18,41.34,45.26
20240510113001,,13,53.12,45.49,49.3
20240510114001,,63,35.24,27.22,31.23
20240510115001,,12,27.81,23.16,25.48
20240510120001,,59,26.65,33.41,30.03
20240510121001,,8,12.97,16.17,14.57
20240510122001,,58,12.29,0.73,6.51
20240510123001,,7,2.58,0,1.29
20240510124001,,57,3.79,0,1.9
20240510125001,,6,13.39,1.54,7.46
20240510130001,,53,20.75,12.33,16.54
20240510131001,,2,7.99,4.7,6.35
20240510132001,,52,8.77,3.27,6.02
20240510133001,,1,11.09,7.46,9.28
20240510134001,,51,0,2.08,1.04
20240510135001,,0,0,0,0
20240510140001,,47,3.28,0,1.64
20240510141001,,97,0,32.49,16.25
20240510142001,,46,0.94,11.22,6.08
20240510143001,,95,0,0,0
20240510144001,,45,0,0,0
20240510145001,,94,0,0,0
20240510150001,,41,0,0,0
20240510151001,,91,2.28,0,1.14
20240510152001,,40,3.97,0,1.99
20240510153001,,89,7.28,0,3.64
20240510154001,,39,4.98,0,2.49
20240510155001,,88,11.54,0,5.77
20240510160001,,35,11.81,0,5.9
20240510161001,,85,6.11,0,3.06
20240510162001,,34,6.08,0,3.04
20240510163001,,83,4.59,0,2.3
20240510164001,,33,3.26,0,1.63
20240510165001,,82,5.14,0,2.57
20240524090001,,69,22.98,17.57,20.27
20240524091001,,18,14.39,13.3,13.85
20240524092001,,67,10.17,11.03,10.6
20240524093001,,17,7.6,2.32,4.96
20240524094001,,66,7.64,10.83,9.23
20240524095001,,16,25.14,23.72,24.43
20240524100001,,63,34.12,27.24,30.68
20240524101001,,12,35.76,28.59,32.17
20240524102001,,62,41.81,34.2,38.01
20240524103001,,11,39.76,34.05,36.91
20240524104001,,60,49.65,51.18,50.42
20240524105001,,10,51.68,51.93,51.8
20240524110001,,57,30.41,33.49,31.95
20240524111001,,6,38.23,31.78,35
20240524112001,,56,33.09,35.96,34.53
20240524113001,,5,41.4,33.44,37.42
20240524114001,,54,33.39,35.49,34.44
20240524115001,,4,46.86,27.43,37.14
20240524120001,,51,191.32,53.47,122.39
20240524121001,,0,26.63,0,13.31
20240524122001,,50,19.73,0,9.87
20240524123001,,99,184.48,640.58,412.53
20240524124001,,48,445.61,673.46,559.54
20240524125001,,98,387.69,632.62,510.15
20240524130001,,45,296.54,583.33,439.94
20240524131001,,94,482.06,666.76,574.41
20240524132001,,44,149.61,64.6,107.11
20240524133001,,93,406.9,657.71,532.31
20240524134001,,43,575.64,771.8,673.72
20240524135001,,92,668.67,818.79,743.73
20240524140001,,39,131.62,53.73,92.67
20240524141001,,88,113.68,37.66,75.67
20240524142001,,38,94.98,22.27,58.62
20240524143001,,87,56.24,17.86,37.05
20240524144001,,37,43.11,0,21.56
20240524145001,,86,13.37,0,6.68
20240524150001,,33,5.62,0.02,2.82
20240524151001,,82,2.94,2.52,2.73
20240524152001,,32,0,2.46,1.23
20240524153001,,81,9.82,2.66,6.24
20240524154001,,31,3.09,0,1.54
20240524155001,,80,1.12,0,0.56
20240524160001,,27,1.73,0,0.86
20240524161001,,77,0.16,0,0.08
20240524162001,,26,1.25,0,0.62
20240524163001,,75,2.68,0,1.34
20240524164001,,25,2.81,0,1.41
20240524165001,,74,5.06,0,2.53
20240623090001,,19,29.29,15.57,22.43
20240623091001,,68,42.46,19.55,31.01
20240623092001,,17,38.76,34.29,36.52
20240623093001,,67,23.51,28.19,25.85
20240623094001,,16,21.67,40.64,31.16
20240623095001,,66,46.26,46.08,46.17
20240623100001,,13,140.6,37.47,89.03
20240623101001,,62,46.9,21.02,33.96
20240623102001,,11,24.82,16.06,20.44
20240623103001,,61,0,0,0
20240623104001,,10,19.29,0,9.64
20240623105001,,60,8.16,0,4.08
20240623110001,,7,7.03,0,3.52
20240623111001,,56,4.67,0,2.34
20240623112001,,6,14.35,0,7.18
20240623113001,,55,24.16,0,12.08
20240623114001,,4,0,0,0
20240623115001,,54,34.14,0,17.07
20240623120001,,1,2.21,0,1.1
20240623121001,,50,17.48,0,8.74
20240623122001,,0,0,4.8,2.4
20240623123001,,49,7.15,5.67,6.41
20240623124001,,98,23.67,4.09,13.88
20240623125001,,48,7.65,15.37,11.51
20240623130001,,95,0.84,14.14,7.49
20240623131001,,44,5.38,1.25,3.32
20240623132001,,94,7.88,6.86,7.37
20240623133001,,43,15.21,0,7.61
20240623134001,,92,7.58,0,3.79
20240623135001,,42,9.31,0,4.66
20240623140001,,89,1.96,0,0.98
20240623141001,,38,2.49,0.01,1.25
20240623142001,,88,0,0,0
20240623143001,,37,2.69,0,1.34
20240623144001,,87,0,0,0
20240623145001,,36,7.01,0,3.5
20240623150001,,83,13.12,0,6.56
20240623151001,,32,14.27,0,7.14
20240623152001,,82,0,0,0
20240623153001,,31,0.63,0,0.32
20240623154001,,81,0,0,0
20240623155001,,30,9.14,0,4.57
20240623160001,,77,8.45,0,4.22
20240623161001,,26,10.41,0,5.2
20240623162001,,76,32.6,0,16.3
20240623163001,,25,1.73,0,0.86
20240623164001,,75,3.27,0,1.64
20240623165001,,24,14.1,0,7.05
20240627090001,,45,38.87,3.99,21.43
20240627091001,,94,30.98,0,15.49
20240627092001,,44,29.79,4.26,17.02
20240627093001,,93,28.25,30.18,29.22
20240627094001,,42,78.42,69.83,74.12
20240627095001,,92,34.41,101.88,68.14
20240627100001,,39,17.31,78.27,47.79
20240627101001,,88,0,114.78,57.39
20240627102001,,38,0,141.83,70.92
20240627103001,,87,0,96.77,48.38
20240627104001,,37,37.99,160.46,99.23
20240627105001,,86,324.44,208.39,266.41
20240627110001,,33,435.44,387.35,411.4
20240627111001,,82,557.51,394.9,476.2
20240627112001,,32,610.49,472.79,541.64
20240627113001,,81,600.88,355.37,478.12
20240627114001,,31,770.6,458.2,614.4
20240627115001,,80,855.79,455.69,655.74
20240627120001,,27,1323.02,1227.86,1275.44
20240627121001,,76,950.53,461.18,705.86
20240627122001,,26,642.22,348.82,495.52
20240627123001,,75,737.82,438.29,588.06
20240627124001,,25,562.42,317.47,439.94
20240627125001,,74,728.84,495.76,612.3
20240627130001,,21,723.49,454.24,588.86
20240627131001,,70,799.01,460.04,629.52
20240627132001,,20,517.75,330.95,424.35
20240627133001,,69,707.09,449.46,578.28
20240627134001,,19,761.78,427.38,594.58
20240627135001,,68,495.18,316.28,405.73
20240627140001,,15,466.07,315.42,390.74
20240627141001,,65,366.14,181.19,273.66
20240627142001,,14,137.56,78.53,108.04
20240627143001,,63,51.66,0,25.83
20240627144001,,13,50,13.7,31.85
20240627145001,,62,45.35,23.78,34.56
20240627150001,,9,36.94,37.63,37.28
20240627151001,,59,32.5,37.91,35.2
20240627152001,,8,35.71,41.76,38.74
20240627153001,,57,35.22,0,17.61
20240627154001,,7,22.06,0,11.03
20240627155001,,56,26.01,0,13.01
20240627160001,,3,22.61,0,11.3
20240627161001,,53,8.19,0,4.1
20240627162001,,2,12.5,0,6.25
20240627163001,,52,0,0,0
20240627164001,,1,0,0,0
20240627165001,,50,0,0,0
20240713090001,,9,34.69,10.21,22.45
20240713091001,,59,33.48,0,16.74
20240713092001,,8,30.55,14.93,22.74
20240713093001,,58,26.13,0,13.06
20240713094001,,7,27.45,5.16,16.3
20240713095001,,56,72.04,34.23,53.14
20240713100001,,3,45.24,10.49,27.87
20240713101001,,53,61.04,32.55,46.8
20240713102001,,2,38.92,55.88,47.4
20240713103001,,52,84.33,68.97,76.65
20240713104001,,1,173.72,77.48,125.6
20240713105001,,50,813.54,930.77,872.16
20240713110001,,98,813.49,542.5,678
20240713111001,,47,914.26,560.78,737.52
20240713112001,,96,917.29,529.88,723.58
20240713113001,,46,901.38,467.64,684.51
20240713114001,,95,904.4,600.76,752.58
20240713115001,,45,852.47,500.54,676.5
20240713120001,,92,832.73,608.19,720.46
20240713121001,,41,569.99,474.97,522.48
20240713122001,,90,838.46,492.1,665.28
20240713123001,,40,655.32,407.18,531.25
20240713124001,,89,669.77,354.67,512.22
20240713125001,,39,665.11,305.59,485.35
20240713130001,,86,727.06,427.95,577.5
20240713131001,,35,400.58,363.92,382.25
20240713132001,,84,75.02,100.72,87.87
20240713133001,,34,50.46,38.79,44.62
20240713134001,,83,0,5.35,2.67
20240713135001,,33,3.81,12.99,8.4
20240713140001,,80,0,0,0
20240713141001,,29,0,8.69,4.34
20240713142001,,79,10.26,0,5.13
20240713143001,,28,5.92,0,2.96
20240713144001,,77,3.29,0,1.65
20240713145001,,27,19.07,0,9.54
20240713150001,,74,26.35,0,13.18
20240713151001,,23,0,0,0
20240713152001,,73,11.49,0,5.74
20240713153001,,22,1.95,0,0.98
20240713154001,,71,4.93,0,2.46
20240713155001,,21,9.47,0,4.74
20240713160001,,68,13.6,0,6.8
20240713161001,,17,11.89,0,5.94
20240713162001,,67,8.06,0,4.03
20240713163001,,16,2.92,0,1.46
20240713164001,,65,2.42,0,1.21
20240713165001,,15,2.71,0,1.35
20240715090001,,23,11.48,31.23,21.36
20240715091001,,72,8.34,14.24,11.29
20240715092001,,21,19.8,19.81,19.8
20240715093001,,71,37,33.22,35.11
20240715094001,,20,19.09,10.97,15.03
20240715095001,,70,19.58,4.12,11.85
20240715100001,,17,16.7,7.4,12.05
20240715101001,,66,4.79,9.96,7.38
20240715102001,,15,4.54,8.5,6.52
20240715103001,,65,6.54,0,3.27
20240715104001,,14,7.19,0,3.6
20240715105001,,64,3.46,0,1.73
20240715110001,,11,9.39,0,4.7
20240715111001,,60,4.04,0,2.02
20240715112001,,9,19.81,0,9.9
20240715113001,,59,16.01,0,8.01
20240715114001,,8,14.95,0,7.47
20240715115001,,58,10.24,3.72,6.98
20240715120001,,5,12.3,0,6.15
20240715121001,,54,11.7,0,5.85
20240715122001,,4,4.2,9.44,6.82
20240715123001,,53,7.78,7.97,7.88
20240715124001,,2,12.88,11.67,12.28
20240715125001,,52,14.41,0,7.2
20240715130001,,99,7.77,0,3.88
20240715131001,,48,5.67,0,2.84
20240715132001,,98,7,0,3.5
20240715133001,,47,1.44,0,0.72
20240715134001,,96,2.87,0,1.44
20240715135001,,46,2.26,0,1.13
20240715140001,,93,1.53,0,0.76
20240715141001,,42,4.13,0,2.06
20240715142001,,92,8.24,0,4.12
20240715143001,,41,7.35,0,3.67
20240715144001,,90,4.08,0,2.04
20240715145001,,40,0,0,0
20240715150001,,87,17.87,3.34,10.61
20240715151001,,36,0,0,0
20240715152001,,86,3.14,0,1.57
20240715153001,,35,0,0,0
20240715154001,,85,0,0,0
20240715155001,,34,0,0,0
20240715160001,,81,1.76,11.33,6.54
20240715161001,,30,3.98,0,1.99
20240715162001,,80,1.1,0,0.55
20240715163001,,29,1.89,0,0.94
20240715164001,,79,0,0,0
20240715165001,,28,3.73,0,1.86
20240927090004,,14,25.42,34.62,30.02
20240927091004,,64,26.22,20.22,23.22
20240927092004,,13,8.28,11.48,9.88
20240927093004,,63,0,11.16,5.58
20240927094004,,12,18.93,18.04,18.48
20240927095004,,61,43.03,1.04,22.04
20240927100004,,8,33.39,25.97,29.68
20240927101004,,58,399.87,167.86,283.86
20240927102004,,7,536.88,239.62,388.25
20240927103004,,57,532.86,221.58,377.22
20240927104004,,6,570.97,383.23,477.1
20240927105004,,55,689.86,583.61,636.74
20240927110004,,2,824.13,616.23,720.18
20240927111004,,52,838.42,644.57,741.5
20240927112004,,1,855.41,731.66,793.54
20240927113004,,51,558.04,806.8,682.42
20240927114004,,0,604.55,871.11,737.83
20240927115004,,50,518.95,941.55,730.25
20240927120004,,97,563.55,921.51,742.53
20240927121004,,46,539.31,905.27,722.29
20240927122004,,95,438.23,839.92,639.08
20240927123004,,45,454.67,984,719.34
20240927124004,,94,249.24,727.12,488.18
20240927125004,,44,346.9,372.25,359.58
20240927130004,,91,481.88,873.59,677.74
20240927131004,,40,473.51,912.03,692.77
20240927132004,,89,477.7,883.77,680.74
20240927133004,,39,432.99,878.12,655.56
20240927134004,,88,518.91,893.34,706.12
20240927135004,,38,477.38,945.7,711.54
20240927140004,,85,224.39,799.8,512.1
20240927141004,,34,326.48,637.66,482.07
20240927142004,,83,250.71,26.7,138.71
20240927143004,,33,141.75,55.76,98.75
20240927144004,,82,110.54,0.71,55.62
20240927145004,,32,154.35,92.32,123.33
20240927150004,,79,62.27,0,31.14
20240927151004,,28,89.01,0,44.51
20240927152004,,78,38.59,22.48,30.54
20240927153004,,27,41.82,18.99,30.41
20240927154004,,76,62.52,0,31.26
20240927155004,,26,33.16,0,16.58
20240927160004,,73,0,0,0
20240927161004,,22,2,0,1
20240927162004,,72,0,0,0
20240927163004,,21,0,0,0
20240927164004,,70,0,0,0
20240927165004,,20,10.52,0,5.26
20241018090004,,12,28.49,0,14.24
20241018091004,,61,49.84,4.06,26.95
20241018092004,,11,44.13,8.31,26.22
20241018093004,,60,69.31,8.45,38.88
20241018094004,,9,61.81,6.61,34.21
20241018095004,,59,47.24,15.12,31.18
20241018100004,,6,64.71,24.42,44.56
20241018101004,,55,81.12,37.85,59.48
20241018102004,,5,67.35,34.93,51.14
20241018103004,,54,45.26,49.31,47.28
20241018104004,,3,73.73,86.4,80.06
20241018105004,,53,93.44,191.14,142.29
20241018110004,,0,0,128.45,64.22
20241018111004,,49,0,137.68,68.84
20241018112004,,99,40.38,159.37,99.88
20241018113004,,48,17.91,154.31,86.11
20241018114004,,97,0,48.95,24.48
20241018115004,,47,0,42.54,21.27
20241018120004,,94,0,71.67,35.84
20241018121004,,43,0,67.98,33.99
20241018122004,,93,0,48.66,24.33
20241018123004,,42,0,49.08,24.54
20241018124004,,92,0,27.65,13.82
20241018125004,,41,0,26,13
20241018130004,,88,0,5.17,2.58
20241018131004,,37,0,5.15,2.58
20241018132004,,87,0,10.65,5.32
20241018133004,,36,15.61,16.39,16
20241018134004,,86,0,0.82,0.41
20241018135004,,35,4.7,0,2.35
20241018140004,,82,1.02,0,0.51
20241018141004,,31,7.94,0,3.97
20241018142004,,81,0,0,0
20241018143004,,30,0,0,0
20241018144004,,80,0,0,0
20241018145004,,29,0,0,0
20241018150004,,76,0,0,0
20241018151004,,26,0,0,0
20241018152004,,75,0,0,0
20241018153004,,24,0,0,0
20241018154004,,74,0,0,0
20241018155004,,23,0,0,0
20241018160004,,70,0,0,0
20241018161004,,20,0,18.73,9.37
20241018162004,,69,0,29.14,14.57
20241018163004,,18,0,29.19,14.6
20241018164004,,68,0,35.28,17.64
20241018165004,,17,9.79,40.09,24.94
20240918090007,,55,19.04,13.46,16.25
20240918091007,,5,24.13,10.61,17.37
20240918092007,,54,45.8,22.8,34.3
20240918093007,,4,119.23,72.49,95.86
20240918094007,,53,221.02,653.54,437.28
20240918095007,,2,319.58,697.37,508.48
20240918100007,,49,25.68,63.12,44.4
20240918101007,,99,41.41,56.8,49.1
20240918102007,,48,38.09,42.85,40.47
20240918103007,,98,316.78,605.67,461.22
20240918104007,,47,389.91,733.47,561.69
20240918105007,,97,131.55,59.92,95.74
20240918110007,,44,104.86,30.58,67.72
20240918111007,,93,83.49,36.03,59.76
20240918112007,,42,26.61,0,13.3
20240918113007,,92,10.17,0,5.08
20240918114007,,41,5.48,0,2.74
20240918115007,,91,0,0,0
20240918120007,,38,0,0,0
20240918121007,,87,10.67,0,5.34
20240918122007,,36,2.98,0,1.49
20240918123007,,86,0,0,0
20240918124007,,35,3.87,0,1.94
20240918125007,,85,12.77,0,6.38
20240918130007,,32,23.88,17.36,20.62
20240918131007,,81,13.05,8.68,10.87
20240918132007,,30,68.43,88.31,78.37
20240918133007,,80,28.58,80.69,54.63
20240918134007,,29,28.92,73.39,51.16
20240918135007,,79,6.51,20.3,13.41
20240918140007,,26,17.21,70.72,43.97
20240918141007,,75,21.5,2.27,11.88
20240918142007,,25,0,0,0
20240918143007,,74,0,0,0
20240918144007,,23,0,0,0
20240918145007,,73,0,0,0
20240918150007,,20,0,0,0
20240918151007,,69,0,0,0
20240918152007,,19,0,0,0
20240918153007,,68,0,0,0
20240918154007,,17,0,0,0
20240918155007,,67,0,0,0
20240918160007,,14,0,0,0
20240918161007,,63,0,0,0
20240918162007,,13,0,0,0
20240918163007,,62,0,0,0
20240918164007,,11,0,0,0
20240918165007,,61,0,0,0
20240920090007,,69,3.38,0,1.69
20240920091007,,18,5.68,0,2.84
20240920092007,,67,13.16,1.52,7.34
20240920093007,,17,14.3,0.52,7.41
20240920094007,,66,8.02,0.42,4.22
20240920095007,,16,12.38,0,6.19
20240920100007,,63,6.68,0,3.34
20240920101007,,12,3.06,10.65,6.86
20240920102007,,61,0,4.38,2.19
20240920103007,,11,11.52,7.34,9.43
20240920104007,,60,9.31,1.39,5.35
20240920105007,,10,0,1.16,0.58
20240920110007,,57,0,0,0
20240920111007,,6,0,16.59,8.3
20240920112007,,55,0,14.01,7
20240920113007,,5,0,5.75,2.88
20240920114007,,54,0,0,0
20240920115007,,4,0,0,0
20240920120007,,51,0,0,0
20240920121007,,0,0,0,0
20240920122007,,50,0,6.47,3.23
20240920123007,,99,0,7.95,3.98
20240920124007,,48,0,37.46,18.73
20240920125007,,98,7.56,0,3.78
20240920130007,,45,0,30.86,15.43
20240920131007,,94,0,0,0
20240920132007,,44,3.33,0,1.67
20240920133007,,93,8.86,0,4.43
20240920134007,,42,5.68,0,2.84
20240920135007,,92,0,0,0
20240920140007,,39,0,0,0
20240920141007,,88,6.9,0,3.45
20240920142007,,38,6.91,0,3.46
20240920143007,,87,7.39,0,3.69
20240920144007,,36,0,0,0
20240920145007,,86,10.36,0,5.18
20240920150007,,33,9.39,10.66,10.03
20240920151007,,82,0,0,0
20240920152007,,32,0,0,0
20240920153007,,81,0,0,0
20240920154007,,31,0,0,0
20240920155007,,80,0,0,0
20240920160007,,27,0,0,0
20240920161007,,76,0,0,0
20240920162007,,26,0,0,0
20240920163007,,75,0,0,0
20240920164007,,25,0,0,0
20240920165007,,74,0,0,0
20241016090007,,99,0,18.05,9.03
20241016091007,,48,0,12.82,6.41
20241016092007,,98,0,28.54,14.27
20241016093007,,47,13.01,33.03,23.02
20241016094007,,96,16.43,28.87,22.65
20241016095007,,46,111.46,32,71.73
20241016100007,,93,520.65,699.59,610.12
20241016101007,,42,553.21,826.08,689.64
20241016102007,,92,785.43,859.75,822.59
20241016103007,,41,692.95,837.2,765.08
20241016104007,,90,672.4,888.63,780.52
20241016105007,,40,789.91,852.27,821.09
20241016110007,,87,1194.49,1165.56,1180.03
20241016111007,,36,1179.05,1131.47,1155.26
20241016112007,,86,1250.49,1172.63,1211.56
20241016113007,,35,1093.72,1330.61,1212.16
20241016114007,,84,1383.1,1325.9,1354.5
20241016115007,,34,1310.96,1310.57,1310.76
20241016120007,,81,1324.12,1285.75,1304.93
20241016121007,,30,1424.46,1365.55,1395.01
20241016122007,,80,1261.92,1381.9,1321.91
20241016123007,,29,1059.61,1266.06,1162.84
20241016124007,,79,882.32,1141.59,1011.95
20241016125007,,28,912.59,1215.83,1064.21
20241016130007,,75,1152.17,1226.61,1189.39
20241016131007,,24,1145.03,1198.31,1171.67
20241016132007,,74,1204.73,1268.35,1236.54
20241016133007,,23,1037.59,1112.75,1075.17
20241016134007,,73,937.28,1292.42,1114.85
20241016135007,,22,537.35,573.32,555.34
20241016140007,,69,614.38,462.73,538.56
20241016141007,,18,520.18,457.32,488.75
20241016142007,,68,478.15,468.47,473.31
20241016143007,,17,349.05,111.86,230.46
20241016144007,,67,197.93,90.83,144.38
20241016145007,,16,145.82,68.52,107.17
20241016150007,,63,73.18,48.22,60.7
20241016151007,,13,42.58,53.97,48.27
20241016152007,,62,0,28.3,14.15
20241016153007,,11,0,32.8,16.4
20241016154007,,61,0,18.3,9.15
20241016155007,,10,0,4.09,2.04
20241016160007,,57,0,0,0
20241016161007,,7,0,0.86,0.43
20241016162007,,56,0,0,0
20241016163007,,5,0,0,0
20241016164007,,55,0,0,0
20241016165007,,4,0,0,0
20240922090008,,82,82.65,54.63,68.64
20240922091008,,31,491.43,437.63,464.53
20240922092008,,81,514.89,550.14,532.52
20240922093008,,30,52.41,43.86,48.13
20240922094008,,79,402.16,152.85,277.5
20240922095008,,29,482.31,396.48,439.4
20240922100008,,76,536.43,323.11,429.77
20240922101008,,25,409.87,344.52,377.2
20240922102008,,75,409.87,411.55,410.71
20240922103008,,24,515.1,320.4,417.75
20240922104008,,73,437.65,410.4,424.02
20240922105008,,23,391.35,473.92,432.64
20240922110008,,70,521.92,489.15,505.53
20240922111008,,19,476.55,302.44,389.5
20240922112008,,69,254.58,327.58,291.08
20240922113008,,18,105.17,221.63,163.4
20240922114008,,67,209.01,352.7,280.86
20240922115008,,17,154.95,378.47,266.71
20240922120008,,64,163.04,349.81,256.42
20240922121008,,13,176.55,349.34,262.94
20240922122008,,63,286.4,262.92,274.66
20240922123008,,12,203.97,200.89,202.43
20240922124008,,62,124.23,136.4,130.32
20240922125008,,11,152.98,138.47,145.72
20240922130008,,58,145.94,134.27,140.11
20240922131008,,7,2.31,96.92,49.62
20240922132008,,57,1.99,38,20
20240922133008,,6,0,52.88,26.44
20240922134008,,56,0,35.79,17.9
20240922135008,,5,10.22,20.47,15.34
20240922140008,,52,0,0,0
20240922141008,,1,0,5.33,2.66
20240922142008,,51,6.77,15.74,11.25
20240922143008,,0,44.04,13.81,28.92
20240922144008,,50,28.52,3.87,16.2
20240922145008,,99,31.36,6.35,18.86
20240922150008,,46,23.73,2.82,13.28
20240922151008,,96,21.93,4.57,13.25
20240922152008,,45,6.61,8.33,7.47
20240922153008,,94,9.91,5.45,7.68
20240922154008,,44,9.49,4.47,6.98
20240922155008,,93,6.01,3.38,4.7
20240922160008,,40,11.4,4.28,7.84
20240922161008,,90,28.07,0.1,14.09
20240922162008,,39,5.45,4.35,4.9
20240922163008,,88,16.89,2.48,9.69
20240922164008,,38,10.55,1.63,6.09
20240922165008,,87,8.87,0,4.43
20240928090008,,21,8.11,29.86,18.98
20240928091008,,71,5.07,23.66,14.37
20240928092008,,20,16.4,21.33,18.86
20240928093008,,69,25.7,23.49,24.59
20240928094008,,19,0,41.91,20.95
20240928095008,,68,0,41.11,20.56
20240928100008,,15,0,49.28,24.64
20240928101008,,65,0,107.69,53.84
20240928102008,,14,18.25,111.44,64.84
20240928103008,,63,7.84,102.6,55.22
20240928104008,,13,86.59,70.69,78.64
20240928105008,,62,130.05,140.83,135.44
20240928110008,,9,126.35,131.7,129.02
20240928111008,,59,546.21,859.37,702.79
20240928112008,,8,47.77,182.94,115.36
20240928113008,,57,0,99.93,49.97
20240928114008,,7,0,197.88,98.94
20240928115008,,56,22.15,171,96.58
20240928120008,,3,75.61,184.42,130.01
20240928121008,,53,92.84,184.18,138.51
20240928122008,,2,88.93,184.3,136.62
20240928123008,,52,72.67,171.5,122.09
20240928124008,,1,100.29,216.58,158.44
20240928125008,,50,119.35,233.93,176.64
20240928130008,,97,148.15,193.13,170.64
20240928131008,,47,174.72,214.4,194.56
20240928132008,,96,513.97,745.43,629.7
20240928133008,,46,102.82,104.04,103.43
20240928134008,,95,55.52,52.26,53.89
20240928135008,,44,20.79,11.75,16.27
20240928140008,,91,49.46,46.23,47.84
20240928141008,,41,26.99,36.06,31.52
20240928142008,,90,4.41,52.72,28.56
20240928143008,,40,0,11.78,5.89
20240928144008,,89,0,11.47,5.74
20240928145008,,38,21.92,25.34,23.63
20240928150008,,86,15.84,20.22,18.03
20240928151008,,35,8.25,7.11,7.68
20240928152008,,84,0,4.54,2.27
20240928153008,,34,0,0,0
20240928154008,,83,0,0,0
20240928155008,,33,0,0,0
20240928160008,,80,0,0,0
20240928161008,,29,0,0,0
20240928162008,,78,0,0,0
20240928163008,,28,0,0.21,0.1
20240928164008,,77,0,0,0
20240928165008,,27,0,0,0
20241011090008,,66,22.5,15.58,19.04
20241011091008,,15,29.73,19.71,24.72
20241011092008,,65,18.03,12.63,15.33
20241011093008,,14,34.02,5.04,19.53
20241011094008,,64,45.88,37.97,41.92
20241011095008,,13,8.13,7.51,7.82
20241011100008,,60,0,0,0
20241011101008,,9,0,1.26,0.63
20241011102008,,59,0,0,0
20241011103008,,8,0,0,0
20241011104008,,58,0,0,0
20241011105008,,7,0,1.31,0.66
20241011110008,,54,0,0,0
20241011111008,,4,0,1.78,0.89
20241011112008,,53,11.17,0.9,6.04
20241011113008,,2,4.45,0,2.22
20241011114008,,52,12.61,2.71,7.66
20241011115008,,1,15.15,2.02,8.59
20241011120008,,48,14.35,1.74,8.04
20241011121008,,98,0.97,0,0.48
20241011122008,,47,0,0,0
20241011123008,,96,0,0,0
20241011124008,,46,3.39,0.37,1.88
20241011125008,,95,3.03,9.12,6.07
20241011130008,,42,7.91,10.07,8.99
20241011131008,,92,5.5,1.57,3.54
20241011132008,,41,15.35,1.98,8.66
20241011133008,,90,19.57,10.25,14.91
20241011134008,,40,28.68,16.19,22.44
20241011135008,,89,25.75,23.57,24.66
20241011140008,,36,35.67,23.8,29.74
20241011141008,,86,13.12,15.39,14.25
20241011142008,,35,3.83,7.12,5.47
20241011143008,,85,0.68,2.44,1.56
20241011144008,,34,0,0,0
20241011145008,,83,53.78,20.1,36.94
20241011150008,,30,13.97,9.15,11.56
20241011151008,,80,32.34,12.92,22.63
20241011152008,,29,0,0,0
20241011153008,,79,0,8,4
20241011154008,,28,0,2.11,1.05
20241011155008,,77,9.12,6.65,7.88
20241011160008,,24,10.17,20.91,15.54
20241011161008,,74,7.14,22.26,14.7
20241011162008,,23,17.33,24.69,21.01
20241011163008,,73,13.48,22.17,17.83
20241011164008,,22,25.62,17.48,21.55
20241011165008,,71,32.37,1.91,17.14
20241016090008,,99,0,24.74,12.37
20241016091008,,48,0,22.75,11.38
20241016092008,,98,0,14.76,7.38
20241016093008,,47,0,17.02,8.51
20241016094008,,96,0,18.27,9.13
20241016095008,,46,0,14.97,7.48
20241016100008,,93,0,33.58,16.79
20241016101008,,42,0,35.58,17.79
20241016102008,,92,0,8.49,4.24
20241016103008,,41,0,10.67,5.34
20241016104008,,90,0,19.64,9.82
20241016105008,,40,0,8.17,4.08
20241016110008,,87,0,0,0
20241016111008,,36,0,19.84,9.92
20241016112008,,86,0,0,0
20241016113008,,35,0,0,0
20241016114008,,85,0,0,0
20241016115008,,34,0,8.59,4.3
20241016120008,,81,0,11.79,5.89
20241016121008,,30,0,15.87,7.93
20241016122008,,80,0,0,0
20241016123008,,29,0,0,0
20241016124008,,79,0,0,0
20241016125008,,28,0,0,0
20241016130008,,75,0,5.86,2.93
20241016131008,,24,0,12.67,6.34
20241016132008,,74,2.78,7.52,5.15
20241016133008,,23,0,0,0
20241016134008,,73,0,17.99,8.99
20241016135008,,22,0,19.54,9.77
20241016140008,,69,0,18.81,9.4
20241016141008,,19,0,14.83,7.42
20241016142008,,68,0,16.91,8.46
20241016143008,,17,0,18.76,9.38
20241016144008,,67,0,9.27,4.64
20241016145008,,16,0,12.85,6.42
20241016150008,,63,0,9.92,4.96
20241016151008,,13,0,10.07,5.04
20241016152008,,62,0,14.35,7.18
20241016153008,,11,0,15.9,7.95
20241016154008,,61,0,23.98,11.99
20241016155008,,10,0,23.85,11.93
20241016160008,,57,0,38.44,19.22
20241016161008,,7,0,26.44,13.22
20241016162008,,56,0,17.78,8.89
20241016163008,,5,0,16.42,8.21
20241016164008,,55,0,11.79,5.89
20241016165008,,4,0,10.06,5.03
20241018090008,,12,59.24,62.16,60.7
20241018091008,,61,56.4,31.15,43.77
20241018092008,,11,45.21,40.38,42.8
20241018093008,,60,45.24,36.55,40.89
20241018094008,,10,47.72,99.06,73.39
20241018095008,,59,459.96,308.57,384.26
20241018100008,,6,136.02,275.84,205.93
20241018101008,,55,50.42,245.16,147.79
20241018102008,,5,111.13,259.53,185.33
20241018103008,,54,60.98,239.83,150.4
20241018104008,,4,56.12,324.35,190.24
20241018105008,,53,66.89,309.57,188.23
20241018110008,,0,158.2,337,247.6
20241018111008,,49,45.42,322.97,184.2
20241018112008,,99,88.18,367.39,227.78
20241018113008,,48,41.84,275.92,158.88
20241018114008,,98,0,251.8,125.9
20241018115008,,47,0,265.02,132.51
20241018120008,,94,0,225.03,112.52
20241018121008,,44,19.15,215.48,117.32
20241018122008,,93,30.35,202.23,116.29
20241018123008,,42,53.02,75.37,64.2
20241018124008,,92,57.65,77.41,67.53
20241018125008,,41,93.69,51.24,72.47
20241018130008,,88,41.35,50.46,45.91
20241018131008,,38,61.75,31.95,46.85
20241018132008,,87,40.01,22.06,31.03
20241018133008,,36,30.66,10.75,20.7
20241018134008,,86,12.58,18.4,15.49
20241018135008,,35,27.29,23.2,25.24
20241018140008,,82,19.81,55.16,37.48
20241018141008,,32,7.39,53.59,30.49
20241018142008,,81,9.96,23.88,16.92
20241018143008,,30,27.77,24.53,26.15
20241018144008,,80,23.86,25.07,24.46
20241018145008,,29,21.27,21.62,21.44
20241018150008,,76,12.68,21.24,16.96
20241018151008,,26,9.52,5.41,7.46
20241018152008,,75,12.87,7.14,10
20241018153008,,25,16.85,5.54,11.2
20241018154008,,74,14.68,8.35,11.52
20241018155008,,23,0,3.55,1.77
20241018160008,,70,0,3.09,1.54
20241018161008,,20,0,0,0
20241018162008,,69,0,0,0
20241018163008,,19,0,0,0
20241018164008,,68,0,0,0
20241018165008,,17,0,0,0
20241028090008,,78,430.36,275.26,352.81
20241028091008,,27,463.93,388.1,426.02
20241028092008,,76,556.23,429.59,492.91
20241028093008,,26,556.61,454.8,505.71
20241028094008,,75,559.44,571.27,565.36
20241028095008,,25,413.34,503.11,458.22
20241028100008,,72,499.61,386.95,443.28
20241028101008,,21,419.88,216.17,318.02
20241028102008,,70,16.34,118.6,67.47
20241028103008,,20,156.62,265.74,211.18
20241028104008,,69,11.18,190.86,101.02
20241028105008,,19,28.12,185.94,107.03
20241028110008,,66,199,302.45,250.72
20241028111008,,15,170.92,286.53,228.72
20241028112008,,65,135.36,282.46,208.91
20241028113008,,14,147.07,408.18,277.62
20241028114008,,63,233.65,334.18,283.92
20241028115008,,13,111.32,173.48,142.4
20241028120008,,60,120.38,346.69,233.54
20241028121008,,9,53.75,335.36,194.56
20241028122008,,59,110.54,274.03,192.28
20241028123008,,8,105.55,165.8,135.68
20241028124008,,57,70.35,152.41,111.38
20241028125008,,7,162.62,138.19,150.4
20241028130008,,54,29.39,17.49,23.44
20241028131008,,3,11.69,6.12,8.9
20241028132008,,53,6.88,0.62,3.75
20241028133008,,2,79.48,29.28,54.38
20241028134008,,51,3.32,20.43,11.88
20241028135008,,1,0,0,0
20241028140008,,48,19.08,41.01,30.04
20241028141008,,97,9.92,6.04,7.98
20241028142008,,47,19.88,5.58,12.73
20241028143008,,96,25.91,10.2,18.06
20241028144008,,46,22.79,12.42,17.6
20241028145008,,95,30.38,13.4,21.89
20241028150008,,42,20.08,10.85,15.46
20241028151008,,91,13.5,4.23,8.87
20241028152008,,41,6.85,0,3.42
20241028153008,,90,5.18,0.9,3.04
20241028154008,,40,15.3,8.36,11.83
20241028155008,,89,10.43,9.26,9.84
20241028160008,,36,9.18,8.05,8.62
20241028161008,,85,12.83,7.35,10.09
20241028162008,,35,6.27,16.79,11.53
20241028163008,,84,7.56,8.93,8.24
20241028164008,,34,3.3,11.44,7.37
20241028165008,,83,7.64,10.17,8.9
20240922090009,,82,0,29.88,14.94
20240922091009,,31,0,22.29,11.14
20240922092009,,81,0,0,0
20240922093009,,30,17.1,0,8.55
20240922094009,,79,0,0,0
20240922095009,,29,0,0,0
20240922100009,,76,3.54,10.39,6.96
20240922101009,,25,5.75,0,2.88
20240922102009,,75,0,24.72,12.36
20240922103009,,24,0,27.62,13.81
20240922104009,,73,10.14,47.67,28.91
20240922105009,,23,150.06,82.93,116.5
20240922110009,,70,137.79,93.29,115.54
20240922111009,,19,182.83,97.34,140.08
20240922112009,,69,161.24,102.83,132.04
20240922113009,,18,6.29,59.36,32.83
20240922114009,,68,86.92,43.36,65.14
20240922115009,,17,39.53,69.11,54.32
20240922120009,,64,68.13,78.12,73.12
20240922121009,,13,319.76,254.33,287.04
20240922122009,,63,167.75,257.85,212.8
20240922123009,,12,220.09,260.81,240.45
20240922124009,,62,254.34,282.97,268.66
20240922125009,,11,395.08,345.48,370.28
20240922130009,,58,358.92,342.17,350.54
20240922131009,,7,447.83,377.35,412.59
20240922132009,,57,629.1,646.9,638
20240922133009,,6,107.49,176.13,141.81
20240922134009,,56,0,111.93,55.97
20240922135009,,5,95.54,197.56,146.55
20240922140009,,52,171.88,229.81,200.84
20240922141009,,2,133.53,303.86,218.7
20240922142009,,51,123.24,233.95,178.6
20240922143009,,0,44.41,86.99,65.7
20240922144009,,50,52,80.41,66.2
20240922145009,,99,1.07,41.35,21.21
20240922150009,,46,12.81,42.25,27.53
20240922151009,,96,42.22,44.63,43.42
20240922152009,,45,21.22,33.32,27.27
20240922153009,,94,8.44,27.46,17.95
20240922154009,,44,1.07,18.59,9.83
20240922155009,,93,0,12.99,6.5
20240922160009,,40,0,5.85,2.92
20240922161009,,90,0,0,0
20240922162009,,39,0,10.7,5.35
20240922163009,,88,0,6.55,3.28
20240922164009,,38,0,3.94,1.97
20240922165009,,87,0,1.58,0.79
20240928090009,,21,230.25,276.62,253.44
20240928091009,,71,280.87,455.21,368.04
20240928092009,,20,300.42,433.7,367.06
20240928093009,,69,178.06,490.5,334.28
20240928094009,,19,512.92,514.44,513.68
20240928095009,,68,518.59,677.29,597.94
20240928100009,,15,672.3,847.3,759.8
20240928101009,,65,686.06,937.46,811.76
20240928102009,,14,962.33,898.29,930.31
20240928103009,,63,1069.54,1027.04,1048.29
20240928104009,,13,1097.54,959.08,1028.31
20240928105009,,62,1157.85,1221.36,1189.61
20240928110009,,9,1287.73,1313.26,1300.49
20240928111009,,59,1166.98,1202.76,1184.87
20240928112009,,8,1353.91,1276.76,1315.34
20240928113009,,58,1176.78,1331.45,1254.12
20240928114009,,7,1128.97,1190.58,1159.78
20240928115009,,56,1242.94,1184.9,1213.92
20240928120009,,3,1275.16,1084.88,1180.02
20240928121009,,53,1192.82,1115.65,1154.24
20240928122009,,2,1034.12,1095.01,1064.57
20240928123009,,52,912.19,1008.5,960.34
20240928124009,,1,999.41,968.29,983.85
20240928125009,,50,886.09,974.91,930.5
20240928130009,,97,858.83,1020.46,939.64
20240928131009,,47,885.99,1060.52,973.26
20240928132009,,96,1056.28,1082.61,1069.44
20240928133009,,46,960.92,970.68,965.8
20240928134009,,95,876.56,949.22,912.89
20240928135009,,44,918.33,993.68,956
20240928140009,,91,1100.68,1094.55,1097.62
20240928141009,,41,854.59,812.03,833.31
20240928142009,,90,869.05,529.72,699.38
20240928143009,,40,682.39,437.07,559.73
20240928144009,,89,122.48,183.24,152.86
20240928145009,,39,67.36,153.38,110.37
20240928150009,,86,9.94,33.46,21.7
20240928151009,,35,38.25,25.59,31.92
20240928152009,,84,1.61,10.96,6.28
20240928153009,,34,6.63,4.45,5.54
20240928154009,,83,1.11,5.28,3.2
20240928155009,,33,16.95,7.87,12.41
20240928160009,,80,16.75,8.19,12.47
20240928161009,,29,12.66,4.03,8.35
20240928162009,,78,14.26,10.36,12.31
20240928163009,,28,15.4,4.58,9.99
20240928164009,,77,23.19,2.48,12.84
20240928165009,,27,16.8,2.34,9.57
20240920090010,,69,57.75,43.42,50.58
20240920091010,,18,73.06,39.9,56.48
20240920092010,,68,105.52,51.45,78.48
20240920093010,,17,280.8,129.74,205.27
20240920094010,,66,645.31,626.77,636.04
20240920095010,,16,757.16,763.61,760.38
20240920100010,,63,936.69,889.56,913.12
20240920101010,,12,1102.18,828.71,965.44
20240920102010,,62,804.16,559.77,681.96
20240920103010,,11,849.12,586,717.56
20240920104010,,60,901.19,1037.54,969.36
20240920105010,,10,998.85,1101.91,1050.38
20240920110010,,57,1393.89,1146.39,1270.14
20240920111010,,6,1392.71,1151.25,1271.98
20240920112010,,56,1368.65,1175.3,1271.97
20240920113010,,5,1404.79,1096.5,1250.64
20240920114010,,54,1461.6,1157.52,1309.56
20240920115010,,4,1542.17,1220.06,1381.12
20240920120010,,51,1491.4,1489.26,1490.33
20240920121010,,0,1528.7,1496.99,1512.85
20240920122010,,50,1500.82,1288,1394.41
20240920123010,,99,1496.57,1272.32,1384.44
20240920124010,,49,1491.35,1286.29,1388.82
20240920125010,,98,1528.06,1285.74,1406.9
20240920130010,,45,1428.74,1421.28,1425.01
20240920131010,,94,1473.76,1257.73,1365.74
20240920132010,,44,1647.24,1229.67,1438.45
20240920133010,,93,1543.73,1193.53,1368.63
20240920134010,,43,1539.63,1186.58,1363.11
20240920135010,,92,1310.12,1003.37,1156.74
20240920140010,,39,1201.63,1244.39,1223.01
20240920141010,,88,830.74,864.31,847.52
20240920142010,,38,814.05,771.59,792.82
20240920143010,,87,473.31,537.28,505.29
20240920144010,,37,216.89,351.13,284.01
20240920145010,,86,115.63,197.73,156.68
20240920150010,,33,95.93,14.48,55.21
20240920151010,,82,107.81,20.2,64
20240920152010,,32,56.05,32.96,44.5
20240920153010,,81,45.33,43.26,44.3
20240920154010,,31,10,16.69,13.35
20240920155010,,80,8.17,7.97,8.07
20240920160010,,27,25.77,21.51,23.64
20240920161010,,77,26.81,10.7,18.75
20240920162010,,26,29.38,12.49,20.93
20240920163010,,75,30.12,15.96,23.04
20240920164010,,25,19.98,22.48,21.23
20240920165010,,74,2.79,6.8,4.8
20240928090010,,21,78.53,36.34,57.44
20240928091010,,71,38.53,19.51,29.02
20240928092010,,20,104.83,52.31,78.57
20240928093010,,69,349.97,499.38,424.68
20240928094010,,19,550.19,348.48,449.34
20240928095010,,68,556.4,594.5,575.45
20240928100010,,15,532.01,421.04,476.52
20240928101010,,65,456.35,432.34,444.35
20240928102010,,14,723.65,488.75,606.2
20240928103010,,63,861.83,720.83,791.33
20240928104010,,13,1014.92,1075.01,1044.96
20240928105010,,62,873.26,1084.35,978.8
20240928110010,,9,1331.86,1172.12,1251.99
20240928111010,,59,1319.97,1141.4,1230.68
20240928112010,,8,1369.16,1150.36,1259.76
20240928113010,,58,1396.33,1114.93,1255.63
20240928114010,,7,1339,1149.71,1244.36
20240928115010,,56,1299.81,783.88,1041.85
20240928120010,,3,1392.61,817.77,1105.19
20240928121010,,53,1381.64,801.84,1091.74
20240928122010,,2,1217.14,864.2,1040.67
20240928123010,,52,1033.7,527.21,780.46
20240928124010,,1,1007.15,623.64,815.4
20240928125010,,50,1086.89,626.75,856.82
20240928130010,,97,1075.68,592.67,834.18
20240928131010,,47,786.51,524.02,655.26
20240928132010,,96,434.61,605.74,520.18
20240928133010,,46,447.82,438.56,443.19
20240928134010,,95,484.56,444.23,464.4
20240928135010,,45,451.87,205.17,328.52
20240928140010,,92,127.97,0,63.98
20240928141010,,41,0,133.44,66.72
20240928142010,,90,0,0,0
20240928143010,,40,0,79.69,39.84
20240928144010,,89,9.73,81.02,45.38
20240928145010,,39,46.22,97.88,72.05
20240928150010,,86,36.17,52.24,44.2
20240928151010,,35,33.49,45.97,39.73
20240928152010,,84,34,20.3,27.15
20240928153010,,34,61.34,42.23,51.78
20240928154010,,83,32.97,30.79,31.88
20240928155010,,33,12.21,24.37,18.29
20240928160010,,80,4.26,23.73,14
20240928161010,,29,4.78,20.88,12.83
20240928162010,,78,0,13.63,6.82
20240928163010,,28,0,10.86,5.43
20240928164010,,77,21.35,36.44,28.9
20240928165010,,27,0.56,26.73,13.64
20240919090012,,62,122.85,24.47,73.66
20240919091012,,12,102.82,5.18,54
20240919092012,,61,126.55,74.93,100.74
20240919093012,,10,156.3,134,145.15
20240919094012,,60,244.25,232.11,238.18
20240919095012,,9,258.59,387.67,323.13
20240919100012,,56,627.73,289.49,458.61
20240919101012,,6,595.9,239.5,417.7
20240919102012,,55,505.34,214.28,359.81
20240919103012,,5,903.92,641.14,772.53
20240919104012,,54,884.23,1138.79,1011.51
20240919105012,,3,954.82,1102.8,1028.81
20240919110012,,50,1360.33,1129.27,1244.8
20240919111012,,0,1415.13,1134.15,1274.64
20240919112012,,49,1451.79,1131.16,1291.47
20240919113012,,99,1311,1152.8,1231.9
20240919114012,,48,1410.35,1169.11,1289.73
20240919115012,,97,1457.71,1217.21,1337.46
20240919120012,,44,1400.28,1273.67,1336.97
20240919121012,,94,1427.08,1235.53,1331.3
20240919122012,,43,1504.3,1202.1,1353.2
20240919123012,,93,1436.25,1263.25,1349.75
20240919124012,,42,1425.48,1269.06,1347.27
20240919125012,,91,1374.33,1142.87,1258.6
20240919130012,,38,1376.15,1196.64,1286.39
20240919131012,,88,1416.94,1203.05,1309.99
20240919132012,,37,1518.12,1180.77,1349.44
20240919133012,,87,1430.53,1385.79,1408.16
20240919134012,,36,1425.72,1342.62,1384.17
20240919135012,,86,1396.33,1410.87,1403.6
20240919140012,,33,1159.26,1152.8,1156.03
20240919141012,,82,1047.41,1212.02,1129.72
20240919142012,,31,1330.59,1353.58,1342.09
20240919143012,,81,1279.06,1382.61,1330.84
20240919144012,,30,1050.82,1367.34,1209.08
20240919145012,,80,960.15,1243.04,1101.6
20240919150012,,27,841.33,945.76,893.55
20240919151012,,76,680.77,447.53,564.15
20240919152012,,25,228.03,245.72,236.88
20240919153012,,75,0,144.6,72.3
20240919154012,,24,0,289.97,144.99
20240919155012,,74,0,46.17,23.09
20240919160012,,21,37.06,61.66,49.36
20240919161012,,70,105.6,34.05,69.82
20240919162012,,19,21.23,33.01,27.12
20240919163012,,69,0,2.12,1.06
20240919164012,,18,0,8.07,4.04
20240919165012,,68,0.36,18.07,9.21
20240923090012,,88,69.06,15.5,42.28
20240923091012,,38,61.37,26.02,43.7
20240923092012,,87,152.36,76.96,114.66
20240923093012,,37,412.29,251.59,331.94
20240923094012,,86,608.04,475.71,541.88
20240923095012,,36,802.91,842.88,822.9
20240923100012,,83,784.26,450.01,617.14
20240923101012,,32,701.61,431.37,566.49
20240923102012,,81,868.5,598.81,733.66
20240923103012,,31,907.76,710.49,809.12
20240923104012,,80,918.97,1076.17,997.57
20240923105012,,30,923.96,1116,1019.98
20240923110012,,77,1484.96,1326.61,1405.78
20240923111012,,26,1582.63,1419.03,1500.83
20240923112012,,75,1587.34,1575.57,1581.45
20240923113012,,25,1638.66,1425.86,1532.26
20240923114012,,74,1545.54,1333.19,1439.37
20240923115012,,24,1515.56,1407.97,1461.76
20240923120012,,71,1517.86,1559.03,1538.44
20240923121012,,20,1624.94,1603.75,1614.35
20240923122012,,69,1508.08,1570.41,1539.24
20240923123012,,19,1513.95,1435.78,1474.87
20240923124012,,68,1544.26,1545.65,1544.95
20240923125012,,18,1577.16,1499.09,1538.12
20240923130012,,65,1611.94,1543.86,1577.9
20240923131012,,14,1600.15,1573.91,1587.03
20240923132012,,64,1611.31,1628.5,1619.9
20240923133012,,13,1519.8,1522.84,1521.32
20240923134012,,62,1541.84,1461.31,1501.57
20240923135012,,12,1472.38,1402.08,1437.23
20240923140012,,59,1568.81,1481.52,1525.16
20240923141012,,8,1515.56,1396.3,1455.93
20240923142012,,58,1404.83,1372.57,1388.7
20240923143012,,7,1450.46,1328.78,1389.62
20240923144012,,56,1260.08,1153.58,1206.83
20240923145012,,6,1192.46,1208.65,1200.56
20240923150012,,53,994.52,1048.75,1021.64
20240923151012,,2,915.39,922.5,918.94
20240923152012,,52,186.74,566.53,376.64
20240923153012,,1,184.14,210.93,197.54
20240923154012,,51,110.26,109.53,109.9
20240923155012,,0,110.9,74.09,92.5
20240923160012,,47,106.27,56.54,81.4
20240923161012,,96,83.04,42.97,63.01
20240923162012,,46,76.55,29.41,52.98
20240923163012,,95,16.89,39.06,27.98
20240923164012,,45,18.14,31.08,24.61
20240923165012,,94,25.69,34.72,30.2
20241002090012,,7,30.56,8.51,19.54
20241002091012,,56,38.16,5.36,21.76
20241002092012,,6,78.2,33.74,55.97
20241002093012,,55,304.01,82.55,193.28
20241002094012,,5,280.61,86.33,183.47
20241002095012,,54,256.74,240.2,248.47
20241002100012,,1,479.25,191.82,335.53
20241002101012,,51,579.04,393.01,486.02
20241002102012,,0,497.04,426.92,461.98
20241002103012,,49,711.89,674.96,693.42
20241002104012,,99,947.92,1180.69,1064.31
20241002105012,,48,1239.76,1239.86,1239.81
20241002110012,,95,1457.4,1384.65,1421.03
20241002111012,,45,1541.95,1354.69,1448.32
20241002112012,,94,1566.67,1365.61,1466.14
20241002113012,,43,1613.06,1332.65,1472.86
20241002114012,,93,1119.12,1237.12,1178.12
20241002115012,,42,1196.6,1251.61,1224.11
20241002120012,,89,1176.63,1268.68,1222.66
20241002121012,,39,1250.44,1196.94,1223.69
20241002122012,,88,1223.66,1233.01,1228.34
20241002123012,,38,1342.67,1222.93,1282.8
20241002124012,,87,1528.98,1396.69,1462.84
20241002125012,,36,1574.25,1442.06,1508.15
20241002130012,,83,1537.38,1487.8,1512.59
20241002131012,,33,1410.9,1345.08,1377.99
20241002132012,,82,1295.72,1255.15,1275.43
20241002133012,,32,1434.04,1332.95,1383.49
20241002134012,,81,1458.35,1381.79,1420.07
20241002135012,,30,1406.07,1371.11,1388.59
20241002140012,,77,1395.74,1196.92,1296.33
20241002141012,,27,1363.15,1338.98,1351.07
20241002142012,,76,1195.84,1205.81,1200.82
20241002143012,,26,1406.75,1308.44,1357.6
20241002144012,,75,1561.82,1506.02,1533.92
20241002145012,,24,1174.74,961.09,1067.91
20241002150012,,71,1010.65,845.78,928.21
20241002151012,,21,633.76,324.55,479.15
20241002152012,,70,176.57,86.48,131.52
20241002153012,,20,90.94,29.25,60.09
20241002154012,,69,76.92,44.22,60.57
20241002155012,,19,11,18.62,14.81
20241002160012,,66,152.9,320.13,236.51
20241002161012,,15,47.74,24.37,36.06
20241002162012,,64,53.34,40.3,46.82
20241002163012,,14,38.42,31.12,34.77
20241002164012,,63,66.02,27.73,46.88
20241002165012,,13,38.54,12.68,25.61
